diagnostic_cell_id,phase,regime,gamma,theta,delta,entry_sd,replicate,seed
1,focused,B,-4,0,0,0.25,1,1200002001
1,focused,B,-4,0,0,0.25,2,1200002002
1,focused,B,-4,0,0,0.25,3,1200002003
1,focused,B,-4,0,0,0.25,4,1200002004
1,focused,B,-4,0,0,0.25,5,1200002005
1,focused,B,-4,0,0,0.25,6,1200002006
1,focused,B,-4,0,0,0.25,7,1200002007
1,focused,B,-4,0,0,0.25,8,1200002008
1,focused,B,-4,0,0,0.25,9,1200002009
1,focused,B,-4,0,0,0.25,10,1200002010
1,focused,B,-4,0,0,0.25,11,1200002011
1,focused,B,-4,0,0,0.25,12,1200002012
1,focused,B,-4,0,0,0.25,13,1200002013
1,focused,B,-4,0,0,0.25,14,1200002014
1,focused,B,-4,0,0,0.25,15,1200002015
1,focused,B,-4,0,0,0.25,16,1200002016
1,focused,B,-4,0,0,0.25,17,1200002017
1,focused,B,-4,0,0,0.25,18,1200002018
1,focused,B,-4,0,0,0.25,19,1200002019
1,focused,B,-4,0,0,0.25,20,1200002020
1,focused,B,-4,0,0,0.25,21,1200002021
1,focused,B,-4,0,0,0.25,22,1200002022
1,focused,B,-4,0,0,0.25,23,1200002023
1,focused,B,-4,0,0,0.25,24,1200002024
1,focused,B,-4,0,0,0.25,25,1200002025
1,focused,B,-4,0,0,0.25,26,1200002026
1,focused,B,-4,0,0,0.25,27,1200002027
1,focused,B,-4,0,0,0.25,28,1200002028
1,focused,B,-4,0,0,0.25,29,1200002029
1,focused,B,-4,0,0,0.25,30,1200002030
1,focused,B,-4,0,0,0.25,31,1200002031
1,focused,B,-4,0,0,0.25,32,1200002032
1,focused,B,-4,0,0,0.25,33,1200002033
1,focused,B,-4,0,0,0.25,34,1200002034
1,focused,B,-4,0,0,0.25,35,1200002035
1,focused,B,-4,0,0,0.25,36,1200002036
1,focused,B,-4,0,0,0.25,37,1200002037
1,focused,B,-4,0,0,0.25,38,1200002038
1,focused,B,-4,0,0,0.25,39,1200002039
1,focused,B,-4,0,0,0.25,40,1200002040
1,focused,B,-4,0,0,0.25,41,1200002041
1,focused,B,-4,0,0,0.25,42,1200002042
1,focused,B,-4,0,0,0.25,43,1200002043
1,focused,B,-4,0,0,0.25,44,1200002044
1,focused,B,-4,0,0,0.25,45,1200002045
1,focused,B,-4,0,0,0.25,46,1200002046
1,focused,B,-4,0,0,0.25,47,1200002047
1,focused,B,-4,0,0,0.25,48,1200002048
1,focused,B,-4,0,0,0.25,49,1200002049
1,focused,B,-4,0,0,0.25,50,1200002050
1,focused,B,-4,0,0,0.25,51,1200002051
1,focused,B,-4,0,0,0.25,52,1200002052
1,focused,B,-4,0,0,0.25,53,1200002053
1,focused,B,-4,0,0,0.25,54,1200002054
1,focused,B,-4,0,0,0.25,55,1200002055
1,focused,B,-4,0,0,0.25,56,1200002056
1,focused,B,-4,0,0,0.25,57,1200002057
1,focused,B,-4,0,0,0.25,58,1200002058
1,focused,B,-4,0,0,0.25,59,1200002059
1,focused,B,-4,0,0,0.25,60,1200002060
1,focused,B,-4,0,0,0.25,61,1200002061
1,focused,B,-4,0,0,0.25,62,1200002062
1,focused,B,-4,0,0,0.25,63,1200002063
1,focused,B,-4,0,0,0.25,64,1200002064
1,focused,B,-4,0,0,0.25,65,1200002065
1,focused,B,-4,0,0,0.25,66,1200002066
1,focused,B,-4,0,0,0.25,67,1200002067
1,focused,B,-4,0,0,0.25,68,1200002068
1,focused,B,-4,0,0,0.25,69,1200002069
1,focused,B,-4,0,0,0.25,70,1200002070
1,focused,B,-4,0,0,0.25,71,1200002071
1,focused,B,-4,0,0,0.25,72,1200002072
1,focused,B,-4,0,0,0.25,73,1200002073
1,focused,B,-4,0,0,0.25,74,1200002074
1,focused,B,-4,0,0,0.25,75,1200002075
1,focused,B,-4,0,0,0.25,76,1200002076
1,focused,B,-4,0,0,0.25,77,1200002077
1,focused,B,-4,0,0,0.25,78,1200002078
1,focused,B,-4,0,0,0.25,79,1200002079
1,focused,B,-4,0,0,0.25,80,1200002080
1,focused,B,-4,0,0,0.25,81,1200002081
1,focused,B,-4,0,0,0.25,82,1200002082
1,focused,B,-4,0,0,0.25,83,1200002083
1,focused,B,-4,0,0,0.25,84,1200002084
1,focused,B,-4,0,0,0.25,85,1200002085
1,focused,B,-4,0,0,0.25,86,1200002086
1,focused,B,-4,0,0,0.25,87,1200002087
1,focused,B,-4,0,0,0.25,88,1200002088
1,focused,B,-4,0,0,0.25,89,1200002089
1,focused,B,-4,0,0,0.25,90,1200002090
1,focused,B,-4,0,0,0.25,91,1200002091
1,focused,B,-4,0,0,0.25,92,1200002092
1,focused,B,-4,0,0,0.25,93,1200002093
1,focused,B,-4,0,0,0.25,94,1200002094
1,focused,B,-4,0,0,0.25,95,1200002095
1,focused,B,-4,0,0,0.25,96,1200002096
1,focused,B,-4,0,0,0.25,97,1200002097
1,focused,B,-4,0,0,0.25,98,1200002098
1,focused,B,-4,0,0,0.25,99,1200002099
1,focused,B,-4,0,0,0.25,100,1200002100
1,focused,B,-4,0,0,0.25,101,1200002101
1,focused,B,-4,0,0,0.25,102,1200002102
1,focused,B,-4,0,0,0.25,103,1200002103
1,focused,B,-4,0,0,0.25,104,1200002104
1,focused,B,-4,0,0,0.25,105,1200002105
1,focused,B,-4,0,0,0.25,106,1200002106
1,focused,B,-4,0,0,0.25,107,1200002107
1,focused,B,-4,0,0,0.25,108,1200002108
1,focused,B,-4,0,0,0.25,109,1200002109
1,focused,B,-4,0,0,0.25,110,1200002110
1,focused,B,-4,0,0,0.25,111,1200002111
1,focused,B,-4,0,0,0.25,112,1200002112
1,focused,B,-4,0,0,0.25,113,1200002113
1,focused,B,-4,0,0,0.25,114,1200002114
1,focused,B,-4,0,0,0.25,115,1200002115
1,focused,B,-4,0,0,0.25,116,1200002116
1,focused,B,-4,0,0,0.25,117,1200002117
1,focused,B,-4,0,0,0.25,118,1200002118
1,focused,B,-4,0,0,0.25,119,1200002119
1,focused,B,-4,0,0,0.25,120,1200002120
1,focused,B,-4,0,0,0.25,121,1200002121
1,focused,B,-4,0,0,0.25,122,1200002122
1,focused,B,-4,0,0,0.25,123,1200002123
1,focused,B,-4,0,0,0.25,124,1200002124
1,focused,B,-4,0,0,0.25,125,1200002125
1,focused,B,-4,0,0,0.25,126,1200002126
1,focused,B,-4,0,0,0.25,127,1200002127
1,focused,B,-4,0,0,0.25,128,1200002128
1,focused,B,-4,0,0,0.25,129,1200002129
1,focused,B,-4,0,0,0.25,130,1200002130
1,focused,B,-4,0,0,0.25,131,1200002131
1,focused,B,-4,0,0,0.25,132,1200002132
1,focused,B,-4,0,0,0.25,133,1200002133
1,focused,B,-4,0,0,0.25,134,1200002134
1,focused,B,-4,0,0,0.25,135,1200002135
1,focused,B,-4,0,0,0.25,136,1200002136
1,focused,B,-4,0,0,0.25,137,1200002137
1,focused,B,-4,0,0,0.25,138,1200002138
1,focused,B,-4,0,0,0.25,139,1200002139
1,focused,B,-4,0,0,0.25,140,1200002140
1,focused,B,-4,0,0,0.25,141,1200002141
1,focused,B,-4,0,0,0.25,142,1200002142
1,focused,B,-4,0,0,0.25,143,1200002143
1,focused,B,-4,0,0,0.25,144,1200002144
1,focused,B,-4,0,0,0.25,145,1200002145
1,focused,B,-4,0,0,0.25,146,1200002146
1,focused,B,-4,0,0,0.25,147,1200002147
1,focused,B,-4,0,0,0.25,148,1200002148
1,focused,B,-4,0,0,0.25,149,1200002149
1,focused,B,-4,0,0,0.25,150,1200002150
1,focused,B,-4,0,0,0.25,151,1200002151
1,focused,B,-4,0,0,0.25,152,1200002152
1,focused,B,-4,0,0,0.25,153,1200002153
1,focused,B,-4,0,0,0.25,154,1200002154
1,focused,B,-4,0,0,0.25,155,1200002155
1,focused,B,-4,0,0,0.25,156,1200002156
1,focused,B,-4,0,0,0.25,157,1200002157
1,focused,B,-4,0,0,0.25,158,1200002158
1,focused,B,-4,0,0,0.25,159,1200002159
1,focused,B,-4,0,0,0.25,160,1200002160
1,focused,B,-4,0,0,0.25,161,1200002161
1,focused,B,-4,0,0,0.25,162,1200002162
1,focused,B,-4,0,0,0.25,163,1200002163
1,focused,B,-4,0,0,0.25,164,1200002164
1,focused,B,-4,0,0,0.25,165,1200002165
1,focused,B,-4,0,0,0.25,166,1200002166
1,focused,B,-4,0,0,0.25,167,1200002167
1,focused,B,-4,0,0,0.25,168,1200002168
1,focused,B,-4,0,0,0.25,169,1200002169
1,focused,B,-4,0,0,0.25,170,1200002170
1,focused,B,-4,0,0,0.25,171,1200002171
1,focused,B,-4,0,0,0.25,172,1200002172
1,focused,B,-4,0,0,0.25,173,1200002173
1,focused,B,-4,0,0,0.25,174,1200002174
1,focused,B,-4,0,0,0.25,175,1200002175
1,focused,B,-4,0,0,0.25,176,1200002176
1,focused,B,-4,0,0,0.25,177,1200002177
1,focused,B,-4,0,0,0.25,178,1200002178
1,focused,B,-4,0,0,0.25,179,1200002179
1,focused,B,-4,0,0,0.25,180,1200002180
1,focused,B,-4,0,0,0.25,181,1200002181
1,focused,B,-4,0,0,0.25,182,1200002182
1,focused,B,-4,0,0,0.25,183,1200002183
1,focused,B,-4,0,0,0.25,184,1200002184
1,focused,B,-4,0,0,0.25,185,1200002185
1,focused,B,-4,0,0,0.25,186,1200002186
1,focused,B,-4,0,0,0.25,187,1200002187
1,focused,B,-4,0,0,0.25,188,1200002188
1,focused,B,-4,0,0,0.25,189,1200002189
1,focused,B,-4,0,0,0.25,190,1200002190
1,focused,B,-4,0,0,0.25,191,1200002191
1,focused,B,-4,0,0,0.25,192,1200002192
1,focused,B,-4,0,0,0.25,193,1200002193
1,focused,B,-4,0,0,0.25,194,1200002194
1,focused,B,-4,0,0,0.25,195,1200002195
1,focused,B,-4,0,0,0.25,196,1200002196
1,focused,B,-4,0,0,0.25,197,1200002197
1,focused,B,-4,0,0,0.25,198,1200002198
1,focused,B,-4,0,0,0.25,199,1200002199
1,focused,B,-4,0,0,0.25,200,1200002200
1,focused,B,-4,0,0,0.25,201,1200002201
1,focused,B,-4,0,0,0.25,202,1200002202
1,focused,B,-4,0,0,0.25,203,1200002203
1,focused,B,-4,0,0,0.25,204,1200002204
1,focused,B,-4,0,0,0.25,205,1200002205
1,focused,B,-4,0,0,0.25,206,1200002206
1,focused,B,-4,0,0,0.25,207,1200002207
1,focused,B,-4,0,0,0.25,208,1200002208
1,focused,B,-4,0,0,0.25,209,1200002209
1,focused,B,-4,0,0,0.25,210,1200002210
1,focused,B,-4,0,0,0.25,211,1200002211
1,focused,B,-4,0,0,0.25,212,1200002212
1,focused,B,-4,0,0,0.25,213,1200002213
1,focused,B,-4,0,0,0.25,214,1200002214
1,focused,B,-4,0,0,0.25,215,1200002215
1,focused,B,-4,0,0,0.25,216,1200002216
1,focused,B,-4,0,0,0.25,217,1200002217
1,focused,B,-4,0,0,0.25,218,1200002218
1,focused,B,-4,0,0,0.25,219,1200002219
1,focused,B,-4,0,0,0.25,220,1200002220
1,focused,B,-4,0,0,0.25,221,1200002221
1,focused,B,-4,0,0,0.25,222,1200002222
1,focused,B,-4,0,0,0.25,223,1200002223
1,focused,B,-4,0,0,0.25,224,1200002224
1,focused,B,-4,0,0,0.25,225,1200002225
1,focused,B,-4,0,0,0.25,226,1200002226
1,focused,B,-4,0,0,0.25,227,1200002227
1,focused,B,-4,0,0,0.25,228,1200002228
1,focused,B,-4,0,0,0.25,229,1200002229
1,focused,B,-4,0,0,0.25,230,1200002230
1,focused,B,-4,0,0,0.25,231,1200002231
1,focused,B,-4,0,0,0.25,232,1200002232
1,focused,B,-4,0,0,0.25,233,1200002233
1,focused,B,-4,0,0,0.25,234,1200002234
1,focused,B,-4,0,0,0.25,235,1200002235
1,focused,B,-4,0,0,0.25,236,1200002236
1,focused,B,-4,0,0,0.25,237,1200002237
1,focused,B,-4,0,0,0.25,238,1200002238
1,focused,B,-4,0,0,0.25,239,1200002239
1,focused,B,-4,0,0,0.25,240,1200002240
1,focused,B,-4,0,0,0.25,241,1200002241
1,focused,B,-4,0,0,0.25,242,1200002242
1,focused,B,-4,0,0,0.25,243,1200002243
1,focused,B,-4,0,0,0.25,244,1200002244
1,focused,B,-4,0,0,0.25,245,1200002245
1,focused,B,-4,0,0,0.25,246,1200002246
1,focused,B,-4,0,0,0.25,247,1200002247
1,focused,B,-4,0,0,0.25,248,1200002248
1,focused,B,-4,0,0,0.25,249,1200002249
1,focused,B,-4,0,0,0.25,250,1200002250
1,focused,B,-4,0,0,0.25,251,1200002251
1,focused,B,-4,0,0,0.25,252,1200002252
1,focused,B,-4,0,0,0.25,253,1200002253
1,focused,B,-4,0,0,0.25,254,1200002254
1,focused,B,-4,0,0,0.25,255,1200002255
1,focused,B,-4,0,0,0.25,256,1200002256
1,focused,B,-4,0,0,0.25,257,1200002257
1,focused,B,-4,0,0,0.25,258,1200002258
1,focused,B,-4,0,0,0.25,259,1200002259
1,focused,B,-4,0,0,0.25,260,1200002260
1,focused,B,-4,0,0,0.25,261,1200002261
1,focused,B,-4,0,0,0.25,262,1200002262
1,focused,B,-4,0,0,0.25,263,1200002263
1,focused,B,-4,0,0,0.25,264,1200002264
1,focused,B,-4,0,0,0.25,265,1200002265
1,focused,B,-4,0,0,0.25,266,1200002266
1,focused,B,-4,0,0,0.25,267,1200002267
1,focused,B,-4,0,0,0.25,268,1200002268
1,focused,B,-4,0,0,0.25,269,1200002269
1,focused,B,-4,0,0,0.25,270,1200002270
1,focused,B,-4,0,0,0.25,271,1200002271
1,focused,B,-4,0,0,0.25,272,1200002272
1,focused,B,-4,0,0,0.25,273,1200002273
1,focused,B,-4,0,0,0.25,274,1200002274
1,focused,B,-4,0,0,0.25,275,1200002275
1,focused,B,-4,0,0,0.25,276,1200002276
1,focused,B,-4,0,0,0.25,277,1200002277
1,focused,B,-4,0,0,0.25,278,1200002278
1,focused,B,-4,0,0,0.25,279,1200002279
1,focused,B,-4,0,0,0.25,280,1200002280
1,focused,B,-4,0,0,0.25,281,1200002281
1,focused,B,-4,0,0,0.25,282,1200002282
1,focused,B,-4,0,0,0.25,283,1200002283
1,focused,B,-4,0,0,0.25,284,1200002284
1,focused,B,-4,0,0,0.25,285,1200002285
1,focused,B,-4,0,0,0.25,286,1200002286
1,focused,B,-4,0,0,0.25,287,1200002287
1,focused,B,-4,0,0,0.25,288,1200002288
1,focused,B,-4,0,0,0.25,289,1200002289
1,focused,B,-4,0,0,0.25,290,1200002290
1,focused,B,-4,0,0,0.25,291,1200002291
1,focused,B,-4,0,0,0.25,292,1200002292
1,focused,B,-4,0,0,0.25,293,1200002293
1,focused,B,-4,0,0,0.25,294,1200002294
1,focused,B,-4,0,0,0.25,295,1200002295
1,focused,B,-4,0,0,0.25,296,1200002296
1,focused,B,-4,0,0,0.25,297,1200002297
1,focused,B,-4,0,0,0.25,298,1200002298
1,focused,B,-4,0,0,0.25,299,1200002299
1,focused,B,-4,0,0,0.25,300,1200002300
1,focused,B,-4,0,0,0.25,301,1200002301
1,focused,B,-4,0,0,0.25,302,1200002302
1,focused,B,-4,0,0,0.25,303,1200002303
1,focused,B,-4,0,0,0.25,304,1200002304
1,focused,B,-4,0,0,0.25,305,1200002305
1,focused,B,-4,0,0,0.25,306,1200002306
1,focused,B,-4,0,0,0.25,307,1200002307
1,focused,B,-4,0,0,0.25,308,1200002308
1,focused,B,-4,0,0,0.25,309,1200002309
1,focused,B,-4,0,0,0.25,310,1200002310
1,focused,B,-4,0,0,0.25,311,1200002311
1,focused,B,-4,0,0,0.25,312,1200002312
1,focused,B,-4,0,0,0.25,313,1200002313
1,focused,B,-4,0,0,0.25,314,1200002314
1,focused,B,-4,0,0,0.25,315,1200002315
1,focused,B,-4,0,0,0.25,316,1200002316
1,focused,B,-4,0,0,0.25,317,1200002317
1,focused,B,-4,0,0,0.25,318,1200002318
1,focused,B,-4,0,0,0.25,319,1200002319
1,focused,B,-4,0,0,0.25,320,1200002320
1,focused,B,-4,0,0,0.25,321,1200002321
1,focused,B,-4,0,0,0.25,322,1200002322
1,focused,B,-4,0,0,0.25,323,1200002323
1,focused,B,-4,0,0,0.25,324,1200002324
1,focused,B,-4,0,0,0.25,325,1200002325
1,focused,B,-4,0,0,0.25,326,1200002326
1,focused,B,-4,0,0,0.25,327,1200002327
1,focused,B,-4,0,0,0.25,328,1200002328
1,focused,B,-4,0,0,0.25,329,1200002329
1,focused,B,-4,0,0,0.25,330,1200002330
1,focused,B,-4,0,0,0.25,331,1200002331
1,focused,B,-4,0,0,0.25,332,1200002332
1,focused,B,-4,0,0,0.25,333,1200002333
1,focused,B,-4,0,0,0.25,334,1200002334
1,focused,B,-4,0,0,0.25,335,1200002335
1,focused,B,-4,0,0,0.25,336,1200002336
1,focused,B,-4,0,0,0.25,337,1200002337
1,focused,B,-4,0,0,0.25,338,1200002338
1,focused,B,-4,0,0,0.25,339,1200002339
1,focused,B,-4,0,0,0.25,340,1200002340
1,focused,B,-4,0,0,0.25,341,1200002341
1,focused,B,-4,0,0,0.25,342,1200002342
1,focused,B,-4,0,0,0.25,343,1200002343
1,focused,B,-4,0,0,0.25,344,1200002344
1,focused,B,-4,0,0,0.25,345,1200002345
1,focused,B,-4,0,0,0.25,346,1200002346
1,focused,B,-4,0,0,0.25,347,1200002347
1,focused,B,-4,0,0,0.25,348,1200002348
1,focused,B,-4,0,0,0.25,349,1200002349
1,focused,B,-4,0,0,0.25,350,1200002350
1,focused,B,-4,0,0,0.25,351,1200002351
1,focused,B,-4,0,0,0.25,352,1200002352
1,focused,B,-4,0,0,0.25,353,1200002353
1,focused,B,-4,0,0,0.25,354,1200002354
1,focused,B,-4,0,0,0.25,355,1200002355
1,focused,B,-4,0,0,0.25,356,1200002356
1,focused,B,-4,0,0,0.25,357,1200002357
1,focused,B,-4,0,0,0.25,358,1200002358
1,focused,B,-4,0,0,0.25,359,1200002359
1,focused,B,-4,0,0,0.25,360,1200002360
1,focused,B,-4,0,0,0.25,361,1200002361
1,focused,B,-4,0,0,0.25,362,1200002362
1,focused,B,-4,0,0,0.25,363,1200002363
1,focused,B,-4,0,0,0.25,364,1200002364
1,focused,B,-4,0,0,0.25,365,1200002365
1,focused,B,-4,0,0,0.25,366,1200002366
1,focused,B,-4,0,0,0.25,367,1200002367
1,focused,B,-4,0,0,0.25,368,1200002368
1,focused,B,-4,0,0,0.25,369,1200002369
1,focused,B,-4,0,0,0.25,370,1200002370
1,focused,B,-4,0,0,0.25,371,1200002371
1,focused,B,-4,0,0,0.25,372,1200002372
1,focused,B,-4,0,0,0.25,373,1200002373
1,focused,B,-4,0,0,0.25,374,1200002374
1,focused,B,-4,0,0,0.25,375,1200002375
1,focused,B,-4,0,0,0.25,376,1200002376
1,focused,B,-4,0,0,0.25,377,1200002377
1,focused,B,-4,0,0,0.25,378,1200002378
1,focused,B,-4,0,0,0.25,379,1200002379
1,focused,B,-4,0,0,0.25,380,1200002380
1,focused,B,-4,0,0,0.25,381,1200002381
1,focused,B,-4,0,0,0.25,382,1200002382
1,focused,B,-4,0,0,0.25,383,1200002383
1,focused,B,-4,0,0,0.25,384,1200002384
1,focused,B,-4,0,0,0.25,385,1200002385
1,focused,B,-4,0,0,0.25,386,1200002386
1,focused,B,-4,0,0,0.25,387,1200002387
1,focused,B,-4,0,0,0.25,388,1200002388
1,focused,B,-4,0,0,0.25,389,1200002389
1,focused,B,-4,0,0,0.25,390,1200002390
1,focused,B,-4,0,0,0.25,391,1200002391
1,focused,B,-4,0,0,0.25,392,1200002392
1,focused,B,-4,0,0,0.25,393,1200002393
1,focused,B,-4,0,0,0.25,394,1200002394
1,focused,B,-4,0,0,0.25,395,1200002395
1,focused,B,-4,0,0,0.25,396,1200002396
1,focused,B,-4,0,0,0.25,397,1200002397
1,focused,B,-4,0,0,0.25,398,1200002398
1,focused,B,-4,0,0,0.25,399,1200002399
1,focused,B,-4,0,0,0.25,400,1200002400
1,focused,B,-4,0,0,0.25,401,1200002401
1,focused,B,-4,0,0,0.25,402,1200002402
1,focused,B,-4,0,0,0.25,403,1200002403
1,focused,B,-4,0,0,0.25,404,1200002404
1,focused,B,-4,0,0,0.25,405,1200002405
1,focused,B,-4,0,0,0.25,406,1200002406
1,focused,B,-4,0,0,0.25,407,1200002407
1,focused,B,-4,0,0,0.25,408,1200002408
1,focused,B,-4,0,0,0.25,409,1200002409
1,focused,B,-4,0,0,0.25,410,1200002410
1,focused,B,-4,0,0,0.25,411,1200002411
1,focused,B,-4,0,0,0.25,412,1200002412
1,focused,B,-4,0,0,0.25,413,1200002413
1,focused,B,-4,0,0,0.25,414,1200002414
1,focused,B,-4,0,0,0.25,415,1200002415
1,focused,B,-4,0,0,0.25,416,1200002416
1,focused,B,-4,0,0,0.25,417,1200002417
1,focused,B,-4,0,0,0.25,418,1200002418
1,focused,B,-4,0,0,0.25,419,1200002419
1,focused,B,-4,0,0,0.25,420,1200002420
1,focused,B,-4,0,0,0.25,421,1200002421
1,focused,B,-4,0,0,0.25,422,1200002422
1,focused,B,-4,0,0,0.25,423,1200002423
1,focused,B,-4,0,0,0.25,424,1200002424
1,focused,B,-4,0,0,0.25,425,1200002425
1,focused,B,-4,0,0,0.25,426,1200002426
1,focused,B,-4,0,0,0.25,427,1200002427
1,focused,B,-4,0,0,0.25,428,1200002428
1,focused,B,-4,0,0,0.25,429,1200002429
1,focused,B,-4,0,0,0.25,430,1200002430
1,focused,B,-4,0,0,0.25,431,1200002431
1,focused,B,-4,0,0,0.25,432,1200002432
1,focused,B,-4,0,0,0.25,433,1200002433
1,focused,B,-4,0,0,0.25,434,1200002434
1,focused,B,-4,0,0,0.25,435,1200002435
1,focused,B,-4,0,0,0.25,436,1200002436
1,focused,B,-4,0,0,0.25,437,1200002437
1,focused,B,-4,0,0,0.25,438,1200002438
1,focused,B,-4,0,0,0.25,439,1200002439
1,focused,B,-4,0,0,0.25,440,1200002440
1,focused,B,-4,0,0,0.25,441,1200002441
1,focused,B,-4,0,0,0.25,442,1200002442
1,focused,B,-4,0,0,0.25,443,1200002443
1,focused,B,-4,0,0,0.25,444,1200002444
1,focused,B,-4,0,0,0.25,445,1200002445
1,focused,B,-4,0,0,0.25,446,1200002446
1,focused,B,-4,0,0,0.25,447,1200002447
1,focused,B,-4,0,0,0.25,448,1200002448
1,focused,B,-4,0,0,0.25,449,1200002449
1,focused,B,-4,0,0,0.25,450,1200002450
1,focused,B,-4,0,0,0.25,451,1200002451
1,focused,B,-4,0,0,0.25,452,1200002452
1,focused,B,-4,0,0,0.25,453,1200002453
1,focused,B,-4,0,0,0.25,454,1200002454
1,focused,B,-4,0,0,0.25,455,1200002455
1,focused,B,-4,0,0,0.25,456,1200002456
1,focused,B,-4,0,0,0.25,457,1200002457
1,focused,B,-4,0,0,0.25,458,1200002458
1,focused,B,-4,0,0,0.25,459,1200002459
1,focused,B,-4,0,0,0.25,460,1200002460
1,focused,B,-4,0,0,0.25,461,1200002461
1,focused,B,-4,0,0,0.25,462,1200002462
1,focused,B,-4,0,0,0.25,463,1200002463
1,focused,B,-4,0,0,0.25,464,1200002464
1,focused,B,-4,0,0,0.25,465,1200002465
1,focused,B,-4,0,0,0.25,466,1200002466
1,focused,B,-4,0,0,0.25,467,1200002467
1,focused,B,-4,0,0,0.25,468,1200002468
1,focused,B,-4,0,0,0.25,469,1200002469
1,focused,B,-4,0,0,0.25,470,1200002470
1,focused,B,-4,0,0,0.25,471,1200002471
1,focused,B,-4,0,0,0.25,472,1200002472
1,focused,B,-4,0,0,0.25,473,1200002473
1,focused,B,-4,0,0,0.25,474,1200002474
1,focused,B,-4,0,0,0.25,475,1200002475
1,focused,B,-4,0,0,0.25,476,1200002476
1,focused,B,-4,0,0,0.25,477,1200002477
1,focused,B,-4,0,0,0.25,478,1200002478
1,focused,B,-4,0,0,0.25,479,1200002479
1,focused,B,-4,0,0,0.25,480,1200002480
1,focused,B,-4,0,0,0.25,481,1200002481
1,focused,B,-4,0,0,0.25,482,1200002482
1,focused,B,-4,0,0,0.25,483,1200002483
1,focused,B,-4,0,0,0.25,484,1200002484
1,focused,B,-4,0,0,0.25,485,1200002485
1,focused,B,-4,0,0,0.25,486,1200002486
1,focused,B,-4,0,0,0.25,487,1200002487
1,focused,B,-4,0,0,0.25,488,1200002488
1,focused,B,-4,0,0,0.25,489,1200002489
1,focused,B,-4,0,0,0.25,490,1200002490
1,focused,B,-4,0,0,0.25,491,1200002491
1,focused,B,-4,0,0,0.25,492,1200002492
1,focused,B,-4,0,0,0.25,493,1200002493
1,focused,B,-4,0,0,0.25,494,1200002494
1,focused,B,-4,0,0,0.25,495,1200002495
1,focused,B,-4,0,0,0.25,496,1200002496
1,focused,B,-4,0,0,0.25,497,1200002497
1,focused,B,-4,0,0,0.25,498,1200002498
1,focused,B,-4,0,0,0.25,499,1200002499
1,focused,B,-4,0,0,0.25,500,1200002500
1,focused,B,-4,0,0,0.25,501,1200002501
1,focused,B,-4,0,0,0.25,502,1200002502
1,focused,B,-4,0,0,0.25,503,1200002503
1,focused,B,-4,0,0,0.25,504,1200002504
1,focused,B,-4,0,0,0.25,505,1200002505
1,focused,B,-4,0,0,0.25,506,1200002506
1,focused,B,-4,0,0,0.25,507,1200002507
1,focused,B,-4,0,0,0.25,508,1200002508
1,focused,B,-4,0,0,0.25,509,1200002509
1,focused,B,-4,0,0,0.25,510,1200002510
1,focused,B,-4,0,0,0.25,511,1200002511
1,focused,B,-4,0,0,0.25,512,1200002512
1,focused,B,-4,0,0,0.25,513,1200002513
1,focused,B,-4,0,0,0.25,514,1200002514
1,focused,B,-4,0,0,0.25,515,1200002515
1,focused,B,-4,0,0,0.25,516,1200002516
1,focused,B,-4,0,0,0.25,517,1200002517
1,focused,B,-4,0,0,0.25,518,1200002518
1,focused,B,-4,0,0,0.25,519,1200002519
1,focused,B,-4,0,0,0.25,520,1200002520
1,focused,B,-4,0,0,0.25,521,1200002521
1,focused,B,-4,0,0,0.25,522,1200002522
1,focused,B,-4,0,0,0.25,523,1200002523
1,focused,B,-4,0,0,0.25,524,1200002524
1,focused,B,-4,0,0,0.25,525,1200002525
1,focused,B,-4,0,0,0.25,526,1200002526
1,focused,B,-4,0,0,0.25,527,1200002527
1,focused,B,-4,0,0,0.25,528,1200002528
1,focused,B,-4,0,0,0.25,529,1200002529
1,focused,B,-4,0,0,0.25,530,1200002530
1,focused,B,-4,0,0,0.25,531,1200002531
1,focused,B,-4,0,0,0.25,532,1200002532
1,focused,B,-4,0,0,0.25,533,1200002533
1,focused,B,-4,0,0,0.25,534,1200002534
1,focused,B,-4,0,0,0.25,535,1200002535
1,focused,B,-4,0,0,0.25,536,1200002536
1,focused,B,-4,0,0,0.25,537,1200002537
1,focused,B,-4,0,0,0.25,538,1200002538
1,focused,B,-4,0,0,0.25,539,1200002539
1,focused,B,-4,0,0,0.25,540,1200002540
1,focused,B,-4,0,0,0.25,541,1200002541
1,focused,B,-4,0,0,0.25,542,1200002542
1,focused,B,-4,0,0,0.25,543,1200002543
1,focused,B,-4,0,0,0.25,544,1200002544
1,focused,B,-4,0,0,0.25,545,1200002545
1,focused,B,-4,0,0,0.25,546,1200002546
1,focused,B,-4,0,0,0.25,547,1200002547
1,focused,B,-4,0,0,0.25,548,1200002548
1,focused,B,-4,0,0,0.25,549,1200002549
1,focused,B,-4,0,0,0.25,550,1200002550
1,focused,B,-4,0,0,0.25,551,1200002551
1,focused,B,-4,0,0,0.25,552,1200002552
1,focused,B,-4,0,0,0.25,553,1200002553
1,focused,B,-4,0,0,0.25,554,1200002554
1,focused,B,-4,0,0,0.25,555,1200002555
1,focused,B,-4,0,0,0.25,556,1200002556
1,focused,B,-4,0,0,0.25,557,1200002557
1,focused,B,-4,0,0,0.25,558,1200002558
1,focused,B,-4,0,0,0.25,559,1200002559
1,focused,B,-4,0,0,0.25,560,1200002560
1,focused,B,-4,0,0,0.25,561,1200002561
1,focused,B,-4,0,0,0.25,562,1200002562
1,focused,B,-4,0,0,0.25,563,1200002563
1,focused,B,-4,0,0,0.25,564,1200002564
1,focused,B,-4,0,0,0.25,565,1200002565
1,focused,B,-4,0,0,0.25,566,1200002566
1,focused,B,-4,0,0,0.25,567,1200002567
1,focused,B,-4,0,0,0.25,568,1200002568
1,focused,B,-4,0,0,0.25,569,1200002569
1,focused,B,-4,0,0,0.25,570,1200002570
1,focused,B,-4,0,0,0.25,571,1200002571
1,focused,B,-4,0,0,0.25,572,1200002572
1,focused,B,-4,0,0,0.25,573,1200002573
1,focused,B,-4,0,0,0.25,574,1200002574
1,focused,B,-4,0,0,0.25,575,1200002575
1,focused,B,-4,0,0,0.25,576,1200002576
1,focused,B,-4,0,0,0.25,577,1200002577
1,focused,B,-4,0,0,0.25,578,1200002578
1,focused,B,-4,0,0,0.25,579,1200002579
1,focused,B,-4,0,0,0.25,580,1200002580
1,focused,B,-4,0,0,0.25,581,1200002581
1,focused,B,-4,0,0,0.25,582,1200002582
1,focused,B,-4,0,0,0.25,583,1200002583
1,focused,B,-4,0,0,0.25,584,1200002584
1,focused,B,-4,0,0,0.25,585,1200002585
1,focused,B,-4,0,0,0.25,586,1200002586
1,focused,B,-4,0,0,0.25,587,1200002587
1,focused,B,-4,0,0,0.25,588,1200002588
1,focused,B,-4,0,0,0.25,589,1200002589
1,focused,B,-4,0,0,0.25,590,1200002590
1,focused,B,-4,0,0,0.25,591,1200002591
1,focused,B,-4,0,0,0.25,592,1200002592
1,focused,B,-4,0,0,0.25,593,1200002593
1,focused,B,-4,0,0,0.25,594,1200002594
1,focused,B,-4,0,0,0.25,595,1200002595
1,focused,B,-4,0,0,0.25,596,1200002596
1,focused,B,-4,0,0,0.25,597,1200002597
1,focused,B,-4,0,0,0.25,598,1200002598
1,focused,B,-4,0,0,0.25,599,1200002599
1,focused,B,-4,0,0,0.25,600,1200002600
1,focused,B,-4,0,0,0.25,601,1200002601
1,focused,B,-4,0,0,0.25,602,1200002602
1,focused,B,-4,0,0,0.25,603,1200002603
1,focused,B,-4,0,0,0.25,604,1200002604
1,focused,B,-4,0,0,0.25,605,1200002605
1,focused,B,-4,0,0,0.25,606,1200002606
1,focused,B,-4,0,0,0.25,607,1200002607
1,focused,B,-4,0,0,0.25,608,1200002608
1,focused,B,-4,0,0,0.25,609,1200002609
1,focused,B,-4,0,0,0.25,610,1200002610
1,focused,B,-4,0,0,0.25,611,1200002611
1,focused,B,-4,0,0,0.25,612,1200002612
1,focused,B,-4,0,0,0.25,613,1200002613
1,focused,B,-4,0,0,0.25,614,1200002614
1,focused,B,-4,0,0,0.25,615,1200002615
1,focused,B,-4,0,0,0.25,616,1200002616
1,focused,B,-4,0,0,0.25,617,1200002617
1,focused,B,-4,0,0,0.25,618,1200002618
1,focused,B,-4,0,0,0.25,619,1200002619
1,focused,B,-4,0,0,0.25,620,1200002620
1,focused,B,-4,0,0,0.25,621,1200002621
1,focused,B,-4,0,0,0.25,622,1200002622
1,focused,B,-4,0,0,0.25,623,1200002623
1,focused,B,-4,0,0,0.25,624,1200002624
1,focused,B,-4,0,0,0.25,625,1200002625
1,focused,B,-4,0,0,0.25,626,1200002626
1,focused,B,-4,0,0,0.25,627,1200002627
1,focused,B,-4,0,0,0.25,628,1200002628
1,focused,B,-4,0,0,0.25,629,1200002629
1,focused,B,-4,0,0,0.25,630,1200002630
1,focused,B,-4,0,0,0.25,631,1200002631
1,focused,B,-4,0,0,0.25,632,1200002632
1,focused,B,-4,0,0,0.25,633,1200002633
1,focused,B,-4,0,0,0.25,634,1200002634
1,focused,B,-4,0,0,0.25,635,1200002635
1,focused,B,-4,0,0,0.25,636,1200002636
1,focused,B,-4,0,0,0.25,637,1200002637
1,focused,B,-4,0,0,0.25,638,1200002638
1,focused,B,-4,0,0,0.25,639,1200002639
1,focused,B,-4,0,0,0.25,640,1200002640
1,focused,B,-4,0,0,0.25,641,1200002641
1,focused,B,-4,0,0,0.25,642,1200002642
1,focused,B,-4,0,0,0.25,643,1200002643
1,focused,B,-4,0,0,0.25,644,1200002644
1,focused,B,-4,0,0,0.25,645,1200002645
1,focused,B,-4,0,0,0.25,646,1200002646
1,focused,B,-4,0,0,0.25,647,1200002647
1,focused,B,-4,0,0,0.25,648,1200002648
1,focused,B,-4,0,0,0.25,649,1200002649
1,focused,B,-4,0,0,0.25,650,1200002650
1,focused,B,-4,0,0,0.25,651,1200002651
1,focused,B,-4,0,0,0.25,652,1200002652
1,focused,B,-4,0,0,0.25,653,1200002653
1,focused,B,-4,0,0,0.25,654,1200002654
1,focused,B,-4,0,0,0.25,655,1200002655
1,focused,B,-4,0,0,0.25,656,1200002656
1,focused,B,-4,0,0,0.25,657,1200002657
1,focused,B,-4,0,0,0.25,658,1200002658
1,focused,B,-4,0,0,0.25,659,1200002659
1,focused,B,-4,0,0,0.25,660,1200002660
1,focused,B,-4,0,0,0.25,661,1200002661
1,focused,B,-4,0,0,0.25,662,1200002662
1,focused,B,-4,0,0,0.25,663,1200002663
1,focused,B,-4,0,0,0.25,664,1200002664
1,focused,B,-4,0,0,0.25,665,1200002665
1,focused,B,-4,0,0,0.25,666,1200002666
1,focused,B,-4,0,0,0.25,667,1200002667
1,focused,B,-4,0,0,0.25,668,1200002668
1,focused,B,-4,0,0,0.25,669,1200002669
1,focused,B,-4,0,0,0.25,670,1200002670
1,focused,B,-4,0,0,0.25,671,1200002671
1,focused,B,-4,0,0,0.25,672,1200002672
1,focused,B,-4,0,0,0.25,673,1200002673
1,focused,B,-4,0,0,0.25,674,1200002674
1,focused,B,-4,0,0,0.25,675,1200002675
1,focused,B,-4,0,0,0.25,676,1200002676
1,focused,B,-4,0,0,0.25,677,1200002677
1,focused,B,-4,0,0,0.25,678,1200002678
1,focused,B,-4,0,0,0.25,679,1200002679
1,focused,B,-4,0,0,0.25,680,1200002680
1,focused,B,-4,0,0,0.25,681,1200002681
1,focused,B,-4,0,0,0.25,682,1200002682
1,focused,B,-4,0,0,0.25,683,1200002683
1,focused,B,-4,0,0,0.25,684,1200002684
1,focused,B,-4,0,0,0.25,685,1200002685
1,focused,B,-4,0,0,0.25,686,1200002686
1,focused,B,-4,0,0,0.25,687,1200002687
1,focused,B,-4,0,0,0.25,688,1200002688
1,focused,B,-4,0,0,0.25,689,1200002689
1,focused,B,-4,0,0,0.25,690,1200002690
1,focused,B,-4,0,0,0.25,691,1200002691
1,focused,B,-4,0,0,0.25,692,1200002692
1,focused,B,-4,0,0,0.25,693,1200002693
1,focused,B,-4,0,0,0.25,694,1200002694
1,focused,B,-4,0,0,0.25,695,1200002695
1,focused,B,-4,0,0,0.25,696,1200002696
1,focused,B,-4,0,0,0.25,697,1200002697
1,focused,B,-4,0,0,0.25,698,1200002698
1,focused,B,-4,0,0,0.25,699,1200002699
1,focused,B,-4,0,0,0.25,700,1200002700
1,focused,B,-4,0,0,0.25,701,1200002701
1,focused,B,-4,0,0,0.25,702,1200002702
1,focused,B,-4,0,0,0.25,703,1200002703
1,focused,B,-4,0,0,0.25,704,1200002704
1,focused,B,-4,0,0,0.25,705,1200002705
1,focused,B,-4,0,0,0.25,706,1200002706
1,focused,B,-4,0,0,0.25,707,1200002707
1,focused,B,-4,0,0,0.25,708,1200002708
1,focused,B,-4,0,0,0.25,709,1200002709
1,focused,B,-4,0,0,0.25,710,1200002710
1,focused,B,-4,0,0,0.25,711,1200002711
1,focused,B,-4,0,0,0.25,712,1200002712
1,focused,B,-4,0,0,0.25,713,1200002713
1,focused,B,-4,0,0,0.25,714,1200002714
1,focused,B,-4,0,0,0.25,715,1200002715
1,focused,B,-4,0,0,0.25,716,1200002716
1,focused,B,-4,0,0,0.25,717,1200002717
1,focused,B,-4,0,0,0.25,718,1200002718
1,focused,B,-4,0,0,0.25,719,1200002719
1,focused,B,-4,0,0,0.25,720,1200002720
1,focused,B,-4,0,0,0.25,721,1200002721
1,focused,B,-4,0,0,0.25,722,1200002722
1,focused,B,-4,0,0,0.25,723,1200002723
1,focused,B,-4,0,0,0.25,724,1200002724
1,focused,B,-4,0,0,0.25,725,1200002725
1,focused,B,-4,0,0,0.25,726,1200002726
1,focused,B,-4,0,0,0.25,727,1200002727
1,focused,B,-4,0,0,0.25,728,1200002728
1,focused,B,-4,0,0,0.25,729,1200002729
1,focused,B,-4,0,0,0.25,730,1200002730
1,focused,B,-4,0,0,0.25,731,1200002731
1,focused,B,-4,0,0,0.25,732,1200002732
1,focused,B,-4,0,0,0.25,733,1200002733
1,focused,B,-4,0,0,0.25,734,1200002734
1,focused,B,-4,0,0,0.25,735,1200002735
1,focused,B,-4,0,0,0.25,736,1200002736
1,focused,B,-4,0,0,0.25,737,1200002737
1,focused,B,-4,0,0,0.25,738,1200002738
1,focused,B,-4,0,0,0.25,739,1200002739
1,focused,B,-4,0,0,0.25,740,1200002740
1,focused,B,-4,0,0,0.25,741,1200002741
1,focused,B,-4,0,0,0.25,742,1200002742
1,focused,B,-4,0,0,0.25,743,1200002743
1,focused,B,-4,0,0,0.25,744,1200002744
1,focused,B,-4,0,0,0.25,745,1200002745
1,focused,B,-4,0,0,0.25,746,1200002746
1,focused,B,-4,0,0,0.25,747,1200002747
1,focused,B,-4,0,0,0.25,748,1200002748
1,focused,B,-4,0,0,0.25,749,1200002749
1,focused,B,-4,0,0,0.25,750,1200002750
1,focused,B,-4,0,0,0.25,751,1200002751
1,focused,B,-4,0,0,0.25,752,1200002752
1,focused,B,-4,0,0,0.25,753,1200002753
1,focused,B,-4,0,0,0.25,754,1200002754
1,focused,B,-4,0,0,0.25,755,1200002755
1,focused,B,-4,0,0,0.25,756,1200002756
1,focused,B,-4,0,0,0.25,757,1200002757
1,focused,B,-4,0,0,0.25,758,1200002758
1,focused,B,-4,0,0,0.25,759,1200002759
1,focused,B,-4,0,0,0.25,760,1200002760
1,focused,B,-4,0,0,0.25,761,1200002761
1,focused,B,-4,0,0,0.25,762,1200002762
1,focused,B,-4,0,0,0.25,763,1200002763
1,focused,B,-4,0,0,0.25,764,1200002764
1,focused,B,-4,0,0,0.25,765,1200002765
1,focused,B,-4,0,0,0.25,766,1200002766
1,focused,B,-4,0,0,0.25,767,1200002767
1,focused,B,-4,0,0,0.25,768,1200002768
1,focused,B,-4,0,0,0.25,769,1200002769
1,focused,B,-4,0,0,0.25,770,1200002770
1,focused,B,-4,0,0,0.25,771,1200002771
1,focused,B,-4,0,0,0.25,772,1200002772
1,focused,B,-4,0,0,0.25,773,1200002773
1,focused,B,-4,0,0,0.25,774,1200002774
1,focused,B,-4,0,0,0.25,775,1200002775
1,focused,B,-4,0,0,0.25,776,1200002776
1,focused,B,-4,0,0,0.25,777,1200002777
1,focused,B,-4,0,0,0.25,778,1200002778
1,focused,B,-4,0,0,0.25,779,1200002779
1,focused,B,-4,0,0,0.25,780,1200002780
1,focused,B,-4,0,0,0.25,781,1200002781
1,focused,B,-4,0,0,0.25,782,1200002782
1,focused,B,-4,0,0,0.25,783,1200002783
1,focused,B,-4,0,0,0.25,784,1200002784
1,focused,B,-4,0,0,0.25,785,1200002785
1,focused,B,-4,0,0,0.25,786,1200002786
1,focused,B,-4,0,0,0.25,787,1200002787
1,focused,B,-4,0,0,0.25,788,1200002788
1,focused,B,-4,0,0,0.25,789,1200002789
1,focused,B,-4,0,0,0.25,790,1200002790
1,focused,B,-4,0,0,0.25,791,1200002791
1,focused,B,-4,0,0,0.25,792,1200002792
1,focused,B,-4,0,0,0.25,793,1200002793
1,focused,B,-4,0,0,0.25,794,1200002794
1,focused,B,-4,0,0,0.25,795,1200002795
1,focused,B,-4,0,0,0.25,796,1200002796
1,focused,B,-4,0,0,0.25,797,1200002797
1,focused,B,-4,0,0,0.25,798,1200002798
1,focused,B,-4,0,0,0.25,799,1200002799
1,focused,B,-4,0,0,0.25,800,1200002800
1,focused,B,-4,0,0,0.25,801,1200002801
1,focused,B,-4,0,0,0.25,802,1200002802
1,focused,B,-4,0,0,0.25,803,1200002803
1,focused,B,-4,0,0,0.25,804,1200002804
1,focused,B,-4,0,0,0.25,805,1200002805
1,focused,B,-4,0,0,0.25,806,1200002806
1,focused,B,-4,0,0,0.25,807,1200002807
1,focused,B,-4,0,0,0.25,808,1200002808
1,focused,B,-4,0,0,0.25,809,1200002809
1,focused,B,-4,0,0,0.25,810,1200002810
1,focused,B,-4,0,0,0.25,811,1200002811
1,focused,B,-4,0,0,0.25,812,1200002812
1,focused,B,-4,0,0,0.25,813,1200002813
1,focused,B,-4,0,0,0.25,814,1200002814
1,focused,B,-4,0,0,0.25,815,1200002815
1,focused,B,-4,0,0,0.25,816,1200002816
1,focused,B,-4,0,0,0.25,817,1200002817
1,focused,B,-4,0,0,0.25,818,1200002818
1,focused,B,-4,0,0,0.25,819,1200002819
1,focused,B,-4,0,0,0.25,820,1200002820
1,focused,B,-4,0,0,0.25,821,1200002821
1,focused,B,-4,0,0,0.25,822,1200002822
1,focused,B,-4,0,0,0.25,823,1200002823
1,focused,B,-4,0,0,0.25,824,1200002824
1,focused,B,-4,0,0,0.25,825,1200002825
1,focused,B,-4,0,0,0.25,826,1200002826
1,focused,B,-4,0,0,0.25,827,1200002827
1,focused,B,-4,0,0,0.25,828,1200002828
1,focused,B,-4,0,0,0.25,829,1200002829
1,focused,B,-4,0,0,0.25,830,1200002830
1,focused,B,-4,0,0,0.25,831,1200002831
1,focused,B,-4,0,0,0.25,832,1200002832
1,focused,B,-4,0,0,0.25,833,1200002833
1,focused,B,-4,0,0,0.25,834,1200002834
1,focused,B,-4,0,0,0.25,835,1200002835
1,focused,B,-4,0,0,0.25,836,1200002836
1,focused,B,-4,0,0,0.25,837,1200002837
1,focused,B,-4,0,0,0.25,838,1200002838
1,focused,B,-4,0,0,0.25,839,1200002839
1,focused,B,-4,0,0,0.25,840,1200002840
1,focused,B,-4,0,0,0.25,841,1200002841
1,focused,B,-4,0,0,0.25,842,1200002842
1,focused,B,-4,0,0,0.25,843,1200002843
1,focused,B,-4,0,0,0.25,844,1200002844
1,focused,B,-4,0,0,0.25,845,1200002845
1,focused,B,-4,0,0,0.25,846,1200002846
1,focused,B,-4,0,0,0.25,847,1200002847
1,focused,B,-4,0,0,0.25,848,1200002848
1,focused,B,-4,0,0,0.25,849,1200002849
1,focused,B,-4,0,0,0.25,850,1200002850
1,focused,B,-4,0,0,0.25,851,1200002851
1,focused,B,-4,0,0,0.25,852,1200002852
1,focused,B,-4,0,0,0.25,853,1200002853
1,focused,B,-4,0,0,0.25,854,1200002854
1,focused,B,-4,0,0,0.25,855,1200002855
1,focused,B,-4,0,0,0.25,856,1200002856
1,focused,B,-4,0,0,0.25,857,1200002857
1,focused,B,-4,0,0,0.25,858,1200002858
1,focused,B,-4,0,0,0.25,859,1200002859
1,focused,B,-4,0,0,0.25,860,1200002860
1,focused,B,-4,0,0,0.25,861,1200002861
1,focused,B,-4,0,0,0.25,862,1200002862
1,focused,B,-4,0,0,0.25,863,1200002863
1,focused,B,-4,0,0,0.25,864,1200002864
1,focused,B,-4,0,0,0.25,865,1200002865
1,focused,B,-4,0,0,0.25,866,1200002866
1,focused,B,-4,0,0,0.25,867,1200002867
1,focused,B,-4,0,0,0.25,868,1200002868
1,focused,B,-4,0,0,0.25,869,1200002869
1,focused,B,-4,0,0,0.25,870,1200002870
1,focused,B,-4,0,0,0.25,871,1200002871
1,focused,B,-4,0,0,0.25,872,1200002872
1,focused,B,-4,0,0,0.25,873,1200002873
1,focused,B,-4,0,0,0.25,874,1200002874
1,focused,B,-4,0,0,0.25,875,1200002875
1,focused,B,-4,0,0,0.25,876,1200002876
1,focused,B,-4,0,0,0.25,877,1200002877
1,focused,B,-4,0,0,0.25,878,1200002878
1,focused,B,-4,0,0,0.25,879,1200002879
1,focused,B,-4,0,0,0.25,880,1200002880
1,focused,B,-4,0,0,0.25,881,1200002881
1,focused,B,-4,0,0,0.25,882,1200002882
1,focused,B,-4,0,0,0.25,883,1200002883
1,focused,B,-4,0,0,0.25,884,1200002884
1,focused,B,-4,0,0,0.25,885,1200002885
1,focused,B,-4,0,0,0.25,886,1200002886
1,focused,B,-4,0,0,0.25,887,1200002887
1,focused,B,-4,0,0,0.25,888,1200002888
1,focused,B,-4,0,0,0.25,889,1200002889
1,focused,B,-4,0,0,0.25,890,1200002890
1,focused,B,-4,0,0,0.25,891,1200002891
1,focused,B,-4,0,0,0.25,892,1200002892
1,focused,B,-4,0,0,0.25,893,1200002893
1,focused,B,-4,0,0,0.25,894,1200002894
1,focused,B,-4,0,0,0.25,895,1200002895
1,focused,B,-4,0,0,0.25,896,1200002896
1,focused,B,-4,0,0,0.25,897,1200002897
1,focused,B,-4,0,0,0.25,898,1200002898
1,focused,B,-4,0,0,0.25,899,1200002899
1,focused,B,-4,0,0,0.25,900,1200002900
1,focused,B,-4,0,0,0.25,901,1200002901
1,focused,B,-4,0,0,0.25,902,1200002902
1,focused,B,-4,0,0,0.25,903,1200002903
1,focused,B,-4,0,0,0.25,904,1200002904
1,focused,B,-4,0,0,0.25,905,1200002905
1,focused,B,-4,0,0,0.25,906,1200002906
1,focused,B,-4,0,0,0.25,907,1200002907
1,focused,B,-4,0,0,0.25,908,1200002908
1,focused,B,-4,0,0,0.25,909,1200002909
1,focused,B,-4,0,0,0.25,910,1200002910
1,focused,B,-4,0,0,0.25,911,1200002911
1,focused,B,-4,0,0,0.25,912,1200002912
1,focused,B,-4,0,0,0.25,913,1200002913
1,focused,B,-4,0,0,0.25,914,1200002914
1,focused,B,-4,0,0,0.25,915,1200002915
1,focused,B,-4,0,0,0.25,916,1200002916
1,focused,B,-4,0,0,0.25,917,1200002917
1,focused,B,-4,0,0,0.25,918,1200002918
1,focused,B,-4,0,0,0.25,919,1200002919
1,focused,B,-4,0,0,0.25,920,1200002920
1,focused,B,-4,0,0,0.25,921,1200002921
1,focused,B,-4,0,0,0.25,922,1200002922
1,focused,B,-4,0,0,0.25,923,1200002923
1,focused,B,-4,0,0,0.25,924,1200002924
1,focused,B,-4,0,0,0.25,925,1200002925
1,focused,B,-4,0,0,0.25,926,1200002926
1,focused,B,-4,0,0,0.25,927,1200002927
1,focused,B,-4,0,0,0.25,928,1200002928
1,focused,B,-4,0,0,0.25,929,1200002929
1,focused,B,-4,0,0,0.25,930,1200002930
1,focused,B,-4,0,0,0.25,931,1200002931
1,focused,B,-4,0,0,0.25,932,1200002932
1,focused,B,-4,0,0,0.25,933,1200002933
1,focused,B,-4,0,0,0.25,934,1200002934
1,focused,B,-4,0,0,0.25,935,1200002935
1,focused,B,-4,0,0,0.25,936,1200002936
1,focused,B,-4,0,0,0.25,937,1200002937
1,focused,B,-4,0,0,0.25,938,1200002938
1,focused,B,-4,0,0,0.25,939,1200002939
1,focused,B,-4,0,0,0.25,940,1200002940
1,focused,B,-4,0,0,0.25,941,1200002941
1,focused,B,-4,0,0,0.25,942,1200002942
1,focused,B,-4,0,0,0.25,943,1200002943
1,focused,B,-4,0,0,0.25,944,1200002944
1,focused,B,-4,0,0,0.25,945,1200002945
1,focused,B,-4,0,0,0.25,946,1200002946
1,focused,B,-4,0,0,0.25,947,1200002947
1,focused,B,-4,0,0,0.25,948,1200002948
1,focused,B,-4,0,0,0.25,949,1200002949
1,focused,B,-4,0,0,0.25,950,1200002950
1,focused,B,-4,0,0,0.25,951,1200002951
1,focused,B,-4,0,0,0.25,952,1200002952
1,focused,B,-4,0,0,0.25,953,1200002953
1,focused,B,-4,0,0,0.25,954,1200002954
1,focused,B,-4,0,0,0.25,955,1200002955
1,focused,B,-4,0,0,0.25,956,1200002956
1,focused,B,-4,0,0,0.25,957,1200002957
1,focused,B,-4,0,0,0.25,958,1200002958
1,focused,B,-4,0,0,0.25,959,1200002959
1,focused,B,-4,0,0,0.25,960,1200002960
1,focused,B,-4,0,0,0.25,961,1200002961
1,focused,B,-4,0,0,0.25,962,1200002962
1,focused,B,-4,0,0,0.25,963,1200002963
1,focused,B,-4,0,0,0.25,964,1200002964
1,focused,B,-4,0,0,0.25,965,1200002965
1,focused,B,-4,0,0,0.25,966,1200002966
1,focused,B,-4,0,0,0.25,967,1200002967
1,focused,B,-4,0,0,0.25,968,1200002968
1,focused,B,-4,0,0,0.25,969,1200002969
1,focused,B,-4,0,0,0.25,970,1200002970
1,focused,B,-4,0,0,0.25,971,1200002971
1,focused,B,-4,0,0,0.25,972,1200002972
1,focused,B,-4,0,0,0.25,973,1200002973
1,focused,B,-4,0,0,0.25,974,1200002974
1,focused,B,-4,0,0,0.25,975,1200002975
1,focused,B,-4,0,0,0.25,976,1200002976
1,focused,B,-4,0,0,0.25,977,1200002977
1,focused,B,-4,0,0,0.25,978,1200002978
1,focused,B,-4,0,0,0.25,979,1200002979
1,focused,B,-4,0,0,0.25,980,1200002980
1,focused,B,-4,0,0,0.25,981,1200002981
1,focused,B,-4,0,0,0.25,982,1200002982
1,focused,B,-4,0,0,0.25,983,1200002983
1,focused,B,-4,0,0,0.25,984,1200002984
1,focused,B,-4,0,0,0.25,985,1200002985
1,focused,B,-4,0,0,0.25,986,1200002986
1,focused,B,-4,0,0,0.25,987,1200002987
1,focused,B,-4,0,0,0.25,988,1200002988
1,focused,B,-4,0,0,0.25,989,1200002989
1,focused,B,-4,0,0,0.25,990,1200002990
1,focused,B,-4,0,0,0.25,991,1200002991
1,focused,B,-4,0,0,0.25,992,1200002992
1,focused,B,-4,0,0,0.25,993,1200002993
1,focused,B,-4,0,0,0.25,994,1200002994
1,focused,B,-4,0,0,0.25,995,1200002995
1,focused,B,-4,0,0,0.25,996,1200002996
1,focused,B,-4,0,0,0.25,997,1200002997
1,focused,B,-4,0,0,0.25,998,1200002998
1,focused,B,-4,0,0,0.25,999,1200002999
1,focused,B,-4,0,0,0.25,1000,1200003000
2,focused,B,-4,0,0,4,1,1200004001
2,focused,B,-4,0,0,4,2,1200004002
2,focused,B,-4,0,0,4,3,1200004003
2,focused,B,-4,0,0,4,4,1200004004
2,focused,B,-4,0,0,4,5,1200004005
2,focused,B,-4,0,0,4,6,1200004006
2,focused,B,-4,0,0,4,7,1200004007
2,focused,B,-4,0,0,4,8,1200004008
2,focused,B,-4,0,0,4,9,1200004009
2,focused,B,-4,0,0,4,10,1200004010
2,focused,B,-4,0,0,4,11,1200004011
2,focused,B,-4,0,0,4,12,1200004012
2,focused,B,-4,0,0,4,13,1200004013
2,focused,B,-4,0,0,4,14,1200004014
2,focused,B,-4,0,0,4,15,1200004015
2,focused,B,-4,0,0,4,16,1200004016
2,focused,B,-4,0,0,4,17,1200004017
2,focused,B,-4,0,0,4,18,1200004018
2,focused,B,-4,0,0,4,19,1200004019
2,focused,B,-4,0,0,4,20,1200004020
2,focused,B,-4,0,0,4,21,1200004021
2,focused,B,-4,0,0,4,22,1200004022
2,focused,B,-4,0,0,4,23,1200004023
2,focused,B,-4,0,0,4,24,1200004024
2,focused,B,-4,0,0,4,25,1200004025
2,focused,B,-4,0,0,4,26,1200004026
2,focused,B,-4,0,0,4,27,1200004027
2,focused,B,-4,0,0,4,28,1200004028
2,focused,B,-4,0,0,4,29,1200004029
2,focused,B,-4,0,0,4,30,1200004030
2,focused,B,-4,0,0,4,31,1200004031
2,focused,B,-4,0,0,4,32,1200004032
2,focused,B,-4,0,0,4,33,1200004033
2,focused,B,-4,0,0,4,34,1200004034
2,focused,B,-4,0,0,4,35,1200004035
2,focused,B,-4,0,0,4,36,1200004036
2,focused,B,-4,0,0,4,37,1200004037
2,focused,B,-4,0,0,4,38,1200004038
2,focused,B,-4,0,0,4,39,1200004039
2,focused,B,-4,0,0,4,40,1200004040
2,focused,B,-4,0,0,4,41,1200004041
2,focused,B,-4,0,0,4,42,1200004042
2,focused,B,-4,0,0,4,43,1200004043
2,focused,B,-4,0,0,4,44,1200004044
2,focused,B,-4,0,0,4,45,1200004045
2,focused,B,-4,0,0,4,46,1200004046
2,focused,B,-4,0,0,4,47,1200004047
2,focused,B,-4,0,0,4,48,1200004048
2,focused,B,-4,0,0,4,49,1200004049
2,focused,B,-4,0,0,4,50,1200004050
2,focused,B,-4,0,0,4,51,1200004051
2,focused,B,-4,0,0,4,52,1200004052
2,focused,B,-4,0,0,4,53,1200004053
2,focused,B,-4,0,0,4,54,1200004054
2,focused,B,-4,0,0,4,55,1200004055
2,focused,B,-4,0,0,4,56,1200004056
2,focused,B,-4,0,0,4,57,1200004057
2,focused,B,-4,0,0,4,58,1200004058
2,focused,B,-4,0,0,4,59,1200004059
2,focused,B,-4,0,0,4,60,1200004060
2,focused,B,-4,0,0,4,61,1200004061
2,focused,B,-4,0,0,4,62,1200004062
2,focused,B,-4,0,0,4,63,1200004063
2,focused,B,-4,0,0,4,64,1200004064
2,focused,B,-4,0,0,4,65,1200004065
2,focused,B,-4,0,0,4,66,1200004066
2,focused,B,-4,0,0,4,67,1200004067
2,focused,B,-4,0,0,4,68,1200004068
2,focused,B,-4,0,0,4,69,1200004069
2,focused,B,-4,0,0,4,70,1200004070
2,focused,B,-4,0,0,4,71,1200004071
2,focused,B,-4,0,0,4,72,1200004072
2,focused,B,-4,0,0,4,73,1200004073
2,focused,B,-4,0,0,4,74,1200004074
2,focused,B,-4,0,0,4,75,1200004075
2,focused,B,-4,0,0,4,76,1200004076
2,focused,B,-4,0,0,4,77,1200004077
2,focused,B,-4,0,0,4,78,1200004078
2,focused,B,-4,0,0,4,79,1200004079
2,focused,B,-4,0,0,4,80,1200004080
2,focused,B,-4,0,0,4,81,1200004081
2,focused,B,-4,0,0,4,82,1200004082
2,focused,B,-4,0,0,4,83,1200004083
2,focused,B,-4,0,0,4,84,1200004084
2,focused,B,-4,0,0,4,85,1200004085
2,focused,B,-4,0,0,4,86,1200004086
2,focused,B,-4,0,0,4,87,1200004087
2,focused,B,-4,0,0,4,88,1200004088
2,focused,B,-4,0,0,4,89,1200004089
2,focused,B,-4,0,0,4,90,1200004090
2,focused,B,-4,0,0,4,91,1200004091
2,focused,B,-4,0,0,4,92,1200004092
2,focused,B,-4,0,0,4,93,1200004093
2,focused,B,-4,0,0,4,94,1200004094
2,focused,B,-4,0,0,4,95,1200004095
2,focused,B,-4,0,0,4,96,1200004096
2,focused,B,-4,0,0,4,97,1200004097
2,focused,B,-4,0,0,4,98,1200004098
2,focused,B,-4,0,0,4,99,1200004099
2,focused,B,-4,0,0,4,100,1200004100
2,focused,B,-4,0,0,4,101,1200004101
2,focused,B,-4,0,0,4,102,1200004102
2,focused,B,-4,0,0,4,103,1200004103
2,focused,B,-4,0,0,4,104,1200004104
2,focused,B,-4,0,0,4,105,1200004105
2,focused,B,-4,0,0,4,106,1200004106
2,focused,B,-4,0,0,4,107,1200004107
2,focused,B,-4,0,0,4,108,1200004108
2,focused,B,-4,0,0,4,109,1200004109
2,focused,B,-4,0,0,4,110,1200004110
2,focused,B,-4,0,0,4,111,1200004111
2,focused,B,-4,0,0,4,112,1200004112
2,focused,B,-4,0,0,4,113,1200004113
2,focused,B,-4,0,0,4,114,1200004114
2,focused,B,-4,0,0,4,115,1200004115
2,focused,B,-4,0,0,4,116,1200004116
2,focused,B,-4,0,0,4,117,1200004117
2,focused,B,-4,0,0,4,118,1200004118
2,focused,B,-4,0,0,4,119,1200004119
2,focused,B,-4,0,0,4,120,1200004120
2,focused,B,-4,0,0,4,121,1200004121
2,focused,B,-4,0,0,4,122,1200004122
2,focused,B,-4,0,0,4,123,1200004123
2,focused,B,-4,0,0,4,124,1200004124
2,focused,B,-4,0,0,4,125,1200004125
2,focused,B,-4,0,0,4,126,1200004126
2,focused,B,-4,0,0,4,127,1200004127
2,focused,B,-4,0,0,4,128,1200004128
2,focused,B,-4,0,0,4,129,1200004129
2,focused,B,-4,0,0,4,130,1200004130
2,focused,B,-4,0,0,4,131,1200004131
2,focused,B,-4,0,0,4,132,1200004132
2,focused,B,-4,0,0,4,133,1200004133
2,focused,B,-4,0,0,4,134,1200004134
2,focused,B,-4,0,0,4,135,1200004135
2,focused,B,-4,0,0,4,136,1200004136
2,focused,B,-4,0,0,4,137,1200004137
2,focused,B,-4,0,0,4,138,1200004138
2,focused,B,-4,0,0,4,139,1200004139
2,focused,B,-4,0,0,4,140,1200004140
2,focused,B,-4,0,0,4,141,1200004141
2,focused,B,-4,0,0,4,142,1200004142
2,focused,B,-4,0,0,4,143,1200004143
2,focused,B,-4,0,0,4,144,1200004144
2,focused,B,-4,0,0,4,145,1200004145
2,focused,B,-4,0,0,4,146,1200004146
2,focused,B,-4,0,0,4,147,1200004147
2,focused,B,-4,0,0,4,148,1200004148
2,focused,B,-4,0,0,4,149,1200004149
2,focused,B,-4,0,0,4,150,1200004150
2,focused,B,-4,0,0,4,151,1200004151
2,focused,B,-4,0,0,4,152,1200004152
2,focused,B,-4,0,0,4,153,1200004153
2,focused,B,-4,0,0,4,154,1200004154
2,focused,B,-4,0,0,4,155,1200004155
2,focused,B,-4,0,0,4,156,1200004156
2,focused,B,-4,0,0,4,157,1200004157
2,focused,B,-4,0,0,4,158,1200004158
2,focused,B,-4,0,0,4,159,1200004159
2,focused,B,-4,0,0,4,160,1200004160
2,focused,B,-4,0,0,4,161,1200004161
2,focused,B,-4,0,0,4,162,1200004162
2,focused,B,-4,0,0,4,163,1200004163
2,focused,B,-4,0,0,4,164,1200004164
2,focused,B,-4,0,0,4,165,1200004165
2,focused,B,-4,0,0,4,166,1200004166
2,focused,B,-4,0,0,4,167,1200004167
2,focused,B,-4,0,0,4,168,1200004168
2,focused,B,-4,0,0,4,169,1200004169
2,focused,B,-4,0,0,4,170,1200004170
2,focused,B,-4,0,0,4,171,1200004171
2,focused,B,-4,0,0,4,172,1200004172
2,focused,B,-4,0,0,4,173,1200004173
2,focused,B,-4,0,0,4,174,1200004174
2,focused,B,-4,0,0,4,175,1200004175
2,focused,B,-4,0,0,4,176,1200004176
2,focused,B,-4,0,0,4,177,1200004177
2,focused,B,-4,0,0,4,178,1200004178
2,focused,B,-4,0,0,4,179,1200004179
2,focused,B,-4,0,0,4,180,1200004180
2,focused,B,-4,0,0,4,181,1200004181
2,focused,B,-4,0,0,4,182,1200004182
2,focused,B,-4,0,0,4,183,1200004183
2,focused,B,-4,0,0,4,184,1200004184
2,focused,B,-4,0,0,4,185,1200004185
2,focused,B,-4,0,0,4,186,1200004186
2,focused,B,-4,0,0,4,187,1200004187
2,focused,B,-4,0,0,4,188,1200004188
2,focused,B,-4,0,0,4,189,1200004189
2,focused,B,-4,0,0,4,190,1200004190
2,focused,B,-4,0,0,4,191,1200004191
2,focused,B,-4,0,0,4,192,1200004192
2,focused,B,-4,0,0,4,193,1200004193
2,focused,B,-4,0,0,4,194,1200004194
2,focused,B,-4,0,0,4,195,1200004195
2,focused,B,-4,0,0,4,196,1200004196
2,focused,B,-4,0,0,4,197,1200004197
2,focused,B,-4,0,0,4,198,1200004198
2,focused,B,-4,0,0,4,199,1200004199
2,focused,B,-4,0,0,4,200,1200004200
2,focused,B,-4,0,0,4,201,1200004201
2,focused,B,-4,0,0,4,202,1200004202
2,focused,B,-4,0,0,4,203,1200004203
2,focused,B,-4,0,0,4,204,1200004204
2,focused,B,-4,0,0,4,205,1200004205
2,focused,B,-4,0,0,4,206,1200004206
2,focused,B,-4,0,0,4,207,1200004207
2,focused,B,-4,0,0,4,208,1200004208
2,focused,B,-4,0,0,4,209,1200004209
2,focused,B,-4,0,0,4,210,1200004210
2,focused,B,-4,0,0,4,211,1200004211
2,focused,B,-4,0,0,4,212,1200004212
2,focused,B,-4,0,0,4,213,1200004213
2,focused,B,-4,0,0,4,214,1200004214
2,focused,B,-4,0,0,4,215,1200004215
2,focused,B,-4,0,0,4,216,1200004216
2,focused,B,-4,0,0,4,217,1200004217
2,focused,B,-4,0,0,4,218,1200004218
2,focused,B,-4,0,0,4,219,1200004219
2,focused,B,-4,0,0,4,220,1200004220
2,focused,B,-4,0,0,4,221,1200004221
2,focused,B,-4,0,0,4,222,1200004222
2,focused,B,-4,0,0,4,223,1200004223
2,focused,B,-4,0,0,4,224,1200004224
2,focused,B,-4,0,0,4,225,1200004225
2,focused,B,-4,0,0,4,226,1200004226
2,focused,B,-4,0,0,4,227,1200004227
2,focused,B,-4,0,0,4,228,1200004228
2,focused,B,-4,0,0,4,229,1200004229
2,focused,B,-4,0,0,4,230,1200004230
2,focused,B,-4,0,0,4,231,1200004231
2,focused,B,-4,0,0,4,232,1200004232
2,focused,B,-4,0,0,4,233,1200004233
2,focused,B,-4,0,0,4,234,1200004234
2,focused,B,-4,0,0,4,235,1200004235
2,focused,B,-4,0,0,4,236,1200004236
2,focused,B,-4,0,0,4,237,1200004237
2,focused,B,-4,0,0,4,238,1200004238
2,focused,B,-4,0,0,4,239,1200004239
2,focused,B,-4,0,0,4,240,1200004240
2,focused,B,-4,0,0,4,241,1200004241
2,focused,B,-4,0,0,4,242,1200004242
2,focused,B,-4,0,0,4,243,1200004243
2,focused,B,-4,0,0,4,244,1200004244
2,focused,B,-4,0,0,4,245,1200004245
2,focused,B,-4,0,0,4,246,1200004246
2,focused,B,-4,0,0,4,247,1200004247
2,focused,B,-4,0,0,4,248,1200004248
2,focused,B,-4,0,0,4,249,1200004249
2,focused,B,-4,0,0,4,250,1200004250
2,focused,B,-4,0,0,4,251,1200004251
2,focused,B,-4,0,0,4,252,1200004252
2,focused,B,-4,0,0,4,253,1200004253
2,focused,B,-4,0,0,4,254,1200004254
2,focused,B,-4,0,0,4,255,1200004255
2,focused,B,-4,0,0,4,256,1200004256
2,focused,B,-4,0,0,4,257,1200004257
2,focused,B,-4,0,0,4,258,1200004258
2,focused,B,-4,0,0,4,259,1200004259
2,focused,B,-4,0,0,4,260,1200004260
2,focused,B,-4,0,0,4,261,1200004261
2,focused,B,-4,0,0,4,262,1200004262
2,focused,B,-4,0,0,4,263,1200004263
2,focused,B,-4,0,0,4,264,1200004264
2,focused,B,-4,0,0,4,265,1200004265
2,focused,B,-4,0,0,4,266,1200004266
2,focused,B,-4,0,0,4,267,1200004267
2,focused,B,-4,0,0,4,268,1200004268
2,focused,B,-4,0,0,4,269,1200004269
2,focused,B,-4,0,0,4,270,1200004270
2,focused,B,-4,0,0,4,271,1200004271
2,focused,B,-4,0,0,4,272,1200004272
2,focused,B,-4,0,0,4,273,1200004273
2,focused,B,-4,0,0,4,274,1200004274
2,focused,B,-4,0,0,4,275,1200004275
2,focused,B,-4,0,0,4,276,1200004276
2,focused,B,-4,0,0,4,277,1200004277
2,focused,B,-4,0,0,4,278,1200004278
2,focused,B,-4,0,0,4,279,1200004279
2,focused,B,-4,0,0,4,280,1200004280
2,focused,B,-4,0,0,4,281,1200004281
2,focused,B,-4,0,0,4,282,1200004282
2,focused,B,-4,0,0,4,283,1200004283
2,focused,B,-4,0,0,4,284,1200004284
2,focused,B,-4,0,0,4,285,1200004285
2,focused,B,-4,0,0,4,286,1200004286
2,focused,B,-4,0,0,4,287,1200004287
2,focused,B,-4,0,0,4,288,1200004288
2,focused,B,-4,0,0,4,289,1200004289
2,focused,B,-4,0,0,4,290,1200004290
2,focused,B,-4,0,0,4,291,1200004291
2,focused,B,-4,0,0,4,292,1200004292
2,focused,B,-4,0,0,4,293,1200004293
2,focused,B,-4,0,0,4,294,1200004294
2,focused,B,-4,0,0,4,295,1200004295
2,focused,B,-4,0,0,4,296,1200004296
2,focused,B,-4,0,0,4,297,1200004297
2,focused,B,-4,0,0,4,298,1200004298
2,focused,B,-4,0,0,4,299,1200004299
2,focused,B,-4,0,0,4,300,1200004300
2,focused,B,-4,0,0,4,301,1200004301
2,focused,B,-4,0,0,4,302,1200004302
2,focused,B,-4,0,0,4,303,1200004303
2,focused,B,-4,0,0,4,304,1200004304
2,focused,B,-4,0,0,4,305,1200004305
2,focused,B,-4,0,0,4,306,1200004306
2,focused,B,-4,0,0,4,307,1200004307
2,focused,B,-4,0,0,4,308,1200004308
2,focused,B,-4,0,0,4,309,1200004309
2,focused,B,-4,0,0,4,310,1200004310
2,focused,B,-4,0,0,4,311,1200004311
2,focused,B,-4,0,0,4,312,1200004312
2,focused,B,-4,0,0,4,313,1200004313
2,focused,B,-4,0,0,4,314,1200004314
2,focused,B,-4,0,0,4,315,1200004315
2,focused,B,-4,0,0,4,316,1200004316
2,focused,B,-4,0,0,4,317,1200004317
2,focused,B,-4,0,0,4,318,1200004318
2,focused,B,-4,0,0,4,319,1200004319
2,focused,B,-4,0,0,4,320,1200004320
2,focused,B,-4,0,0,4,321,1200004321
2,focused,B,-4,0,0,4,322,1200004322
2,focused,B,-4,0,0,4,323,1200004323
2,focused,B,-4,0,0,4,324,1200004324
2,focused,B,-4,0,0,4,325,1200004325
2,focused,B,-4,0,0,4,326,1200004326
2,focused,B,-4,0,0,4,327,1200004327
2,focused,B,-4,0,0,4,328,1200004328
2,focused,B,-4,0,0,4,329,1200004329
2,focused,B,-4,0,0,4,330,1200004330
2,focused,B,-4,0,0,4,331,1200004331
2,focused,B,-4,0,0,4,332,1200004332
2,focused,B,-4,0,0,4,333,1200004333
2,focused,B,-4,0,0,4,334,1200004334
2,focused,B,-4,0,0,4,335,1200004335
2,focused,B,-4,0,0,4,336,1200004336
2,focused,B,-4,0,0,4,337,1200004337
2,focused,B,-4,0,0,4,338,1200004338
2,focused,B,-4,0,0,4,339,1200004339
2,focused,B,-4,0,0,4,340,1200004340
2,focused,B,-4,0,0,4,341,1200004341
2,focused,B,-4,0,0,4,342,1200004342
2,focused,B,-4,0,0,4,343,1200004343
2,focused,B,-4,0,0,4,344,1200004344
2,focused,B,-4,0,0,4,345,1200004345
2,focused,B,-4,0,0,4,346,1200004346
2,focused,B,-4,0,0,4,347,1200004347
2,focused,B,-4,0,0,4,348,1200004348
2,focused,B,-4,0,0,4,349,1200004349
2,focused,B,-4,0,0,4,350,1200004350
2,focused,B,-4,0,0,4,351,1200004351
2,focused,B,-4,0,0,4,352,1200004352
2,focused,B,-4,0,0,4,353,1200004353
2,focused,B,-4,0,0,4,354,1200004354
2,focused,B,-4,0,0,4,355,1200004355
2,focused,B,-4,0,0,4,356,1200004356
2,focused,B,-4,0,0,4,357,1200004357
2,focused,B,-4,0,0,4,358,1200004358
2,focused,B,-4,0,0,4,359,1200004359
2,focused,B,-4,0,0,4,360,1200004360
2,focused,B,-4,0,0,4,361,1200004361
2,focused,B,-4,0,0,4,362,1200004362
2,focused,B,-4,0,0,4,363,1200004363
2,focused,B,-4,0,0,4,364,1200004364
2,focused,B,-4,0,0,4,365,1200004365
2,focused,B,-4,0,0,4,366,1200004366
2,focused,B,-4,0,0,4,367,1200004367
2,focused,B,-4,0,0,4,368,1200004368
2,focused,B,-4,0,0,4,369,1200004369
2,focused,B,-4,0,0,4,370,1200004370
2,focused,B,-4,0,0,4,371,1200004371
2,focused,B,-4,0,0,4,372,1200004372
2,focused,B,-4,0,0,4,373,1200004373
2,focused,B,-4,0,0,4,374,1200004374
2,focused,B,-4,0,0,4,375,1200004375
2,focused,B,-4,0,0,4,376,1200004376
2,focused,B,-4,0,0,4,377,1200004377
2,focused,B,-4,0,0,4,378,1200004378
2,focused,B,-4,0,0,4,379,1200004379
2,focused,B,-4,0,0,4,380,1200004380
2,focused,B,-4,0,0,4,381,1200004381
2,focused,B,-4,0,0,4,382,1200004382
2,focused,B,-4,0,0,4,383,1200004383
2,focused,B,-4,0,0,4,384,1200004384
2,focused,B,-4,0,0,4,385,1200004385
2,focused,B,-4,0,0,4,386,1200004386
2,focused,B,-4,0,0,4,387,1200004387
2,focused,B,-4,0,0,4,388,1200004388
2,focused,B,-4,0,0,4,389,1200004389
2,focused,B,-4,0,0,4,390,1200004390
2,focused,B,-4,0,0,4,391,1200004391
2,focused,B,-4,0,0,4,392,1200004392
2,focused,B,-4,0,0,4,393,1200004393
2,focused,B,-4,0,0,4,394,1200004394
2,focused,B,-4,0,0,4,395,1200004395
2,focused,B,-4,0,0,4,396,1200004396
2,focused,B,-4,0,0,4,397,1200004397
2,focused,B,-4,0,0,4,398,1200004398
2,focused,B,-4,0,0,4,399,1200004399
2,focused,B,-4,0,0,4,400,1200004400
2,focused,B,-4,0,0,4,401,1200004401
2,focused,B,-4,0,0,4,402,1200004402
2,focused,B,-4,0,0,4,403,1200004403
2,focused,B,-4,0,0,4,404,1200004404
2,focused,B,-4,0,0,4,405,1200004405
2,focused,B,-4,0,0,4,406,1200004406
2,focused,B,-4,0,0,4,407,1200004407
2,focused,B,-4,0,0,4,408,1200004408
2,focused,B,-4,0,0,4,409,1200004409
2,focused,B,-4,0,0,4,410,1200004410
2,focused,B,-4,0,0,4,411,1200004411
2,focused,B,-4,0,0,4,412,1200004412
2,focused,B,-4,0,0,4,413,1200004413
2,focused,B,-4,0,0,4,414,1200004414
2,focused,B,-4,0,0,4,415,1200004415
2,focused,B,-4,0,0,4,416,1200004416
2,focused,B,-4,0,0,4,417,1200004417
2,focused,B,-4,0,0,4,418,1200004418
2,focused,B,-4,0,0,4,419,1200004419
2,focused,B,-4,0,0,4,420,1200004420
2,focused,B,-4,0,0,4,421,1200004421
2,focused,B,-4,0,0,4,422,1200004422
2,focused,B,-4,0,0,4,423,1200004423
2,focused,B,-4,0,0,4,424,1200004424
2,focused,B,-4,0,0,4,425,1200004425
2,focused,B,-4,0,0,4,426,1200004426
2,focused,B,-4,0,0,4,427,1200004427
2,focused,B,-4,0,0,4,428,1200004428
2,focused,B,-4,0,0,4,429,1200004429
2,focused,B,-4,0,0,4,430,1200004430
2,focused,B,-4,0,0,4,431,1200004431
2,focused,B,-4,0,0,4,432,1200004432
2,focused,B,-4,0,0,4,433,1200004433
2,focused,B,-4,0,0,4,434,1200004434
2,focused,B,-4,0,0,4,435,1200004435
2,focused,B,-4,0,0,4,436,1200004436
2,focused,B,-4,0,0,4,437,1200004437
2,focused,B,-4,0,0,4,438,1200004438
2,focused,B,-4,0,0,4,439,1200004439
2,focused,B,-4,0,0,4,440,1200004440
2,focused,B,-4,0,0,4,441,1200004441
2,focused,B,-4,0,0,4,442,1200004442
2,focused,B,-4,0,0,4,443,1200004443
2,focused,B,-4,0,0,4,444,1200004444
2,focused,B,-4,0,0,4,445,1200004445
2,focused,B,-4,0,0,4,446,1200004446
2,focused,B,-4,0,0,4,447,1200004447
2,focused,B,-4,0,0,4,448,1200004448
2,focused,B,-4,0,0,4,449,1200004449
2,focused,B,-4,0,0,4,450,1200004450
2,focused,B,-4,0,0,4,451,1200004451
2,focused,B,-4,0,0,4,452,1200004452
2,focused,B,-4,0,0,4,453,1200004453
2,focused,B,-4,0,0,4,454,1200004454
2,focused,B,-4,0,0,4,455,1200004455
2,focused,B,-4,0,0,4,456,1200004456
2,focused,B,-4,0,0,4,457,1200004457
2,focused,B,-4,0,0,4,458,1200004458
2,focused,B,-4,0,0,4,459,1200004459
2,focused,B,-4,0,0,4,460,1200004460
2,focused,B,-4,0,0,4,461,1200004461
2,focused,B,-4,0,0,4,462,1200004462
2,focused,B,-4,0,0,4,463,1200004463
2,focused,B,-4,0,0,4,464,1200004464
2,focused,B,-4,0,0,4,465,1200004465
2,focused,B,-4,0,0,4,466,1200004466
2,focused,B,-4,0,0,4,467,1200004467
2,focused,B,-4,0,0,4,468,1200004468
2,focused,B,-4,0,0,4,469,1200004469
2,focused,B,-4,0,0,4,470,1200004470
2,focused,B,-4,0,0,4,471,1200004471
2,focused,B,-4,0,0,4,472,1200004472
2,focused,B,-4,0,0,4,473,1200004473
2,focused,B,-4,0,0,4,474,1200004474
2,focused,B,-4,0,0,4,475,1200004475
2,focused,B,-4,0,0,4,476,1200004476
2,focused,B,-4,0,0,4,477,1200004477
2,focused,B,-4,0,0,4,478,1200004478
2,focused,B,-4,0,0,4,479,1200004479
2,focused,B,-4,0,0,4,480,1200004480
2,focused,B,-4,0,0,4,481,1200004481
2,focused,B,-4,0,0,4,482,1200004482
2,focused,B,-4,0,0,4,483,1200004483
2,focused,B,-4,0,0,4,484,1200004484
2,focused,B,-4,0,0,4,485,1200004485
2,focused,B,-4,0,0,4,486,1200004486
2,focused,B,-4,0,0,4,487,1200004487
2,focused,B,-4,0,0,4,488,1200004488
2,focused,B,-4,0,0,4,489,1200004489
2,focused,B,-4,0,0,4,490,1200004490
2,focused,B,-4,0,0,4,491,1200004491
2,focused,B,-4,0,0,4,492,1200004492
2,focused,B,-4,0,0,4,493,1200004493
2,focused,B,-4,0,0,4,494,1200004494
2,focused,B,-4,0,0,4,495,1200004495
2,focused,B,-4,0,0,4,496,1200004496
2,focused,B,-4,0,0,4,497,1200004497
2,focused,B,-4,0,0,4,498,1200004498
2,focused,B,-4,0,0,4,499,1200004499
2,focused,B,-4,0,0,4,500,1200004500
2,focused,B,-4,0,0,4,501,1200004501
2,focused,B,-4,0,0,4,502,1200004502
2,focused,B,-4,0,0,4,503,1200004503
2,focused,B,-4,0,0,4,504,1200004504
2,focused,B,-4,0,0,4,505,1200004505
2,focused,B,-4,0,0,4,506,1200004506
2,focused,B,-4,0,0,4,507,1200004507
2,focused,B,-4,0,0,4,508,1200004508
2,focused,B,-4,0,0,4,509,1200004509
2,focused,B,-4,0,0,4,510,1200004510
2,focused,B,-4,0,0,4,511,1200004511
2,focused,B,-4,0,0,4,512,1200004512
2,focused,B,-4,0,0,4,513,1200004513
2,focused,B,-4,0,0,4,514,1200004514
2,focused,B,-4,0,0,4,515,1200004515
2,focused,B,-4,0,0,4,516,1200004516
2,focused,B,-4,0,0,4,517,1200004517
2,focused,B,-4,0,0,4,518,1200004518
2,focused,B,-4,0,0,4,519,1200004519
2,focused,B,-4,0,0,4,520,1200004520
2,focused,B,-4,0,0,4,521,1200004521
2,focused,B,-4,0,0,4,522,1200004522
2,focused,B,-4,0,0,4,523,1200004523
2,focused,B,-4,0,0,4,524,1200004524
2,focused,B,-4,0,0,4,525,1200004525
2,focused,B,-4,0,0,4,526,1200004526
2,focused,B,-4,0,0,4,527,1200004527
2,focused,B,-4,0,0,4,528,1200004528
2,focused,B,-4,0,0,4,529,1200004529
2,focused,B,-4,0,0,4,530,1200004530
2,focused,B,-4,0,0,4,531,1200004531
2,focused,B,-4,0,0,4,532,1200004532
2,focused,B,-4,0,0,4,533,1200004533
2,focused,B,-4,0,0,4,534,1200004534
2,focused,B,-4,0,0,4,535,1200004535
2,focused,B,-4,0,0,4,536,1200004536
2,focused,B,-4,0,0,4,537,1200004537
2,focused,B,-4,0,0,4,538,1200004538
2,focused,B,-4,0,0,4,539,1200004539
2,focused,B,-4,0,0,4,540,1200004540
2,focused,B,-4,0,0,4,541,1200004541
2,focused,B,-4,0,0,4,542,1200004542
2,focused,B,-4,0,0,4,543,1200004543
2,focused,B,-4,0,0,4,544,1200004544
2,focused,B,-4,0,0,4,545,1200004545
2,focused,B,-4,0,0,4,546,1200004546
2,focused,B,-4,0,0,4,547,1200004547
2,focused,B,-4,0,0,4,548,1200004548
2,focused,B,-4,0,0,4,549,1200004549
2,focused,B,-4,0,0,4,550,1200004550
2,focused,B,-4,0,0,4,551,1200004551
2,focused,B,-4,0,0,4,552,1200004552
2,focused,B,-4,0,0,4,553,1200004553
2,focused,B,-4,0,0,4,554,1200004554
2,focused,B,-4,0,0,4,555,1200004555
2,focused,B,-4,0,0,4,556,1200004556
2,focused,B,-4,0,0,4,557,1200004557
2,focused,B,-4,0,0,4,558,1200004558
2,focused,B,-4,0,0,4,559,1200004559
2,focused,B,-4,0,0,4,560,1200004560
2,focused,B,-4,0,0,4,561,1200004561
2,focused,B,-4,0,0,4,562,1200004562
2,focused,B,-4,0,0,4,563,1200004563
2,focused,B,-4,0,0,4,564,1200004564
2,focused,B,-4,0,0,4,565,1200004565
2,focused,B,-4,0,0,4,566,1200004566
2,focused,B,-4,0,0,4,567,1200004567
2,focused,B,-4,0,0,4,568,1200004568
2,focused,B,-4,0,0,4,569,1200004569
2,focused,B,-4,0,0,4,570,1200004570
2,focused,B,-4,0,0,4,571,1200004571
2,focused,B,-4,0,0,4,572,1200004572
2,focused,B,-4,0,0,4,573,1200004573
2,focused,B,-4,0,0,4,574,1200004574
2,focused,B,-4,0,0,4,575,1200004575
2,focused,B,-4,0,0,4,576,1200004576
2,focused,B,-4,0,0,4,577,1200004577
2,focused,B,-4,0,0,4,578,1200004578
2,focused,B,-4,0,0,4,579,1200004579
2,focused,B,-4,0,0,4,580,1200004580
2,focused,B,-4,0,0,4,581,1200004581
2,focused,B,-4,0,0,4,582,1200004582
2,focused,B,-4,0,0,4,583,1200004583
2,focused,B,-4,0,0,4,584,1200004584
2,focused,B,-4,0,0,4,585,1200004585
2,focused,B,-4,0,0,4,586,1200004586
2,focused,B,-4,0,0,4,587,1200004587
2,focused,B,-4,0,0,4,588,1200004588
2,focused,B,-4,0,0,4,589,1200004589
2,focused,B,-4,0,0,4,590,1200004590
2,focused,B,-4,0,0,4,591,1200004591
2,focused,B,-4,0,0,4,592,1200004592
2,focused,B,-4,0,0,4,593,1200004593
2,focused,B,-4,0,0,4,594,1200004594
2,focused,B,-4,0,0,4,595,1200004595
2,focused,B,-4,0,0,4,596,1200004596
2,focused,B,-4,0,0,4,597,1200004597
2,focused,B,-4,0,0,4,598,1200004598
2,focused,B,-4,0,0,4,599,1200004599
2,focused,B,-4,0,0,4,600,1200004600
2,focused,B,-4,0,0,4,601,1200004601
2,focused,B,-4,0,0,4,602,1200004602
2,focused,B,-4,0,0,4,603,1200004603
2,focused,B,-4,0,0,4,604,1200004604
2,focused,B,-4,0,0,4,605,1200004605
2,focused,B,-4,0,0,4,606,1200004606
2,focused,B,-4,0,0,4,607,1200004607
2,focused,B,-4,0,0,4,608,1200004608
2,focused,B,-4,0,0,4,609,1200004609
2,focused,B,-4,0,0,4,610,1200004610
2,focused,B,-4,0,0,4,611,1200004611
2,focused,B,-4,0,0,4,612,1200004612
2,focused,B,-4,0,0,4,613,1200004613
2,focused,B,-4,0,0,4,614,1200004614
2,focused,B,-4,0,0,4,615,1200004615
2,focused,B,-4,0,0,4,616,1200004616
2,focused,B,-4,0,0,4,617,1200004617
2,focused,B,-4,0,0,4,618,1200004618
2,focused,B,-4,0,0,4,619,1200004619
2,focused,B,-4,0,0,4,620,1200004620
2,focused,B,-4,0,0,4,621,1200004621
2,focused,B,-4,0,0,4,622,1200004622
2,focused,B,-4,0,0,4,623,1200004623
2,focused,B,-4,0,0,4,624,1200004624
2,focused,B,-4,0,0,4,625,1200004625
2,focused,B,-4,0,0,4,626,1200004626
2,focused,B,-4,0,0,4,627,1200004627
2,focused,B,-4,0,0,4,628,1200004628
2,focused,B,-4,0,0,4,629,1200004629
2,focused,B,-4,0,0,4,630,1200004630
2,focused,B,-4,0,0,4,631,1200004631
2,focused,B,-4,0,0,4,632,1200004632
2,focused,B,-4,0,0,4,633,1200004633
2,focused,B,-4,0,0,4,634,1200004634
2,focused,B,-4,0,0,4,635,1200004635
2,focused,B,-4,0,0,4,636,1200004636
2,focused,B,-4,0,0,4,637,1200004637
2,focused,B,-4,0,0,4,638,1200004638
2,focused,B,-4,0,0,4,639,1200004639
2,focused,B,-4,0,0,4,640,1200004640
2,focused,B,-4,0,0,4,641,1200004641
2,focused,B,-4,0,0,4,642,1200004642
2,focused,B,-4,0,0,4,643,1200004643
2,focused,B,-4,0,0,4,644,1200004644
2,focused,B,-4,0,0,4,645,1200004645
2,focused,B,-4,0,0,4,646,1200004646
2,focused,B,-4,0,0,4,647,1200004647
2,focused,B,-4,0,0,4,648,1200004648
2,focused,B,-4,0,0,4,649,1200004649
2,focused,B,-4,0,0,4,650,1200004650
2,focused,B,-4,0,0,4,651,1200004651
2,focused,B,-4,0,0,4,652,1200004652
2,focused,B,-4,0,0,4,653,1200004653
2,focused,B,-4,0,0,4,654,1200004654
2,focused,B,-4,0,0,4,655,1200004655
2,focused,B,-4,0,0,4,656,1200004656
2,focused,B,-4,0,0,4,657,1200004657
2,focused,B,-4,0,0,4,658,1200004658
2,focused,B,-4,0,0,4,659,1200004659
2,focused,B,-4,0,0,4,660,1200004660
2,focused,B,-4,0,0,4,661,1200004661
2,focused,B,-4,0,0,4,662,1200004662
2,focused,B,-4,0,0,4,663,1200004663
2,focused,B,-4,0,0,4,664,1200004664
2,focused,B,-4,0,0,4,665,1200004665
2,focused,B,-4,0,0,4,666,1200004666
2,focused,B,-4,0,0,4,667,1200004667
2,focused,B,-4,0,0,4,668,1200004668
2,focused,B,-4,0,0,4,669,1200004669
2,focused,B,-4,0,0,4,670,1200004670
2,focused,B,-4,0,0,4,671,1200004671
2,focused,B,-4,0,0,4,672,1200004672
2,focused,B,-4,0,0,4,673,1200004673
2,focused,B,-4,0,0,4,674,1200004674
2,focused,B,-4,0,0,4,675,1200004675
2,focused,B,-4,0,0,4,676,1200004676
2,focused,B,-4,0,0,4,677,1200004677
2,focused,B,-4,0,0,4,678,1200004678
2,focused,B,-4,0,0,4,679,1200004679
2,focused,B,-4,0,0,4,680,1200004680
2,focused,B,-4,0,0,4,681,1200004681
2,focused,B,-4,0,0,4,682,1200004682
2,focused,B,-4,0,0,4,683,1200004683
2,focused,B,-4,0,0,4,684,1200004684
2,focused,B,-4,0,0,4,685,1200004685
2,focused,B,-4,0,0,4,686,1200004686
2,focused,B,-4,0,0,4,687,1200004687
2,focused,B,-4,0,0,4,688,1200004688
2,focused,B,-4,0,0,4,689,1200004689
2,focused,B,-4,0,0,4,690,1200004690
2,focused,B,-4,0,0,4,691,1200004691
2,focused,B,-4,0,0,4,692,1200004692
2,focused,B,-4,0,0,4,693,1200004693
2,focused,B,-4,0,0,4,694,1200004694
2,focused,B,-4,0,0,4,695,1200004695
2,focused,B,-4,0,0,4,696,1200004696
2,focused,B,-4,0,0,4,697,1200004697
2,focused,B,-4,0,0,4,698,1200004698
2,focused,B,-4,0,0,4,699,1200004699
2,focused,B,-4,0,0,4,700,1200004700
2,focused,B,-4,0,0,4,701,1200004701
2,focused,B,-4,0,0,4,702,1200004702
2,focused,B,-4,0,0,4,703,1200004703
2,focused,B,-4,0,0,4,704,1200004704
2,focused,B,-4,0,0,4,705,1200004705
2,focused,B,-4,0,0,4,706,1200004706
2,focused,B,-4,0,0,4,707,1200004707
2,focused,B,-4,0,0,4,708,1200004708
2,focused,B,-4,0,0,4,709,1200004709
2,focused,B,-4,0,0,4,710,1200004710
2,focused,B,-4,0,0,4,711,1200004711
2,focused,B,-4,0,0,4,712,1200004712
2,focused,B,-4,0,0,4,713,1200004713
2,focused,B,-4,0,0,4,714,1200004714
2,focused,B,-4,0,0,4,715,1200004715
2,focused,B,-4,0,0,4,716,1200004716
2,focused,B,-4,0,0,4,717,1200004717
2,focused,B,-4,0,0,4,718,1200004718
2,focused,B,-4,0,0,4,719,1200004719
2,focused,B,-4,0,0,4,720,1200004720
2,focused,B,-4,0,0,4,721,1200004721
2,focused,B,-4,0,0,4,722,1200004722
2,focused,B,-4,0,0,4,723,1200004723
2,focused,B,-4,0,0,4,724,1200004724
2,focused,B,-4,0,0,4,725,1200004725
2,focused,B,-4,0,0,4,726,1200004726
2,focused,B,-4,0,0,4,727,1200004727
2,focused,B,-4,0,0,4,728,1200004728
2,focused,B,-4,0,0,4,729,1200004729
2,focused,B,-4,0,0,4,730,1200004730
2,focused,B,-4,0,0,4,731,1200004731
2,focused,B,-4,0,0,4,732,1200004732
2,focused,B,-4,0,0,4,733,1200004733
2,focused,B,-4,0,0,4,734,1200004734
2,focused,B,-4,0,0,4,735,1200004735
2,focused,B,-4,0,0,4,736,1200004736
2,focused,B,-4,0,0,4,737,1200004737
2,focused,B,-4,0,0,4,738,1200004738
2,focused,B,-4,0,0,4,739,1200004739
2,focused,B,-4,0,0,4,740,1200004740
2,focused,B,-4,0,0,4,741,1200004741
2,focused,B,-4,0,0,4,742,1200004742
2,focused,B,-4,0,0,4,743,1200004743
2,focused,B,-4,0,0,4,744,1200004744
2,focused,B,-4,0,0,4,745,1200004745
2,focused,B,-4,0,0,4,746,1200004746
2,focused,B,-4,0,0,4,747,1200004747
2,focused,B,-4,0,0,4,748,1200004748
2,focused,B,-4,0,0,4,749,1200004749
2,focused,B,-4,0,0,4,750,1200004750
2,focused,B,-4,0,0,4,751,1200004751
2,focused,B,-4,0,0,4,752,1200004752
2,focused,B,-4,0,0,4,753,1200004753
2,focused,B,-4,0,0,4,754,1200004754
2,focused,B,-4,0,0,4,755,1200004755
2,focused,B,-4,0,0,4,756,1200004756
2,focused,B,-4,0,0,4,757,1200004757
2,focused,B,-4,0,0,4,758,1200004758
2,focused,B,-4,0,0,4,759,1200004759
2,focused,B,-4,0,0,4,760,1200004760
2,focused,B,-4,0,0,4,761,1200004761
2,focused,B,-4,0,0,4,762,1200004762
2,focused,B,-4,0,0,4,763,1200004763
2,focused,B,-4,0,0,4,764,1200004764
2,focused,B,-4,0,0,4,765,1200004765
2,focused,B,-4,0,0,4,766,1200004766
2,focused,B,-4,0,0,4,767,1200004767
2,focused,B,-4,0,0,4,768,1200004768
2,focused,B,-4,0,0,4,769,1200004769
2,focused,B,-4,0,0,4,770,1200004770
2,focused,B,-4,0,0,4,771,1200004771
2,focused,B,-4,0,0,4,772,1200004772
2,focused,B,-4,0,0,4,773,1200004773
2,focused,B,-4,0,0,4,774,1200004774
2,focused,B,-4,0,0,4,775,1200004775
2,focused,B,-4,0,0,4,776,1200004776
2,focused,B,-4,0,0,4,777,1200004777
2,focused,B,-4,0,0,4,778,1200004778
2,focused,B,-4,0,0,4,779,1200004779
2,focused,B,-4,0,0,4,780,1200004780
2,focused,B,-4,0,0,4,781,1200004781
2,focused,B,-4,0,0,4,782,1200004782
2,focused,B,-4,0,0,4,783,1200004783
2,focused,B,-4,0,0,4,784,1200004784
2,focused,B,-4,0,0,4,785,1200004785
2,focused,B,-4,0,0,4,786,1200004786
2,focused,B,-4,0,0,4,787,1200004787
2,focused,B,-4,0,0,4,788,1200004788
2,focused,B,-4,0,0,4,789,1200004789
2,focused,B,-4,0,0,4,790,1200004790
2,focused,B,-4,0,0,4,791,1200004791
2,focused,B,-4,0,0,4,792,1200004792
2,focused,B,-4,0,0,4,793,1200004793
2,focused,B,-4,0,0,4,794,1200004794
2,focused,B,-4,0,0,4,795,1200004795
2,focused,B,-4,0,0,4,796,1200004796
2,focused,B,-4,0,0,4,797,1200004797
2,focused,B,-4,0,0,4,798,1200004798
2,focused,B,-4,0,0,4,799,1200004799
2,focused,B,-4,0,0,4,800,1200004800
2,focused,B,-4,0,0,4,801,1200004801
2,focused,B,-4,0,0,4,802,1200004802
2,focused,B,-4,0,0,4,803,1200004803
2,focused,B,-4,0,0,4,804,1200004804
2,focused,B,-4,0,0,4,805,1200004805
2,focused,B,-4,0,0,4,806,1200004806
2,focused,B,-4,0,0,4,807,1200004807
2,focused,B,-4,0,0,4,808,1200004808
2,focused,B,-4,0,0,4,809,1200004809
2,focused,B,-4,0,0,4,810,1200004810
2,focused,B,-4,0,0,4,811,1200004811
2,focused,B,-4,0,0,4,812,1200004812
2,focused,B,-4,0,0,4,813,1200004813
2,focused,B,-4,0,0,4,814,1200004814
2,focused,B,-4,0,0,4,815,1200004815
2,focused,B,-4,0,0,4,816,1200004816
2,focused,B,-4,0,0,4,817,1200004817
2,focused,B,-4,0,0,4,818,1200004818
2,focused,B,-4,0,0,4,819,1200004819
2,focused,B,-4,0,0,4,820,1200004820
2,focused,B,-4,0,0,4,821,1200004821
2,focused,B,-4,0,0,4,822,1200004822
2,focused,B,-4,0,0,4,823,1200004823
2,focused,B,-4,0,0,4,824,1200004824
2,focused,B,-4,0,0,4,825,1200004825
2,focused,B,-4,0,0,4,826,1200004826
2,focused,B,-4,0,0,4,827,1200004827
2,focused,B,-4,0,0,4,828,1200004828
2,focused,B,-4,0,0,4,829,1200004829
2,focused,B,-4,0,0,4,830,1200004830
2,focused,B,-4,0,0,4,831,1200004831
2,focused,B,-4,0,0,4,832,1200004832
2,focused,B,-4,0,0,4,833,1200004833
2,focused,B,-4,0,0,4,834,1200004834
2,focused,B,-4,0,0,4,835,1200004835
2,focused,B,-4,0,0,4,836,1200004836
2,focused,B,-4,0,0,4,837,1200004837
2,focused,B,-4,0,0,4,838,1200004838
2,focused,B,-4,0,0,4,839,1200004839
2,focused,B,-4,0,0,4,840,1200004840
2,focused,B,-4,0,0,4,841,1200004841
2,focused,B,-4,0,0,4,842,1200004842
2,focused,B,-4,0,0,4,843,1200004843
2,focused,B,-4,0,0,4,844,1200004844
2,focused,B,-4,0,0,4,845,1200004845
2,focused,B,-4,0,0,4,846,1200004846
2,focused,B,-4,0,0,4,847,1200004847
2,focused,B,-4,0,0,4,848,1200004848
2,focused,B,-4,0,0,4,849,1200004849
2,focused,B,-4,0,0,4,850,1200004850
2,focused,B,-4,0,0,4,851,1200004851
2,focused,B,-4,0,0,4,852,1200004852
2,focused,B,-4,0,0,4,853,1200004853
2,focused,B,-4,0,0,4,854,1200004854
2,focused,B,-4,0,0,4,855,1200004855
2,focused,B,-4,0,0,4,856,1200004856
2,focused,B,-4,0,0,4,857,1200004857
2,focused,B,-4,0,0,4,858,1200004858
2,focused,B,-4,0,0,4,859,1200004859
2,focused,B,-4,0,0,4,860,1200004860
2,focused,B,-4,0,0,4,861,1200004861
2,focused,B,-4,0,0,4,862,1200004862
2,focused,B,-4,0,0,4,863,1200004863
2,focused,B,-4,0,0,4,864,1200004864
2,focused,B,-4,0,0,4,865,1200004865
2,focused,B,-4,0,0,4,866,1200004866
2,focused,B,-4,0,0,4,867,1200004867
2,focused,B,-4,0,0,4,868,1200004868
2,focused,B,-4,0,0,4,869,1200004869
2,focused,B,-4,0,0,4,870,1200004870
2,focused,B,-4,0,0,4,871,1200004871
2,focused,B,-4,0,0,4,872,1200004872
2,focused,B,-4,0,0,4,873,1200004873
2,focused,B,-4,0,0,4,874,1200004874
2,focused,B,-4,0,0,4,875,1200004875
2,focused,B,-4,0,0,4,876,1200004876
2,focused,B,-4,0,0,4,877,1200004877
2,focused,B,-4,0,0,4,878,1200004878
2,focused,B,-4,0,0,4,879,1200004879
2,focused,B,-4,0,0,4,880,1200004880
2,focused,B,-4,0,0,4,881,1200004881
2,focused,B,-4,0,0,4,882,1200004882
2,focused,B,-4,0,0,4,883,1200004883
2,focused,B,-4,0,0,4,884,1200004884
2,focused,B,-4,0,0,4,885,1200004885
2,focused,B,-4,0,0,4,886,1200004886
2,focused,B,-4,0,0,4,887,1200004887
2,focused,B,-4,0,0,4,888,1200004888
2,focused,B,-4,0,0,4,889,1200004889
2,focused,B,-4,0,0,4,890,1200004890
2,focused,B,-4,0,0,4,891,1200004891
2,focused,B,-4,0,0,4,892,1200004892
2,focused,B,-4,0,0,4,893,1200004893
2,focused,B,-4,0,0,4,894,1200004894
2,focused,B,-4,0,0,4,895,1200004895
2,focused,B,-4,0,0,4,896,1200004896
2,focused,B,-4,0,0,4,897,1200004897
2,focused,B,-4,0,0,4,898,1200004898
2,focused,B,-4,0,0,4,899,1200004899
2,focused,B,-4,0,0,4,900,1200004900
2,focused,B,-4,0,0,4,901,1200004901
2,focused,B,-4,0,0,4,902,1200004902
2,focused,B,-4,0,0,4,903,1200004903
2,focused,B,-4,0,0,4,904,1200004904
2,focused,B,-4,0,0,4,905,1200004905
2,focused,B,-4,0,0,4,906,1200004906
2,focused,B,-4,0,0,4,907,1200004907
2,focused,B,-4,0,0,4,908,1200004908
2,focused,B,-4,0,0,4,909,1200004909
2,focused,B,-4,0,0,4,910,1200004910
2,focused,B,-4,0,0,4,911,1200004911
2,focused,B,-4,0,0,4,912,1200004912
2,focused,B,-4,0,0,4,913,1200004913
2,focused,B,-4,0,0,4,914,1200004914
2,focused,B,-4,0,0,4,915,1200004915
2,focused,B,-4,0,0,4,916,1200004916
2,focused,B,-4,0,0,4,917,1200004917
2,focused,B,-4,0,0,4,918,1200004918
2,focused,B,-4,0,0,4,919,1200004919
2,focused,B,-4,0,0,4,920,1200004920
2,focused,B,-4,0,0,4,921,1200004921
2,focused,B,-4,0,0,4,922,1200004922
2,focused,B,-4,0,0,4,923,1200004923
2,focused,B,-4,0,0,4,924,1200004924
2,focused,B,-4,0,0,4,925,1200004925
2,focused,B,-4,0,0,4,926,1200004926
2,focused,B,-4,0,0,4,927,1200004927
2,focused,B,-4,0,0,4,928,1200004928
2,focused,B,-4,0,0,4,929,1200004929
2,focused,B,-4,0,0,4,930,1200004930
2,focused,B,-4,0,0,4,931,1200004931
2,focused,B,-4,0,0,4,932,1200004932
2,focused,B,-4,0,0,4,933,1200004933
2,focused,B,-4,0,0,4,934,1200004934
2,focused,B,-4,0,0,4,935,1200004935
2,focused,B,-4,0,0,4,936,1200004936
2,focused,B,-4,0,0,4,937,1200004937
2,focused,B,-4,0,0,4,938,1200004938
2,focused,B,-4,0,0,4,939,1200004939
2,focused,B,-4,0,0,4,940,1200004940
2,focused,B,-4,0,0,4,941,1200004941
2,focused,B,-4,0,0,4,942,1200004942
2,focused,B,-4,0,0,4,943,1200004943
2,focused,B,-4,0,0,4,944,1200004944
2,focused,B,-4,0,0,4,945,1200004945
2,focused,B,-4,0,0,4,946,1200004946
2,focused,B,-4,0,0,4,947,1200004947
2,focused,B,-4,0,0,4,948,1200004948
2,focused,B,-4,0,0,4,949,1200004949
2,focused,B,-4,0,0,4,950,1200004950
2,focused,B,-4,0,0,4,951,1200004951
2,focused,B,-4,0,0,4,952,1200004952
2,focused,B,-4,0,0,4,953,1200004953
2,focused,B,-4,0,0,4,954,1200004954
2,focused,B,-4,0,0,4,955,1200004955
2,focused,B,-4,0,0,4,956,1200004956
2,focused,B,-4,0,0,4,957,1200004957
2,focused,B,-4,0,0,4,958,1200004958
2,focused,B,-4,0,0,4,959,1200004959
2,focused,B,-4,0,0,4,960,1200004960
2,focused,B,-4,0,0,4,961,1200004961
2,focused,B,-4,0,0,4,962,1200004962
2,focused,B,-4,0,0,4,963,1200004963
2,focused,B,-4,0,0,4,964,1200004964
2,focused,B,-4,0,0,4,965,1200004965
2,focused,B,-4,0,0,4,966,1200004966
2,focused,B,-4,0,0,4,967,1200004967
2,focused,B,-4,0,0,4,968,1200004968
2,focused,B,-4,0,0,4,969,1200004969
2,focused,B,-4,0,0,4,970,1200004970
2,focused,B,-4,0,0,4,971,1200004971
2,focused,B,-4,0,0,4,972,1200004972
2,focused,B,-4,0,0,4,973,1200004973
2,focused,B,-4,0,0,4,974,1200004974
2,focused,B,-4,0,0,4,975,1200004975
2,focused,B,-4,0,0,4,976,1200004976
2,focused,B,-4,0,0,4,977,1200004977
2,focused,B,-4,0,0,4,978,1200004978
2,focused,B,-4,0,0,4,979,1200004979
2,focused,B,-4,0,0,4,980,1200004980
2,focused,B,-4,0,0,4,981,1200004981
2,focused,B,-4,0,0,4,982,1200004982
2,focused,B,-4,0,0,4,983,1200004983
2,focused,B,-4,0,0,4,984,1200004984
2,focused,B,-4,0,0,4,985,1200004985
2,focused,B,-4,0,0,4,986,1200004986
2,focused,B,-4,0,0,4,987,1200004987
2,focused,B,-4,0,0,4,988,1200004988
2,focused,B,-4,0,0,4,989,1200004989
2,focused,B,-4,0,0,4,990,1200004990
2,focused,B,-4,0,0,4,991,1200004991
2,focused,B,-4,0,0,4,992,1200004992
2,focused,B,-4,0,0,4,993,1200004993
2,focused,B,-4,0,0,4,994,1200004994
2,focused,B,-4,0,0,4,995,1200004995
2,focused,B,-4,0,0,4,996,1200004996
2,focused,B,-4,0,0,4,997,1200004997
2,focused,B,-4,0,0,4,998,1200004998
2,focused,B,-4,0,0,4,999,1200004999
2,focused,B,-4,0,0,4,1000,1200005000
3,focused,B,-4,0,0,10,1,1200006001
3,focused,B,-4,0,0,10,2,1200006002
3,focused,B,-4,0,0,10,3,1200006003
3,focused,B,-4,0,0,10,4,1200006004
3,focused,B,-4,0,0,10,5,1200006005
3,focused,B,-4,0,0,10,6,1200006006
3,focused,B,-4,0,0,10,7,1200006007
3,focused,B,-4,0,0,10,8,1200006008
3,focused,B,-4,0,0,10,9,1200006009
3,focused,B,-4,0,0,10,10,1200006010
3,focused,B,-4,0,0,10,11,1200006011
3,focused,B,-4,0,0,10,12,1200006012
3,focused,B,-4,0,0,10,13,1200006013
3,focused,B,-4,0,0,10,14,1200006014
3,focused,B,-4,0,0,10,15,1200006015
3,focused,B,-4,0,0,10,16,1200006016
3,focused,B,-4,0,0,10,17,1200006017
3,focused,B,-4,0,0,10,18,1200006018
3,focused,B,-4,0,0,10,19,1200006019
3,focused,B,-4,0,0,10,20,1200006020
3,focused,B,-4,0,0,10,21,1200006021
3,focused,B,-4,0,0,10,22,1200006022
3,focused,B,-4,0,0,10,23,1200006023
3,focused,B,-4,0,0,10,24,1200006024
3,focused,B,-4,0,0,10,25,1200006025
3,focused,B,-4,0,0,10,26,1200006026
3,focused,B,-4,0,0,10,27,1200006027
3,focused,B,-4,0,0,10,28,1200006028
3,focused,B,-4,0,0,10,29,1200006029
3,focused,B,-4,0,0,10,30,1200006030
3,focused,B,-4,0,0,10,31,1200006031
3,focused,B,-4,0,0,10,32,1200006032
3,focused,B,-4,0,0,10,33,1200006033
3,focused,B,-4,0,0,10,34,1200006034
3,focused,B,-4,0,0,10,35,1200006035
3,focused,B,-4,0,0,10,36,1200006036
3,focused,B,-4,0,0,10,37,1200006037
3,focused,B,-4,0,0,10,38,1200006038
3,focused,B,-4,0,0,10,39,1200006039
3,focused,B,-4,0,0,10,40,1200006040
3,focused,B,-4,0,0,10,41,1200006041
3,focused,B,-4,0,0,10,42,1200006042
3,focused,B,-4,0,0,10,43,1200006043
3,focused,B,-4,0,0,10,44,1200006044
3,focused,B,-4,0,0,10,45,1200006045
3,focused,B,-4,0,0,10,46,1200006046
3,focused,B,-4,0,0,10,47,1200006047
3,focused,B,-4,0,0,10,48,1200006048
3,focused,B,-4,0,0,10,49,1200006049
3,focused,B,-4,0,0,10,50,1200006050
3,focused,B,-4,0,0,10,51,1200006051
3,focused,B,-4,0,0,10,52,1200006052
3,focused,B,-4,0,0,10,53,1200006053
3,focused,B,-4,0,0,10,54,1200006054
3,focused,B,-4,0,0,10,55,1200006055
3,focused,B,-4,0,0,10,56,1200006056
3,focused,B,-4,0,0,10,57,1200006057
3,focused,B,-4,0,0,10,58,1200006058
3,focused,B,-4,0,0,10,59,1200006059
3,focused,B,-4,0,0,10,60,1200006060
3,focused,B,-4,0,0,10,61,1200006061
3,focused,B,-4,0,0,10,62,1200006062
3,focused,B,-4,0,0,10,63,1200006063
3,focused,B,-4,0,0,10,64,1200006064
3,focused,B,-4,0,0,10,65,1200006065
3,focused,B,-4,0,0,10,66,1200006066
3,focused,B,-4,0,0,10,67,1200006067
3,focused,B,-4,0,0,10,68,1200006068
3,focused,B,-4,0,0,10,69,1200006069
3,focused,B,-4,0,0,10,70,1200006070
3,focused,B,-4,0,0,10,71,1200006071
3,focused,B,-4,0,0,10,72,1200006072
3,focused,B,-4,0,0,10,73,1200006073
3,focused,B,-4,0,0,10,74,1200006074
3,focused,B,-4,0,0,10,75,1200006075
3,focused,B,-4,0,0,10,76,1200006076
3,focused,B,-4,0,0,10,77,1200006077
3,focused,B,-4,0,0,10,78,1200006078
3,focused,B,-4,0,0,10,79,1200006079
3,focused,B,-4,0,0,10,80,1200006080
3,focused,B,-4,0,0,10,81,1200006081
3,focused,B,-4,0,0,10,82,1200006082
3,focused,B,-4,0,0,10,83,1200006083
3,focused,B,-4,0,0,10,84,1200006084
3,focused,B,-4,0,0,10,85,1200006085
3,focused,B,-4,0,0,10,86,1200006086
3,focused,B,-4,0,0,10,87,1200006087
3,focused,B,-4,0,0,10,88,1200006088
3,focused,B,-4,0,0,10,89,1200006089
3,focused,B,-4,0,0,10,90,1200006090
3,focused,B,-4,0,0,10,91,1200006091
3,focused,B,-4,0,0,10,92,1200006092
3,focused,B,-4,0,0,10,93,1200006093
3,focused,B,-4,0,0,10,94,1200006094
3,focused,B,-4,0,0,10,95,1200006095
3,focused,B,-4,0,0,10,96,1200006096
3,focused,B,-4,0,0,10,97,1200006097
3,focused,B,-4,0,0,10,98,1200006098
3,focused,B,-4,0,0,10,99,1200006099
3,focused,B,-4,0,0,10,100,1200006100
3,focused,B,-4,0,0,10,101,1200006101
3,focused,B,-4,0,0,10,102,1200006102
3,focused,B,-4,0,0,10,103,1200006103
3,focused,B,-4,0,0,10,104,1200006104
3,focused,B,-4,0,0,10,105,1200006105
3,focused,B,-4,0,0,10,106,1200006106
3,focused,B,-4,0,0,10,107,1200006107
3,focused,B,-4,0,0,10,108,1200006108
3,focused,B,-4,0,0,10,109,1200006109
3,focused,B,-4,0,0,10,110,1200006110
3,focused,B,-4,0,0,10,111,1200006111
3,focused,B,-4,0,0,10,112,1200006112
3,focused,B,-4,0,0,10,113,1200006113
3,focused,B,-4,0,0,10,114,1200006114
3,focused,B,-4,0,0,10,115,1200006115
3,focused,B,-4,0,0,10,116,1200006116
3,focused,B,-4,0,0,10,117,1200006117
3,focused,B,-4,0,0,10,118,1200006118
3,focused,B,-4,0,0,10,119,1200006119
3,focused,B,-4,0,0,10,120,1200006120
3,focused,B,-4,0,0,10,121,1200006121
3,focused,B,-4,0,0,10,122,1200006122
3,focused,B,-4,0,0,10,123,1200006123
3,focused,B,-4,0,0,10,124,1200006124
3,focused,B,-4,0,0,10,125,1200006125
3,focused,B,-4,0,0,10,126,1200006126
3,focused,B,-4,0,0,10,127,1200006127
3,focused,B,-4,0,0,10,128,1200006128
3,focused,B,-4,0,0,10,129,1200006129
3,focused,B,-4,0,0,10,130,1200006130
3,focused,B,-4,0,0,10,131,1200006131
3,focused,B,-4,0,0,10,132,1200006132
3,focused,B,-4,0,0,10,133,1200006133
3,focused,B,-4,0,0,10,134,1200006134
3,focused,B,-4,0,0,10,135,1200006135
3,focused,B,-4,0,0,10,136,1200006136
3,focused,B,-4,0,0,10,137,1200006137
3,focused,B,-4,0,0,10,138,1200006138
3,focused,B,-4,0,0,10,139,1200006139
3,focused,B,-4,0,0,10,140,1200006140
3,focused,B,-4,0,0,10,141,1200006141
3,focused,B,-4,0,0,10,142,1200006142
3,focused,B,-4,0,0,10,143,1200006143
3,focused,B,-4,0,0,10,144,1200006144
3,focused,B,-4,0,0,10,145,1200006145
3,focused,B,-4,0,0,10,146,1200006146
3,focused,B,-4,0,0,10,147,1200006147
3,focused,B,-4,0,0,10,148,1200006148
3,focused,B,-4,0,0,10,149,1200006149
3,focused,B,-4,0,0,10,150,1200006150
3,focused,B,-4,0,0,10,151,1200006151
3,focused,B,-4,0,0,10,152,1200006152
3,focused,B,-4,0,0,10,153,1200006153
3,focused,B,-4,0,0,10,154,1200006154
3,focused,B,-4,0,0,10,155,1200006155
3,focused,B,-4,0,0,10,156,1200006156
3,focused,B,-4,0,0,10,157,1200006157
3,focused,B,-4,0,0,10,158,1200006158
3,focused,B,-4,0,0,10,159,1200006159
3,focused,B,-4,0,0,10,160,1200006160
3,focused,B,-4,0,0,10,161,1200006161
3,focused,B,-4,0,0,10,162,1200006162
3,focused,B,-4,0,0,10,163,1200006163
3,focused,B,-4,0,0,10,164,1200006164
3,focused,B,-4,0,0,10,165,1200006165
3,focused,B,-4,0,0,10,166,1200006166
3,focused,B,-4,0,0,10,167,1200006167
3,focused,B,-4,0,0,10,168,1200006168
3,focused,B,-4,0,0,10,169,1200006169
3,focused,B,-4,0,0,10,170,1200006170
3,focused,B,-4,0,0,10,171,1200006171
3,focused,B,-4,0,0,10,172,1200006172
3,focused,B,-4,0,0,10,173,1200006173
3,focused,B,-4,0,0,10,174,1200006174
3,focused,B,-4,0,0,10,175,1200006175
3,focused,B,-4,0,0,10,176,1200006176
3,focused,B,-4,0,0,10,177,1200006177
3,focused,B,-4,0,0,10,178,1200006178
3,focused,B,-4,0,0,10,179,1200006179
3,focused,B,-4,0,0,10,180,1200006180
3,focused,B,-4,0,0,10,181,1200006181
3,focused,B,-4,0,0,10,182,1200006182
3,focused,B,-4,0,0,10,183,1200006183
3,focused,B,-4,0,0,10,184,1200006184
3,focused,B,-4,0,0,10,185,1200006185
3,focused,B,-4,0,0,10,186,1200006186
3,focused,B,-4,0,0,10,187,1200006187
3,focused,B,-4,0,0,10,188,1200006188
3,focused,B,-4,0,0,10,189,1200006189
3,focused,B,-4,0,0,10,190,1200006190
3,focused,B,-4,0,0,10,191,1200006191
3,focused,B,-4,0,0,10,192,1200006192
3,focused,B,-4,0,0,10,193,1200006193
3,focused,B,-4,0,0,10,194,1200006194
3,focused,B,-4,0,0,10,195,1200006195
3,focused,B,-4,0,0,10,196,1200006196
3,focused,B,-4,0,0,10,197,1200006197
3,focused,B,-4,0,0,10,198,1200006198
3,focused,B,-4,0,0,10,199,1200006199
3,focused,B,-4,0,0,10,200,1200006200
3,focused,B,-4,0,0,10,201,1200006201
3,focused,B,-4,0,0,10,202,1200006202
3,focused,B,-4,0,0,10,203,1200006203
3,focused,B,-4,0,0,10,204,1200006204
3,focused,B,-4,0,0,10,205,1200006205
3,focused,B,-4,0,0,10,206,1200006206
3,focused,B,-4,0,0,10,207,1200006207
3,focused,B,-4,0,0,10,208,1200006208
3,focused,B,-4,0,0,10,209,1200006209
3,focused,B,-4,0,0,10,210,1200006210
3,focused,B,-4,0,0,10,211,1200006211
3,focused,B,-4,0,0,10,212,1200006212
3,focused,B,-4,0,0,10,213,1200006213
3,focused,B,-4,0,0,10,214,1200006214
3,focused,B,-4,0,0,10,215,1200006215
3,focused,B,-4,0,0,10,216,1200006216
3,focused,B,-4,0,0,10,217,1200006217
3,focused,B,-4,0,0,10,218,1200006218
3,focused,B,-4,0,0,10,219,1200006219
3,focused,B,-4,0,0,10,220,1200006220
3,focused,B,-4,0,0,10,221,1200006221
3,focused,B,-4,0,0,10,222,1200006222
3,focused,B,-4,0,0,10,223,1200006223
3,focused,B,-4,0,0,10,224,1200006224
3,focused,B,-4,0,0,10,225,1200006225
3,focused,B,-4,0,0,10,226,1200006226
3,focused,B,-4,0,0,10,227,1200006227
3,focused,B,-4,0,0,10,228,1200006228
3,focused,B,-4,0,0,10,229,1200006229
3,focused,B,-4,0,0,10,230,1200006230
3,focused,B,-4,0,0,10,231,1200006231
3,focused,B,-4,0,0,10,232,1200006232
3,focused,B,-4,0,0,10,233,1200006233
3,focused,B,-4,0,0,10,234,1200006234
3,focused,B,-4,0,0,10,235,1200006235
3,focused,B,-4,0,0,10,236,1200006236
3,focused,B,-4,0,0,10,237,1200006237
3,focused,B,-4,0,0,10,238,1200006238
3,focused,B,-4,0,0,10,239,1200006239
3,focused,B,-4,0,0,10,240,1200006240
3,focused,B,-4,0,0,10,241,1200006241
3,focused,B,-4,0,0,10,242,1200006242
3,focused,B,-4,0,0,10,243,1200006243
3,focused,B,-4,0,0,10,244,1200006244
3,focused,B,-4,0,0,10,245,1200006245
3,focused,B,-4,0,0,10,246,1200006246
3,focused,B,-4,0,0,10,247,1200006247
3,focused,B,-4,0,0,10,248,1200006248
3,focused,B,-4,0,0,10,249,1200006249
3,focused,B,-4,0,0,10,250,1200006250
3,focused,B,-4,0,0,10,251,1200006251
3,focused,B,-4,0,0,10,252,1200006252
3,focused,B,-4,0,0,10,253,1200006253
3,focused,B,-4,0,0,10,254,1200006254
3,focused,B,-4,0,0,10,255,1200006255
3,focused,B,-4,0,0,10,256,1200006256
3,focused,B,-4,0,0,10,257,1200006257
3,focused,B,-4,0,0,10,258,1200006258
3,focused,B,-4,0,0,10,259,1200006259
3,focused,B,-4,0,0,10,260,1200006260
3,focused,B,-4,0,0,10,261,1200006261
3,focused,B,-4,0,0,10,262,1200006262
3,focused,B,-4,0,0,10,263,1200006263
3,focused,B,-4,0,0,10,264,1200006264
3,focused,B,-4,0,0,10,265,1200006265
3,focused,B,-4,0,0,10,266,1200006266
3,focused,B,-4,0,0,10,267,1200006267
3,focused,B,-4,0,0,10,268,1200006268
3,focused,B,-4,0,0,10,269,1200006269
3,focused,B,-4,0,0,10,270,1200006270
3,focused,B,-4,0,0,10,271,1200006271
3,focused,B,-4,0,0,10,272,1200006272
3,focused,B,-4,0,0,10,273,1200006273
3,focused,B,-4,0,0,10,274,1200006274
3,focused,B,-4,0,0,10,275,1200006275
3,focused,B,-4,0,0,10,276,1200006276
3,focused,B,-4,0,0,10,277,1200006277
3,focused,B,-4,0,0,10,278,1200006278
3,focused,B,-4,0,0,10,279,1200006279
3,focused,B,-4,0,0,10,280,1200006280
3,focused,B,-4,0,0,10,281,1200006281
3,focused,B,-4,0,0,10,282,1200006282
3,focused,B,-4,0,0,10,283,1200006283
3,focused,B,-4,0,0,10,284,1200006284
3,focused,B,-4,0,0,10,285,1200006285
3,focused,B,-4,0,0,10,286,1200006286
3,focused,B,-4,0,0,10,287,1200006287
3,focused,B,-4,0,0,10,288,1200006288
3,focused,B,-4,0,0,10,289,1200006289
3,focused,B,-4,0,0,10,290,1200006290
3,focused,B,-4,0,0,10,291,1200006291
3,focused,B,-4,0,0,10,292,1200006292
3,focused,B,-4,0,0,10,293,1200006293
3,focused,B,-4,0,0,10,294,1200006294
3,focused,B,-4,0,0,10,295,1200006295
3,focused,B,-4,0,0,10,296,1200006296
3,focused,B,-4,0,0,10,297,1200006297
3,focused,B,-4,0,0,10,298,1200006298
3,focused,B,-4,0,0,10,299,1200006299
3,focused,B,-4,0,0,10,300,1200006300
3,focused,B,-4,0,0,10,301,1200006301
3,focused,B,-4,0,0,10,302,1200006302
3,focused,B,-4,0,0,10,303,1200006303
3,focused,B,-4,0,0,10,304,1200006304
3,focused,B,-4,0,0,10,305,1200006305
3,focused,B,-4,0,0,10,306,1200006306
3,focused,B,-4,0,0,10,307,1200006307
3,focused,B,-4,0,0,10,308,1200006308
3,focused,B,-4,0,0,10,309,1200006309
3,focused,B,-4,0,0,10,310,1200006310
3,focused,B,-4,0,0,10,311,1200006311
3,focused,B,-4,0,0,10,312,1200006312
3,focused,B,-4,0,0,10,313,1200006313
3,focused,B,-4,0,0,10,314,1200006314
3,focused,B,-4,0,0,10,315,1200006315
3,focused,B,-4,0,0,10,316,1200006316
3,focused,B,-4,0,0,10,317,1200006317
3,focused,B,-4,0,0,10,318,1200006318
3,focused,B,-4,0,0,10,319,1200006319
3,focused,B,-4,0,0,10,320,1200006320
3,focused,B,-4,0,0,10,321,1200006321
3,focused,B,-4,0,0,10,322,1200006322
3,focused,B,-4,0,0,10,323,1200006323
3,focused,B,-4,0,0,10,324,1200006324
3,focused,B,-4,0,0,10,325,1200006325
3,focused,B,-4,0,0,10,326,1200006326
3,focused,B,-4,0,0,10,327,1200006327
3,focused,B,-4,0,0,10,328,1200006328
3,focused,B,-4,0,0,10,329,1200006329
3,focused,B,-4,0,0,10,330,1200006330
3,focused,B,-4,0,0,10,331,1200006331
3,focused,B,-4,0,0,10,332,1200006332
3,focused,B,-4,0,0,10,333,1200006333
3,focused,B,-4,0,0,10,334,1200006334
3,focused,B,-4,0,0,10,335,1200006335
3,focused,B,-4,0,0,10,336,1200006336
3,focused,B,-4,0,0,10,337,1200006337
3,focused,B,-4,0,0,10,338,1200006338
3,focused,B,-4,0,0,10,339,1200006339
3,focused,B,-4,0,0,10,340,1200006340
3,focused,B,-4,0,0,10,341,1200006341
3,focused,B,-4,0,0,10,342,1200006342
3,focused,B,-4,0,0,10,343,1200006343
3,focused,B,-4,0,0,10,344,1200006344
3,focused,B,-4,0,0,10,345,1200006345
3,focused,B,-4,0,0,10,346,1200006346
3,focused,B,-4,0,0,10,347,1200006347
3,focused,B,-4,0,0,10,348,1200006348
3,focused,B,-4,0,0,10,349,1200006349
3,focused,B,-4,0,0,10,350,1200006350
3,focused,B,-4,0,0,10,351,1200006351
3,focused,B,-4,0,0,10,352,1200006352
3,focused,B,-4,0,0,10,353,1200006353
3,focused,B,-4,0,0,10,354,1200006354
3,focused,B,-4,0,0,10,355,1200006355
3,focused,B,-4,0,0,10,356,1200006356
3,focused,B,-4,0,0,10,357,1200006357
3,focused,B,-4,0,0,10,358,1200006358
3,focused,B,-4,0,0,10,359,1200006359
3,focused,B,-4,0,0,10,360,1200006360
3,focused,B,-4,0,0,10,361,1200006361
3,focused,B,-4,0,0,10,362,1200006362
3,focused,B,-4,0,0,10,363,1200006363
3,focused,B,-4,0,0,10,364,1200006364
3,focused,B,-4,0,0,10,365,1200006365
3,focused,B,-4,0,0,10,366,1200006366
3,focused,B,-4,0,0,10,367,1200006367
3,focused,B,-4,0,0,10,368,1200006368
3,focused,B,-4,0,0,10,369,1200006369
3,focused,B,-4,0,0,10,370,1200006370
3,focused,B,-4,0,0,10,371,1200006371
3,focused,B,-4,0,0,10,372,1200006372
3,focused,B,-4,0,0,10,373,1200006373
3,focused,B,-4,0,0,10,374,1200006374
3,focused,B,-4,0,0,10,375,1200006375
3,focused,B,-4,0,0,10,376,1200006376
3,focused,B,-4,0,0,10,377,1200006377
3,focused,B,-4,0,0,10,378,1200006378
3,focused,B,-4,0,0,10,379,1200006379
3,focused,B,-4,0,0,10,380,1200006380
3,focused,B,-4,0,0,10,381,1200006381
3,focused,B,-4,0,0,10,382,1200006382
3,focused,B,-4,0,0,10,383,1200006383
3,focused,B,-4,0,0,10,384,1200006384
3,focused,B,-4,0,0,10,385,1200006385
3,focused,B,-4,0,0,10,386,1200006386
3,focused,B,-4,0,0,10,387,1200006387
3,focused,B,-4,0,0,10,388,1200006388
3,focused,B,-4,0,0,10,389,1200006389
3,focused,B,-4,0,0,10,390,1200006390
3,focused,B,-4,0,0,10,391,1200006391
3,focused,B,-4,0,0,10,392,1200006392
3,focused,B,-4,0,0,10,393,1200006393
3,focused,B,-4,0,0,10,394,1200006394
3,focused,B,-4,0,0,10,395,1200006395
3,focused,B,-4,0,0,10,396,1200006396
3,focused,B,-4,0,0,10,397,1200006397
3,focused,B,-4,0,0,10,398,1200006398
3,focused,B,-4,0,0,10,399,1200006399
3,focused,B,-4,0,0,10,400,1200006400
3,focused,B,-4,0,0,10,401,1200006401
3,focused,B,-4,0,0,10,402,1200006402
3,focused,B,-4,0,0,10,403,1200006403
3,focused,B,-4,0,0,10,404,1200006404
3,focused,B,-4,0,0,10,405,1200006405
3,focused,B,-4,0,0,10,406,1200006406
3,focused,B,-4,0,0,10,407,1200006407
3,focused,B,-4,0,0,10,408,1200006408
3,focused,B,-4,0,0,10,409,1200006409
3,focused,B,-4,0,0,10,410,1200006410
3,focused,B,-4,0,0,10,411,1200006411
3,focused,B,-4,0,0,10,412,1200006412
3,focused,B,-4,0,0,10,413,1200006413
3,focused,B,-4,0,0,10,414,1200006414
3,focused,B,-4,0,0,10,415,1200006415
3,focused,B,-4,0,0,10,416,1200006416
3,focused,B,-4,0,0,10,417,1200006417
3,focused,B,-4,0,0,10,418,1200006418
3,focused,B,-4,0,0,10,419,1200006419
3,focused,B,-4,0,0,10,420,1200006420
3,focused,B,-4,0,0,10,421,1200006421
3,focused,B,-4,0,0,10,422,1200006422
3,focused,B,-4,0,0,10,423,1200006423
3,focused,B,-4,0,0,10,424,1200006424
3,focused,B,-4,0,0,10,425,1200006425
3,focused,B,-4,0,0,10,426,1200006426
3,focused,B,-4,0,0,10,427,1200006427
3,focused,B,-4,0,0,10,428,1200006428
3,focused,B,-4,0,0,10,429,1200006429
3,focused,B,-4,0,0,10,430,1200006430
3,focused,B,-4,0,0,10,431,1200006431
3,focused,B,-4,0,0,10,432,1200006432
3,focused,B,-4,0,0,10,433,1200006433
3,focused,B,-4,0,0,10,434,1200006434
3,focused,B,-4,0,0,10,435,1200006435
3,focused,B,-4,0,0,10,436,1200006436
3,focused,B,-4,0,0,10,437,1200006437
3,focused,B,-4,0,0,10,438,1200006438
3,focused,B,-4,0,0,10,439,1200006439
3,focused,B,-4,0,0,10,440,1200006440
3,focused,B,-4,0,0,10,441,1200006441
3,focused,B,-4,0,0,10,442,1200006442
3,focused,B,-4,0,0,10,443,1200006443
3,focused,B,-4,0,0,10,444,1200006444
3,focused,B,-4,0,0,10,445,1200006445
3,focused,B,-4,0,0,10,446,1200006446
3,focused,B,-4,0,0,10,447,1200006447
3,focused,B,-4,0,0,10,448,1200006448
3,focused,B,-4,0,0,10,449,1200006449
3,focused,B,-4,0,0,10,450,1200006450
3,focused,B,-4,0,0,10,451,1200006451
3,focused,B,-4,0,0,10,452,1200006452
3,focused,B,-4,0,0,10,453,1200006453
3,focused,B,-4,0,0,10,454,1200006454
3,focused,B,-4,0,0,10,455,1200006455
3,focused,B,-4,0,0,10,456,1200006456
3,focused,B,-4,0,0,10,457,1200006457
3,focused,B,-4,0,0,10,458,1200006458
3,focused,B,-4,0,0,10,459,1200006459
3,focused,B,-4,0,0,10,460,1200006460
3,focused,B,-4,0,0,10,461,1200006461
3,focused,B,-4,0,0,10,462,1200006462
3,focused,B,-4,0,0,10,463,1200006463
3,focused,B,-4,0,0,10,464,1200006464
3,focused,B,-4,0,0,10,465,1200006465
3,focused,B,-4,0,0,10,466,1200006466
3,focused,B,-4,0,0,10,467,1200006467
3,focused,B,-4,0,0,10,468,1200006468
3,focused,B,-4,0,0,10,469,1200006469
3,focused,B,-4,0,0,10,470,1200006470
3,focused,B,-4,0,0,10,471,1200006471
3,focused,B,-4,0,0,10,472,1200006472
3,focused,B,-4,0,0,10,473,1200006473
3,focused,B,-4,0,0,10,474,1200006474
3,focused,B,-4,0,0,10,475,1200006475
3,focused,B,-4,0,0,10,476,1200006476
3,focused,B,-4,0,0,10,477,1200006477
3,focused,B,-4,0,0,10,478,1200006478
3,focused,B,-4,0,0,10,479,1200006479
3,focused,B,-4,0,0,10,480,1200006480
3,focused,B,-4,0,0,10,481,1200006481
3,focused,B,-4,0,0,10,482,1200006482
3,focused,B,-4,0,0,10,483,1200006483
3,focused,B,-4,0,0,10,484,1200006484
3,focused,B,-4,0,0,10,485,1200006485
3,focused,B,-4,0,0,10,486,1200006486
3,focused,B,-4,0,0,10,487,1200006487
3,focused,B,-4,0,0,10,488,1200006488
3,focused,B,-4,0,0,10,489,1200006489
3,focused,B,-4,0,0,10,490,1200006490
3,focused,B,-4,0,0,10,491,1200006491
3,focused,B,-4,0,0,10,492,1200006492
3,focused,B,-4,0,0,10,493,1200006493
3,focused,B,-4,0,0,10,494,1200006494
3,focused,B,-4,0,0,10,495,1200006495
3,focused,B,-4,0,0,10,496,1200006496
3,focused,B,-4,0,0,10,497,1200006497
3,focused,B,-4,0,0,10,498,1200006498
3,focused,B,-4,0,0,10,499,1200006499
3,focused,B,-4,0,0,10,500,1200006500
3,focused,B,-4,0,0,10,501,1200006501
3,focused,B,-4,0,0,10,502,1200006502
3,focused,B,-4,0,0,10,503,1200006503
3,focused,B,-4,0,0,10,504,1200006504
3,focused,B,-4,0,0,10,505,1200006505
3,focused,B,-4,0,0,10,506,1200006506
3,focused,B,-4,0,0,10,507,1200006507
3,focused,B,-4,0,0,10,508,1200006508
3,focused,B,-4,0,0,10,509,1200006509
3,focused,B,-4,0,0,10,510,1200006510
3,focused,B,-4,0,0,10,511,1200006511
3,focused,B,-4,0,0,10,512,1200006512
3,focused,B,-4,0,0,10,513,1200006513
3,focused,B,-4,0,0,10,514,1200006514
3,focused,B,-4,0,0,10,515,1200006515
3,focused,B,-4,0,0,10,516,1200006516
3,focused,B,-4,0,0,10,517,1200006517
3,focused,B,-4,0,0,10,518,1200006518
3,focused,B,-4,0,0,10,519,1200006519
3,focused,B,-4,0,0,10,520,1200006520
3,focused,B,-4,0,0,10,521,1200006521
3,focused,B,-4,0,0,10,522,1200006522
3,focused,B,-4,0,0,10,523,1200006523
3,focused,B,-4,0,0,10,524,1200006524
3,focused,B,-4,0,0,10,525,1200006525
3,focused,B,-4,0,0,10,526,1200006526
3,focused,B,-4,0,0,10,527,1200006527
3,focused,B,-4,0,0,10,528,1200006528
3,focused,B,-4,0,0,10,529,1200006529
3,focused,B,-4,0,0,10,530,1200006530
3,focused,B,-4,0,0,10,531,1200006531
3,focused,B,-4,0,0,10,532,1200006532
3,focused,B,-4,0,0,10,533,1200006533
3,focused,B,-4,0,0,10,534,1200006534
3,focused,B,-4,0,0,10,535,1200006535
3,focused,B,-4,0,0,10,536,1200006536
3,focused,B,-4,0,0,10,537,1200006537
3,focused,B,-4,0,0,10,538,1200006538
3,focused,B,-4,0,0,10,539,1200006539
3,focused,B,-4,0,0,10,540,1200006540
3,focused,B,-4,0,0,10,541,1200006541
3,focused,B,-4,0,0,10,542,1200006542
3,focused,B,-4,0,0,10,543,1200006543
3,focused,B,-4,0,0,10,544,1200006544
3,focused,B,-4,0,0,10,545,1200006545
3,focused,B,-4,0,0,10,546,1200006546
3,focused,B,-4,0,0,10,547,1200006547
3,focused,B,-4,0,0,10,548,1200006548
3,focused,B,-4,0,0,10,549,1200006549
3,focused,B,-4,0,0,10,550,1200006550
3,focused,B,-4,0,0,10,551,1200006551
3,focused,B,-4,0,0,10,552,1200006552
3,focused,B,-4,0,0,10,553,1200006553
3,focused,B,-4,0,0,10,554,1200006554
3,focused,B,-4,0,0,10,555,1200006555
3,focused,B,-4,0,0,10,556,1200006556
3,focused,B,-4,0,0,10,557,1200006557
3,focused,B,-4,0,0,10,558,1200006558
3,focused,B,-4,0,0,10,559,1200006559
3,focused,B,-4,0,0,10,560,1200006560
3,focused,B,-4,0,0,10,561,1200006561
3,focused,B,-4,0,0,10,562,1200006562
3,focused,B,-4,0,0,10,563,1200006563
3,focused,B,-4,0,0,10,564,1200006564
3,focused,B,-4,0,0,10,565,1200006565
3,focused,B,-4,0,0,10,566,1200006566
3,focused,B,-4,0,0,10,567,1200006567
3,focused,B,-4,0,0,10,568,1200006568
3,focused,B,-4,0,0,10,569,1200006569
3,focused,B,-4,0,0,10,570,1200006570
3,focused,B,-4,0,0,10,571,1200006571
3,focused,B,-4,0,0,10,572,1200006572
3,focused,B,-4,0,0,10,573,1200006573
3,focused,B,-4,0,0,10,574,1200006574
3,focused,B,-4,0,0,10,575,1200006575
3,focused,B,-4,0,0,10,576,1200006576
3,focused,B,-4,0,0,10,577,1200006577
3,focused,B,-4,0,0,10,578,1200006578
3,focused,B,-4,0,0,10,579,1200006579
3,focused,B,-4,0,0,10,580,1200006580
3,focused,B,-4,0,0,10,581,1200006581
3,focused,B,-4,0,0,10,582,1200006582
3,focused,B,-4,0,0,10,583,1200006583
3,focused,B,-4,0,0,10,584,1200006584
3,focused,B,-4,0,0,10,585,1200006585
3,focused,B,-4,0,0,10,586,1200006586
3,focused,B,-4,0,0,10,587,1200006587
3,focused,B,-4,0,0,10,588,1200006588
3,focused,B,-4,0,0,10,589,1200006589
3,focused,B,-4,0,0,10,590,1200006590
3,focused,B,-4,0,0,10,591,1200006591
3,focused,B,-4,0,0,10,592,1200006592
3,focused,B,-4,0,0,10,593,1200006593
3,focused,B,-4,0,0,10,594,1200006594
3,focused,B,-4,0,0,10,595,1200006595
3,focused,B,-4,0,0,10,596,1200006596
3,focused,B,-4,0,0,10,597,1200006597
3,focused,B,-4,0,0,10,598,1200006598
3,focused,B,-4,0,0,10,599,1200006599
3,focused,B,-4,0,0,10,600,1200006600
3,focused,B,-4,0,0,10,601,1200006601
3,focused,B,-4,0,0,10,602,1200006602
3,focused,B,-4,0,0,10,603,1200006603
3,focused,B,-4,0,0,10,604,1200006604
3,focused,B,-4,0,0,10,605,1200006605
3,focused,B,-4,0,0,10,606,1200006606
3,focused,B,-4,0,0,10,607,1200006607
3,focused,B,-4,0,0,10,608,1200006608
3,focused,B,-4,0,0,10,609,1200006609
3,focused,B,-4,0,0,10,610,1200006610
3,focused,B,-4,0,0,10,611,1200006611
3,focused,B,-4,0,0,10,612,1200006612
3,focused,B,-4,0,0,10,613,1200006613
3,focused,B,-4,0,0,10,614,1200006614
3,focused,B,-4,0,0,10,615,1200006615
3,focused,B,-4,0,0,10,616,1200006616
3,focused,B,-4,0,0,10,617,1200006617
3,focused,B,-4,0,0,10,618,1200006618
3,focused,B,-4,0,0,10,619,1200006619
3,focused,B,-4,0,0,10,620,1200006620
3,focused,B,-4,0,0,10,621,1200006621
3,focused,B,-4,0,0,10,622,1200006622
3,focused,B,-4,0,0,10,623,1200006623
3,focused,B,-4,0,0,10,624,1200006624
3,focused,B,-4,0,0,10,625,1200006625
3,focused,B,-4,0,0,10,626,1200006626
3,focused,B,-4,0,0,10,627,1200006627
3,focused,B,-4,0,0,10,628,1200006628
3,focused,B,-4,0,0,10,629,1200006629
3,focused,B,-4,0,0,10,630,1200006630
3,focused,B,-4,0,0,10,631,1200006631
3,focused,B,-4,0,0,10,632,1200006632
3,focused,B,-4,0,0,10,633,1200006633
3,focused,B,-4,0,0,10,634,1200006634
3,focused,B,-4,0,0,10,635,1200006635
3,focused,B,-4,0,0,10,636,1200006636
3,focused,B,-4,0,0,10,637,1200006637
3,focused,B,-4,0,0,10,638,1200006638
3,focused,B,-4,0,0,10,639,1200006639
3,focused,B,-4,0,0,10,640,1200006640
3,focused,B,-4,0,0,10,641,1200006641
3,focused,B,-4,0,0,10,642,1200006642
3,focused,B,-4,0,0,10,643,1200006643
3,focused,B,-4,0,0,10,644,1200006644
3,focused,B,-4,0,0,10,645,1200006645
3,focused,B,-4,0,0,10,646,1200006646
3,focused,B,-4,0,0,10,647,1200006647
3,focused,B,-4,0,0,10,648,1200006648
3,focused,B,-4,0,0,10,649,1200006649
3,focused,B,-4,0,0,10,650,1200006650
3,focused,B,-4,0,0,10,651,1200006651
3,focused,B,-4,0,0,10,652,1200006652
3,focused,B,-4,0,0,10,653,1200006653
3,focused,B,-4,0,0,10,654,1200006654
3,focused,B,-4,0,0,10,655,1200006655
3,focused,B,-4,0,0,10,656,1200006656
3,focused,B,-4,0,0,10,657,1200006657
3,focused,B,-4,0,0,10,658,1200006658
3,focused,B,-4,0,0,10,659,1200006659
3,focused,B,-4,0,0,10,660,1200006660
3,focused,B,-4,0,0,10,661,1200006661
3,focused,B,-4,0,0,10,662,1200006662
3,focused,B,-4,0,0,10,663,1200006663
3,focused,B,-4,0,0,10,664,1200006664
3,focused,B,-4,0,0,10,665,1200006665
3,focused,B,-4,0,0,10,666,1200006666
3,focused,B,-4,0,0,10,667,1200006667
3,focused,B,-4,0,0,10,668,1200006668
3,focused,B,-4,0,0,10,669,1200006669
3,focused,B,-4,0,0,10,670,1200006670
3,focused,B,-4,0,0,10,671,1200006671
3,focused,B,-4,0,0,10,672,1200006672
3,focused,B,-4,0,0,10,673,1200006673
3,focused,B,-4,0,0,10,674,1200006674
3,focused,B,-4,0,0,10,675,1200006675
3,focused,B,-4,0,0,10,676,1200006676
3,focused,B,-4,0,0,10,677,1200006677
3,focused,B,-4,0,0,10,678,1200006678
3,focused,B,-4,0,0,10,679,1200006679
3,focused,B,-4,0,0,10,680,1200006680
3,focused,B,-4,0,0,10,681,1200006681
3,focused,B,-4,0,0,10,682,1200006682
3,focused,B,-4,0,0,10,683,1200006683
3,focused,B,-4,0,0,10,684,1200006684
3,focused,B,-4,0,0,10,685,1200006685
3,focused,B,-4,0,0,10,686,1200006686
3,focused,B,-4,0,0,10,687,1200006687
3,focused,B,-4,0,0,10,688,1200006688
3,focused,B,-4,0,0,10,689,1200006689
3,focused,B,-4,0,0,10,690,1200006690
3,focused,B,-4,0,0,10,691,1200006691
3,focused,B,-4,0,0,10,692,1200006692
3,focused,B,-4,0,0,10,693,1200006693
3,focused,B,-4,0,0,10,694,1200006694
3,focused,B,-4,0,0,10,695,1200006695
3,focused,B,-4,0,0,10,696,1200006696
3,focused,B,-4,0,0,10,697,1200006697
3,focused,B,-4,0,0,10,698,1200006698
3,focused,B,-4,0,0,10,699,1200006699
3,focused,B,-4,0,0,10,700,1200006700
3,focused,B,-4,0,0,10,701,1200006701
3,focused,B,-4,0,0,10,702,1200006702
3,focused,B,-4,0,0,10,703,1200006703
3,focused,B,-4,0,0,10,704,1200006704
3,focused,B,-4,0,0,10,705,1200006705
3,focused,B,-4,0,0,10,706,1200006706
3,focused,B,-4,0,0,10,707,1200006707
3,focused,B,-4,0,0,10,708,1200006708
3,focused,B,-4,0,0,10,709,1200006709
3,focused,B,-4,0,0,10,710,1200006710
3,focused,B,-4,0,0,10,711,1200006711
3,focused,B,-4,0,0,10,712,1200006712
3,focused,B,-4,0,0,10,713,1200006713
3,focused,B,-4,0,0,10,714,1200006714
3,focused,B,-4,0,0,10,715,1200006715
3,focused,B,-4,0,0,10,716,1200006716
3,focused,B,-4,0,0,10,717,1200006717
3,focused,B,-4,0,0,10,718,1200006718
3,focused,B,-4,0,0,10,719,1200006719
3,focused,B,-4,0,0,10,720,1200006720
3,focused,B,-4,0,0,10,721,1200006721
3,focused,B,-4,0,0,10,722,1200006722
3,focused,B,-4,0,0,10,723,1200006723
3,focused,B,-4,0,0,10,724,1200006724
3,focused,B,-4,0,0,10,725,1200006725
3,focused,B,-4,0,0,10,726,1200006726
3,focused,B,-4,0,0,10,727,1200006727
3,focused,B,-4,0,0,10,728,1200006728
3,focused,B,-4,0,0,10,729,1200006729
3,focused,B,-4,0,0,10,730,1200006730
3,focused,B,-4,0,0,10,731,1200006731
3,focused,B,-4,0,0,10,732,1200006732
3,focused,B,-4,0,0,10,733,1200006733
3,focused,B,-4,0,0,10,734,1200006734
3,focused,B,-4,0,0,10,735,1200006735
3,focused,B,-4,0,0,10,736,1200006736
3,focused,B,-4,0,0,10,737,1200006737
3,focused,B,-4,0,0,10,738,1200006738
3,focused,B,-4,0,0,10,739,1200006739
3,focused,B,-4,0,0,10,740,1200006740
3,focused,B,-4,0,0,10,741,1200006741
3,focused,B,-4,0,0,10,742,1200006742
3,focused,B,-4,0,0,10,743,1200006743
3,focused,B,-4,0,0,10,744,1200006744
3,focused,B,-4,0,0,10,745,1200006745
3,focused,B,-4,0,0,10,746,1200006746
3,focused,B,-4,0,0,10,747,1200006747
3,focused,B,-4,0,0,10,748,1200006748
3,focused,B,-4,0,0,10,749,1200006749
3,focused,B,-4,0,0,10,750,1200006750
3,focused,B,-4,0,0,10,751,1200006751
3,focused,B,-4,0,0,10,752,1200006752
3,focused,B,-4,0,0,10,753,1200006753
3,focused,B,-4,0,0,10,754,1200006754
3,focused,B,-4,0,0,10,755,1200006755
3,focused,B,-4,0,0,10,756,1200006756
3,focused,B,-4,0,0,10,757,1200006757
3,focused,B,-4,0,0,10,758,1200006758
3,focused,B,-4,0,0,10,759,1200006759
3,focused,B,-4,0,0,10,760,1200006760
3,focused,B,-4,0,0,10,761,1200006761
3,focused,B,-4,0,0,10,762,1200006762
3,focused,B,-4,0,0,10,763,1200006763
3,focused,B,-4,0,0,10,764,1200006764
3,focused,B,-4,0,0,10,765,1200006765
3,focused,B,-4,0,0,10,766,1200006766
3,focused,B,-4,0,0,10,767,1200006767
3,focused,B,-4,0,0,10,768,1200006768
3,focused,B,-4,0,0,10,769,1200006769
3,focused,B,-4,0,0,10,770,1200006770
3,focused,B,-4,0,0,10,771,1200006771
3,focused,B,-4,0,0,10,772,1200006772
3,focused,B,-4,0,0,10,773,1200006773
3,focused,B,-4,0,0,10,774,1200006774
3,focused,B,-4,0,0,10,775,1200006775
3,focused,B,-4,0,0,10,776,1200006776
3,focused,B,-4,0,0,10,777,1200006777
3,focused,B,-4,0,0,10,778,1200006778
3,focused,B,-4,0,0,10,779,1200006779
3,focused,B,-4,0,0,10,780,1200006780
3,focused,B,-4,0,0,10,781,1200006781
3,focused,B,-4,0,0,10,782,1200006782
3,focused,B,-4,0,0,10,783,1200006783
3,focused,B,-4,0,0,10,784,1200006784
3,focused,B,-4,0,0,10,785,1200006785
3,focused,B,-4,0,0,10,786,1200006786
3,focused,B,-4,0,0,10,787,1200006787
3,focused,B,-4,0,0,10,788,1200006788
3,focused,B,-4,0,0,10,789,1200006789
3,focused,B,-4,0,0,10,790,1200006790
3,focused,B,-4,0,0,10,791,1200006791
3,focused,B,-4,0,0,10,792,1200006792
3,focused,B,-4,0,0,10,793,1200006793
3,focused,B,-4,0,0,10,794,1200006794
3,focused,B,-4,0,0,10,795,1200006795
3,focused,B,-4,0,0,10,796,1200006796
3,focused,B,-4,0,0,10,797,1200006797
3,focused,B,-4,0,0,10,798,1200006798
3,focused,B,-4,0,0,10,799,1200006799
3,focused,B,-4,0,0,10,800,1200006800
3,focused,B,-4,0,0,10,801,1200006801
3,focused,B,-4,0,0,10,802,1200006802
3,focused,B,-4,0,0,10,803,1200006803
3,focused,B,-4,0,0,10,804,1200006804
3,focused,B,-4,0,0,10,805,1200006805
3,focused,B,-4,0,0,10,806,1200006806
3,focused,B,-4,0,0,10,807,1200006807
3,focused,B,-4,0,0,10,808,1200006808
3,focused,B,-4,0,0,10,809,1200006809
3,focused,B,-4,0,0,10,810,1200006810
3,focused,B,-4,0,0,10,811,1200006811
3,focused,B,-4,0,0,10,812,1200006812
3,focused,B,-4,0,0,10,813,1200006813
3,focused,B,-4,0,0,10,814,1200006814
3,focused,B,-4,0,0,10,815,1200006815
3,focused,B,-4,0,0,10,816,1200006816
3,focused,B,-4,0,0,10,817,1200006817
3,focused,B,-4,0,0,10,818,1200006818
3,focused,B,-4,0,0,10,819,1200006819
3,focused,B,-4,0,0,10,820,1200006820
3,focused,B,-4,0,0,10,821,1200006821
3,focused,B,-4,0,0,10,822,1200006822
3,focused,B,-4,0,0,10,823,1200006823
3,focused,B,-4,0,0,10,824,1200006824
3,focused,B,-4,0,0,10,825,1200006825
3,focused,B,-4,0,0,10,826,1200006826
3,focused,B,-4,0,0,10,827,1200006827
3,focused,B,-4,0,0,10,828,1200006828
3,focused,B,-4,0,0,10,829,1200006829
3,focused,B,-4,0,0,10,830,1200006830
3,focused,B,-4,0,0,10,831,1200006831
3,focused,B,-4,0,0,10,832,1200006832
3,focused,B,-4,0,0,10,833,1200006833
3,focused,B,-4,0,0,10,834,1200006834
3,focused,B,-4,0,0,10,835,1200006835
3,focused,B,-4,0,0,10,836,1200006836
3,focused,B,-4,0,0,10,837,1200006837
3,focused,B,-4,0,0,10,838,1200006838
3,focused,B,-4,0,0,10,839,1200006839
3,focused,B,-4,0,0,10,840,1200006840
3,focused,B,-4,0,0,10,841,1200006841
3,focused,B,-4,0,0,10,842,1200006842
3,focused,B,-4,0,0,10,843,1200006843
3,focused,B,-4,0,0,10,844,1200006844
3,focused,B,-4,0,0,10,845,1200006845
3,focused,B,-4,0,0,10,846,1200006846
3,focused,B,-4,0,0,10,847,1200006847
3,focused,B,-4,0,0,10,848,1200006848
3,focused,B,-4,0,0,10,849,1200006849
3,focused,B,-4,0,0,10,850,1200006850
3,focused,B,-4,0,0,10,851,1200006851
3,focused,B,-4,0,0,10,852,1200006852
3,focused,B,-4,0,0,10,853,1200006853
3,focused,B,-4,0,0,10,854,1200006854
3,focused,B,-4,0,0,10,855,1200006855
3,focused,B,-4,0,0,10,856,1200006856
3,focused,B,-4,0,0,10,857,1200006857
3,focused,B,-4,0,0,10,858,1200006858
3,focused,B,-4,0,0,10,859,1200006859
3,focused,B,-4,0,0,10,860,1200006860
3,focused,B,-4,0,0,10,861,1200006861
3,focused,B,-4,0,0,10,862,1200006862
3,focused,B,-4,0,0,10,863,1200006863
3,focused,B,-4,0,0,10,864,1200006864
3,focused,B,-4,0,0,10,865,1200006865
3,focused,B,-4,0,0,10,866,1200006866
3,focused,B,-4,0,0,10,867,1200006867
3,focused,B,-4,0,0,10,868,1200006868
3,focused,B,-4,0,0,10,869,1200006869
3,focused,B,-4,0,0,10,870,1200006870
3,focused,B,-4,0,0,10,871,1200006871
3,focused,B,-4,0,0,10,872,1200006872
3,focused,B,-4,0,0,10,873,1200006873
3,focused,B,-4,0,0,10,874,1200006874
3,focused,B,-4,0,0,10,875,1200006875
3,focused,B,-4,0,0,10,876,1200006876
3,focused,B,-4,0,0,10,877,1200006877
3,focused,B,-4,0,0,10,878,1200006878
3,focused,B,-4,0,0,10,879,1200006879
3,focused,B,-4,0,0,10,880,1200006880
3,focused,B,-4,0,0,10,881,1200006881
3,focused,B,-4,0,0,10,882,1200006882
3,focused,B,-4,0,0,10,883,1200006883
3,focused,B,-4,0,0,10,884,1200006884
3,focused,B,-4,0,0,10,885,1200006885
3,focused,B,-4,0,0,10,886,1200006886
3,focused,B,-4,0,0,10,887,1200006887
3,focused,B,-4,0,0,10,888,1200006888
3,focused,B,-4,0,0,10,889,1200006889
3,focused,B,-4,0,0,10,890,1200006890
3,focused,B,-4,0,0,10,891,1200006891
3,focused,B,-4,0,0,10,892,1200006892
3,focused,B,-4,0,0,10,893,1200006893
3,focused,B,-4,0,0,10,894,1200006894
3,focused,B,-4,0,0,10,895,1200006895
3,focused,B,-4,0,0,10,896,1200006896
3,focused,B,-4,0,0,10,897,1200006897
3,focused,B,-4,0,0,10,898,1200006898
3,focused,B,-4,0,0,10,899,1200006899
3,focused,B,-4,0,0,10,900,1200006900
3,focused,B,-4,0,0,10,901,1200006901
3,focused,B,-4,0,0,10,902,1200006902
3,focused,B,-4,0,0,10,903,1200006903
3,focused,B,-4,0,0,10,904,1200006904
3,focused,B,-4,0,0,10,905,1200006905
3,focused,B,-4,0,0,10,906,1200006906
3,focused,B,-4,0,0,10,907,1200006907
3,focused,B,-4,0,0,10,908,1200006908
3,focused,B,-4,0,0,10,909,1200006909
3,focused,B,-4,0,0,10,910,1200006910
3,focused,B,-4,0,0,10,911,1200006911
3,focused,B,-4,0,0,10,912,1200006912
3,focused,B,-4,0,0,10,913,1200006913
3,focused,B,-4,0,0,10,914,1200006914
3,focused,B,-4,0,0,10,915,1200006915
3,focused,B,-4,0,0,10,916,1200006916
3,focused,B,-4,0,0,10,917,1200006917
3,focused,B,-4,0,0,10,918,1200006918
3,focused,B,-4,0,0,10,919,1200006919
3,focused,B,-4,0,0,10,920,1200006920
3,focused,B,-4,0,0,10,921,1200006921
3,focused,B,-4,0,0,10,922,1200006922
3,focused,B,-4,0,0,10,923,1200006923
3,focused,B,-4,0,0,10,924,1200006924
3,focused,B,-4,0,0,10,925,1200006925
3,focused,B,-4,0,0,10,926,1200006926
3,focused,B,-4,0,0,10,927,1200006927
3,focused,B,-4,0,0,10,928,1200006928
3,focused,B,-4,0,0,10,929,1200006929
3,focused,B,-4,0,0,10,930,1200006930
3,focused,B,-4,0,0,10,931,1200006931
3,focused,B,-4,0,0,10,932,1200006932
3,focused,B,-4,0,0,10,933,1200006933
3,focused,B,-4,0,0,10,934,1200006934
3,focused,B,-4,0,0,10,935,1200006935
3,focused,B,-4,0,0,10,936,1200006936
3,focused,B,-4,0,0,10,937,1200006937
3,focused,B,-4,0,0,10,938,1200006938
3,focused,B,-4,0,0,10,939,1200006939
3,focused,B,-4,0,0,10,940,1200006940
3,focused,B,-4,0,0,10,941,1200006941
3,focused,B,-4,0,0,10,942,1200006942
3,focused,B,-4,0,0,10,943,1200006943
3,focused,B,-4,0,0,10,944,1200006944
3,focused,B,-4,0,0,10,945,1200006945
3,focused,B,-4,0,0,10,946,1200006946
3,focused,B,-4,0,0,10,947,1200006947
3,focused,B,-4,0,0,10,948,1200006948
3,focused,B,-4,0,0,10,949,1200006949
3,focused,B,-4,0,0,10,950,1200006950
3,focused,B,-4,0,0,10,951,1200006951
3,focused,B,-4,0,0,10,952,1200006952
3,focused,B,-4,0,0,10,953,1200006953
3,focused,B,-4,0,0,10,954,1200006954
3,focused,B,-4,0,0,10,955,1200006955
3,focused,B,-4,0,0,10,956,1200006956
3,focused,B,-4,0,0,10,957,1200006957
3,focused,B,-4,0,0,10,958,1200006958
3,focused,B,-4,0,0,10,959,1200006959
3,focused,B,-4,0,0,10,960,1200006960
3,focused,B,-4,0,0,10,961,1200006961
3,focused,B,-4,0,0,10,962,1200006962
3,focused,B,-4,0,0,10,963,1200006963
3,focused,B,-4,0,0,10,964,1200006964
3,focused,B,-4,0,0,10,965,1200006965
3,focused,B,-4,0,0,10,966,1200006966
3,focused,B,-4,0,0,10,967,1200006967
3,focused,B,-4,0,0,10,968,1200006968
3,focused,B,-4,0,0,10,969,1200006969
3,focused,B,-4,0,0,10,970,1200006970
3,focused,B,-4,0,0,10,971,1200006971
3,focused,B,-4,0,0,10,972,1200006972
3,focused,B,-4,0,0,10,973,1200006973
3,focused,B,-4,0,0,10,974,1200006974
3,focused,B,-4,0,0,10,975,1200006975
3,focused,B,-4,0,0,10,976,1200006976
3,focused,B,-4,0,0,10,977,1200006977
3,focused,B,-4,0,0,10,978,1200006978
3,focused,B,-4,0,0,10,979,1200006979
3,focused,B,-4,0,0,10,980,1200006980
3,focused,B,-4,0,0,10,981,1200006981
3,focused,B,-4,0,0,10,982,1200006982
3,focused,B,-4,0,0,10,983,1200006983
3,focused,B,-4,0,0,10,984,1200006984
3,focused,B,-4,0,0,10,985,1200006985
3,focused,B,-4,0,0,10,986,1200006986
3,focused,B,-4,0,0,10,987,1200006987
3,focused,B,-4,0,0,10,988,1200006988
3,focused,B,-4,0,0,10,989,1200006989
3,focused,B,-4,0,0,10,990,1200006990
3,focused,B,-4,0,0,10,991,1200006991
3,focused,B,-4,0,0,10,992,1200006992
3,focused,B,-4,0,0,10,993,1200006993
3,focused,B,-4,0,0,10,994,1200006994
3,focused,B,-4,0,0,10,995,1200006995
3,focused,B,-4,0,0,10,996,1200006996
3,focused,B,-4,0,0,10,997,1200006997
3,focused,B,-4,0,0,10,998,1200006998
3,focused,B,-4,0,0,10,999,1200006999
3,focused,B,-4,0,0,10,1000,1200007000
4,focused,B,-2,0,0,0.25,1,1200008001
4,focused,B,-2,0,0,0.25,2,1200008002
4,focused,B,-2,0,0,0.25,3,1200008003
4,focused,B,-2,0,0,0.25,4,1200008004
4,focused,B,-2,0,0,0.25,5,1200008005
4,focused,B,-2,0,0,0.25,6,1200008006
4,focused,B,-2,0,0,0.25,7,1200008007
4,focused,B,-2,0,0,0.25,8,1200008008
4,focused,B,-2,0,0,0.25,9,1200008009
4,focused,B,-2,0,0,0.25,10,1200008010
4,focused,B,-2,0,0,0.25,11,1200008011
4,focused,B,-2,0,0,0.25,12,1200008012
4,focused,B,-2,0,0,0.25,13,1200008013
4,focused,B,-2,0,0,0.25,14,1200008014
4,focused,B,-2,0,0,0.25,15,1200008015
4,focused,B,-2,0,0,0.25,16,1200008016
4,focused,B,-2,0,0,0.25,17,1200008017
4,focused,B,-2,0,0,0.25,18,1200008018
4,focused,B,-2,0,0,0.25,19,1200008019
4,focused,B,-2,0,0,0.25,20,1200008020
4,focused,B,-2,0,0,0.25,21,1200008021
4,focused,B,-2,0,0,0.25,22,1200008022
4,focused,B,-2,0,0,0.25,23,1200008023
4,focused,B,-2,0,0,0.25,24,1200008024
4,focused,B,-2,0,0,0.25,25,1200008025
4,focused,B,-2,0,0,0.25,26,1200008026
4,focused,B,-2,0,0,0.25,27,1200008027
4,focused,B,-2,0,0,0.25,28,1200008028
4,focused,B,-2,0,0,0.25,29,1200008029
4,focused,B,-2,0,0,0.25,30,1200008030
4,focused,B,-2,0,0,0.25,31,1200008031
4,focused,B,-2,0,0,0.25,32,1200008032
4,focused,B,-2,0,0,0.25,33,1200008033
4,focused,B,-2,0,0,0.25,34,1200008034
4,focused,B,-2,0,0,0.25,35,1200008035
4,focused,B,-2,0,0,0.25,36,1200008036
4,focused,B,-2,0,0,0.25,37,1200008037
4,focused,B,-2,0,0,0.25,38,1200008038
4,focused,B,-2,0,0,0.25,39,1200008039
4,focused,B,-2,0,0,0.25,40,1200008040
4,focused,B,-2,0,0,0.25,41,1200008041
4,focused,B,-2,0,0,0.25,42,1200008042
4,focused,B,-2,0,0,0.25,43,1200008043
4,focused,B,-2,0,0,0.25,44,1200008044
4,focused,B,-2,0,0,0.25,45,1200008045
4,focused,B,-2,0,0,0.25,46,1200008046
4,focused,B,-2,0,0,0.25,47,1200008047
4,focused,B,-2,0,0,0.25,48,1200008048
4,focused,B,-2,0,0,0.25,49,1200008049
4,focused,B,-2,0,0,0.25,50,1200008050
4,focused,B,-2,0,0,0.25,51,1200008051
4,focused,B,-2,0,0,0.25,52,1200008052
4,focused,B,-2,0,0,0.25,53,1200008053
4,focused,B,-2,0,0,0.25,54,1200008054
4,focused,B,-2,0,0,0.25,55,1200008055
4,focused,B,-2,0,0,0.25,56,1200008056
4,focused,B,-2,0,0,0.25,57,1200008057
4,focused,B,-2,0,0,0.25,58,1200008058
4,focused,B,-2,0,0,0.25,59,1200008059
4,focused,B,-2,0,0,0.25,60,1200008060
4,focused,B,-2,0,0,0.25,61,1200008061
4,focused,B,-2,0,0,0.25,62,1200008062
4,focused,B,-2,0,0,0.25,63,1200008063
4,focused,B,-2,0,0,0.25,64,1200008064
4,focused,B,-2,0,0,0.25,65,1200008065
4,focused,B,-2,0,0,0.25,66,1200008066
4,focused,B,-2,0,0,0.25,67,1200008067
4,focused,B,-2,0,0,0.25,68,1200008068
4,focused,B,-2,0,0,0.25,69,1200008069
4,focused,B,-2,0,0,0.25,70,1200008070
4,focused,B,-2,0,0,0.25,71,1200008071
4,focused,B,-2,0,0,0.25,72,1200008072
4,focused,B,-2,0,0,0.25,73,1200008073
4,focused,B,-2,0,0,0.25,74,1200008074
4,focused,B,-2,0,0,0.25,75,1200008075
4,focused,B,-2,0,0,0.25,76,1200008076
4,focused,B,-2,0,0,0.25,77,1200008077
4,focused,B,-2,0,0,0.25,78,1200008078
4,focused,B,-2,0,0,0.25,79,1200008079
4,focused,B,-2,0,0,0.25,80,1200008080
4,focused,B,-2,0,0,0.25,81,1200008081
4,focused,B,-2,0,0,0.25,82,1200008082
4,focused,B,-2,0,0,0.25,83,1200008083
4,focused,B,-2,0,0,0.25,84,1200008084
4,focused,B,-2,0,0,0.25,85,1200008085
4,focused,B,-2,0,0,0.25,86,1200008086
4,focused,B,-2,0,0,0.25,87,1200008087
4,focused,B,-2,0,0,0.25,88,1200008088
4,focused,B,-2,0,0,0.25,89,1200008089
4,focused,B,-2,0,0,0.25,90,1200008090
4,focused,B,-2,0,0,0.25,91,1200008091
4,focused,B,-2,0,0,0.25,92,1200008092
4,focused,B,-2,0,0,0.25,93,1200008093
4,focused,B,-2,0,0,0.25,94,1200008094
4,focused,B,-2,0,0,0.25,95,1200008095
4,focused,B,-2,0,0,0.25,96,1200008096
4,focused,B,-2,0,0,0.25,97,1200008097
4,focused,B,-2,0,0,0.25,98,1200008098
4,focused,B,-2,0,0,0.25,99,1200008099
4,focused,B,-2,0,0,0.25,100,1200008100
4,focused,B,-2,0,0,0.25,101,1200008101
4,focused,B,-2,0,0,0.25,102,1200008102
4,focused,B,-2,0,0,0.25,103,1200008103
4,focused,B,-2,0,0,0.25,104,1200008104
4,focused,B,-2,0,0,0.25,105,1200008105
4,focused,B,-2,0,0,0.25,106,1200008106
4,focused,B,-2,0,0,0.25,107,1200008107
4,focused,B,-2,0,0,0.25,108,1200008108
4,focused,B,-2,0,0,0.25,109,1200008109
4,focused,B,-2,0,0,0.25,110,1200008110
4,focused,B,-2,0,0,0.25,111,1200008111
4,focused,B,-2,0,0,0.25,112,1200008112
4,focused,B,-2,0,0,0.25,113,1200008113
4,focused,B,-2,0,0,0.25,114,1200008114
4,focused,B,-2,0,0,0.25,115,1200008115
4,focused,B,-2,0,0,0.25,116,1200008116
4,focused,B,-2,0,0,0.25,117,1200008117
4,focused,B,-2,0,0,0.25,118,1200008118
4,focused,B,-2,0,0,0.25,119,1200008119
4,focused,B,-2,0,0,0.25,120,1200008120
4,focused,B,-2,0,0,0.25,121,1200008121
4,focused,B,-2,0,0,0.25,122,1200008122
4,focused,B,-2,0,0,0.25,123,1200008123
4,focused,B,-2,0,0,0.25,124,1200008124
4,focused,B,-2,0,0,0.25,125,1200008125
4,focused,B,-2,0,0,0.25,126,1200008126
4,focused,B,-2,0,0,0.25,127,1200008127
4,focused,B,-2,0,0,0.25,128,1200008128
4,focused,B,-2,0,0,0.25,129,1200008129
4,focused,B,-2,0,0,0.25,130,1200008130
4,focused,B,-2,0,0,0.25,131,1200008131
4,focused,B,-2,0,0,0.25,132,1200008132
4,focused,B,-2,0,0,0.25,133,1200008133
4,focused,B,-2,0,0,0.25,134,1200008134
4,focused,B,-2,0,0,0.25,135,1200008135
4,focused,B,-2,0,0,0.25,136,1200008136
4,focused,B,-2,0,0,0.25,137,1200008137
4,focused,B,-2,0,0,0.25,138,1200008138
4,focused,B,-2,0,0,0.25,139,1200008139
4,focused,B,-2,0,0,0.25,140,1200008140
4,focused,B,-2,0,0,0.25,141,1200008141
4,focused,B,-2,0,0,0.25,142,1200008142
4,focused,B,-2,0,0,0.25,143,1200008143
4,focused,B,-2,0,0,0.25,144,1200008144
4,focused,B,-2,0,0,0.25,145,1200008145
4,focused,B,-2,0,0,0.25,146,1200008146
4,focused,B,-2,0,0,0.25,147,1200008147
4,focused,B,-2,0,0,0.25,148,1200008148
4,focused,B,-2,0,0,0.25,149,1200008149
4,focused,B,-2,0,0,0.25,150,1200008150
4,focused,B,-2,0,0,0.25,151,1200008151
4,focused,B,-2,0,0,0.25,152,1200008152
4,focused,B,-2,0,0,0.25,153,1200008153
4,focused,B,-2,0,0,0.25,154,1200008154
4,focused,B,-2,0,0,0.25,155,1200008155
4,focused,B,-2,0,0,0.25,156,1200008156
4,focused,B,-2,0,0,0.25,157,1200008157
4,focused,B,-2,0,0,0.25,158,1200008158
4,focused,B,-2,0,0,0.25,159,1200008159
4,focused,B,-2,0,0,0.25,160,1200008160
4,focused,B,-2,0,0,0.25,161,1200008161
4,focused,B,-2,0,0,0.25,162,1200008162
4,focused,B,-2,0,0,0.25,163,1200008163
4,focused,B,-2,0,0,0.25,164,1200008164
4,focused,B,-2,0,0,0.25,165,1200008165
4,focused,B,-2,0,0,0.25,166,1200008166
4,focused,B,-2,0,0,0.25,167,1200008167
4,focused,B,-2,0,0,0.25,168,1200008168
4,focused,B,-2,0,0,0.25,169,1200008169
4,focused,B,-2,0,0,0.25,170,1200008170
4,focused,B,-2,0,0,0.25,171,1200008171
4,focused,B,-2,0,0,0.25,172,1200008172
4,focused,B,-2,0,0,0.25,173,1200008173
4,focused,B,-2,0,0,0.25,174,1200008174
4,focused,B,-2,0,0,0.25,175,1200008175
4,focused,B,-2,0,0,0.25,176,1200008176
4,focused,B,-2,0,0,0.25,177,1200008177
4,focused,B,-2,0,0,0.25,178,1200008178
4,focused,B,-2,0,0,0.25,179,1200008179
4,focused,B,-2,0,0,0.25,180,1200008180
4,focused,B,-2,0,0,0.25,181,1200008181
4,focused,B,-2,0,0,0.25,182,1200008182
4,focused,B,-2,0,0,0.25,183,1200008183
4,focused,B,-2,0,0,0.25,184,1200008184
4,focused,B,-2,0,0,0.25,185,1200008185
4,focused,B,-2,0,0,0.25,186,1200008186
4,focused,B,-2,0,0,0.25,187,1200008187
4,focused,B,-2,0,0,0.25,188,1200008188
4,focused,B,-2,0,0,0.25,189,1200008189
4,focused,B,-2,0,0,0.25,190,1200008190
4,focused,B,-2,0,0,0.25,191,1200008191
4,focused,B,-2,0,0,0.25,192,1200008192
4,focused,B,-2,0,0,0.25,193,1200008193
4,focused,B,-2,0,0,0.25,194,1200008194
4,focused,B,-2,0,0,0.25,195,1200008195
4,focused,B,-2,0,0,0.25,196,1200008196
4,focused,B,-2,0,0,0.25,197,1200008197
4,focused,B,-2,0,0,0.25,198,1200008198
4,focused,B,-2,0,0,0.25,199,1200008199
4,focused,B,-2,0,0,0.25,200,1200008200
4,focused,B,-2,0,0,0.25,201,1200008201
4,focused,B,-2,0,0,0.25,202,1200008202
4,focused,B,-2,0,0,0.25,203,1200008203
4,focused,B,-2,0,0,0.25,204,1200008204
4,focused,B,-2,0,0,0.25,205,1200008205
4,focused,B,-2,0,0,0.25,206,1200008206
4,focused,B,-2,0,0,0.25,207,1200008207
4,focused,B,-2,0,0,0.25,208,1200008208
4,focused,B,-2,0,0,0.25,209,1200008209
4,focused,B,-2,0,0,0.25,210,1200008210
4,focused,B,-2,0,0,0.25,211,1200008211
4,focused,B,-2,0,0,0.25,212,1200008212
4,focused,B,-2,0,0,0.25,213,1200008213
4,focused,B,-2,0,0,0.25,214,1200008214
4,focused,B,-2,0,0,0.25,215,1200008215
4,focused,B,-2,0,0,0.25,216,1200008216
4,focused,B,-2,0,0,0.25,217,1200008217
4,focused,B,-2,0,0,0.25,218,1200008218
4,focused,B,-2,0,0,0.25,219,1200008219
4,focused,B,-2,0,0,0.25,220,1200008220
4,focused,B,-2,0,0,0.25,221,1200008221
4,focused,B,-2,0,0,0.25,222,1200008222
4,focused,B,-2,0,0,0.25,223,1200008223
4,focused,B,-2,0,0,0.25,224,1200008224
4,focused,B,-2,0,0,0.25,225,1200008225
4,focused,B,-2,0,0,0.25,226,1200008226
4,focused,B,-2,0,0,0.25,227,1200008227
4,focused,B,-2,0,0,0.25,228,1200008228
4,focused,B,-2,0,0,0.25,229,1200008229
4,focused,B,-2,0,0,0.25,230,1200008230
4,focused,B,-2,0,0,0.25,231,1200008231
4,focused,B,-2,0,0,0.25,232,1200008232
4,focused,B,-2,0,0,0.25,233,1200008233
4,focused,B,-2,0,0,0.25,234,1200008234
4,focused,B,-2,0,0,0.25,235,1200008235
4,focused,B,-2,0,0,0.25,236,1200008236
4,focused,B,-2,0,0,0.25,237,1200008237
4,focused,B,-2,0,0,0.25,238,1200008238
4,focused,B,-2,0,0,0.25,239,1200008239
4,focused,B,-2,0,0,0.25,240,1200008240
4,focused,B,-2,0,0,0.25,241,1200008241
4,focused,B,-2,0,0,0.25,242,1200008242
4,focused,B,-2,0,0,0.25,243,1200008243
4,focused,B,-2,0,0,0.25,244,1200008244
4,focused,B,-2,0,0,0.25,245,1200008245
4,focused,B,-2,0,0,0.25,246,1200008246
4,focused,B,-2,0,0,0.25,247,1200008247
4,focused,B,-2,0,0,0.25,248,1200008248
4,focused,B,-2,0,0,0.25,249,1200008249
4,focused,B,-2,0,0,0.25,250,1200008250
4,focused,B,-2,0,0,0.25,251,1200008251
4,focused,B,-2,0,0,0.25,252,1200008252
4,focused,B,-2,0,0,0.25,253,1200008253
4,focused,B,-2,0,0,0.25,254,1200008254
4,focused,B,-2,0,0,0.25,255,1200008255
4,focused,B,-2,0,0,0.25,256,1200008256
4,focused,B,-2,0,0,0.25,257,1200008257
4,focused,B,-2,0,0,0.25,258,1200008258
4,focused,B,-2,0,0,0.25,259,1200008259
4,focused,B,-2,0,0,0.25,260,1200008260
4,focused,B,-2,0,0,0.25,261,1200008261
4,focused,B,-2,0,0,0.25,262,1200008262
4,focused,B,-2,0,0,0.25,263,1200008263
4,focused,B,-2,0,0,0.25,264,1200008264
4,focused,B,-2,0,0,0.25,265,1200008265
4,focused,B,-2,0,0,0.25,266,1200008266
4,focused,B,-2,0,0,0.25,267,1200008267
4,focused,B,-2,0,0,0.25,268,1200008268
4,focused,B,-2,0,0,0.25,269,1200008269
4,focused,B,-2,0,0,0.25,270,1200008270
4,focused,B,-2,0,0,0.25,271,1200008271
4,focused,B,-2,0,0,0.25,272,1200008272
4,focused,B,-2,0,0,0.25,273,1200008273
4,focused,B,-2,0,0,0.25,274,1200008274
4,focused,B,-2,0,0,0.25,275,1200008275
4,focused,B,-2,0,0,0.25,276,1200008276
4,focused,B,-2,0,0,0.25,277,1200008277
4,focused,B,-2,0,0,0.25,278,1200008278
4,focused,B,-2,0,0,0.25,279,1200008279
4,focused,B,-2,0,0,0.25,280,1200008280
4,focused,B,-2,0,0,0.25,281,1200008281
4,focused,B,-2,0,0,0.25,282,1200008282
4,focused,B,-2,0,0,0.25,283,1200008283
4,focused,B,-2,0,0,0.25,284,1200008284
4,focused,B,-2,0,0,0.25,285,1200008285
4,focused,B,-2,0,0,0.25,286,1200008286
4,focused,B,-2,0,0,0.25,287,1200008287
4,focused,B,-2,0,0,0.25,288,1200008288
4,focused,B,-2,0,0,0.25,289,1200008289
4,focused,B,-2,0,0,0.25,290,1200008290
4,focused,B,-2,0,0,0.25,291,1200008291
4,focused,B,-2,0,0,0.25,292,1200008292
4,focused,B,-2,0,0,0.25,293,1200008293
4,focused,B,-2,0,0,0.25,294,1200008294
4,focused,B,-2,0,0,0.25,295,1200008295
4,focused,B,-2,0,0,0.25,296,1200008296
4,focused,B,-2,0,0,0.25,297,1200008297
4,focused,B,-2,0,0,0.25,298,1200008298
4,focused,B,-2,0,0,0.25,299,1200008299
4,focused,B,-2,0,0,0.25,300,1200008300
4,focused,B,-2,0,0,0.25,301,1200008301
4,focused,B,-2,0,0,0.25,302,1200008302
4,focused,B,-2,0,0,0.25,303,1200008303
4,focused,B,-2,0,0,0.25,304,1200008304
4,focused,B,-2,0,0,0.25,305,1200008305
4,focused,B,-2,0,0,0.25,306,1200008306
4,focused,B,-2,0,0,0.25,307,1200008307
4,focused,B,-2,0,0,0.25,308,1200008308
4,focused,B,-2,0,0,0.25,309,1200008309
4,focused,B,-2,0,0,0.25,310,1200008310
4,focused,B,-2,0,0,0.25,311,1200008311
4,focused,B,-2,0,0,0.25,312,1200008312
4,focused,B,-2,0,0,0.25,313,1200008313
4,focused,B,-2,0,0,0.25,314,1200008314
4,focused,B,-2,0,0,0.25,315,1200008315
4,focused,B,-2,0,0,0.25,316,1200008316
4,focused,B,-2,0,0,0.25,317,1200008317
4,focused,B,-2,0,0,0.25,318,1200008318
4,focused,B,-2,0,0,0.25,319,1200008319
4,focused,B,-2,0,0,0.25,320,1200008320
4,focused,B,-2,0,0,0.25,321,1200008321
4,focused,B,-2,0,0,0.25,322,1200008322
4,focused,B,-2,0,0,0.25,323,1200008323
4,focused,B,-2,0,0,0.25,324,1200008324
4,focused,B,-2,0,0,0.25,325,1200008325
4,focused,B,-2,0,0,0.25,326,1200008326
4,focused,B,-2,0,0,0.25,327,1200008327
4,focused,B,-2,0,0,0.25,328,1200008328
4,focused,B,-2,0,0,0.25,329,1200008329
4,focused,B,-2,0,0,0.25,330,1200008330
4,focused,B,-2,0,0,0.25,331,1200008331
4,focused,B,-2,0,0,0.25,332,1200008332
4,focused,B,-2,0,0,0.25,333,1200008333
4,focused,B,-2,0,0,0.25,334,1200008334
4,focused,B,-2,0,0,0.25,335,1200008335
4,focused,B,-2,0,0,0.25,336,1200008336
4,focused,B,-2,0,0,0.25,337,1200008337
4,focused,B,-2,0,0,0.25,338,1200008338
4,focused,B,-2,0,0,0.25,339,1200008339
4,focused,B,-2,0,0,0.25,340,1200008340
4,focused,B,-2,0,0,0.25,341,1200008341
4,focused,B,-2,0,0,0.25,342,1200008342
4,focused,B,-2,0,0,0.25,343,1200008343
4,focused,B,-2,0,0,0.25,344,1200008344
4,focused,B,-2,0,0,0.25,345,1200008345
4,focused,B,-2,0,0,0.25,346,1200008346
4,focused,B,-2,0,0,0.25,347,1200008347
4,focused,B,-2,0,0,0.25,348,1200008348
4,focused,B,-2,0,0,0.25,349,1200008349
4,focused,B,-2,0,0,0.25,350,1200008350
4,focused,B,-2,0,0,0.25,351,1200008351
4,focused,B,-2,0,0,0.25,352,1200008352
4,focused,B,-2,0,0,0.25,353,1200008353
4,focused,B,-2,0,0,0.25,354,1200008354
4,focused,B,-2,0,0,0.25,355,1200008355
4,focused,B,-2,0,0,0.25,356,1200008356
4,focused,B,-2,0,0,0.25,357,1200008357
4,focused,B,-2,0,0,0.25,358,1200008358
4,focused,B,-2,0,0,0.25,359,1200008359
4,focused,B,-2,0,0,0.25,360,1200008360
4,focused,B,-2,0,0,0.25,361,1200008361
4,focused,B,-2,0,0,0.25,362,1200008362
4,focused,B,-2,0,0,0.25,363,1200008363
4,focused,B,-2,0,0,0.25,364,1200008364
4,focused,B,-2,0,0,0.25,365,1200008365
4,focused,B,-2,0,0,0.25,366,1200008366
4,focused,B,-2,0,0,0.25,367,1200008367
4,focused,B,-2,0,0,0.25,368,1200008368
4,focused,B,-2,0,0,0.25,369,1200008369
4,focused,B,-2,0,0,0.25,370,1200008370
4,focused,B,-2,0,0,0.25,371,1200008371
4,focused,B,-2,0,0,0.25,372,1200008372
4,focused,B,-2,0,0,0.25,373,1200008373
4,focused,B,-2,0,0,0.25,374,1200008374
4,focused,B,-2,0,0,0.25,375,1200008375
4,focused,B,-2,0,0,0.25,376,1200008376
4,focused,B,-2,0,0,0.25,377,1200008377
4,focused,B,-2,0,0,0.25,378,1200008378
4,focused,B,-2,0,0,0.25,379,1200008379
4,focused,B,-2,0,0,0.25,380,1200008380
4,focused,B,-2,0,0,0.25,381,1200008381
4,focused,B,-2,0,0,0.25,382,1200008382
4,focused,B,-2,0,0,0.25,383,1200008383
4,focused,B,-2,0,0,0.25,384,1200008384
4,focused,B,-2,0,0,0.25,385,1200008385
4,focused,B,-2,0,0,0.25,386,1200008386
4,focused,B,-2,0,0,0.25,387,1200008387
4,focused,B,-2,0,0,0.25,388,1200008388
4,focused,B,-2,0,0,0.25,389,1200008389
4,focused,B,-2,0,0,0.25,390,1200008390
4,focused,B,-2,0,0,0.25,391,1200008391
4,focused,B,-2,0,0,0.25,392,1200008392
4,focused,B,-2,0,0,0.25,393,1200008393
4,focused,B,-2,0,0,0.25,394,1200008394
4,focused,B,-2,0,0,0.25,395,1200008395
4,focused,B,-2,0,0,0.25,396,1200008396
4,focused,B,-2,0,0,0.25,397,1200008397
4,focused,B,-2,0,0,0.25,398,1200008398
4,focused,B,-2,0,0,0.25,399,1200008399
4,focused,B,-2,0,0,0.25,400,1200008400
4,focused,B,-2,0,0,0.25,401,1200008401
4,focused,B,-2,0,0,0.25,402,1200008402
4,focused,B,-2,0,0,0.25,403,1200008403
4,focused,B,-2,0,0,0.25,404,1200008404
4,focused,B,-2,0,0,0.25,405,1200008405
4,focused,B,-2,0,0,0.25,406,1200008406
4,focused,B,-2,0,0,0.25,407,1200008407
4,focused,B,-2,0,0,0.25,408,1200008408
4,focused,B,-2,0,0,0.25,409,1200008409
4,focused,B,-2,0,0,0.25,410,1200008410
4,focused,B,-2,0,0,0.25,411,1200008411
4,focused,B,-2,0,0,0.25,412,1200008412
4,focused,B,-2,0,0,0.25,413,1200008413
4,focused,B,-2,0,0,0.25,414,1200008414
4,focused,B,-2,0,0,0.25,415,1200008415
4,focused,B,-2,0,0,0.25,416,1200008416
4,focused,B,-2,0,0,0.25,417,1200008417
4,focused,B,-2,0,0,0.25,418,1200008418
4,focused,B,-2,0,0,0.25,419,1200008419
4,focused,B,-2,0,0,0.25,420,1200008420
4,focused,B,-2,0,0,0.25,421,1200008421
4,focused,B,-2,0,0,0.25,422,1200008422
4,focused,B,-2,0,0,0.25,423,1200008423
4,focused,B,-2,0,0,0.25,424,1200008424
4,focused,B,-2,0,0,0.25,425,1200008425
4,focused,B,-2,0,0,0.25,426,1200008426
4,focused,B,-2,0,0,0.25,427,1200008427
4,focused,B,-2,0,0,0.25,428,1200008428
4,focused,B,-2,0,0,0.25,429,1200008429
4,focused,B,-2,0,0,0.25,430,1200008430
4,focused,B,-2,0,0,0.25,431,1200008431
4,focused,B,-2,0,0,0.25,432,1200008432
4,focused,B,-2,0,0,0.25,433,1200008433
4,focused,B,-2,0,0,0.25,434,1200008434
4,focused,B,-2,0,0,0.25,435,1200008435
4,focused,B,-2,0,0,0.25,436,1200008436
4,focused,B,-2,0,0,0.25,437,1200008437
4,focused,B,-2,0,0,0.25,438,1200008438
4,focused,B,-2,0,0,0.25,439,1200008439
4,focused,B,-2,0,0,0.25,440,1200008440
4,focused,B,-2,0,0,0.25,441,1200008441
4,focused,B,-2,0,0,0.25,442,1200008442
4,focused,B,-2,0,0,0.25,443,1200008443
4,focused,B,-2,0,0,0.25,444,1200008444
4,focused,B,-2,0,0,0.25,445,1200008445
4,focused,B,-2,0,0,0.25,446,1200008446
4,focused,B,-2,0,0,0.25,447,1200008447
4,focused,B,-2,0,0,0.25,448,1200008448
4,focused,B,-2,0,0,0.25,449,1200008449
4,focused,B,-2,0,0,0.25,450,1200008450
4,focused,B,-2,0,0,0.25,451,1200008451
4,focused,B,-2,0,0,0.25,452,1200008452
4,focused,B,-2,0,0,0.25,453,1200008453
4,focused,B,-2,0,0,0.25,454,1200008454
4,focused,B,-2,0,0,0.25,455,1200008455
4,focused,B,-2,0,0,0.25,456,1200008456
4,focused,B,-2,0,0,0.25,457,1200008457
4,focused,B,-2,0,0,0.25,458,1200008458
4,focused,B,-2,0,0,0.25,459,1200008459
4,focused,B,-2,0,0,0.25,460,1200008460
4,focused,B,-2,0,0,0.25,461,1200008461
4,focused,B,-2,0,0,0.25,462,1200008462
4,focused,B,-2,0,0,0.25,463,1200008463
4,focused,B,-2,0,0,0.25,464,1200008464
4,focused,B,-2,0,0,0.25,465,1200008465
4,focused,B,-2,0,0,0.25,466,1200008466
4,focused,B,-2,0,0,0.25,467,1200008467
4,focused,B,-2,0,0,0.25,468,1200008468
4,focused,B,-2,0,0,0.25,469,1200008469
4,focused,B,-2,0,0,0.25,470,1200008470
4,focused,B,-2,0,0,0.25,471,1200008471
4,focused,B,-2,0,0,0.25,472,1200008472
4,focused,B,-2,0,0,0.25,473,1200008473
4,focused,B,-2,0,0,0.25,474,1200008474
4,focused,B,-2,0,0,0.25,475,1200008475
4,focused,B,-2,0,0,0.25,476,1200008476
4,focused,B,-2,0,0,0.25,477,1200008477
4,focused,B,-2,0,0,0.25,478,1200008478
4,focused,B,-2,0,0,0.25,479,1200008479
4,focused,B,-2,0,0,0.25,480,1200008480
4,focused,B,-2,0,0,0.25,481,1200008481
4,focused,B,-2,0,0,0.25,482,1200008482
4,focused,B,-2,0,0,0.25,483,1200008483
4,focused,B,-2,0,0,0.25,484,1200008484
4,focused,B,-2,0,0,0.25,485,1200008485
4,focused,B,-2,0,0,0.25,486,1200008486
4,focused,B,-2,0,0,0.25,487,1200008487
4,focused,B,-2,0,0,0.25,488,1200008488
4,focused,B,-2,0,0,0.25,489,1200008489
4,focused,B,-2,0,0,0.25,490,1200008490
4,focused,B,-2,0,0,0.25,491,1200008491
4,focused,B,-2,0,0,0.25,492,1200008492
4,focused,B,-2,0,0,0.25,493,1200008493
4,focused,B,-2,0,0,0.25,494,1200008494
4,focused,B,-2,0,0,0.25,495,1200008495
4,focused,B,-2,0,0,0.25,496,1200008496
4,focused,B,-2,0,0,0.25,497,1200008497
4,focused,B,-2,0,0,0.25,498,1200008498
4,focused,B,-2,0,0,0.25,499,1200008499
4,focused,B,-2,0,0,0.25,500,1200008500
4,focused,B,-2,0,0,0.25,501,1200008501
4,focused,B,-2,0,0,0.25,502,1200008502
4,focused,B,-2,0,0,0.25,503,1200008503
4,focused,B,-2,0,0,0.25,504,1200008504
4,focused,B,-2,0,0,0.25,505,1200008505
4,focused,B,-2,0,0,0.25,506,1200008506
4,focused,B,-2,0,0,0.25,507,1200008507
4,focused,B,-2,0,0,0.25,508,1200008508
4,focused,B,-2,0,0,0.25,509,1200008509
4,focused,B,-2,0,0,0.25,510,1200008510
4,focused,B,-2,0,0,0.25,511,1200008511
4,focused,B,-2,0,0,0.25,512,1200008512
4,focused,B,-2,0,0,0.25,513,1200008513
4,focused,B,-2,0,0,0.25,514,1200008514
4,focused,B,-2,0,0,0.25,515,1200008515
4,focused,B,-2,0,0,0.25,516,1200008516
4,focused,B,-2,0,0,0.25,517,1200008517
4,focused,B,-2,0,0,0.25,518,1200008518
4,focused,B,-2,0,0,0.25,519,1200008519
4,focused,B,-2,0,0,0.25,520,1200008520
4,focused,B,-2,0,0,0.25,521,1200008521
4,focused,B,-2,0,0,0.25,522,1200008522
4,focused,B,-2,0,0,0.25,523,1200008523
4,focused,B,-2,0,0,0.25,524,1200008524
4,focused,B,-2,0,0,0.25,525,1200008525
4,focused,B,-2,0,0,0.25,526,1200008526
4,focused,B,-2,0,0,0.25,527,1200008527
4,focused,B,-2,0,0,0.25,528,1200008528
4,focused,B,-2,0,0,0.25,529,1200008529
4,focused,B,-2,0,0,0.25,530,1200008530
4,focused,B,-2,0,0,0.25,531,1200008531
4,focused,B,-2,0,0,0.25,532,1200008532
4,focused,B,-2,0,0,0.25,533,1200008533
4,focused,B,-2,0,0,0.25,534,1200008534
4,focused,B,-2,0,0,0.25,535,1200008535
4,focused,B,-2,0,0,0.25,536,1200008536
4,focused,B,-2,0,0,0.25,537,1200008537
4,focused,B,-2,0,0,0.25,538,1200008538
4,focused,B,-2,0,0,0.25,539,1200008539
4,focused,B,-2,0,0,0.25,540,1200008540
4,focused,B,-2,0,0,0.25,541,1200008541
4,focused,B,-2,0,0,0.25,542,1200008542
4,focused,B,-2,0,0,0.25,543,1200008543
4,focused,B,-2,0,0,0.25,544,1200008544
4,focused,B,-2,0,0,0.25,545,1200008545
4,focused,B,-2,0,0,0.25,546,1200008546
4,focused,B,-2,0,0,0.25,547,1200008547
4,focused,B,-2,0,0,0.25,548,1200008548
4,focused,B,-2,0,0,0.25,549,1200008549
4,focused,B,-2,0,0,0.25,550,1200008550
4,focused,B,-2,0,0,0.25,551,1200008551
4,focused,B,-2,0,0,0.25,552,1200008552
4,focused,B,-2,0,0,0.25,553,1200008553
4,focused,B,-2,0,0,0.25,554,1200008554
4,focused,B,-2,0,0,0.25,555,1200008555
4,focused,B,-2,0,0,0.25,556,1200008556
4,focused,B,-2,0,0,0.25,557,1200008557
4,focused,B,-2,0,0,0.25,558,1200008558
4,focused,B,-2,0,0,0.25,559,1200008559
4,focused,B,-2,0,0,0.25,560,1200008560
4,focused,B,-2,0,0,0.25,561,1200008561
4,focused,B,-2,0,0,0.25,562,1200008562
4,focused,B,-2,0,0,0.25,563,1200008563
4,focused,B,-2,0,0,0.25,564,1200008564
4,focused,B,-2,0,0,0.25,565,1200008565
4,focused,B,-2,0,0,0.25,566,1200008566
4,focused,B,-2,0,0,0.25,567,1200008567
4,focused,B,-2,0,0,0.25,568,1200008568
4,focused,B,-2,0,0,0.25,569,1200008569
4,focused,B,-2,0,0,0.25,570,1200008570
4,focused,B,-2,0,0,0.25,571,1200008571
4,focused,B,-2,0,0,0.25,572,1200008572
4,focused,B,-2,0,0,0.25,573,1200008573
4,focused,B,-2,0,0,0.25,574,1200008574
4,focused,B,-2,0,0,0.25,575,1200008575
4,focused,B,-2,0,0,0.25,576,1200008576
4,focused,B,-2,0,0,0.25,577,1200008577
4,focused,B,-2,0,0,0.25,578,1200008578
4,focused,B,-2,0,0,0.25,579,1200008579
4,focused,B,-2,0,0,0.25,580,1200008580
4,focused,B,-2,0,0,0.25,581,1200008581
4,focused,B,-2,0,0,0.25,582,1200008582
4,focused,B,-2,0,0,0.25,583,1200008583
4,focused,B,-2,0,0,0.25,584,1200008584
4,focused,B,-2,0,0,0.25,585,1200008585
4,focused,B,-2,0,0,0.25,586,1200008586
4,focused,B,-2,0,0,0.25,587,1200008587
4,focused,B,-2,0,0,0.25,588,1200008588
4,focused,B,-2,0,0,0.25,589,1200008589
4,focused,B,-2,0,0,0.25,590,1200008590
4,focused,B,-2,0,0,0.25,591,1200008591
4,focused,B,-2,0,0,0.25,592,1200008592
4,focused,B,-2,0,0,0.25,593,1200008593
4,focused,B,-2,0,0,0.25,594,1200008594
4,focused,B,-2,0,0,0.25,595,1200008595
4,focused,B,-2,0,0,0.25,596,1200008596
4,focused,B,-2,0,0,0.25,597,1200008597
4,focused,B,-2,0,0,0.25,598,1200008598
4,focused,B,-2,0,0,0.25,599,1200008599
4,focused,B,-2,0,0,0.25,600,1200008600
4,focused,B,-2,0,0,0.25,601,1200008601
4,focused,B,-2,0,0,0.25,602,1200008602
4,focused,B,-2,0,0,0.25,603,1200008603
4,focused,B,-2,0,0,0.25,604,1200008604
4,focused,B,-2,0,0,0.25,605,1200008605
4,focused,B,-2,0,0,0.25,606,1200008606
4,focused,B,-2,0,0,0.25,607,1200008607
4,focused,B,-2,0,0,0.25,608,1200008608
4,focused,B,-2,0,0,0.25,609,1200008609
4,focused,B,-2,0,0,0.25,610,1200008610
4,focused,B,-2,0,0,0.25,611,1200008611
4,focused,B,-2,0,0,0.25,612,1200008612
4,focused,B,-2,0,0,0.25,613,1200008613
4,focused,B,-2,0,0,0.25,614,1200008614
4,focused,B,-2,0,0,0.25,615,1200008615
4,focused,B,-2,0,0,0.25,616,1200008616
4,focused,B,-2,0,0,0.25,617,1200008617
4,focused,B,-2,0,0,0.25,618,1200008618
4,focused,B,-2,0,0,0.25,619,1200008619
4,focused,B,-2,0,0,0.25,620,1200008620
4,focused,B,-2,0,0,0.25,621,1200008621
4,focused,B,-2,0,0,0.25,622,1200008622
4,focused,B,-2,0,0,0.25,623,1200008623
4,focused,B,-2,0,0,0.25,624,1200008624
4,focused,B,-2,0,0,0.25,625,1200008625
4,focused,B,-2,0,0,0.25,626,1200008626
4,focused,B,-2,0,0,0.25,627,1200008627
4,focused,B,-2,0,0,0.25,628,1200008628
4,focused,B,-2,0,0,0.25,629,1200008629
4,focused,B,-2,0,0,0.25,630,1200008630
4,focused,B,-2,0,0,0.25,631,1200008631
4,focused,B,-2,0,0,0.25,632,1200008632
4,focused,B,-2,0,0,0.25,633,1200008633
4,focused,B,-2,0,0,0.25,634,1200008634
4,focused,B,-2,0,0,0.25,635,1200008635
4,focused,B,-2,0,0,0.25,636,1200008636
4,focused,B,-2,0,0,0.25,637,1200008637
4,focused,B,-2,0,0,0.25,638,1200008638
4,focused,B,-2,0,0,0.25,639,1200008639
4,focused,B,-2,0,0,0.25,640,1200008640
4,focused,B,-2,0,0,0.25,641,1200008641
4,focused,B,-2,0,0,0.25,642,1200008642
4,focused,B,-2,0,0,0.25,643,1200008643
4,focused,B,-2,0,0,0.25,644,1200008644
4,focused,B,-2,0,0,0.25,645,1200008645
4,focused,B,-2,0,0,0.25,646,1200008646
4,focused,B,-2,0,0,0.25,647,1200008647
4,focused,B,-2,0,0,0.25,648,1200008648
4,focused,B,-2,0,0,0.25,649,1200008649
4,focused,B,-2,0,0,0.25,650,1200008650
4,focused,B,-2,0,0,0.25,651,1200008651
4,focused,B,-2,0,0,0.25,652,1200008652
4,focused,B,-2,0,0,0.25,653,1200008653
4,focused,B,-2,0,0,0.25,654,1200008654
4,focused,B,-2,0,0,0.25,655,1200008655
4,focused,B,-2,0,0,0.25,656,1200008656
4,focused,B,-2,0,0,0.25,657,1200008657
4,focused,B,-2,0,0,0.25,658,1200008658
4,focused,B,-2,0,0,0.25,659,1200008659
4,focused,B,-2,0,0,0.25,660,1200008660
4,focused,B,-2,0,0,0.25,661,1200008661
4,focused,B,-2,0,0,0.25,662,1200008662
4,focused,B,-2,0,0,0.25,663,1200008663
4,focused,B,-2,0,0,0.25,664,1200008664
4,focused,B,-2,0,0,0.25,665,1200008665
4,focused,B,-2,0,0,0.25,666,1200008666
4,focused,B,-2,0,0,0.25,667,1200008667
4,focused,B,-2,0,0,0.25,668,1200008668
4,focused,B,-2,0,0,0.25,669,1200008669
4,focused,B,-2,0,0,0.25,670,1200008670
4,focused,B,-2,0,0,0.25,671,1200008671
4,focused,B,-2,0,0,0.25,672,1200008672
4,focused,B,-2,0,0,0.25,673,1200008673
4,focused,B,-2,0,0,0.25,674,1200008674
4,focused,B,-2,0,0,0.25,675,1200008675
4,focused,B,-2,0,0,0.25,676,1200008676
4,focused,B,-2,0,0,0.25,677,1200008677
4,focused,B,-2,0,0,0.25,678,1200008678
4,focused,B,-2,0,0,0.25,679,1200008679
4,focused,B,-2,0,0,0.25,680,1200008680
4,focused,B,-2,0,0,0.25,681,1200008681
4,focused,B,-2,0,0,0.25,682,1200008682
4,focused,B,-2,0,0,0.25,683,1200008683
4,focused,B,-2,0,0,0.25,684,1200008684
4,focused,B,-2,0,0,0.25,685,1200008685
4,focused,B,-2,0,0,0.25,686,1200008686
4,focused,B,-2,0,0,0.25,687,1200008687
4,focused,B,-2,0,0,0.25,688,1200008688
4,focused,B,-2,0,0,0.25,689,1200008689
4,focused,B,-2,0,0,0.25,690,1200008690
4,focused,B,-2,0,0,0.25,691,1200008691
4,focused,B,-2,0,0,0.25,692,1200008692
4,focused,B,-2,0,0,0.25,693,1200008693
4,focused,B,-2,0,0,0.25,694,1200008694
4,focused,B,-2,0,0,0.25,695,1200008695
4,focused,B,-2,0,0,0.25,696,1200008696
4,focused,B,-2,0,0,0.25,697,1200008697
4,focused,B,-2,0,0,0.25,698,1200008698
4,focused,B,-2,0,0,0.25,699,1200008699
4,focused,B,-2,0,0,0.25,700,1200008700
4,focused,B,-2,0,0,0.25,701,1200008701
4,focused,B,-2,0,0,0.25,702,1200008702
4,focused,B,-2,0,0,0.25,703,1200008703
4,focused,B,-2,0,0,0.25,704,1200008704
4,focused,B,-2,0,0,0.25,705,1200008705
4,focused,B,-2,0,0,0.25,706,1200008706
4,focused,B,-2,0,0,0.25,707,1200008707
4,focused,B,-2,0,0,0.25,708,1200008708
4,focused,B,-2,0,0,0.25,709,1200008709
4,focused,B,-2,0,0,0.25,710,1200008710
4,focused,B,-2,0,0,0.25,711,1200008711
4,focused,B,-2,0,0,0.25,712,1200008712
4,focused,B,-2,0,0,0.25,713,1200008713
4,focused,B,-2,0,0,0.25,714,1200008714
4,focused,B,-2,0,0,0.25,715,1200008715
4,focused,B,-2,0,0,0.25,716,1200008716
4,focused,B,-2,0,0,0.25,717,1200008717
4,focused,B,-2,0,0,0.25,718,1200008718
4,focused,B,-2,0,0,0.25,719,1200008719
4,focused,B,-2,0,0,0.25,720,1200008720
4,focused,B,-2,0,0,0.25,721,1200008721
4,focused,B,-2,0,0,0.25,722,1200008722
4,focused,B,-2,0,0,0.25,723,1200008723
4,focused,B,-2,0,0,0.25,724,1200008724
4,focused,B,-2,0,0,0.25,725,1200008725
4,focused,B,-2,0,0,0.25,726,1200008726
4,focused,B,-2,0,0,0.25,727,1200008727
4,focused,B,-2,0,0,0.25,728,1200008728
4,focused,B,-2,0,0,0.25,729,1200008729
4,focused,B,-2,0,0,0.25,730,1200008730
4,focused,B,-2,0,0,0.25,731,1200008731
4,focused,B,-2,0,0,0.25,732,1200008732
4,focused,B,-2,0,0,0.25,733,1200008733
4,focused,B,-2,0,0,0.25,734,1200008734
4,focused,B,-2,0,0,0.25,735,1200008735
4,focused,B,-2,0,0,0.25,736,1200008736
4,focused,B,-2,0,0,0.25,737,1200008737
4,focused,B,-2,0,0,0.25,738,1200008738
4,focused,B,-2,0,0,0.25,739,1200008739
4,focused,B,-2,0,0,0.25,740,1200008740
4,focused,B,-2,0,0,0.25,741,1200008741
4,focused,B,-2,0,0,0.25,742,1200008742
4,focused,B,-2,0,0,0.25,743,1200008743
4,focused,B,-2,0,0,0.25,744,1200008744
4,focused,B,-2,0,0,0.25,745,1200008745
4,focused,B,-2,0,0,0.25,746,1200008746
4,focused,B,-2,0,0,0.25,747,1200008747
4,focused,B,-2,0,0,0.25,748,1200008748
4,focused,B,-2,0,0,0.25,749,1200008749
4,focused,B,-2,0,0,0.25,750,1200008750
4,focused,B,-2,0,0,0.25,751,1200008751
4,focused,B,-2,0,0,0.25,752,1200008752
4,focused,B,-2,0,0,0.25,753,1200008753
4,focused,B,-2,0,0,0.25,754,1200008754
4,focused,B,-2,0,0,0.25,755,1200008755
4,focused,B,-2,0,0,0.25,756,1200008756
4,focused,B,-2,0,0,0.25,757,1200008757
4,focused,B,-2,0,0,0.25,758,1200008758
4,focused,B,-2,0,0,0.25,759,1200008759
4,focused,B,-2,0,0,0.25,760,1200008760
4,focused,B,-2,0,0,0.25,761,1200008761
4,focused,B,-2,0,0,0.25,762,1200008762
4,focused,B,-2,0,0,0.25,763,1200008763
4,focused,B,-2,0,0,0.25,764,1200008764
4,focused,B,-2,0,0,0.25,765,1200008765
4,focused,B,-2,0,0,0.25,766,1200008766
4,focused,B,-2,0,0,0.25,767,1200008767
4,focused,B,-2,0,0,0.25,768,1200008768
4,focused,B,-2,0,0,0.25,769,1200008769
4,focused,B,-2,0,0,0.25,770,1200008770
4,focused,B,-2,0,0,0.25,771,1200008771
4,focused,B,-2,0,0,0.25,772,1200008772
4,focused,B,-2,0,0,0.25,773,1200008773
4,focused,B,-2,0,0,0.25,774,1200008774
4,focused,B,-2,0,0,0.25,775,1200008775
4,focused,B,-2,0,0,0.25,776,1200008776
4,focused,B,-2,0,0,0.25,777,1200008777
4,focused,B,-2,0,0,0.25,778,1200008778
4,focused,B,-2,0,0,0.25,779,1200008779
4,focused,B,-2,0,0,0.25,780,1200008780
4,focused,B,-2,0,0,0.25,781,1200008781
4,focused,B,-2,0,0,0.25,782,1200008782
4,focused,B,-2,0,0,0.25,783,1200008783
4,focused,B,-2,0,0,0.25,784,1200008784
4,focused,B,-2,0,0,0.25,785,1200008785
4,focused,B,-2,0,0,0.25,786,1200008786
4,focused,B,-2,0,0,0.25,787,1200008787
4,focused,B,-2,0,0,0.25,788,1200008788
4,focused,B,-2,0,0,0.25,789,1200008789
4,focused,B,-2,0,0,0.25,790,1200008790
4,focused,B,-2,0,0,0.25,791,1200008791
4,focused,B,-2,0,0,0.25,792,1200008792
4,focused,B,-2,0,0,0.25,793,1200008793
4,focused,B,-2,0,0,0.25,794,1200008794
4,focused,B,-2,0,0,0.25,795,1200008795
4,focused,B,-2,0,0,0.25,796,1200008796
4,focused,B,-2,0,0,0.25,797,1200008797
4,focused,B,-2,0,0,0.25,798,1200008798
4,focused,B,-2,0,0,0.25,799,1200008799
4,focused,B,-2,0,0,0.25,800,1200008800
4,focused,B,-2,0,0,0.25,801,1200008801
4,focused,B,-2,0,0,0.25,802,1200008802
4,focused,B,-2,0,0,0.25,803,1200008803
4,focused,B,-2,0,0,0.25,804,1200008804
4,focused,B,-2,0,0,0.25,805,1200008805
4,focused,B,-2,0,0,0.25,806,1200008806
4,focused,B,-2,0,0,0.25,807,1200008807
4,focused,B,-2,0,0,0.25,808,1200008808
4,focused,B,-2,0,0,0.25,809,1200008809
4,focused,B,-2,0,0,0.25,810,1200008810
4,focused,B,-2,0,0,0.25,811,1200008811
4,focused,B,-2,0,0,0.25,812,1200008812
4,focused,B,-2,0,0,0.25,813,1200008813
4,focused,B,-2,0,0,0.25,814,1200008814
4,focused,B,-2,0,0,0.25,815,1200008815
4,focused,B,-2,0,0,0.25,816,1200008816
4,focused,B,-2,0,0,0.25,817,1200008817
4,focused,B,-2,0,0,0.25,818,1200008818
4,focused,B,-2,0,0,0.25,819,1200008819
4,focused,B,-2,0,0,0.25,820,1200008820
4,focused,B,-2,0,0,0.25,821,1200008821
4,focused,B,-2,0,0,0.25,822,1200008822
4,focused,B,-2,0,0,0.25,823,1200008823
4,focused,B,-2,0,0,0.25,824,1200008824
4,focused,B,-2,0,0,0.25,825,1200008825
4,focused,B,-2,0,0,0.25,826,1200008826
4,focused,B,-2,0,0,0.25,827,1200008827
4,focused,B,-2,0,0,0.25,828,1200008828
4,focused,B,-2,0,0,0.25,829,1200008829
4,focused,B,-2,0,0,0.25,830,1200008830
4,focused,B,-2,0,0,0.25,831,1200008831
4,focused,B,-2,0,0,0.25,832,1200008832
4,focused,B,-2,0,0,0.25,833,1200008833
4,focused,B,-2,0,0,0.25,834,1200008834
4,focused,B,-2,0,0,0.25,835,1200008835
4,focused,B,-2,0,0,0.25,836,1200008836
4,focused,B,-2,0,0,0.25,837,1200008837
4,focused,B,-2,0,0,0.25,838,1200008838
4,focused,B,-2,0,0,0.25,839,1200008839
4,focused,B,-2,0,0,0.25,840,1200008840
4,focused,B,-2,0,0,0.25,841,1200008841
4,focused,B,-2,0,0,0.25,842,1200008842
4,focused,B,-2,0,0,0.25,843,1200008843
4,focused,B,-2,0,0,0.25,844,1200008844
4,focused,B,-2,0,0,0.25,845,1200008845
4,focused,B,-2,0,0,0.25,846,1200008846
4,focused,B,-2,0,0,0.25,847,1200008847
4,focused,B,-2,0,0,0.25,848,1200008848
4,focused,B,-2,0,0,0.25,849,1200008849
4,focused,B,-2,0,0,0.25,850,1200008850
4,focused,B,-2,0,0,0.25,851,1200008851
4,focused,B,-2,0,0,0.25,852,1200008852
4,focused,B,-2,0,0,0.25,853,1200008853
4,focused,B,-2,0,0,0.25,854,1200008854
4,focused,B,-2,0,0,0.25,855,1200008855
4,focused,B,-2,0,0,0.25,856,1200008856
4,focused,B,-2,0,0,0.25,857,1200008857
4,focused,B,-2,0,0,0.25,858,1200008858
4,focused,B,-2,0,0,0.25,859,1200008859
4,focused,B,-2,0,0,0.25,860,1200008860
4,focused,B,-2,0,0,0.25,861,1200008861
4,focused,B,-2,0,0,0.25,862,1200008862
4,focused,B,-2,0,0,0.25,863,1200008863
4,focused,B,-2,0,0,0.25,864,1200008864
4,focused,B,-2,0,0,0.25,865,1200008865
4,focused,B,-2,0,0,0.25,866,1200008866
4,focused,B,-2,0,0,0.25,867,1200008867
4,focused,B,-2,0,0,0.25,868,1200008868
4,focused,B,-2,0,0,0.25,869,1200008869
4,focused,B,-2,0,0,0.25,870,1200008870
4,focused,B,-2,0,0,0.25,871,1200008871
4,focused,B,-2,0,0,0.25,872,1200008872
4,focused,B,-2,0,0,0.25,873,1200008873
4,focused,B,-2,0,0,0.25,874,1200008874
4,focused,B,-2,0,0,0.25,875,1200008875
4,focused,B,-2,0,0,0.25,876,1200008876
4,focused,B,-2,0,0,0.25,877,1200008877
4,focused,B,-2,0,0,0.25,878,1200008878
4,focused,B,-2,0,0,0.25,879,1200008879
4,focused,B,-2,0,0,0.25,880,1200008880
4,focused,B,-2,0,0,0.25,881,1200008881
4,focused,B,-2,0,0,0.25,882,1200008882
4,focused,B,-2,0,0,0.25,883,1200008883
4,focused,B,-2,0,0,0.25,884,1200008884
4,focused,B,-2,0,0,0.25,885,1200008885
4,focused,B,-2,0,0,0.25,886,1200008886
4,focused,B,-2,0,0,0.25,887,1200008887
4,focused,B,-2,0,0,0.25,888,1200008888
4,focused,B,-2,0,0,0.25,889,1200008889
4,focused,B,-2,0,0,0.25,890,1200008890
4,focused,B,-2,0,0,0.25,891,1200008891
4,focused,B,-2,0,0,0.25,892,1200008892
4,focused,B,-2,0,0,0.25,893,1200008893
4,focused,B,-2,0,0,0.25,894,1200008894
4,focused,B,-2,0,0,0.25,895,1200008895
4,focused,B,-2,0,0,0.25,896,1200008896
4,focused,B,-2,0,0,0.25,897,1200008897
4,focused,B,-2,0,0,0.25,898,1200008898
4,focused,B,-2,0,0,0.25,899,1200008899
4,focused,B,-2,0,0,0.25,900,1200008900
4,focused,B,-2,0,0,0.25,901,1200008901
4,focused,B,-2,0,0,0.25,902,1200008902
4,focused,B,-2,0,0,0.25,903,1200008903
4,focused,B,-2,0,0,0.25,904,1200008904
4,focused,B,-2,0,0,0.25,905,1200008905
4,focused,B,-2,0,0,0.25,906,1200008906
4,focused,B,-2,0,0,0.25,907,1200008907
4,focused,B,-2,0,0,0.25,908,1200008908
4,focused,B,-2,0,0,0.25,909,1200008909
4,focused,B,-2,0,0,0.25,910,1200008910
4,focused,B,-2,0,0,0.25,911,1200008911
4,focused,B,-2,0,0,0.25,912,1200008912
4,focused,B,-2,0,0,0.25,913,1200008913
4,focused,B,-2,0,0,0.25,914,1200008914
4,focused,B,-2,0,0,0.25,915,1200008915
4,focused,B,-2,0,0,0.25,916,1200008916
4,focused,B,-2,0,0,0.25,917,1200008917
4,focused,B,-2,0,0,0.25,918,1200008918
4,focused,B,-2,0,0,0.25,919,1200008919
4,focused,B,-2,0,0,0.25,920,1200008920
4,focused,B,-2,0,0,0.25,921,1200008921
4,focused,B,-2,0,0,0.25,922,1200008922
4,focused,B,-2,0,0,0.25,923,1200008923
4,focused,B,-2,0,0,0.25,924,1200008924
4,focused,B,-2,0,0,0.25,925,1200008925
4,focused,B,-2,0,0,0.25,926,1200008926
4,focused,B,-2,0,0,0.25,927,1200008927
4,focused,B,-2,0,0,0.25,928,1200008928
4,focused,B,-2,0,0,0.25,929,1200008929
4,focused,B,-2,0,0,0.25,930,1200008930
4,focused,B,-2,0,0,0.25,931,1200008931
4,focused,B,-2,0,0,0.25,932,1200008932
4,focused,B,-2,0,0,0.25,933,1200008933
4,focused,B,-2,0,0,0.25,934,1200008934
4,focused,B,-2,0,0,0.25,935,1200008935
4,focused,B,-2,0,0,0.25,936,1200008936
4,focused,B,-2,0,0,0.25,937,1200008937
4,focused,B,-2,0,0,0.25,938,1200008938
4,focused,B,-2,0,0,0.25,939,1200008939
4,focused,B,-2,0,0,0.25,940,1200008940
4,focused,B,-2,0,0,0.25,941,1200008941
4,focused,B,-2,0,0,0.25,942,1200008942
4,focused,B,-2,0,0,0.25,943,1200008943
4,focused,B,-2,0,0,0.25,944,1200008944
4,focused,B,-2,0,0,0.25,945,1200008945
4,focused,B,-2,0,0,0.25,946,1200008946
4,focused,B,-2,0,0,0.25,947,1200008947
4,focused,B,-2,0,0,0.25,948,1200008948
4,focused,B,-2,0,0,0.25,949,1200008949
4,focused,B,-2,0,0,0.25,950,1200008950
4,focused,B,-2,0,0,0.25,951,1200008951
4,focused,B,-2,0,0,0.25,952,1200008952
4,focused,B,-2,0,0,0.25,953,1200008953
4,focused,B,-2,0,0,0.25,954,1200008954
4,focused,B,-2,0,0,0.25,955,1200008955
4,focused,B,-2,0,0,0.25,956,1200008956
4,focused,B,-2,0,0,0.25,957,1200008957
4,focused,B,-2,0,0,0.25,958,1200008958
4,focused,B,-2,0,0,0.25,959,1200008959
4,focused,B,-2,0,0,0.25,960,1200008960
4,focused,B,-2,0,0,0.25,961,1200008961
4,focused,B,-2,0,0,0.25,962,1200008962
4,focused,B,-2,0,0,0.25,963,1200008963
4,focused,B,-2,0,0,0.25,964,1200008964
4,focused,B,-2,0,0,0.25,965,1200008965
4,focused,B,-2,0,0,0.25,966,1200008966
4,focused,B,-2,0,0,0.25,967,1200008967
4,focused,B,-2,0,0,0.25,968,1200008968
4,focused,B,-2,0,0,0.25,969,1200008969
4,focused,B,-2,0,0,0.25,970,1200008970
4,focused,B,-2,0,0,0.25,971,1200008971
4,focused,B,-2,0,0,0.25,972,1200008972
4,focused,B,-2,0,0,0.25,973,1200008973
4,focused,B,-2,0,0,0.25,974,1200008974
4,focused,B,-2,0,0,0.25,975,1200008975
4,focused,B,-2,0,0,0.25,976,1200008976
4,focused,B,-2,0,0,0.25,977,1200008977
4,focused,B,-2,0,0,0.25,978,1200008978
4,focused,B,-2,0,0,0.25,979,1200008979
4,focused,B,-2,0,0,0.25,980,1200008980
4,focused,B,-2,0,0,0.25,981,1200008981
4,focused,B,-2,0,0,0.25,982,1200008982
4,focused,B,-2,0,0,0.25,983,1200008983
4,focused,B,-2,0,0,0.25,984,1200008984
4,focused,B,-2,0,0,0.25,985,1200008985
4,focused,B,-2,0,0,0.25,986,1200008986
4,focused,B,-2,0,0,0.25,987,1200008987
4,focused,B,-2,0,0,0.25,988,1200008988
4,focused,B,-2,0,0,0.25,989,1200008989
4,focused,B,-2,0,0,0.25,990,1200008990
4,focused,B,-2,0,0,0.25,991,1200008991
4,focused,B,-2,0,0,0.25,992,1200008992
4,focused,B,-2,0,0,0.25,993,1200008993
4,focused,B,-2,0,0,0.25,994,1200008994
4,focused,B,-2,0,0,0.25,995,1200008995
4,focused,B,-2,0,0,0.25,996,1200008996
4,focused,B,-2,0,0,0.25,997,1200008997
4,focused,B,-2,0,0,0.25,998,1200008998
4,focused,B,-2,0,0,0.25,999,1200008999
4,focused,B,-2,0,0,0.25,1000,1200009000
5,focused,B,-2,0,0,4,1,1200010001
5,focused,B,-2,0,0,4,2,1200010002
5,focused,B,-2,0,0,4,3,1200010003
5,focused,B,-2,0,0,4,4,1200010004
5,focused,B,-2,0,0,4,5,1200010005
5,focused,B,-2,0,0,4,6,1200010006
5,focused,B,-2,0,0,4,7,1200010007
5,focused,B,-2,0,0,4,8,1200010008
5,focused,B,-2,0,0,4,9,1200010009
5,focused,B,-2,0,0,4,10,1200010010
5,focused,B,-2,0,0,4,11,1200010011
5,focused,B,-2,0,0,4,12,1200010012
5,focused,B,-2,0,0,4,13,1200010013
5,focused,B,-2,0,0,4,14,1200010014
5,focused,B,-2,0,0,4,15,1200010015
5,focused,B,-2,0,0,4,16,1200010016
5,focused,B,-2,0,0,4,17,1200010017
5,focused,B,-2,0,0,4,18,1200010018
5,focused,B,-2,0,0,4,19,1200010019
5,focused,B,-2,0,0,4,20,1200010020
5,focused,B,-2,0,0,4,21,1200010021
5,focused,B,-2,0,0,4,22,1200010022
5,focused,B,-2,0,0,4,23,1200010023
5,focused,B,-2,0,0,4,24,1200010024
5,focused,B,-2,0,0,4,25,1200010025
5,focused,B,-2,0,0,4,26,1200010026
5,focused,B,-2,0,0,4,27,1200010027
5,focused,B,-2,0,0,4,28,1200010028
5,focused,B,-2,0,0,4,29,1200010029
5,focused,B,-2,0,0,4,30,1200010030
5,focused,B,-2,0,0,4,31,1200010031
5,focused,B,-2,0,0,4,32,1200010032
5,focused,B,-2,0,0,4,33,1200010033
5,focused,B,-2,0,0,4,34,1200010034
5,focused,B,-2,0,0,4,35,1200010035
5,focused,B,-2,0,0,4,36,1200010036
5,focused,B,-2,0,0,4,37,1200010037
5,focused,B,-2,0,0,4,38,1200010038
5,focused,B,-2,0,0,4,39,1200010039
5,focused,B,-2,0,0,4,40,1200010040
5,focused,B,-2,0,0,4,41,1200010041
5,focused,B,-2,0,0,4,42,1200010042
5,focused,B,-2,0,0,4,43,1200010043
5,focused,B,-2,0,0,4,44,1200010044
5,focused,B,-2,0,0,4,45,1200010045
5,focused,B,-2,0,0,4,46,1200010046
5,focused,B,-2,0,0,4,47,1200010047
5,focused,B,-2,0,0,4,48,1200010048
5,focused,B,-2,0,0,4,49,1200010049
5,focused,B,-2,0,0,4,50,1200010050
5,focused,B,-2,0,0,4,51,1200010051
5,focused,B,-2,0,0,4,52,1200010052
5,focused,B,-2,0,0,4,53,1200010053
5,focused,B,-2,0,0,4,54,1200010054
5,focused,B,-2,0,0,4,55,1200010055
5,focused,B,-2,0,0,4,56,1200010056
5,focused,B,-2,0,0,4,57,1200010057
5,focused,B,-2,0,0,4,58,1200010058
5,focused,B,-2,0,0,4,59,1200010059
5,focused,B,-2,0,0,4,60,1200010060
5,focused,B,-2,0,0,4,61,1200010061
5,focused,B,-2,0,0,4,62,1200010062
5,focused,B,-2,0,0,4,63,1200010063
5,focused,B,-2,0,0,4,64,1200010064
5,focused,B,-2,0,0,4,65,1200010065
5,focused,B,-2,0,0,4,66,1200010066
5,focused,B,-2,0,0,4,67,1200010067
5,focused,B,-2,0,0,4,68,1200010068
5,focused,B,-2,0,0,4,69,1200010069
5,focused,B,-2,0,0,4,70,1200010070
5,focused,B,-2,0,0,4,71,1200010071
5,focused,B,-2,0,0,4,72,1200010072
5,focused,B,-2,0,0,4,73,1200010073
5,focused,B,-2,0,0,4,74,1200010074
5,focused,B,-2,0,0,4,75,1200010075
5,focused,B,-2,0,0,4,76,1200010076
5,focused,B,-2,0,0,4,77,1200010077
5,focused,B,-2,0,0,4,78,1200010078
5,focused,B,-2,0,0,4,79,1200010079
5,focused,B,-2,0,0,4,80,1200010080
5,focused,B,-2,0,0,4,81,1200010081
5,focused,B,-2,0,0,4,82,1200010082
5,focused,B,-2,0,0,4,83,1200010083
5,focused,B,-2,0,0,4,84,1200010084
5,focused,B,-2,0,0,4,85,1200010085
5,focused,B,-2,0,0,4,86,1200010086
5,focused,B,-2,0,0,4,87,1200010087
5,focused,B,-2,0,0,4,88,1200010088
5,focused,B,-2,0,0,4,89,1200010089
5,focused,B,-2,0,0,4,90,1200010090
5,focused,B,-2,0,0,4,91,1200010091
5,focused,B,-2,0,0,4,92,1200010092
5,focused,B,-2,0,0,4,93,1200010093
5,focused,B,-2,0,0,4,94,1200010094
5,focused,B,-2,0,0,4,95,1200010095
5,focused,B,-2,0,0,4,96,1200010096
5,focused,B,-2,0,0,4,97,1200010097
5,focused,B,-2,0,0,4,98,1200010098
5,focused,B,-2,0,0,4,99,1200010099
5,focused,B,-2,0,0,4,100,1200010100
5,focused,B,-2,0,0,4,101,1200010101
5,focused,B,-2,0,0,4,102,1200010102
5,focused,B,-2,0,0,4,103,1200010103
5,focused,B,-2,0,0,4,104,1200010104
5,focused,B,-2,0,0,4,105,1200010105
5,focused,B,-2,0,0,4,106,1200010106
5,focused,B,-2,0,0,4,107,1200010107
5,focused,B,-2,0,0,4,108,1200010108
5,focused,B,-2,0,0,4,109,1200010109
5,focused,B,-2,0,0,4,110,1200010110
5,focused,B,-2,0,0,4,111,1200010111
5,focused,B,-2,0,0,4,112,1200010112
5,focused,B,-2,0,0,4,113,1200010113
5,focused,B,-2,0,0,4,114,1200010114
5,focused,B,-2,0,0,4,115,1200010115
5,focused,B,-2,0,0,4,116,1200010116
5,focused,B,-2,0,0,4,117,1200010117
5,focused,B,-2,0,0,4,118,1200010118
5,focused,B,-2,0,0,4,119,1200010119
5,focused,B,-2,0,0,4,120,1200010120
5,focused,B,-2,0,0,4,121,1200010121
5,focused,B,-2,0,0,4,122,1200010122
5,focused,B,-2,0,0,4,123,1200010123
5,focused,B,-2,0,0,4,124,1200010124
5,focused,B,-2,0,0,4,125,1200010125
5,focused,B,-2,0,0,4,126,1200010126
5,focused,B,-2,0,0,4,127,1200010127
5,focused,B,-2,0,0,4,128,1200010128
5,focused,B,-2,0,0,4,129,1200010129
5,focused,B,-2,0,0,4,130,1200010130
5,focused,B,-2,0,0,4,131,1200010131
5,focused,B,-2,0,0,4,132,1200010132
5,focused,B,-2,0,0,4,133,1200010133
5,focused,B,-2,0,0,4,134,1200010134
5,focused,B,-2,0,0,4,135,1200010135
5,focused,B,-2,0,0,4,136,1200010136
5,focused,B,-2,0,0,4,137,1200010137
5,focused,B,-2,0,0,4,138,1200010138
5,focused,B,-2,0,0,4,139,1200010139
5,focused,B,-2,0,0,4,140,1200010140
5,focused,B,-2,0,0,4,141,1200010141
5,focused,B,-2,0,0,4,142,1200010142
5,focused,B,-2,0,0,4,143,1200010143
5,focused,B,-2,0,0,4,144,1200010144
5,focused,B,-2,0,0,4,145,1200010145
5,focused,B,-2,0,0,4,146,1200010146
5,focused,B,-2,0,0,4,147,1200010147
5,focused,B,-2,0,0,4,148,1200010148
5,focused,B,-2,0,0,4,149,1200010149
5,focused,B,-2,0,0,4,150,1200010150
5,focused,B,-2,0,0,4,151,1200010151
5,focused,B,-2,0,0,4,152,1200010152
5,focused,B,-2,0,0,4,153,1200010153
5,focused,B,-2,0,0,4,154,1200010154
5,focused,B,-2,0,0,4,155,1200010155
5,focused,B,-2,0,0,4,156,1200010156
5,focused,B,-2,0,0,4,157,1200010157
5,focused,B,-2,0,0,4,158,1200010158
5,focused,B,-2,0,0,4,159,1200010159
5,focused,B,-2,0,0,4,160,1200010160
5,focused,B,-2,0,0,4,161,1200010161
5,focused,B,-2,0,0,4,162,1200010162
5,focused,B,-2,0,0,4,163,1200010163
5,focused,B,-2,0,0,4,164,1200010164
5,focused,B,-2,0,0,4,165,1200010165
5,focused,B,-2,0,0,4,166,1200010166
5,focused,B,-2,0,0,4,167,1200010167
5,focused,B,-2,0,0,4,168,1200010168
5,focused,B,-2,0,0,4,169,1200010169
5,focused,B,-2,0,0,4,170,1200010170
5,focused,B,-2,0,0,4,171,1200010171
5,focused,B,-2,0,0,4,172,1200010172
5,focused,B,-2,0,0,4,173,1200010173
5,focused,B,-2,0,0,4,174,1200010174
5,focused,B,-2,0,0,4,175,1200010175
5,focused,B,-2,0,0,4,176,1200010176
5,focused,B,-2,0,0,4,177,1200010177
5,focused,B,-2,0,0,4,178,1200010178
5,focused,B,-2,0,0,4,179,1200010179
5,focused,B,-2,0,0,4,180,1200010180
5,focused,B,-2,0,0,4,181,1200010181
5,focused,B,-2,0,0,4,182,1200010182
5,focused,B,-2,0,0,4,183,1200010183
5,focused,B,-2,0,0,4,184,1200010184
5,focused,B,-2,0,0,4,185,1200010185
5,focused,B,-2,0,0,4,186,1200010186
5,focused,B,-2,0,0,4,187,1200010187
5,focused,B,-2,0,0,4,188,1200010188
5,focused,B,-2,0,0,4,189,1200010189
5,focused,B,-2,0,0,4,190,1200010190
5,focused,B,-2,0,0,4,191,1200010191
5,focused,B,-2,0,0,4,192,1200010192
5,focused,B,-2,0,0,4,193,1200010193
5,focused,B,-2,0,0,4,194,1200010194
5,focused,B,-2,0,0,4,195,1200010195
5,focused,B,-2,0,0,4,196,1200010196
5,focused,B,-2,0,0,4,197,1200010197
5,focused,B,-2,0,0,4,198,1200010198
5,focused,B,-2,0,0,4,199,1200010199
5,focused,B,-2,0,0,4,200,1200010200
5,focused,B,-2,0,0,4,201,1200010201
5,focused,B,-2,0,0,4,202,1200010202
5,focused,B,-2,0,0,4,203,1200010203
5,focused,B,-2,0,0,4,204,1200010204
5,focused,B,-2,0,0,4,205,1200010205
5,focused,B,-2,0,0,4,206,1200010206
5,focused,B,-2,0,0,4,207,1200010207
5,focused,B,-2,0,0,4,208,1200010208
5,focused,B,-2,0,0,4,209,1200010209
5,focused,B,-2,0,0,4,210,1200010210
5,focused,B,-2,0,0,4,211,1200010211
5,focused,B,-2,0,0,4,212,1200010212
5,focused,B,-2,0,0,4,213,1200010213
5,focused,B,-2,0,0,4,214,1200010214
5,focused,B,-2,0,0,4,215,1200010215
5,focused,B,-2,0,0,4,216,1200010216
5,focused,B,-2,0,0,4,217,1200010217
5,focused,B,-2,0,0,4,218,1200010218
5,focused,B,-2,0,0,4,219,1200010219
5,focused,B,-2,0,0,4,220,1200010220
5,focused,B,-2,0,0,4,221,1200010221
5,focused,B,-2,0,0,4,222,1200010222
5,focused,B,-2,0,0,4,223,1200010223
5,focused,B,-2,0,0,4,224,1200010224
5,focused,B,-2,0,0,4,225,1200010225
5,focused,B,-2,0,0,4,226,1200010226
5,focused,B,-2,0,0,4,227,1200010227
5,focused,B,-2,0,0,4,228,1200010228
5,focused,B,-2,0,0,4,229,1200010229
5,focused,B,-2,0,0,4,230,1200010230
5,focused,B,-2,0,0,4,231,1200010231
5,focused,B,-2,0,0,4,232,1200010232
5,focused,B,-2,0,0,4,233,1200010233
5,focused,B,-2,0,0,4,234,1200010234
5,focused,B,-2,0,0,4,235,1200010235
5,focused,B,-2,0,0,4,236,1200010236
5,focused,B,-2,0,0,4,237,1200010237
5,focused,B,-2,0,0,4,238,1200010238
5,focused,B,-2,0,0,4,239,1200010239
5,focused,B,-2,0,0,4,240,1200010240
5,focused,B,-2,0,0,4,241,1200010241
5,focused,B,-2,0,0,4,242,1200010242
5,focused,B,-2,0,0,4,243,1200010243
5,focused,B,-2,0,0,4,244,1200010244
5,focused,B,-2,0,0,4,245,1200010245
5,focused,B,-2,0,0,4,246,1200010246
5,focused,B,-2,0,0,4,247,1200010247
5,focused,B,-2,0,0,4,248,1200010248
5,focused,B,-2,0,0,4,249,1200010249
5,focused,B,-2,0,0,4,250,1200010250
5,focused,B,-2,0,0,4,251,1200010251
5,focused,B,-2,0,0,4,252,1200010252
5,focused,B,-2,0,0,4,253,1200010253
5,focused,B,-2,0,0,4,254,1200010254
5,focused,B,-2,0,0,4,255,1200010255
5,focused,B,-2,0,0,4,256,1200010256
5,focused,B,-2,0,0,4,257,1200010257
5,focused,B,-2,0,0,4,258,1200010258
5,focused,B,-2,0,0,4,259,1200010259
5,focused,B,-2,0,0,4,260,1200010260
5,focused,B,-2,0,0,4,261,1200010261
5,focused,B,-2,0,0,4,262,1200010262
5,focused,B,-2,0,0,4,263,1200010263
5,focused,B,-2,0,0,4,264,1200010264
5,focused,B,-2,0,0,4,265,1200010265
5,focused,B,-2,0,0,4,266,1200010266
5,focused,B,-2,0,0,4,267,1200010267
5,focused,B,-2,0,0,4,268,1200010268
5,focused,B,-2,0,0,4,269,1200010269
5,focused,B,-2,0,0,4,270,1200010270
5,focused,B,-2,0,0,4,271,1200010271
5,focused,B,-2,0,0,4,272,1200010272
5,focused,B,-2,0,0,4,273,1200010273
5,focused,B,-2,0,0,4,274,1200010274
5,focused,B,-2,0,0,4,275,1200010275
5,focused,B,-2,0,0,4,276,1200010276
5,focused,B,-2,0,0,4,277,1200010277
5,focused,B,-2,0,0,4,278,1200010278
5,focused,B,-2,0,0,4,279,1200010279
5,focused,B,-2,0,0,4,280,1200010280
5,focused,B,-2,0,0,4,281,1200010281
5,focused,B,-2,0,0,4,282,1200010282
5,focused,B,-2,0,0,4,283,1200010283
5,focused,B,-2,0,0,4,284,1200010284
5,focused,B,-2,0,0,4,285,1200010285
5,focused,B,-2,0,0,4,286,1200010286
5,focused,B,-2,0,0,4,287,1200010287
5,focused,B,-2,0,0,4,288,1200010288
5,focused,B,-2,0,0,4,289,1200010289
5,focused,B,-2,0,0,4,290,1200010290
5,focused,B,-2,0,0,4,291,1200010291
5,focused,B,-2,0,0,4,292,1200010292
5,focused,B,-2,0,0,4,293,1200010293
5,focused,B,-2,0,0,4,294,1200010294
5,focused,B,-2,0,0,4,295,1200010295
5,focused,B,-2,0,0,4,296,1200010296
5,focused,B,-2,0,0,4,297,1200010297
5,focused,B,-2,0,0,4,298,1200010298
5,focused,B,-2,0,0,4,299,1200010299
5,focused,B,-2,0,0,4,300,1200010300
5,focused,B,-2,0,0,4,301,1200010301
5,focused,B,-2,0,0,4,302,1200010302
5,focused,B,-2,0,0,4,303,1200010303
5,focused,B,-2,0,0,4,304,1200010304
5,focused,B,-2,0,0,4,305,1200010305
5,focused,B,-2,0,0,4,306,1200010306
5,focused,B,-2,0,0,4,307,1200010307
5,focused,B,-2,0,0,4,308,1200010308
5,focused,B,-2,0,0,4,309,1200010309
5,focused,B,-2,0,0,4,310,1200010310
5,focused,B,-2,0,0,4,311,1200010311
5,focused,B,-2,0,0,4,312,1200010312
5,focused,B,-2,0,0,4,313,1200010313
5,focused,B,-2,0,0,4,314,1200010314
5,focused,B,-2,0,0,4,315,1200010315
5,focused,B,-2,0,0,4,316,1200010316
5,focused,B,-2,0,0,4,317,1200010317
5,focused,B,-2,0,0,4,318,1200010318
5,focused,B,-2,0,0,4,319,1200010319
5,focused,B,-2,0,0,4,320,1200010320
5,focused,B,-2,0,0,4,321,1200010321
5,focused,B,-2,0,0,4,322,1200010322
5,focused,B,-2,0,0,4,323,1200010323
5,focused,B,-2,0,0,4,324,1200010324
5,focused,B,-2,0,0,4,325,1200010325
5,focused,B,-2,0,0,4,326,1200010326
5,focused,B,-2,0,0,4,327,1200010327
5,focused,B,-2,0,0,4,328,1200010328
5,focused,B,-2,0,0,4,329,1200010329
5,focused,B,-2,0,0,4,330,1200010330
5,focused,B,-2,0,0,4,331,1200010331
5,focused,B,-2,0,0,4,332,1200010332
5,focused,B,-2,0,0,4,333,1200010333
5,focused,B,-2,0,0,4,334,1200010334
5,focused,B,-2,0,0,4,335,1200010335
5,focused,B,-2,0,0,4,336,1200010336
5,focused,B,-2,0,0,4,337,1200010337
5,focused,B,-2,0,0,4,338,1200010338
5,focused,B,-2,0,0,4,339,1200010339
5,focused,B,-2,0,0,4,340,1200010340
5,focused,B,-2,0,0,4,341,1200010341
5,focused,B,-2,0,0,4,342,1200010342
5,focused,B,-2,0,0,4,343,1200010343
5,focused,B,-2,0,0,4,344,1200010344
5,focused,B,-2,0,0,4,345,1200010345
5,focused,B,-2,0,0,4,346,1200010346
5,focused,B,-2,0,0,4,347,1200010347
5,focused,B,-2,0,0,4,348,1200010348
5,focused,B,-2,0,0,4,349,1200010349
5,focused,B,-2,0,0,4,350,1200010350
5,focused,B,-2,0,0,4,351,1200010351
5,focused,B,-2,0,0,4,352,1200010352
5,focused,B,-2,0,0,4,353,1200010353
5,focused,B,-2,0,0,4,354,1200010354
5,focused,B,-2,0,0,4,355,1200010355
5,focused,B,-2,0,0,4,356,1200010356
5,focused,B,-2,0,0,4,357,1200010357
5,focused,B,-2,0,0,4,358,1200010358
5,focused,B,-2,0,0,4,359,1200010359
5,focused,B,-2,0,0,4,360,1200010360
5,focused,B,-2,0,0,4,361,1200010361
5,focused,B,-2,0,0,4,362,1200010362
5,focused,B,-2,0,0,4,363,1200010363
5,focused,B,-2,0,0,4,364,1200010364
5,focused,B,-2,0,0,4,365,1200010365
5,focused,B,-2,0,0,4,366,1200010366
5,focused,B,-2,0,0,4,367,1200010367
5,focused,B,-2,0,0,4,368,1200010368
5,focused,B,-2,0,0,4,369,1200010369
5,focused,B,-2,0,0,4,370,1200010370
5,focused,B,-2,0,0,4,371,1200010371
5,focused,B,-2,0,0,4,372,1200010372
5,focused,B,-2,0,0,4,373,1200010373
5,focused,B,-2,0,0,4,374,1200010374
5,focused,B,-2,0,0,4,375,1200010375
5,focused,B,-2,0,0,4,376,1200010376
5,focused,B,-2,0,0,4,377,1200010377
5,focused,B,-2,0,0,4,378,1200010378
5,focused,B,-2,0,0,4,379,1200010379
5,focused,B,-2,0,0,4,380,1200010380
5,focused,B,-2,0,0,4,381,1200010381
5,focused,B,-2,0,0,4,382,1200010382
5,focused,B,-2,0,0,4,383,1200010383
5,focused,B,-2,0,0,4,384,1200010384
5,focused,B,-2,0,0,4,385,1200010385
5,focused,B,-2,0,0,4,386,1200010386
5,focused,B,-2,0,0,4,387,1200010387
5,focused,B,-2,0,0,4,388,1200010388
5,focused,B,-2,0,0,4,389,1200010389
5,focused,B,-2,0,0,4,390,1200010390
5,focused,B,-2,0,0,4,391,1200010391
5,focused,B,-2,0,0,4,392,1200010392
5,focused,B,-2,0,0,4,393,1200010393
5,focused,B,-2,0,0,4,394,1200010394
5,focused,B,-2,0,0,4,395,1200010395
5,focused,B,-2,0,0,4,396,1200010396
5,focused,B,-2,0,0,4,397,1200010397
5,focused,B,-2,0,0,4,398,1200010398
5,focused,B,-2,0,0,4,399,1200010399
5,focused,B,-2,0,0,4,400,1200010400
5,focused,B,-2,0,0,4,401,1200010401
5,focused,B,-2,0,0,4,402,1200010402
5,focused,B,-2,0,0,4,403,1200010403
5,focused,B,-2,0,0,4,404,1200010404
5,focused,B,-2,0,0,4,405,1200010405
5,focused,B,-2,0,0,4,406,1200010406
5,focused,B,-2,0,0,4,407,1200010407
5,focused,B,-2,0,0,4,408,1200010408
5,focused,B,-2,0,0,4,409,1200010409
5,focused,B,-2,0,0,4,410,1200010410
5,focused,B,-2,0,0,4,411,1200010411
5,focused,B,-2,0,0,4,412,1200010412
5,focused,B,-2,0,0,4,413,1200010413
5,focused,B,-2,0,0,4,414,1200010414
5,focused,B,-2,0,0,4,415,1200010415
5,focused,B,-2,0,0,4,416,1200010416
5,focused,B,-2,0,0,4,417,1200010417
5,focused,B,-2,0,0,4,418,1200010418
5,focused,B,-2,0,0,4,419,1200010419
5,focused,B,-2,0,0,4,420,1200010420
5,focused,B,-2,0,0,4,421,1200010421
5,focused,B,-2,0,0,4,422,1200010422
5,focused,B,-2,0,0,4,423,1200010423
5,focused,B,-2,0,0,4,424,1200010424
5,focused,B,-2,0,0,4,425,1200010425
5,focused,B,-2,0,0,4,426,1200010426
5,focused,B,-2,0,0,4,427,1200010427
5,focused,B,-2,0,0,4,428,1200010428
5,focused,B,-2,0,0,4,429,1200010429
5,focused,B,-2,0,0,4,430,1200010430
5,focused,B,-2,0,0,4,431,1200010431
5,focused,B,-2,0,0,4,432,1200010432
5,focused,B,-2,0,0,4,433,1200010433
5,focused,B,-2,0,0,4,434,1200010434
5,focused,B,-2,0,0,4,435,1200010435
5,focused,B,-2,0,0,4,436,1200010436
5,focused,B,-2,0,0,4,437,1200010437
5,focused,B,-2,0,0,4,438,1200010438
5,focused,B,-2,0,0,4,439,1200010439
5,focused,B,-2,0,0,4,440,1200010440
5,focused,B,-2,0,0,4,441,1200010441
5,focused,B,-2,0,0,4,442,1200010442
5,focused,B,-2,0,0,4,443,1200010443
5,focused,B,-2,0,0,4,444,1200010444
5,focused,B,-2,0,0,4,445,1200010445
5,focused,B,-2,0,0,4,446,1200010446
5,focused,B,-2,0,0,4,447,1200010447
5,focused,B,-2,0,0,4,448,1200010448
5,focused,B,-2,0,0,4,449,1200010449
5,focused,B,-2,0,0,4,450,1200010450
5,focused,B,-2,0,0,4,451,1200010451
5,focused,B,-2,0,0,4,452,1200010452
5,focused,B,-2,0,0,4,453,1200010453
5,focused,B,-2,0,0,4,454,1200010454
5,focused,B,-2,0,0,4,455,1200010455
5,focused,B,-2,0,0,4,456,1200010456
5,focused,B,-2,0,0,4,457,1200010457
5,focused,B,-2,0,0,4,458,1200010458
5,focused,B,-2,0,0,4,459,1200010459
5,focused,B,-2,0,0,4,460,1200010460
5,focused,B,-2,0,0,4,461,1200010461
5,focused,B,-2,0,0,4,462,1200010462
5,focused,B,-2,0,0,4,463,1200010463
5,focused,B,-2,0,0,4,464,1200010464
5,focused,B,-2,0,0,4,465,1200010465
5,focused,B,-2,0,0,4,466,1200010466
5,focused,B,-2,0,0,4,467,1200010467
5,focused,B,-2,0,0,4,468,1200010468
5,focused,B,-2,0,0,4,469,1200010469
5,focused,B,-2,0,0,4,470,1200010470
5,focused,B,-2,0,0,4,471,1200010471
5,focused,B,-2,0,0,4,472,1200010472
5,focused,B,-2,0,0,4,473,1200010473
5,focused,B,-2,0,0,4,474,1200010474
5,focused,B,-2,0,0,4,475,1200010475
5,focused,B,-2,0,0,4,476,1200010476
5,focused,B,-2,0,0,4,477,1200010477
5,focused,B,-2,0,0,4,478,1200010478
5,focused,B,-2,0,0,4,479,1200010479
5,focused,B,-2,0,0,4,480,1200010480
5,focused,B,-2,0,0,4,481,1200010481
5,focused,B,-2,0,0,4,482,1200010482
5,focused,B,-2,0,0,4,483,1200010483
5,focused,B,-2,0,0,4,484,1200010484
5,focused,B,-2,0,0,4,485,1200010485
5,focused,B,-2,0,0,4,486,1200010486
5,focused,B,-2,0,0,4,487,1200010487
5,focused,B,-2,0,0,4,488,1200010488
5,focused,B,-2,0,0,4,489,1200010489
5,focused,B,-2,0,0,4,490,1200010490
5,focused,B,-2,0,0,4,491,1200010491
5,focused,B,-2,0,0,4,492,1200010492
5,focused,B,-2,0,0,4,493,1200010493
5,focused,B,-2,0,0,4,494,1200010494
5,focused,B,-2,0,0,4,495,1200010495
5,focused,B,-2,0,0,4,496,1200010496
5,focused,B,-2,0,0,4,497,1200010497
5,focused,B,-2,0,0,4,498,1200010498
5,focused,B,-2,0,0,4,499,1200010499
5,focused,B,-2,0,0,4,500,1200010500
5,focused,B,-2,0,0,4,501,1200010501
5,focused,B,-2,0,0,4,502,1200010502
5,focused,B,-2,0,0,4,503,1200010503
5,focused,B,-2,0,0,4,504,1200010504
5,focused,B,-2,0,0,4,505,1200010505
5,focused,B,-2,0,0,4,506,1200010506
5,focused,B,-2,0,0,4,507,1200010507
5,focused,B,-2,0,0,4,508,1200010508
5,focused,B,-2,0,0,4,509,1200010509
5,focused,B,-2,0,0,4,510,1200010510
5,focused,B,-2,0,0,4,511,1200010511
5,focused,B,-2,0,0,4,512,1200010512
5,focused,B,-2,0,0,4,513,1200010513
5,focused,B,-2,0,0,4,514,1200010514
5,focused,B,-2,0,0,4,515,1200010515
5,focused,B,-2,0,0,4,516,1200010516
5,focused,B,-2,0,0,4,517,1200010517
5,focused,B,-2,0,0,4,518,1200010518
5,focused,B,-2,0,0,4,519,1200010519
5,focused,B,-2,0,0,4,520,1200010520
5,focused,B,-2,0,0,4,521,1200010521
5,focused,B,-2,0,0,4,522,1200010522
5,focused,B,-2,0,0,4,523,1200010523
5,focused,B,-2,0,0,4,524,1200010524
5,focused,B,-2,0,0,4,525,1200010525
5,focused,B,-2,0,0,4,526,1200010526
5,focused,B,-2,0,0,4,527,1200010527
5,focused,B,-2,0,0,4,528,1200010528
5,focused,B,-2,0,0,4,529,1200010529
5,focused,B,-2,0,0,4,530,1200010530
5,focused,B,-2,0,0,4,531,1200010531
5,focused,B,-2,0,0,4,532,1200010532
5,focused,B,-2,0,0,4,533,1200010533
5,focused,B,-2,0,0,4,534,1200010534
5,focused,B,-2,0,0,4,535,1200010535
5,focused,B,-2,0,0,4,536,1200010536
5,focused,B,-2,0,0,4,537,1200010537
5,focused,B,-2,0,0,4,538,1200010538
5,focused,B,-2,0,0,4,539,1200010539
5,focused,B,-2,0,0,4,540,1200010540
5,focused,B,-2,0,0,4,541,1200010541
5,focused,B,-2,0,0,4,542,1200010542
5,focused,B,-2,0,0,4,543,1200010543
5,focused,B,-2,0,0,4,544,1200010544
5,focused,B,-2,0,0,4,545,1200010545
5,focused,B,-2,0,0,4,546,1200010546
5,focused,B,-2,0,0,4,547,1200010547
5,focused,B,-2,0,0,4,548,1200010548
5,focused,B,-2,0,0,4,549,1200010549
5,focused,B,-2,0,0,4,550,1200010550
5,focused,B,-2,0,0,4,551,1200010551
5,focused,B,-2,0,0,4,552,1200010552
5,focused,B,-2,0,0,4,553,1200010553
5,focused,B,-2,0,0,4,554,1200010554
5,focused,B,-2,0,0,4,555,1200010555
5,focused,B,-2,0,0,4,556,1200010556
5,focused,B,-2,0,0,4,557,1200010557
5,focused,B,-2,0,0,4,558,1200010558
5,focused,B,-2,0,0,4,559,1200010559
5,focused,B,-2,0,0,4,560,1200010560
5,focused,B,-2,0,0,4,561,1200010561
5,focused,B,-2,0,0,4,562,1200010562
5,focused,B,-2,0,0,4,563,1200010563
5,focused,B,-2,0,0,4,564,1200010564
5,focused,B,-2,0,0,4,565,1200010565
5,focused,B,-2,0,0,4,566,1200010566
5,focused,B,-2,0,0,4,567,1200010567
5,focused,B,-2,0,0,4,568,1200010568
5,focused,B,-2,0,0,4,569,1200010569
5,focused,B,-2,0,0,4,570,1200010570
5,focused,B,-2,0,0,4,571,1200010571
5,focused,B,-2,0,0,4,572,1200010572
5,focused,B,-2,0,0,4,573,1200010573
5,focused,B,-2,0,0,4,574,1200010574
5,focused,B,-2,0,0,4,575,1200010575
5,focused,B,-2,0,0,4,576,1200010576
5,focused,B,-2,0,0,4,577,1200010577
5,focused,B,-2,0,0,4,578,1200010578
5,focused,B,-2,0,0,4,579,1200010579
5,focused,B,-2,0,0,4,580,1200010580
5,focused,B,-2,0,0,4,581,1200010581
5,focused,B,-2,0,0,4,582,1200010582
5,focused,B,-2,0,0,4,583,1200010583
5,focused,B,-2,0,0,4,584,1200010584
5,focused,B,-2,0,0,4,585,1200010585
5,focused,B,-2,0,0,4,586,1200010586
5,focused,B,-2,0,0,4,587,1200010587
5,focused,B,-2,0,0,4,588,1200010588
5,focused,B,-2,0,0,4,589,1200010589
5,focused,B,-2,0,0,4,590,1200010590
5,focused,B,-2,0,0,4,591,1200010591
5,focused,B,-2,0,0,4,592,1200010592
5,focused,B,-2,0,0,4,593,1200010593
5,focused,B,-2,0,0,4,594,1200010594
5,focused,B,-2,0,0,4,595,1200010595
5,focused,B,-2,0,0,4,596,1200010596
5,focused,B,-2,0,0,4,597,1200010597
5,focused,B,-2,0,0,4,598,1200010598
5,focused,B,-2,0,0,4,599,1200010599
5,focused,B,-2,0,0,4,600,1200010600
5,focused,B,-2,0,0,4,601,1200010601
5,focused,B,-2,0,0,4,602,1200010602
5,focused,B,-2,0,0,4,603,1200010603
5,focused,B,-2,0,0,4,604,1200010604
5,focused,B,-2,0,0,4,605,1200010605
5,focused,B,-2,0,0,4,606,1200010606
5,focused,B,-2,0,0,4,607,1200010607
5,focused,B,-2,0,0,4,608,1200010608
5,focused,B,-2,0,0,4,609,1200010609
5,focused,B,-2,0,0,4,610,1200010610
5,focused,B,-2,0,0,4,611,1200010611
5,focused,B,-2,0,0,4,612,1200010612
5,focused,B,-2,0,0,4,613,1200010613
5,focused,B,-2,0,0,4,614,1200010614
5,focused,B,-2,0,0,4,615,1200010615
5,focused,B,-2,0,0,4,616,1200010616
5,focused,B,-2,0,0,4,617,1200010617
5,focused,B,-2,0,0,4,618,1200010618
5,focused,B,-2,0,0,4,619,1200010619
5,focused,B,-2,0,0,4,620,1200010620
5,focused,B,-2,0,0,4,621,1200010621
5,focused,B,-2,0,0,4,622,1200010622
5,focused,B,-2,0,0,4,623,1200010623
5,focused,B,-2,0,0,4,624,1200010624
5,focused,B,-2,0,0,4,625,1200010625
5,focused,B,-2,0,0,4,626,1200010626
5,focused,B,-2,0,0,4,627,1200010627
5,focused,B,-2,0,0,4,628,1200010628
5,focused,B,-2,0,0,4,629,1200010629
5,focused,B,-2,0,0,4,630,1200010630
5,focused,B,-2,0,0,4,631,1200010631
5,focused,B,-2,0,0,4,632,1200010632
5,focused,B,-2,0,0,4,633,1200010633
5,focused,B,-2,0,0,4,634,1200010634
5,focused,B,-2,0,0,4,635,1200010635
5,focused,B,-2,0,0,4,636,1200010636
5,focused,B,-2,0,0,4,637,1200010637
5,focused,B,-2,0,0,4,638,1200010638
5,focused,B,-2,0,0,4,639,1200010639
5,focused,B,-2,0,0,4,640,1200010640
5,focused,B,-2,0,0,4,641,1200010641
5,focused,B,-2,0,0,4,642,1200010642
5,focused,B,-2,0,0,4,643,1200010643
5,focused,B,-2,0,0,4,644,1200010644
5,focused,B,-2,0,0,4,645,1200010645
5,focused,B,-2,0,0,4,646,1200010646
5,focused,B,-2,0,0,4,647,1200010647
5,focused,B,-2,0,0,4,648,1200010648
5,focused,B,-2,0,0,4,649,1200010649
5,focused,B,-2,0,0,4,650,1200010650
5,focused,B,-2,0,0,4,651,1200010651
5,focused,B,-2,0,0,4,652,1200010652
5,focused,B,-2,0,0,4,653,1200010653
5,focused,B,-2,0,0,4,654,1200010654
5,focused,B,-2,0,0,4,655,1200010655
5,focused,B,-2,0,0,4,656,1200010656
5,focused,B,-2,0,0,4,657,1200010657
5,focused,B,-2,0,0,4,658,1200010658
5,focused,B,-2,0,0,4,659,1200010659
5,focused,B,-2,0,0,4,660,1200010660
5,focused,B,-2,0,0,4,661,1200010661
5,focused,B,-2,0,0,4,662,1200010662
5,focused,B,-2,0,0,4,663,1200010663
5,focused,B,-2,0,0,4,664,1200010664
5,focused,B,-2,0,0,4,665,1200010665
5,focused,B,-2,0,0,4,666,1200010666
5,focused,B,-2,0,0,4,667,1200010667
5,focused,B,-2,0,0,4,668,1200010668
5,focused,B,-2,0,0,4,669,1200010669
5,focused,B,-2,0,0,4,670,1200010670
5,focused,B,-2,0,0,4,671,1200010671
5,focused,B,-2,0,0,4,672,1200010672
5,focused,B,-2,0,0,4,673,1200010673
5,focused,B,-2,0,0,4,674,1200010674
5,focused,B,-2,0,0,4,675,1200010675
5,focused,B,-2,0,0,4,676,1200010676
5,focused,B,-2,0,0,4,677,1200010677
5,focused,B,-2,0,0,4,678,1200010678
5,focused,B,-2,0,0,4,679,1200010679
5,focused,B,-2,0,0,4,680,1200010680
5,focused,B,-2,0,0,4,681,1200010681
5,focused,B,-2,0,0,4,682,1200010682
5,focused,B,-2,0,0,4,683,1200010683
5,focused,B,-2,0,0,4,684,1200010684
5,focused,B,-2,0,0,4,685,1200010685
5,focused,B,-2,0,0,4,686,1200010686
5,focused,B,-2,0,0,4,687,1200010687
5,focused,B,-2,0,0,4,688,1200010688
5,focused,B,-2,0,0,4,689,1200010689
5,focused,B,-2,0,0,4,690,1200010690
5,focused,B,-2,0,0,4,691,1200010691
5,focused,B,-2,0,0,4,692,1200010692
5,focused,B,-2,0,0,4,693,1200010693
5,focused,B,-2,0,0,4,694,1200010694
5,focused,B,-2,0,0,4,695,1200010695
5,focused,B,-2,0,0,4,696,1200010696
5,focused,B,-2,0,0,4,697,1200010697
5,focused,B,-2,0,0,4,698,1200010698
5,focused,B,-2,0,0,4,699,1200010699
5,focused,B,-2,0,0,4,700,1200010700
5,focused,B,-2,0,0,4,701,1200010701
5,focused,B,-2,0,0,4,702,1200010702
5,focused,B,-2,0,0,4,703,1200010703
5,focused,B,-2,0,0,4,704,1200010704
5,focused,B,-2,0,0,4,705,1200010705
5,focused,B,-2,0,0,4,706,1200010706
5,focused,B,-2,0,0,4,707,1200010707
5,focused,B,-2,0,0,4,708,1200010708
5,focused,B,-2,0,0,4,709,1200010709
5,focused,B,-2,0,0,4,710,1200010710
5,focused,B,-2,0,0,4,711,1200010711
5,focused,B,-2,0,0,4,712,1200010712
5,focused,B,-2,0,0,4,713,1200010713
5,focused,B,-2,0,0,4,714,1200010714
5,focused,B,-2,0,0,4,715,1200010715
5,focused,B,-2,0,0,4,716,1200010716
5,focused,B,-2,0,0,4,717,1200010717
5,focused,B,-2,0,0,4,718,1200010718
5,focused,B,-2,0,0,4,719,1200010719
5,focused,B,-2,0,0,4,720,1200010720
5,focused,B,-2,0,0,4,721,1200010721
5,focused,B,-2,0,0,4,722,1200010722
5,focused,B,-2,0,0,4,723,1200010723
5,focused,B,-2,0,0,4,724,1200010724
5,focused,B,-2,0,0,4,725,1200010725
5,focused,B,-2,0,0,4,726,1200010726
5,focused,B,-2,0,0,4,727,1200010727
5,focused,B,-2,0,0,4,728,1200010728
5,focused,B,-2,0,0,4,729,1200010729
5,focused,B,-2,0,0,4,730,1200010730
5,focused,B,-2,0,0,4,731,1200010731
5,focused,B,-2,0,0,4,732,1200010732
5,focused,B,-2,0,0,4,733,1200010733
5,focused,B,-2,0,0,4,734,1200010734
5,focused,B,-2,0,0,4,735,1200010735
5,focused,B,-2,0,0,4,736,1200010736
5,focused,B,-2,0,0,4,737,1200010737
5,focused,B,-2,0,0,4,738,1200010738
5,focused,B,-2,0,0,4,739,1200010739
5,focused,B,-2,0,0,4,740,1200010740
5,focused,B,-2,0,0,4,741,1200010741
5,focused,B,-2,0,0,4,742,1200010742
5,focused,B,-2,0,0,4,743,1200010743
5,focused,B,-2,0,0,4,744,1200010744
5,focused,B,-2,0,0,4,745,1200010745
5,focused,B,-2,0,0,4,746,1200010746
5,focused,B,-2,0,0,4,747,1200010747
5,focused,B,-2,0,0,4,748,1200010748
5,focused,B,-2,0,0,4,749,1200010749
5,focused,B,-2,0,0,4,750,1200010750
5,focused,B,-2,0,0,4,751,1200010751
5,focused,B,-2,0,0,4,752,1200010752
5,focused,B,-2,0,0,4,753,1200010753
5,focused,B,-2,0,0,4,754,1200010754
5,focused,B,-2,0,0,4,755,1200010755
5,focused,B,-2,0,0,4,756,1200010756
5,focused,B,-2,0,0,4,757,1200010757
5,focused,B,-2,0,0,4,758,1200010758
5,focused,B,-2,0,0,4,759,1200010759
5,focused,B,-2,0,0,4,760,1200010760
5,focused,B,-2,0,0,4,761,1200010761
5,focused,B,-2,0,0,4,762,1200010762
5,focused,B,-2,0,0,4,763,1200010763
5,focused,B,-2,0,0,4,764,1200010764
5,focused,B,-2,0,0,4,765,1200010765
5,focused,B,-2,0,0,4,766,1200010766
5,focused,B,-2,0,0,4,767,1200010767
5,focused,B,-2,0,0,4,768,1200010768
5,focused,B,-2,0,0,4,769,1200010769
5,focused,B,-2,0,0,4,770,1200010770
5,focused,B,-2,0,0,4,771,1200010771
5,focused,B,-2,0,0,4,772,1200010772
5,focused,B,-2,0,0,4,773,1200010773
5,focused,B,-2,0,0,4,774,1200010774
5,focused,B,-2,0,0,4,775,1200010775
5,focused,B,-2,0,0,4,776,1200010776
5,focused,B,-2,0,0,4,777,1200010777
5,focused,B,-2,0,0,4,778,1200010778
5,focused,B,-2,0,0,4,779,1200010779
5,focused,B,-2,0,0,4,780,1200010780
5,focused,B,-2,0,0,4,781,1200010781
5,focused,B,-2,0,0,4,782,1200010782
5,focused,B,-2,0,0,4,783,1200010783
5,focused,B,-2,0,0,4,784,1200010784
5,focused,B,-2,0,0,4,785,1200010785
5,focused,B,-2,0,0,4,786,1200010786
5,focused,B,-2,0,0,4,787,1200010787
5,focused,B,-2,0,0,4,788,1200010788
5,focused,B,-2,0,0,4,789,1200010789
5,focused,B,-2,0,0,4,790,1200010790
5,focused,B,-2,0,0,4,791,1200010791
5,focused,B,-2,0,0,4,792,1200010792
5,focused,B,-2,0,0,4,793,1200010793
5,focused,B,-2,0,0,4,794,1200010794
5,focused,B,-2,0,0,4,795,1200010795
5,focused,B,-2,0,0,4,796,1200010796
5,focused,B,-2,0,0,4,797,1200010797
5,focused,B,-2,0,0,4,798,1200010798
5,focused,B,-2,0,0,4,799,1200010799
5,focused,B,-2,0,0,4,800,1200010800
5,focused,B,-2,0,0,4,801,1200010801
5,focused,B,-2,0,0,4,802,1200010802
5,focused,B,-2,0,0,4,803,1200010803
5,focused,B,-2,0,0,4,804,1200010804
5,focused,B,-2,0,0,4,805,1200010805
5,focused,B,-2,0,0,4,806,1200010806
5,focused,B,-2,0,0,4,807,1200010807
5,focused,B,-2,0,0,4,808,1200010808
5,focused,B,-2,0,0,4,809,1200010809
5,focused,B,-2,0,0,4,810,1200010810
5,focused,B,-2,0,0,4,811,1200010811
5,focused,B,-2,0,0,4,812,1200010812
5,focused,B,-2,0,0,4,813,1200010813
5,focused,B,-2,0,0,4,814,1200010814
5,focused,B,-2,0,0,4,815,1200010815
5,focused,B,-2,0,0,4,816,1200010816
5,focused,B,-2,0,0,4,817,1200010817
5,focused,B,-2,0,0,4,818,1200010818
5,focused,B,-2,0,0,4,819,1200010819
5,focused,B,-2,0,0,4,820,1200010820
5,focused,B,-2,0,0,4,821,1200010821
5,focused,B,-2,0,0,4,822,1200010822
5,focused,B,-2,0,0,4,823,1200010823
5,focused,B,-2,0,0,4,824,1200010824
5,focused,B,-2,0,0,4,825,1200010825
5,focused,B,-2,0,0,4,826,1200010826
5,focused,B,-2,0,0,4,827,1200010827
5,focused,B,-2,0,0,4,828,1200010828
5,focused,B,-2,0,0,4,829,1200010829
5,focused,B,-2,0,0,4,830,1200010830
5,focused,B,-2,0,0,4,831,1200010831
5,focused,B,-2,0,0,4,832,1200010832
5,focused,B,-2,0,0,4,833,1200010833
5,focused,B,-2,0,0,4,834,1200010834
5,focused,B,-2,0,0,4,835,1200010835
5,focused,B,-2,0,0,4,836,1200010836
5,focused,B,-2,0,0,4,837,1200010837
5,focused,B,-2,0,0,4,838,1200010838
5,focused,B,-2,0,0,4,839,1200010839
5,focused,B,-2,0,0,4,840,1200010840
5,focused,B,-2,0,0,4,841,1200010841
5,focused,B,-2,0,0,4,842,1200010842
5,focused,B,-2,0,0,4,843,1200010843
5,focused,B,-2,0,0,4,844,1200010844
5,focused,B,-2,0,0,4,845,1200010845
5,focused,B,-2,0,0,4,846,1200010846
5,focused,B,-2,0,0,4,847,1200010847
5,focused,B,-2,0,0,4,848,1200010848
5,focused,B,-2,0,0,4,849,1200010849
5,focused,B,-2,0,0,4,850,1200010850
5,focused,B,-2,0,0,4,851,1200010851
5,focused,B,-2,0,0,4,852,1200010852
5,focused,B,-2,0,0,4,853,1200010853
5,focused,B,-2,0,0,4,854,1200010854
5,focused,B,-2,0,0,4,855,1200010855
5,focused,B,-2,0,0,4,856,1200010856
5,focused,B,-2,0,0,4,857,1200010857
5,focused,B,-2,0,0,4,858,1200010858
5,focused,B,-2,0,0,4,859,1200010859
5,focused,B,-2,0,0,4,860,1200010860
5,focused,B,-2,0,0,4,861,1200010861
5,focused,B,-2,0,0,4,862,1200010862
5,focused,B,-2,0,0,4,863,1200010863
5,focused,B,-2,0,0,4,864,1200010864
5,focused,B,-2,0,0,4,865,1200010865
5,focused,B,-2,0,0,4,866,1200010866
5,focused,B,-2,0,0,4,867,1200010867
5,focused,B,-2,0,0,4,868,1200010868
5,focused,B,-2,0,0,4,869,1200010869
5,focused,B,-2,0,0,4,870,1200010870
5,focused,B,-2,0,0,4,871,1200010871
5,focused,B,-2,0,0,4,872,1200010872
5,focused,B,-2,0,0,4,873,1200010873
5,focused,B,-2,0,0,4,874,1200010874
5,focused,B,-2,0,0,4,875,1200010875
5,focused,B,-2,0,0,4,876,1200010876
5,focused,B,-2,0,0,4,877,1200010877
5,focused,B,-2,0,0,4,878,1200010878
5,focused,B,-2,0,0,4,879,1200010879
5,focused,B,-2,0,0,4,880,1200010880
5,focused,B,-2,0,0,4,881,1200010881
5,focused,B,-2,0,0,4,882,1200010882
5,focused,B,-2,0,0,4,883,1200010883
5,focused,B,-2,0,0,4,884,1200010884
5,focused,B,-2,0,0,4,885,1200010885
5,focused,B,-2,0,0,4,886,1200010886
5,focused,B,-2,0,0,4,887,1200010887
5,focused,B,-2,0,0,4,888,1200010888
5,focused,B,-2,0,0,4,889,1200010889
5,focused,B,-2,0,0,4,890,1200010890
5,focused,B,-2,0,0,4,891,1200010891
5,focused,B,-2,0,0,4,892,1200010892
5,focused,B,-2,0,0,4,893,1200010893
5,focused,B,-2,0,0,4,894,1200010894
5,focused,B,-2,0,0,4,895,1200010895
5,focused,B,-2,0,0,4,896,1200010896
5,focused,B,-2,0,0,4,897,1200010897
5,focused,B,-2,0,0,4,898,1200010898
5,focused,B,-2,0,0,4,899,1200010899
5,focused,B,-2,0,0,4,900,1200010900
5,focused,B,-2,0,0,4,901,1200010901
5,focused,B,-2,0,0,4,902,1200010902
5,focused,B,-2,0,0,4,903,1200010903
5,focused,B,-2,0,0,4,904,1200010904
5,focused,B,-2,0,0,4,905,1200010905
5,focused,B,-2,0,0,4,906,1200010906
5,focused,B,-2,0,0,4,907,1200010907
5,focused,B,-2,0,0,4,908,1200010908
5,focused,B,-2,0,0,4,909,1200010909
5,focused,B,-2,0,0,4,910,1200010910
5,focused,B,-2,0,0,4,911,1200010911
5,focused,B,-2,0,0,4,912,1200010912
5,focused,B,-2,0,0,4,913,1200010913
5,focused,B,-2,0,0,4,914,1200010914
5,focused,B,-2,0,0,4,915,1200010915
5,focused,B,-2,0,0,4,916,1200010916
5,focused,B,-2,0,0,4,917,1200010917
5,focused,B,-2,0,0,4,918,1200010918
5,focused,B,-2,0,0,4,919,1200010919
5,focused,B,-2,0,0,4,920,1200010920
5,focused,B,-2,0,0,4,921,1200010921
5,focused,B,-2,0,0,4,922,1200010922
5,focused,B,-2,0,0,4,923,1200010923
5,focused,B,-2,0,0,4,924,1200010924
5,focused,B,-2,0,0,4,925,1200010925
5,focused,B,-2,0,0,4,926,1200010926
5,focused,B,-2,0,0,4,927,1200010927
5,focused,B,-2,0,0,4,928,1200010928
5,focused,B,-2,0,0,4,929,1200010929
5,focused,B,-2,0,0,4,930,1200010930
5,focused,B,-2,0,0,4,931,1200010931
5,focused,B,-2,0,0,4,932,1200010932
5,focused,B,-2,0,0,4,933,1200010933
5,focused,B,-2,0,0,4,934,1200010934
5,focused,B,-2,0,0,4,935,1200010935
5,focused,B,-2,0,0,4,936,1200010936
5,focused,B,-2,0,0,4,937,1200010937
5,focused,B,-2,0,0,4,938,1200010938
5,focused,B,-2,0,0,4,939,1200010939
5,focused,B,-2,0,0,4,940,1200010940
5,focused,B,-2,0,0,4,941,1200010941
5,focused,B,-2,0,0,4,942,1200010942
5,focused,B,-2,0,0,4,943,1200010943
5,focused,B,-2,0,0,4,944,1200010944
5,focused,B,-2,0,0,4,945,1200010945
5,focused,B,-2,0,0,4,946,1200010946
5,focused,B,-2,0,0,4,947,1200010947
5,focused,B,-2,0,0,4,948,1200010948
5,focused,B,-2,0,0,4,949,1200010949
5,focused,B,-2,0,0,4,950,1200010950
5,focused,B,-2,0,0,4,951,1200010951
5,focused,B,-2,0,0,4,952,1200010952
5,focused,B,-2,0,0,4,953,1200010953
5,focused,B,-2,0,0,4,954,1200010954
5,focused,B,-2,0,0,4,955,1200010955
5,focused,B,-2,0,0,4,956,1200010956
5,focused,B,-2,0,0,4,957,1200010957
5,focused,B,-2,0,0,4,958,1200010958
5,focused,B,-2,0,0,4,959,1200010959
5,focused,B,-2,0,0,4,960,1200010960
5,focused,B,-2,0,0,4,961,1200010961
5,focused,B,-2,0,0,4,962,1200010962
5,focused,B,-2,0,0,4,963,1200010963
5,focused,B,-2,0,0,4,964,1200010964
5,focused,B,-2,0,0,4,965,1200010965
5,focused,B,-2,0,0,4,966,1200010966
5,focused,B,-2,0,0,4,967,1200010967
5,focused,B,-2,0,0,4,968,1200010968
5,focused,B,-2,0,0,4,969,1200010969
5,focused,B,-2,0,0,4,970,1200010970
5,focused,B,-2,0,0,4,971,1200010971
5,focused,B,-2,0,0,4,972,1200010972
5,focused,B,-2,0,0,4,973,1200010973
5,focused,B,-2,0,0,4,974,1200010974
5,focused,B,-2,0,0,4,975,1200010975
5,focused,B,-2,0,0,4,976,1200010976
5,focused,B,-2,0,0,4,977,1200010977
5,focused,B,-2,0,0,4,978,1200010978
5,focused,B,-2,0,0,4,979,1200010979
5,focused,B,-2,0,0,4,980,1200010980
5,focused,B,-2,0,0,4,981,1200010981
5,focused,B,-2,0,0,4,982,1200010982
5,focused,B,-2,0,0,4,983,1200010983
5,focused,B,-2,0,0,4,984,1200010984
5,focused,B,-2,0,0,4,985,1200010985
5,focused,B,-2,0,0,4,986,1200010986
5,focused,B,-2,0,0,4,987,1200010987
5,focused,B,-2,0,0,4,988,1200010988
5,focused,B,-2,0,0,4,989,1200010989
5,focused,B,-2,0,0,4,990,1200010990
5,focused,B,-2,0,0,4,991,1200010991
5,focused,B,-2,0,0,4,992,1200010992
5,focused,B,-2,0,0,4,993,1200010993
5,focused,B,-2,0,0,4,994,1200010994
5,focused,B,-2,0,0,4,995,1200010995
5,focused,B,-2,0,0,4,996,1200010996
5,focused,B,-2,0,0,4,997,1200010997
5,focused,B,-2,0,0,4,998,1200010998
5,focused,B,-2,0,0,4,999,1200010999
5,focused,B,-2,0,0,4,1000,1200011000
6,focused,B,-2,0,0,10,1,1200012001
6,focused,B,-2,0,0,10,2,1200012002
6,focused,B,-2,0,0,10,3,1200012003
6,focused,B,-2,0,0,10,4,1200012004
6,focused,B,-2,0,0,10,5,1200012005
6,focused,B,-2,0,0,10,6,1200012006
6,focused,B,-2,0,0,10,7,1200012007
6,focused,B,-2,0,0,10,8,1200012008
6,focused,B,-2,0,0,10,9,1200012009
6,focused,B,-2,0,0,10,10,1200012010
6,focused,B,-2,0,0,10,11,1200012011
6,focused,B,-2,0,0,10,12,1200012012
6,focused,B,-2,0,0,10,13,1200012013
6,focused,B,-2,0,0,10,14,1200012014
6,focused,B,-2,0,0,10,15,1200012015
6,focused,B,-2,0,0,10,16,1200012016
6,focused,B,-2,0,0,10,17,1200012017
6,focused,B,-2,0,0,10,18,1200012018
6,focused,B,-2,0,0,10,19,1200012019
6,focused,B,-2,0,0,10,20,1200012020
6,focused,B,-2,0,0,10,21,1200012021
6,focused,B,-2,0,0,10,22,1200012022
6,focused,B,-2,0,0,10,23,1200012023
6,focused,B,-2,0,0,10,24,1200012024
6,focused,B,-2,0,0,10,25,1200012025
6,focused,B,-2,0,0,10,26,1200012026
6,focused,B,-2,0,0,10,27,1200012027
6,focused,B,-2,0,0,10,28,1200012028
6,focused,B,-2,0,0,10,29,1200012029
6,focused,B,-2,0,0,10,30,1200012030
6,focused,B,-2,0,0,10,31,1200012031
6,focused,B,-2,0,0,10,32,1200012032
6,focused,B,-2,0,0,10,33,1200012033
6,focused,B,-2,0,0,10,34,1200012034
6,focused,B,-2,0,0,10,35,1200012035
6,focused,B,-2,0,0,10,36,1200012036
6,focused,B,-2,0,0,10,37,1200012037
6,focused,B,-2,0,0,10,38,1200012038
6,focused,B,-2,0,0,10,39,1200012039
6,focused,B,-2,0,0,10,40,1200012040
6,focused,B,-2,0,0,10,41,1200012041
6,focused,B,-2,0,0,10,42,1200012042
6,focused,B,-2,0,0,10,43,1200012043
6,focused,B,-2,0,0,10,44,1200012044
6,focused,B,-2,0,0,10,45,1200012045
6,focused,B,-2,0,0,10,46,1200012046
6,focused,B,-2,0,0,10,47,1200012047
6,focused,B,-2,0,0,10,48,1200012048
6,focused,B,-2,0,0,10,49,1200012049
6,focused,B,-2,0,0,10,50,1200012050
6,focused,B,-2,0,0,10,51,1200012051
6,focused,B,-2,0,0,10,52,1200012052
6,focused,B,-2,0,0,10,53,1200012053
6,focused,B,-2,0,0,10,54,1200012054
6,focused,B,-2,0,0,10,55,1200012055
6,focused,B,-2,0,0,10,56,1200012056
6,focused,B,-2,0,0,10,57,1200012057
6,focused,B,-2,0,0,10,58,1200012058
6,focused,B,-2,0,0,10,59,1200012059
6,focused,B,-2,0,0,10,60,1200012060
6,focused,B,-2,0,0,10,61,1200012061
6,focused,B,-2,0,0,10,62,1200012062
6,focused,B,-2,0,0,10,63,1200012063
6,focused,B,-2,0,0,10,64,1200012064
6,focused,B,-2,0,0,10,65,1200012065
6,focused,B,-2,0,0,10,66,1200012066
6,focused,B,-2,0,0,10,67,1200012067
6,focused,B,-2,0,0,10,68,1200012068
6,focused,B,-2,0,0,10,69,1200012069
6,focused,B,-2,0,0,10,70,1200012070
6,focused,B,-2,0,0,10,71,1200012071
6,focused,B,-2,0,0,10,72,1200012072
6,focused,B,-2,0,0,10,73,1200012073
6,focused,B,-2,0,0,10,74,1200012074
6,focused,B,-2,0,0,10,75,1200012075
6,focused,B,-2,0,0,10,76,1200012076
6,focused,B,-2,0,0,10,77,1200012077
6,focused,B,-2,0,0,10,78,1200012078
6,focused,B,-2,0,0,10,79,1200012079
6,focused,B,-2,0,0,10,80,1200012080
6,focused,B,-2,0,0,10,81,1200012081
6,focused,B,-2,0,0,10,82,1200012082
6,focused,B,-2,0,0,10,83,1200012083
6,focused,B,-2,0,0,10,84,1200012084
6,focused,B,-2,0,0,10,85,1200012085
6,focused,B,-2,0,0,10,86,1200012086
6,focused,B,-2,0,0,10,87,1200012087
6,focused,B,-2,0,0,10,88,1200012088
6,focused,B,-2,0,0,10,89,1200012089
6,focused,B,-2,0,0,10,90,1200012090
6,focused,B,-2,0,0,10,91,1200012091
6,focused,B,-2,0,0,10,92,1200012092
6,focused,B,-2,0,0,10,93,1200012093
6,focused,B,-2,0,0,10,94,1200012094
6,focused,B,-2,0,0,10,95,1200012095
6,focused,B,-2,0,0,10,96,1200012096
6,focused,B,-2,0,0,10,97,1200012097
6,focused,B,-2,0,0,10,98,1200012098
6,focused,B,-2,0,0,10,99,1200012099
6,focused,B,-2,0,0,10,100,1200012100
6,focused,B,-2,0,0,10,101,1200012101
6,focused,B,-2,0,0,10,102,1200012102
6,focused,B,-2,0,0,10,103,1200012103
6,focused,B,-2,0,0,10,104,1200012104
6,focused,B,-2,0,0,10,105,1200012105
6,focused,B,-2,0,0,10,106,1200012106
6,focused,B,-2,0,0,10,107,1200012107
6,focused,B,-2,0,0,10,108,1200012108
6,focused,B,-2,0,0,10,109,1200012109
6,focused,B,-2,0,0,10,110,1200012110
6,focused,B,-2,0,0,10,111,1200012111
6,focused,B,-2,0,0,10,112,1200012112
6,focused,B,-2,0,0,10,113,1200012113
6,focused,B,-2,0,0,10,114,1200012114
6,focused,B,-2,0,0,10,115,1200012115
6,focused,B,-2,0,0,10,116,1200012116
6,focused,B,-2,0,0,10,117,1200012117
6,focused,B,-2,0,0,10,118,1200012118
6,focused,B,-2,0,0,10,119,1200012119
6,focused,B,-2,0,0,10,120,1200012120
6,focused,B,-2,0,0,10,121,1200012121
6,focused,B,-2,0,0,10,122,1200012122
6,focused,B,-2,0,0,10,123,1200012123
6,focused,B,-2,0,0,10,124,1200012124
6,focused,B,-2,0,0,10,125,1200012125
6,focused,B,-2,0,0,10,126,1200012126
6,focused,B,-2,0,0,10,127,1200012127
6,focused,B,-2,0,0,10,128,1200012128
6,focused,B,-2,0,0,10,129,1200012129
6,focused,B,-2,0,0,10,130,1200012130
6,focused,B,-2,0,0,10,131,1200012131
6,focused,B,-2,0,0,10,132,1200012132
6,focused,B,-2,0,0,10,133,1200012133
6,focused,B,-2,0,0,10,134,1200012134
6,focused,B,-2,0,0,10,135,1200012135
6,focused,B,-2,0,0,10,136,1200012136
6,focused,B,-2,0,0,10,137,1200012137
6,focused,B,-2,0,0,10,138,1200012138
6,focused,B,-2,0,0,10,139,1200012139
6,focused,B,-2,0,0,10,140,1200012140
6,focused,B,-2,0,0,10,141,1200012141
6,focused,B,-2,0,0,10,142,1200012142
6,focused,B,-2,0,0,10,143,1200012143
6,focused,B,-2,0,0,10,144,1200012144
6,focused,B,-2,0,0,10,145,1200012145
6,focused,B,-2,0,0,10,146,1200012146
6,focused,B,-2,0,0,10,147,1200012147
6,focused,B,-2,0,0,10,148,1200012148
6,focused,B,-2,0,0,10,149,1200012149
6,focused,B,-2,0,0,10,150,1200012150
6,focused,B,-2,0,0,10,151,1200012151
6,focused,B,-2,0,0,10,152,1200012152
6,focused,B,-2,0,0,10,153,1200012153
6,focused,B,-2,0,0,10,154,1200012154
6,focused,B,-2,0,0,10,155,1200012155
6,focused,B,-2,0,0,10,156,1200012156
6,focused,B,-2,0,0,10,157,1200012157
6,focused,B,-2,0,0,10,158,1200012158
6,focused,B,-2,0,0,10,159,1200012159
6,focused,B,-2,0,0,10,160,1200012160
6,focused,B,-2,0,0,10,161,1200012161
6,focused,B,-2,0,0,10,162,1200012162
6,focused,B,-2,0,0,10,163,1200012163
6,focused,B,-2,0,0,10,164,1200012164
6,focused,B,-2,0,0,10,165,1200012165
6,focused,B,-2,0,0,10,166,1200012166
6,focused,B,-2,0,0,10,167,1200012167
6,focused,B,-2,0,0,10,168,1200012168
6,focused,B,-2,0,0,10,169,1200012169
6,focused,B,-2,0,0,10,170,1200012170
6,focused,B,-2,0,0,10,171,1200012171
6,focused,B,-2,0,0,10,172,1200012172
6,focused,B,-2,0,0,10,173,1200012173
6,focused,B,-2,0,0,10,174,1200012174
6,focused,B,-2,0,0,10,175,1200012175
6,focused,B,-2,0,0,10,176,1200012176
6,focused,B,-2,0,0,10,177,1200012177
6,focused,B,-2,0,0,10,178,1200012178
6,focused,B,-2,0,0,10,179,1200012179
6,focused,B,-2,0,0,10,180,1200012180
6,focused,B,-2,0,0,10,181,1200012181
6,focused,B,-2,0,0,10,182,1200012182
6,focused,B,-2,0,0,10,183,1200012183
6,focused,B,-2,0,0,10,184,1200012184
6,focused,B,-2,0,0,10,185,1200012185
6,focused,B,-2,0,0,10,186,1200012186
6,focused,B,-2,0,0,10,187,1200012187
6,focused,B,-2,0,0,10,188,1200012188
6,focused,B,-2,0,0,10,189,1200012189
6,focused,B,-2,0,0,10,190,1200012190
6,focused,B,-2,0,0,10,191,1200012191
6,focused,B,-2,0,0,10,192,1200012192
6,focused,B,-2,0,0,10,193,1200012193
6,focused,B,-2,0,0,10,194,1200012194
6,focused,B,-2,0,0,10,195,1200012195
6,focused,B,-2,0,0,10,196,1200012196
6,focused,B,-2,0,0,10,197,1200012197
6,focused,B,-2,0,0,10,198,1200012198
6,focused,B,-2,0,0,10,199,1200012199
6,focused,B,-2,0,0,10,200,1200012200
6,focused,B,-2,0,0,10,201,1200012201
6,focused,B,-2,0,0,10,202,1200012202
6,focused,B,-2,0,0,10,203,1200012203
6,focused,B,-2,0,0,10,204,1200012204
6,focused,B,-2,0,0,10,205,1200012205
6,focused,B,-2,0,0,10,206,1200012206
6,focused,B,-2,0,0,10,207,1200012207
6,focused,B,-2,0,0,10,208,1200012208
6,focused,B,-2,0,0,10,209,1200012209
6,focused,B,-2,0,0,10,210,1200012210
6,focused,B,-2,0,0,10,211,1200012211
6,focused,B,-2,0,0,10,212,1200012212
6,focused,B,-2,0,0,10,213,1200012213
6,focused,B,-2,0,0,10,214,1200012214
6,focused,B,-2,0,0,10,215,1200012215
6,focused,B,-2,0,0,10,216,1200012216
6,focused,B,-2,0,0,10,217,1200012217
6,focused,B,-2,0,0,10,218,1200012218
6,focused,B,-2,0,0,10,219,1200012219
6,focused,B,-2,0,0,10,220,1200012220
6,focused,B,-2,0,0,10,221,1200012221
6,focused,B,-2,0,0,10,222,1200012222
6,focused,B,-2,0,0,10,223,1200012223
6,focused,B,-2,0,0,10,224,1200012224
6,focused,B,-2,0,0,10,225,1200012225
6,focused,B,-2,0,0,10,226,1200012226
6,focused,B,-2,0,0,10,227,1200012227
6,focused,B,-2,0,0,10,228,1200012228
6,focused,B,-2,0,0,10,229,1200012229
6,focused,B,-2,0,0,10,230,1200012230
6,focused,B,-2,0,0,10,231,1200012231
6,focused,B,-2,0,0,10,232,1200012232
6,focused,B,-2,0,0,10,233,1200012233
6,focused,B,-2,0,0,10,234,1200012234
6,focused,B,-2,0,0,10,235,1200012235
6,focused,B,-2,0,0,10,236,1200012236
6,focused,B,-2,0,0,10,237,1200012237
6,focused,B,-2,0,0,10,238,1200012238
6,focused,B,-2,0,0,10,239,1200012239
6,focused,B,-2,0,0,10,240,1200012240
6,focused,B,-2,0,0,10,241,1200012241
6,focused,B,-2,0,0,10,242,1200012242
6,focused,B,-2,0,0,10,243,1200012243
6,focused,B,-2,0,0,10,244,1200012244
6,focused,B,-2,0,0,10,245,1200012245
6,focused,B,-2,0,0,10,246,1200012246
6,focused,B,-2,0,0,10,247,1200012247
6,focused,B,-2,0,0,10,248,1200012248
6,focused,B,-2,0,0,10,249,1200012249
6,focused,B,-2,0,0,10,250,1200012250
6,focused,B,-2,0,0,10,251,1200012251
6,focused,B,-2,0,0,10,252,1200012252
6,focused,B,-2,0,0,10,253,1200012253
6,focused,B,-2,0,0,10,254,1200012254
6,focused,B,-2,0,0,10,255,1200012255
6,focused,B,-2,0,0,10,256,1200012256
6,focused,B,-2,0,0,10,257,1200012257
6,focused,B,-2,0,0,10,258,1200012258
6,focused,B,-2,0,0,10,259,1200012259
6,focused,B,-2,0,0,10,260,1200012260
6,focused,B,-2,0,0,10,261,1200012261
6,focused,B,-2,0,0,10,262,1200012262
6,focused,B,-2,0,0,10,263,1200012263
6,focused,B,-2,0,0,10,264,1200012264
6,focused,B,-2,0,0,10,265,1200012265
6,focused,B,-2,0,0,10,266,1200012266
6,focused,B,-2,0,0,10,267,1200012267
6,focused,B,-2,0,0,10,268,1200012268
6,focused,B,-2,0,0,10,269,1200012269
6,focused,B,-2,0,0,10,270,1200012270
6,focused,B,-2,0,0,10,271,1200012271
6,focused,B,-2,0,0,10,272,1200012272
6,focused,B,-2,0,0,10,273,1200012273
6,focused,B,-2,0,0,10,274,1200012274
6,focused,B,-2,0,0,10,275,1200012275
6,focused,B,-2,0,0,10,276,1200012276
6,focused,B,-2,0,0,10,277,1200012277
6,focused,B,-2,0,0,10,278,1200012278
6,focused,B,-2,0,0,10,279,1200012279
6,focused,B,-2,0,0,10,280,1200012280
6,focused,B,-2,0,0,10,281,1200012281
6,focused,B,-2,0,0,10,282,1200012282
6,focused,B,-2,0,0,10,283,1200012283
6,focused,B,-2,0,0,10,284,1200012284
6,focused,B,-2,0,0,10,285,1200012285
6,focused,B,-2,0,0,10,286,1200012286
6,focused,B,-2,0,0,10,287,1200012287
6,focused,B,-2,0,0,10,288,1200012288
6,focused,B,-2,0,0,10,289,1200012289
6,focused,B,-2,0,0,10,290,1200012290
6,focused,B,-2,0,0,10,291,1200012291
6,focused,B,-2,0,0,10,292,1200012292
6,focused,B,-2,0,0,10,293,1200012293
6,focused,B,-2,0,0,10,294,1200012294
6,focused,B,-2,0,0,10,295,1200012295
6,focused,B,-2,0,0,10,296,1200012296
6,focused,B,-2,0,0,10,297,1200012297
6,focused,B,-2,0,0,10,298,1200012298
6,focused,B,-2,0,0,10,299,1200012299
6,focused,B,-2,0,0,10,300,1200012300
6,focused,B,-2,0,0,10,301,1200012301
6,focused,B,-2,0,0,10,302,1200012302
6,focused,B,-2,0,0,10,303,1200012303
6,focused,B,-2,0,0,10,304,1200012304
6,focused,B,-2,0,0,10,305,1200012305
6,focused,B,-2,0,0,10,306,1200012306
6,focused,B,-2,0,0,10,307,1200012307
6,focused,B,-2,0,0,10,308,1200012308
6,focused,B,-2,0,0,10,309,1200012309
6,focused,B,-2,0,0,10,310,1200012310
6,focused,B,-2,0,0,10,311,1200012311
6,focused,B,-2,0,0,10,312,1200012312
6,focused,B,-2,0,0,10,313,1200012313
6,focused,B,-2,0,0,10,314,1200012314
6,focused,B,-2,0,0,10,315,1200012315
6,focused,B,-2,0,0,10,316,1200012316
6,focused,B,-2,0,0,10,317,1200012317
6,focused,B,-2,0,0,10,318,1200012318
6,focused,B,-2,0,0,10,319,1200012319
6,focused,B,-2,0,0,10,320,1200012320
6,focused,B,-2,0,0,10,321,1200012321
6,focused,B,-2,0,0,10,322,1200012322
6,focused,B,-2,0,0,10,323,1200012323
6,focused,B,-2,0,0,10,324,1200012324
6,focused,B,-2,0,0,10,325,1200012325
6,focused,B,-2,0,0,10,326,1200012326
6,focused,B,-2,0,0,10,327,1200012327
6,focused,B,-2,0,0,10,328,1200012328
6,focused,B,-2,0,0,10,329,1200012329
6,focused,B,-2,0,0,10,330,1200012330
6,focused,B,-2,0,0,10,331,1200012331
6,focused,B,-2,0,0,10,332,1200012332
6,focused,B,-2,0,0,10,333,1200012333
6,focused,B,-2,0,0,10,334,1200012334
6,focused,B,-2,0,0,10,335,1200012335
6,focused,B,-2,0,0,10,336,1200012336
6,focused,B,-2,0,0,10,337,1200012337
6,focused,B,-2,0,0,10,338,1200012338
6,focused,B,-2,0,0,10,339,1200012339
6,focused,B,-2,0,0,10,340,1200012340
6,focused,B,-2,0,0,10,341,1200012341
6,focused,B,-2,0,0,10,342,1200012342
6,focused,B,-2,0,0,10,343,1200012343
6,focused,B,-2,0,0,10,344,1200012344
6,focused,B,-2,0,0,10,345,1200012345
6,focused,B,-2,0,0,10,346,1200012346
6,focused,B,-2,0,0,10,347,1200012347
6,focused,B,-2,0,0,10,348,1200012348
6,focused,B,-2,0,0,10,349,1200012349
6,focused,B,-2,0,0,10,350,1200012350
6,focused,B,-2,0,0,10,351,1200012351
6,focused,B,-2,0,0,10,352,1200012352
6,focused,B,-2,0,0,10,353,1200012353
6,focused,B,-2,0,0,10,354,1200012354
6,focused,B,-2,0,0,10,355,1200012355
6,focused,B,-2,0,0,10,356,1200012356
6,focused,B,-2,0,0,10,357,1200012357
6,focused,B,-2,0,0,10,358,1200012358
6,focused,B,-2,0,0,10,359,1200012359
6,focused,B,-2,0,0,10,360,1200012360
6,focused,B,-2,0,0,10,361,1200012361
6,focused,B,-2,0,0,10,362,1200012362
6,focused,B,-2,0,0,10,363,1200012363
6,focused,B,-2,0,0,10,364,1200012364
6,focused,B,-2,0,0,10,365,1200012365
6,focused,B,-2,0,0,10,366,1200012366
6,focused,B,-2,0,0,10,367,1200012367
6,focused,B,-2,0,0,10,368,1200012368
6,focused,B,-2,0,0,10,369,1200012369
6,focused,B,-2,0,0,10,370,1200012370
6,focused,B,-2,0,0,10,371,1200012371
6,focused,B,-2,0,0,10,372,1200012372
6,focused,B,-2,0,0,10,373,1200012373
6,focused,B,-2,0,0,10,374,1200012374
6,focused,B,-2,0,0,10,375,1200012375
6,focused,B,-2,0,0,10,376,1200012376
6,focused,B,-2,0,0,10,377,1200012377
6,focused,B,-2,0,0,10,378,1200012378
6,focused,B,-2,0,0,10,379,1200012379
6,focused,B,-2,0,0,10,380,1200012380
6,focused,B,-2,0,0,10,381,1200012381
6,focused,B,-2,0,0,10,382,1200012382
6,focused,B,-2,0,0,10,383,1200012383
6,focused,B,-2,0,0,10,384,1200012384
6,focused,B,-2,0,0,10,385,1200012385
6,focused,B,-2,0,0,10,386,1200012386
6,focused,B,-2,0,0,10,387,1200012387
6,focused,B,-2,0,0,10,388,1200012388
6,focused,B,-2,0,0,10,389,1200012389
6,focused,B,-2,0,0,10,390,1200012390
6,focused,B,-2,0,0,10,391,1200012391
6,focused,B,-2,0,0,10,392,1200012392
6,focused,B,-2,0,0,10,393,1200012393
6,focused,B,-2,0,0,10,394,1200012394
6,focused,B,-2,0,0,10,395,1200012395
6,focused,B,-2,0,0,10,396,1200012396
6,focused,B,-2,0,0,10,397,1200012397
6,focused,B,-2,0,0,10,398,1200012398
6,focused,B,-2,0,0,10,399,1200012399
6,focused,B,-2,0,0,10,400,1200012400
6,focused,B,-2,0,0,10,401,1200012401
6,focused,B,-2,0,0,10,402,1200012402
6,focused,B,-2,0,0,10,403,1200012403
6,focused,B,-2,0,0,10,404,1200012404
6,focused,B,-2,0,0,10,405,1200012405
6,focused,B,-2,0,0,10,406,1200012406
6,focused,B,-2,0,0,10,407,1200012407
6,focused,B,-2,0,0,10,408,1200012408
6,focused,B,-2,0,0,10,409,1200012409
6,focused,B,-2,0,0,10,410,1200012410
6,focused,B,-2,0,0,10,411,1200012411
6,focused,B,-2,0,0,10,412,1200012412
6,focused,B,-2,0,0,10,413,1200012413
6,focused,B,-2,0,0,10,414,1200012414
6,focused,B,-2,0,0,10,415,1200012415
6,focused,B,-2,0,0,10,416,1200012416
6,focused,B,-2,0,0,10,417,1200012417
6,focused,B,-2,0,0,10,418,1200012418
6,focused,B,-2,0,0,10,419,1200012419
6,focused,B,-2,0,0,10,420,1200012420
6,focused,B,-2,0,0,10,421,1200012421
6,focused,B,-2,0,0,10,422,1200012422
6,focused,B,-2,0,0,10,423,1200012423
6,focused,B,-2,0,0,10,424,1200012424
6,focused,B,-2,0,0,10,425,1200012425
6,focused,B,-2,0,0,10,426,1200012426
6,focused,B,-2,0,0,10,427,1200012427
6,focused,B,-2,0,0,10,428,1200012428
6,focused,B,-2,0,0,10,429,1200012429
6,focused,B,-2,0,0,10,430,1200012430
6,focused,B,-2,0,0,10,431,1200012431
6,focused,B,-2,0,0,10,432,1200012432
6,focused,B,-2,0,0,10,433,1200012433
6,focused,B,-2,0,0,10,434,1200012434
6,focused,B,-2,0,0,10,435,1200012435
6,focused,B,-2,0,0,10,436,1200012436
6,focused,B,-2,0,0,10,437,1200012437
6,focused,B,-2,0,0,10,438,1200012438
6,focused,B,-2,0,0,10,439,1200012439
6,focused,B,-2,0,0,10,440,1200012440
6,focused,B,-2,0,0,10,441,1200012441
6,focused,B,-2,0,0,10,442,1200012442
6,focused,B,-2,0,0,10,443,1200012443
6,focused,B,-2,0,0,10,444,1200012444
6,focused,B,-2,0,0,10,445,1200012445
6,focused,B,-2,0,0,10,446,1200012446
6,focused,B,-2,0,0,10,447,1200012447
6,focused,B,-2,0,0,10,448,1200012448
6,focused,B,-2,0,0,10,449,1200012449
6,focused,B,-2,0,0,10,450,1200012450
6,focused,B,-2,0,0,10,451,1200012451
6,focused,B,-2,0,0,10,452,1200012452
6,focused,B,-2,0,0,10,453,1200012453
6,focused,B,-2,0,0,10,454,1200012454
6,focused,B,-2,0,0,10,455,1200012455
6,focused,B,-2,0,0,10,456,1200012456
6,focused,B,-2,0,0,10,457,1200012457
6,focused,B,-2,0,0,10,458,1200012458
6,focused,B,-2,0,0,10,459,1200012459
6,focused,B,-2,0,0,10,460,1200012460
6,focused,B,-2,0,0,10,461,1200012461
6,focused,B,-2,0,0,10,462,1200012462
6,focused,B,-2,0,0,10,463,1200012463
6,focused,B,-2,0,0,10,464,1200012464
6,focused,B,-2,0,0,10,465,1200012465
6,focused,B,-2,0,0,10,466,1200012466
6,focused,B,-2,0,0,10,467,1200012467
6,focused,B,-2,0,0,10,468,1200012468
6,focused,B,-2,0,0,10,469,1200012469
6,focused,B,-2,0,0,10,470,1200012470
6,focused,B,-2,0,0,10,471,1200012471
6,focused,B,-2,0,0,10,472,1200012472
6,focused,B,-2,0,0,10,473,1200012473
6,focused,B,-2,0,0,10,474,1200012474
6,focused,B,-2,0,0,10,475,1200012475
6,focused,B,-2,0,0,10,476,1200012476
6,focused,B,-2,0,0,10,477,1200012477
6,focused,B,-2,0,0,10,478,1200012478
6,focused,B,-2,0,0,10,479,1200012479
6,focused,B,-2,0,0,10,480,1200012480
6,focused,B,-2,0,0,10,481,1200012481
6,focused,B,-2,0,0,10,482,1200012482
6,focused,B,-2,0,0,10,483,1200012483
6,focused,B,-2,0,0,10,484,1200012484
6,focused,B,-2,0,0,10,485,1200012485
6,focused,B,-2,0,0,10,486,1200012486
6,focused,B,-2,0,0,10,487,1200012487
6,focused,B,-2,0,0,10,488,1200012488
6,focused,B,-2,0,0,10,489,1200012489
6,focused,B,-2,0,0,10,490,1200012490
6,focused,B,-2,0,0,10,491,1200012491
6,focused,B,-2,0,0,10,492,1200012492
6,focused,B,-2,0,0,10,493,1200012493
6,focused,B,-2,0,0,10,494,1200012494
6,focused,B,-2,0,0,10,495,1200012495
6,focused,B,-2,0,0,10,496,1200012496
6,focused,B,-2,0,0,10,497,1200012497
6,focused,B,-2,0,0,10,498,1200012498
6,focused,B,-2,0,0,10,499,1200012499
6,focused,B,-2,0,0,10,500,1200012500
6,focused,B,-2,0,0,10,501,1200012501
6,focused,B,-2,0,0,10,502,1200012502
6,focused,B,-2,0,0,10,503,1200012503
6,focused,B,-2,0,0,10,504,1200012504
6,focused,B,-2,0,0,10,505,1200012505
6,focused,B,-2,0,0,10,506,1200012506
6,focused,B,-2,0,0,10,507,1200012507
6,focused,B,-2,0,0,10,508,1200012508
6,focused,B,-2,0,0,10,509,1200012509
6,focused,B,-2,0,0,10,510,1200012510
6,focused,B,-2,0,0,10,511,1200012511
6,focused,B,-2,0,0,10,512,1200012512
6,focused,B,-2,0,0,10,513,1200012513
6,focused,B,-2,0,0,10,514,1200012514
6,focused,B,-2,0,0,10,515,1200012515
6,focused,B,-2,0,0,10,516,1200012516
6,focused,B,-2,0,0,10,517,1200012517
6,focused,B,-2,0,0,10,518,1200012518
6,focused,B,-2,0,0,10,519,1200012519
6,focused,B,-2,0,0,10,520,1200012520
6,focused,B,-2,0,0,10,521,1200012521
6,focused,B,-2,0,0,10,522,1200012522
6,focused,B,-2,0,0,10,523,1200012523
6,focused,B,-2,0,0,10,524,1200012524
6,focused,B,-2,0,0,10,525,1200012525
6,focused,B,-2,0,0,10,526,1200012526
6,focused,B,-2,0,0,10,527,1200012527
6,focused,B,-2,0,0,10,528,1200012528
6,focused,B,-2,0,0,10,529,1200012529
6,focused,B,-2,0,0,10,530,1200012530
6,focused,B,-2,0,0,10,531,1200012531
6,focused,B,-2,0,0,10,532,1200012532
6,focused,B,-2,0,0,10,533,1200012533
6,focused,B,-2,0,0,10,534,1200012534
6,focused,B,-2,0,0,10,535,1200012535
6,focused,B,-2,0,0,10,536,1200012536
6,focused,B,-2,0,0,10,537,1200012537
6,focused,B,-2,0,0,10,538,1200012538
6,focused,B,-2,0,0,10,539,1200012539
6,focused,B,-2,0,0,10,540,1200012540
6,focused,B,-2,0,0,10,541,1200012541
6,focused,B,-2,0,0,10,542,1200012542
6,focused,B,-2,0,0,10,543,1200012543
6,focused,B,-2,0,0,10,544,1200012544
6,focused,B,-2,0,0,10,545,1200012545
6,focused,B,-2,0,0,10,546,1200012546
6,focused,B,-2,0,0,10,547,1200012547
6,focused,B,-2,0,0,10,548,1200012548
6,focused,B,-2,0,0,10,549,1200012549
6,focused,B,-2,0,0,10,550,1200012550
6,focused,B,-2,0,0,10,551,1200012551
6,focused,B,-2,0,0,10,552,1200012552
6,focused,B,-2,0,0,10,553,1200012553
6,focused,B,-2,0,0,10,554,1200012554
6,focused,B,-2,0,0,10,555,1200012555
6,focused,B,-2,0,0,10,556,1200012556
6,focused,B,-2,0,0,10,557,1200012557
6,focused,B,-2,0,0,10,558,1200012558
6,focused,B,-2,0,0,10,559,1200012559
6,focused,B,-2,0,0,10,560,1200012560
6,focused,B,-2,0,0,10,561,1200012561
6,focused,B,-2,0,0,10,562,1200012562
6,focused,B,-2,0,0,10,563,1200012563
6,focused,B,-2,0,0,10,564,1200012564
6,focused,B,-2,0,0,10,565,1200012565
6,focused,B,-2,0,0,10,566,1200012566
6,focused,B,-2,0,0,10,567,1200012567
6,focused,B,-2,0,0,10,568,1200012568
6,focused,B,-2,0,0,10,569,1200012569
6,focused,B,-2,0,0,10,570,1200012570
6,focused,B,-2,0,0,10,571,1200012571
6,focused,B,-2,0,0,10,572,1200012572
6,focused,B,-2,0,0,10,573,1200012573
6,focused,B,-2,0,0,10,574,1200012574
6,focused,B,-2,0,0,10,575,1200012575
6,focused,B,-2,0,0,10,576,1200012576
6,focused,B,-2,0,0,10,577,1200012577
6,focused,B,-2,0,0,10,578,1200012578
6,focused,B,-2,0,0,10,579,1200012579
6,focused,B,-2,0,0,10,580,1200012580
6,focused,B,-2,0,0,10,581,1200012581
6,focused,B,-2,0,0,10,582,1200012582
6,focused,B,-2,0,0,10,583,1200012583
6,focused,B,-2,0,0,10,584,1200012584
6,focused,B,-2,0,0,10,585,1200012585
6,focused,B,-2,0,0,10,586,1200012586
6,focused,B,-2,0,0,10,587,1200012587
6,focused,B,-2,0,0,10,588,1200012588
6,focused,B,-2,0,0,10,589,1200012589
6,focused,B,-2,0,0,10,590,1200012590
6,focused,B,-2,0,0,10,591,1200012591
6,focused,B,-2,0,0,10,592,1200012592
6,focused,B,-2,0,0,10,593,1200012593
6,focused,B,-2,0,0,10,594,1200012594
6,focused,B,-2,0,0,10,595,1200012595
6,focused,B,-2,0,0,10,596,1200012596
6,focused,B,-2,0,0,10,597,1200012597
6,focused,B,-2,0,0,10,598,1200012598
6,focused,B,-2,0,0,10,599,1200012599
6,focused,B,-2,0,0,10,600,1200012600
6,focused,B,-2,0,0,10,601,1200012601
6,focused,B,-2,0,0,10,602,1200012602
6,focused,B,-2,0,0,10,603,1200012603
6,focused,B,-2,0,0,10,604,1200012604
6,focused,B,-2,0,0,10,605,1200012605
6,focused,B,-2,0,0,10,606,1200012606
6,focused,B,-2,0,0,10,607,1200012607
6,focused,B,-2,0,0,10,608,1200012608
6,focused,B,-2,0,0,10,609,1200012609
6,focused,B,-2,0,0,10,610,1200012610
6,focused,B,-2,0,0,10,611,1200012611
6,focused,B,-2,0,0,10,612,1200012612
6,focused,B,-2,0,0,10,613,1200012613
6,focused,B,-2,0,0,10,614,1200012614
6,focused,B,-2,0,0,10,615,1200012615
6,focused,B,-2,0,0,10,616,1200012616
6,focused,B,-2,0,0,10,617,1200012617
6,focused,B,-2,0,0,10,618,1200012618
6,focused,B,-2,0,0,10,619,1200012619
6,focused,B,-2,0,0,10,620,1200012620
6,focused,B,-2,0,0,10,621,1200012621
6,focused,B,-2,0,0,10,622,1200012622
6,focused,B,-2,0,0,10,623,1200012623
6,focused,B,-2,0,0,10,624,1200012624
6,focused,B,-2,0,0,10,625,1200012625
6,focused,B,-2,0,0,10,626,1200012626
6,focused,B,-2,0,0,10,627,1200012627
6,focused,B,-2,0,0,10,628,1200012628
6,focused,B,-2,0,0,10,629,1200012629
6,focused,B,-2,0,0,10,630,1200012630
6,focused,B,-2,0,0,10,631,1200012631
6,focused,B,-2,0,0,10,632,1200012632
6,focused,B,-2,0,0,10,633,1200012633
6,focused,B,-2,0,0,10,634,1200012634
6,focused,B,-2,0,0,10,635,1200012635
6,focused,B,-2,0,0,10,636,1200012636
6,focused,B,-2,0,0,10,637,1200012637
6,focused,B,-2,0,0,10,638,1200012638
6,focused,B,-2,0,0,10,639,1200012639
6,focused,B,-2,0,0,10,640,1200012640
6,focused,B,-2,0,0,10,641,1200012641
6,focused,B,-2,0,0,10,642,1200012642
6,focused,B,-2,0,0,10,643,1200012643
6,focused,B,-2,0,0,10,644,1200012644
6,focused,B,-2,0,0,10,645,1200012645
6,focused,B,-2,0,0,10,646,1200012646
6,focused,B,-2,0,0,10,647,1200012647
6,focused,B,-2,0,0,10,648,1200012648
6,focused,B,-2,0,0,10,649,1200012649
6,focused,B,-2,0,0,10,650,1200012650
6,focused,B,-2,0,0,10,651,1200012651
6,focused,B,-2,0,0,10,652,1200012652
6,focused,B,-2,0,0,10,653,1200012653
6,focused,B,-2,0,0,10,654,1200012654
6,focused,B,-2,0,0,10,655,1200012655
6,focused,B,-2,0,0,10,656,1200012656
6,focused,B,-2,0,0,10,657,1200012657
6,focused,B,-2,0,0,10,658,1200012658
6,focused,B,-2,0,0,10,659,1200012659
6,focused,B,-2,0,0,10,660,1200012660
6,focused,B,-2,0,0,10,661,1200012661
6,focused,B,-2,0,0,10,662,1200012662
6,focused,B,-2,0,0,10,663,1200012663
6,focused,B,-2,0,0,10,664,1200012664
6,focused,B,-2,0,0,10,665,1200012665
6,focused,B,-2,0,0,10,666,1200012666
6,focused,B,-2,0,0,10,667,1200012667
6,focused,B,-2,0,0,10,668,1200012668
6,focused,B,-2,0,0,10,669,1200012669
6,focused,B,-2,0,0,10,670,1200012670
6,focused,B,-2,0,0,10,671,1200012671
6,focused,B,-2,0,0,10,672,1200012672
6,focused,B,-2,0,0,10,673,1200012673
6,focused,B,-2,0,0,10,674,1200012674
6,focused,B,-2,0,0,10,675,1200012675
6,focused,B,-2,0,0,10,676,1200012676
6,focused,B,-2,0,0,10,677,1200012677
6,focused,B,-2,0,0,10,678,1200012678
6,focused,B,-2,0,0,10,679,1200012679
6,focused,B,-2,0,0,10,680,1200012680
6,focused,B,-2,0,0,10,681,1200012681
6,focused,B,-2,0,0,10,682,1200012682
6,focused,B,-2,0,0,10,683,1200012683
6,focused,B,-2,0,0,10,684,1200012684
6,focused,B,-2,0,0,10,685,1200012685
6,focused,B,-2,0,0,10,686,1200012686
6,focused,B,-2,0,0,10,687,1200012687
6,focused,B,-2,0,0,10,688,1200012688
6,focused,B,-2,0,0,10,689,1200012689
6,focused,B,-2,0,0,10,690,1200012690
6,focused,B,-2,0,0,10,691,1200012691
6,focused,B,-2,0,0,10,692,1200012692
6,focused,B,-2,0,0,10,693,1200012693
6,focused,B,-2,0,0,10,694,1200012694
6,focused,B,-2,0,0,10,695,1200012695
6,focused,B,-2,0,0,10,696,1200012696
6,focused,B,-2,0,0,10,697,1200012697
6,focused,B,-2,0,0,10,698,1200012698
6,focused,B,-2,0,0,10,699,1200012699
6,focused,B,-2,0,0,10,700,1200012700
6,focused,B,-2,0,0,10,701,1200012701
6,focused,B,-2,0,0,10,702,1200012702
6,focused,B,-2,0,0,10,703,1200012703
6,focused,B,-2,0,0,10,704,1200012704
6,focused,B,-2,0,0,10,705,1200012705
6,focused,B,-2,0,0,10,706,1200012706
6,focused,B,-2,0,0,10,707,1200012707
6,focused,B,-2,0,0,10,708,1200012708
6,focused,B,-2,0,0,10,709,1200012709
6,focused,B,-2,0,0,10,710,1200012710
6,focused,B,-2,0,0,10,711,1200012711
6,focused,B,-2,0,0,10,712,1200012712
6,focused,B,-2,0,0,10,713,1200012713
6,focused,B,-2,0,0,10,714,1200012714
6,focused,B,-2,0,0,10,715,1200012715
6,focused,B,-2,0,0,10,716,1200012716
6,focused,B,-2,0,0,10,717,1200012717
6,focused,B,-2,0,0,10,718,1200012718
6,focused,B,-2,0,0,10,719,1200012719
6,focused,B,-2,0,0,10,720,1200012720
6,focused,B,-2,0,0,10,721,1200012721
6,focused,B,-2,0,0,10,722,1200012722
6,focused,B,-2,0,0,10,723,1200012723
6,focused,B,-2,0,0,10,724,1200012724
6,focused,B,-2,0,0,10,725,1200012725
6,focused,B,-2,0,0,10,726,1200012726
6,focused,B,-2,0,0,10,727,1200012727
6,focused,B,-2,0,0,10,728,1200012728
6,focused,B,-2,0,0,10,729,1200012729
6,focused,B,-2,0,0,10,730,1200012730
6,focused,B,-2,0,0,10,731,1200012731
6,focused,B,-2,0,0,10,732,1200012732
6,focused,B,-2,0,0,10,733,1200012733
6,focused,B,-2,0,0,10,734,1200012734
6,focused,B,-2,0,0,10,735,1200012735
6,focused,B,-2,0,0,10,736,1200012736
6,focused,B,-2,0,0,10,737,1200012737
6,focused,B,-2,0,0,10,738,1200012738
6,focused,B,-2,0,0,10,739,1200012739
6,focused,B,-2,0,0,10,740,1200012740
6,focused,B,-2,0,0,10,741,1200012741
6,focused,B,-2,0,0,10,742,1200012742
6,focused,B,-2,0,0,10,743,1200012743
6,focused,B,-2,0,0,10,744,1200012744
6,focused,B,-2,0,0,10,745,1200012745
6,focused,B,-2,0,0,10,746,1200012746
6,focused,B,-2,0,0,10,747,1200012747
6,focused,B,-2,0,0,10,748,1200012748
6,focused,B,-2,0,0,10,749,1200012749
6,focused,B,-2,0,0,10,750,1200012750
6,focused,B,-2,0,0,10,751,1200012751
6,focused,B,-2,0,0,10,752,1200012752
6,focused,B,-2,0,0,10,753,1200012753
6,focused,B,-2,0,0,10,754,1200012754
6,focused,B,-2,0,0,10,755,1200012755
6,focused,B,-2,0,0,10,756,1200012756
6,focused,B,-2,0,0,10,757,1200012757
6,focused,B,-2,0,0,10,758,1200012758
6,focused,B,-2,0,0,10,759,1200012759
6,focused,B,-2,0,0,10,760,1200012760
6,focused,B,-2,0,0,10,761,1200012761
6,focused,B,-2,0,0,10,762,1200012762
6,focused,B,-2,0,0,10,763,1200012763
6,focused,B,-2,0,0,10,764,1200012764
6,focused,B,-2,0,0,10,765,1200012765
6,focused,B,-2,0,0,10,766,1200012766
6,focused,B,-2,0,0,10,767,1200012767
6,focused,B,-2,0,0,10,768,1200012768
6,focused,B,-2,0,0,10,769,1200012769
6,focused,B,-2,0,0,10,770,1200012770
6,focused,B,-2,0,0,10,771,1200012771
6,focused,B,-2,0,0,10,772,1200012772
6,focused,B,-2,0,0,10,773,1200012773
6,focused,B,-2,0,0,10,774,1200012774
6,focused,B,-2,0,0,10,775,1200012775
6,focused,B,-2,0,0,10,776,1200012776
6,focused,B,-2,0,0,10,777,1200012777
6,focused,B,-2,0,0,10,778,1200012778
6,focused,B,-2,0,0,10,779,1200012779
6,focused,B,-2,0,0,10,780,1200012780
6,focused,B,-2,0,0,10,781,1200012781
6,focused,B,-2,0,0,10,782,1200012782
6,focused,B,-2,0,0,10,783,1200012783
6,focused,B,-2,0,0,10,784,1200012784
6,focused,B,-2,0,0,10,785,1200012785
6,focused,B,-2,0,0,10,786,1200012786
6,focused,B,-2,0,0,10,787,1200012787
6,focused,B,-2,0,0,10,788,1200012788
6,focused,B,-2,0,0,10,789,1200012789
6,focused,B,-2,0,0,10,790,1200012790
6,focused,B,-2,0,0,10,791,1200012791
6,focused,B,-2,0,0,10,792,1200012792
6,focused,B,-2,0,0,10,793,1200012793
6,focused,B,-2,0,0,10,794,1200012794
6,focused,B,-2,0,0,10,795,1200012795
6,focused,B,-2,0,0,10,796,1200012796
6,focused,B,-2,0,0,10,797,1200012797
6,focused,B,-2,0,0,10,798,1200012798
6,focused,B,-2,0,0,10,799,1200012799
6,focused,B,-2,0,0,10,800,1200012800
6,focused,B,-2,0,0,10,801,1200012801
6,focused,B,-2,0,0,10,802,1200012802
6,focused,B,-2,0,0,10,803,1200012803
6,focused,B,-2,0,0,10,804,1200012804
6,focused,B,-2,0,0,10,805,1200012805
6,focused,B,-2,0,0,10,806,1200012806
6,focused,B,-2,0,0,10,807,1200012807
6,focused,B,-2,0,0,10,808,1200012808
6,focused,B,-2,0,0,10,809,1200012809
6,focused,B,-2,0,0,10,810,1200012810
6,focused,B,-2,0,0,10,811,1200012811
6,focused,B,-2,0,0,10,812,1200012812
6,focused,B,-2,0,0,10,813,1200012813
6,focused,B,-2,0,0,10,814,1200012814
6,focused,B,-2,0,0,10,815,1200012815
6,focused,B,-2,0,0,10,816,1200012816
6,focused,B,-2,0,0,10,817,1200012817
6,focused,B,-2,0,0,10,818,1200012818
6,focused,B,-2,0,0,10,819,1200012819
6,focused,B,-2,0,0,10,820,1200012820
6,focused,B,-2,0,0,10,821,1200012821
6,focused,B,-2,0,0,10,822,1200012822
6,focused,B,-2,0,0,10,823,1200012823
6,focused,B,-2,0,0,10,824,1200012824
6,focused,B,-2,0,0,10,825,1200012825
6,focused,B,-2,0,0,10,826,1200012826
6,focused,B,-2,0,0,10,827,1200012827
6,focused,B,-2,0,0,10,828,1200012828
6,focused,B,-2,0,0,10,829,1200012829
6,focused,B,-2,0,0,10,830,1200012830
6,focused,B,-2,0,0,10,831,1200012831
6,focused,B,-2,0,0,10,832,1200012832
6,focused,B,-2,0,0,10,833,1200012833
6,focused,B,-2,0,0,10,834,1200012834
6,focused,B,-2,0,0,10,835,1200012835
6,focused,B,-2,0,0,10,836,1200012836
6,focused,B,-2,0,0,10,837,1200012837
6,focused,B,-2,0,0,10,838,1200012838
6,focused,B,-2,0,0,10,839,1200012839
6,focused,B,-2,0,0,10,840,1200012840
6,focused,B,-2,0,0,10,841,1200012841
6,focused,B,-2,0,0,10,842,1200012842
6,focused,B,-2,0,0,10,843,1200012843
6,focused,B,-2,0,0,10,844,1200012844
6,focused,B,-2,0,0,10,845,1200012845
6,focused,B,-2,0,0,10,846,1200012846
6,focused,B,-2,0,0,10,847,1200012847
6,focused,B,-2,0,0,10,848,1200012848
6,focused,B,-2,0,0,10,849,1200012849
6,focused,B,-2,0,0,10,850,1200012850
6,focused,B,-2,0,0,10,851,1200012851
6,focused,B,-2,0,0,10,852,1200012852
6,focused,B,-2,0,0,10,853,1200012853
6,focused,B,-2,0,0,10,854,1200012854
6,focused,B,-2,0,0,10,855,1200012855
6,focused,B,-2,0,0,10,856,1200012856
6,focused,B,-2,0,0,10,857,1200012857
6,focused,B,-2,0,0,10,858,1200012858
6,focused,B,-2,0,0,10,859,1200012859
6,focused,B,-2,0,0,10,860,1200012860
6,focused,B,-2,0,0,10,861,1200012861
6,focused,B,-2,0,0,10,862,1200012862
6,focused,B,-2,0,0,10,863,1200012863
6,focused,B,-2,0,0,10,864,1200012864
6,focused,B,-2,0,0,10,865,1200012865
6,focused,B,-2,0,0,10,866,1200012866
6,focused,B,-2,0,0,10,867,1200012867
6,focused,B,-2,0,0,10,868,1200012868
6,focused,B,-2,0,0,10,869,1200012869
6,focused,B,-2,0,0,10,870,1200012870
6,focused,B,-2,0,0,10,871,1200012871
6,focused,B,-2,0,0,10,872,1200012872
6,focused,B,-2,0,0,10,873,1200012873
6,focused,B,-2,0,0,10,874,1200012874
6,focused,B,-2,0,0,10,875,1200012875
6,focused,B,-2,0,0,10,876,1200012876
6,focused,B,-2,0,0,10,877,1200012877
6,focused,B,-2,0,0,10,878,1200012878
6,focused,B,-2,0,0,10,879,1200012879
6,focused,B,-2,0,0,10,880,1200012880
6,focused,B,-2,0,0,10,881,1200012881
6,focused,B,-2,0,0,10,882,1200012882
6,focused,B,-2,0,0,10,883,1200012883
6,focused,B,-2,0,0,10,884,1200012884
6,focused,B,-2,0,0,10,885,1200012885
6,focused,B,-2,0,0,10,886,1200012886
6,focused,B,-2,0,0,10,887,1200012887
6,focused,B,-2,0,0,10,888,1200012888
6,focused,B,-2,0,0,10,889,1200012889
6,focused,B,-2,0,0,10,890,1200012890
6,focused,B,-2,0,0,10,891,1200012891
6,focused,B,-2,0,0,10,892,1200012892
6,focused,B,-2,0,0,10,893,1200012893
6,focused,B,-2,0,0,10,894,1200012894
6,focused,B,-2,0,0,10,895,1200012895
6,focused,B,-2,0,0,10,896,1200012896
6,focused,B,-2,0,0,10,897,1200012897
6,focused,B,-2,0,0,10,898,1200012898
6,focused,B,-2,0,0,10,899,1200012899
6,focused,B,-2,0,0,10,900,1200012900
6,focused,B,-2,0,0,10,901,1200012901
6,focused,B,-2,0,0,10,902,1200012902
6,focused,B,-2,0,0,10,903,1200012903
6,focused,B,-2,0,0,10,904,1200012904
6,focused,B,-2,0,0,10,905,1200012905
6,focused,B,-2,0,0,10,906,1200012906
6,focused,B,-2,0,0,10,907,1200012907
6,focused,B,-2,0,0,10,908,1200012908
6,focused,B,-2,0,0,10,909,1200012909
6,focused,B,-2,0,0,10,910,1200012910
6,focused,B,-2,0,0,10,911,1200012911
6,focused,B,-2,0,0,10,912,1200012912
6,focused,B,-2,0,0,10,913,1200012913
6,focused,B,-2,0,0,10,914,1200012914
6,focused,B,-2,0,0,10,915,1200012915
6,focused,B,-2,0,0,10,916,1200012916
6,focused,B,-2,0,0,10,917,1200012917
6,focused,B,-2,0,0,10,918,1200012918
6,focused,B,-2,0,0,10,919,1200012919
6,focused,B,-2,0,0,10,920,1200012920
6,focused,B,-2,0,0,10,921,1200012921
6,focused,B,-2,0,0,10,922,1200012922
6,focused,B,-2,0,0,10,923,1200012923
6,focused,B,-2,0,0,10,924,1200012924
6,focused,B,-2,0,0,10,925,1200012925
6,focused,B,-2,0,0,10,926,1200012926
6,focused,B,-2,0,0,10,927,1200012927
6,focused,B,-2,0,0,10,928,1200012928
6,focused,B,-2,0,0,10,929,1200012929
6,focused,B,-2,0,0,10,930,1200012930
6,focused,B,-2,0,0,10,931,1200012931
6,focused,B,-2,0,0,10,932,1200012932
6,focused,B,-2,0,0,10,933,1200012933
6,focused,B,-2,0,0,10,934,1200012934
6,focused,B,-2,0,0,10,935,1200012935
6,focused,B,-2,0,0,10,936,1200012936
6,focused,B,-2,0,0,10,937,1200012937
6,focused,B,-2,0,0,10,938,1200012938
6,focused,B,-2,0,0,10,939,1200012939
6,focused,B,-2,0,0,10,940,1200012940
6,focused,B,-2,0,0,10,941,1200012941
6,focused,B,-2,0,0,10,942,1200012942
6,focused,B,-2,0,0,10,943,1200012943
6,focused,B,-2,0,0,10,944,1200012944
6,focused,B,-2,0,0,10,945,1200012945
6,focused,B,-2,0,0,10,946,1200012946
6,focused,B,-2,0,0,10,947,1200012947
6,focused,B,-2,0,0,10,948,1200012948
6,focused,B,-2,0,0,10,949,1200012949
6,focused,B,-2,0,0,10,950,1200012950
6,focused,B,-2,0,0,10,951,1200012951
6,focused,B,-2,0,0,10,952,1200012952
6,focused,B,-2,0,0,10,953,1200012953
6,focused,B,-2,0,0,10,954,1200012954
6,focused,B,-2,0,0,10,955,1200012955
6,focused,B,-2,0,0,10,956,1200012956
6,focused,B,-2,0,0,10,957,1200012957
6,focused,B,-2,0,0,10,958,1200012958
6,focused,B,-2,0,0,10,959,1200012959
6,focused,B,-2,0,0,10,960,1200012960
6,focused,B,-2,0,0,10,961,1200012961
6,focused,B,-2,0,0,10,962,1200012962
6,focused,B,-2,0,0,10,963,1200012963
6,focused,B,-2,0,0,10,964,1200012964
6,focused,B,-2,0,0,10,965,1200012965
6,focused,B,-2,0,0,10,966,1200012966
6,focused,B,-2,0,0,10,967,1200012967
6,focused,B,-2,0,0,10,968,1200012968
6,focused,B,-2,0,0,10,969,1200012969
6,focused,B,-2,0,0,10,970,1200012970
6,focused,B,-2,0,0,10,971,1200012971
6,focused,B,-2,0,0,10,972,1200012972
6,focused,B,-2,0,0,10,973,1200012973
6,focused,B,-2,0,0,10,974,1200012974
6,focused,B,-2,0,0,10,975,1200012975
6,focused,B,-2,0,0,10,976,1200012976
6,focused,B,-2,0,0,10,977,1200012977
6,focused,B,-2,0,0,10,978,1200012978
6,focused,B,-2,0,0,10,979,1200012979
6,focused,B,-2,0,0,10,980,1200012980
6,focused,B,-2,0,0,10,981,1200012981
6,focused,B,-2,0,0,10,982,1200012982
6,focused,B,-2,0,0,10,983,1200012983
6,focused,B,-2,0,0,10,984,1200012984
6,focused,B,-2,0,0,10,985,1200012985
6,focused,B,-2,0,0,10,986,1200012986
6,focused,B,-2,0,0,10,987,1200012987
6,focused,B,-2,0,0,10,988,1200012988
6,focused,B,-2,0,0,10,989,1200012989
6,focused,B,-2,0,0,10,990,1200012990
6,focused,B,-2,0,0,10,991,1200012991
6,focused,B,-2,0,0,10,992,1200012992
6,focused,B,-2,0,0,10,993,1200012993
6,focused,B,-2,0,0,10,994,1200012994
6,focused,B,-2,0,0,10,995,1200012995
6,focused,B,-2,0,0,10,996,1200012996
6,focused,B,-2,0,0,10,997,1200012997
6,focused,B,-2,0,0,10,998,1200012998
6,focused,B,-2,0,0,10,999,1200012999
6,focused,B,-2,0,0,10,1000,1200013000
7,focused,B,-1,0,0,0.25,1,1200014001
7,focused,B,-1,0,0,0.25,2,1200014002
7,focused,B,-1,0,0,0.25,3,1200014003
7,focused,B,-1,0,0,0.25,4,1200014004
7,focused,B,-1,0,0,0.25,5,1200014005
7,focused,B,-1,0,0,0.25,6,1200014006
7,focused,B,-1,0,0,0.25,7,1200014007
7,focused,B,-1,0,0,0.25,8,1200014008
7,focused,B,-1,0,0,0.25,9,1200014009
7,focused,B,-1,0,0,0.25,10,1200014010
7,focused,B,-1,0,0,0.25,11,1200014011
7,focused,B,-1,0,0,0.25,12,1200014012
7,focused,B,-1,0,0,0.25,13,1200014013
7,focused,B,-1,0,0,0.25,14,1200014014
7,focused,B,-1,0,0,0.25,15,1200014015
7,focused,B,-1,0,0,0.25,16,1200014016
7,focused,B,-1,0,0,0.25,17,1200014017
7,focused,B,-1,0,0,0.25,18,1200014018
7,focused,B,-1,0,0,0.25,19,1200014019
7,focused,B,-1,0,0,0.25,20,1200014020
7,focused,B,-1,0,0,0.25,21,1200014021
7,focused,B,-1,0,0,0.25,22,1200014022
7,focused,B,-1,0,0,0.25,23,1200014023
7,focused,B,-1,0,0,0.25,24,1200014024
7,focused,B,-1,0,0,0.25,25,1200014025
7,focused,B,-1,0,0,0.25,26,1200014026
7,focused,B,-1,0,0,0.25,27,1200014027
7,focused,B,-1,0,0,0.25,28,1200014028
7,focused,B,-1,0,0,0.25,29,1200014029
7,focused,B,-1,0,0,0.25,30,1200014030
7,focused,B,-1,0,0,0.25,31,1200014031
7,focused,B,-1,0,0,0.25,32,1200014032
7,focused,B,-1,0,0,0.25,33,1200014033
7,focused,B,-1,0,0,0.25,34,1200014034
7,focused,B,-1,0,0,0.25,35,1200014035
7,focused,B,-1,0,0,0.25,36,1200014036
7,focused,B,-1,0,0,0.25,37,1200014037
7,focused,B,-1,0,0,0.25,38,1200014038
7,focused,B,-1,0,0,0.25,39,1200014039
7,focused,B,-1,0,0,0.25,40,1200014040
7,focused,B,-1,0,0,0.25,41,1200014041
7,focused,B,-1,0,0,0.25,42,1200014042
7,focused,B,-1,0,0,0.25,43,1200014043
7,focused,B,-1,0,0,0.25,44,1200014044
7,focused,B,-1,0,0,0.25,45,1200014045
7,focused,B,-1,0,0,0.25,46,1200014046
7,focused,B,-1,0,0,0.25,47,1200014047
7,focused,B,-1,0,0,0.25,48,1200014048
7,focused,B,-1,0,0,0.25,49,1200014049
7,focused,B,-1,0,0,0.25,50,1200014050
7,focused,B,-1,0,0,0.25,51,1200014051
7,focused,B,-1,0,0,0.25,52,1200014052
7,focused,B,-1,0,0,0.25,53,1200014053
7,focused,B,-1,0,0,0.25,54,1200014054
7,focused,B,-1,0,0,0.25,55,1200014055
7,focused,B,-1,0,0,0.25,56,1200014056
7,focused,B,-1,0,0,0.25,57,1200014057
7,focused,B,-1,0,0,0.25,58,1200014058
7,focused,B,-1,0,0,0.25,59,1200014059
7,focused,B,-1,0,0,0.25,60,1200014060
7,focused,B,-1,0,0,0.25,61,1200014061
7,focused,B,-1,0,0,0.25,62,1200014062
7,focused,B,-1,0,0,0.25,63,1200014063
7,focused,B,-1,0,0,0.25,64,1200014064
7,focused,B,-1,0,0,0.25,65,1200014065
7,focused,B,-1,0,0,0.25,66,1200014066
7,focused,B,-1,0,0,0.25,67,1200014067
7,focused,B,-1,0,0,0.25,68,1200014068
7,focused,B,-1,0,0,0.25,69,1200014069
7,focused,B,-1,0,0,0.25,70,1200014070
7,focused,B,-1,0,0,0.25,71,1200014071
7,focused,B,-1,0,0,0.25,72,1200014072
7,focused,B,-1,0,0,0.25,73,1200014073
7,focused,B,-1,0,0,0.25,74,1200014074
7,focused,B,-1,0,0,0.25,75,1200014075
7,focused,B,-1,0,0,0.25,76,1200014076
7,focused,B,-1,0,0,0.25,77,1200014077
7,focused,B,-1,0,0,0.25,78,1200014078
7,focused,B,-1,0,0,0.25,79,1200014079
7,focused,B,-1,0,0,0.25,80,1200014080
7,focused,B,-1,0,0,0.25,81,1200014081
7,focused,B,-1,0,0,0.25,82,1200014082
7,focused,B,-1,0,0,0.25,83,1200014083
7,focused,B,-1,0,0,0.25,84,1200014084
7,focused,B,-1,0,0,0.25,85,1200014085
7,focused,B,-1,0,0,0.25,86,1200014086
7,focused,B,-1,0,0,0.25,87,1200014087
7,focused,B,-1,0,0,0.25,88,1200014088
7,focused,B,-1,0,0,0.25,89,1200014089
7,focused,B,-1,0,0,0.25,90,1200014090
7,focused,B,-1,0,0,0.25,91,1200014091
7,focused,B,-1,0,0,0.25,92,1200014092
7,focused,B,-1,0,0,0.25,93,1200014093
7,focused,B,-1,0,0,0.25,94,1200014094
7,focused,B,-1,0,0,0.25,95,1200014095
7,focused,B,-1,0,0,0.25,96,1200014096
7,focused,B,-1,0,0,0.25,97,1200014097
7,focused,B,-1,0,0,0.25,98,1200014098
7,focused,B,-1,0,0,0.25,99,1200014099
7,focused,B,-1,0,0,0.25,100,1200014100
7,focused,B,-1,0,0,0.25,101,1200014101
7,focused,B,-1,0,0,0.25,102,1200014102
7,focused,B,-1,0,0,0.25,103,1200014103
7,focused,B,-1,0,0,0.25,104,1200014104
7,focused,B,-1,0,0,0.25,105,1200014105
7,focused,B,-1,0,0,0.25,106,1200014106
7,focused,B,-1,0,0,0.25,107,1200014107
7,focused,B,-1,0,0,0.25,108,1200014108
7,focused,B,-1,0,0,0.25,109,1200014109
7,focused,B,-1,0,0,0.25,110,1200014110
7,focused,B,-1,0,0,0.25,111,1200014111
7,focused,B,-1,0,0,0.25,112,1200014112
7,focused,B,-1,0,0,0.25,113,1200014113
7,focused,B,-1,0,0,0.25,114,1200014114
7,focused,B,-1,0,0,0.25,115,1200014115
7,focused,B,-1,0,0,0.25,116,1200014116
7,focused,B,-1,0,0,0.25,117,1200014117
7,focused,B,-1,0,0,0.25,118,1200014118
7,focused,B,-1,0,0,0.25,119,1200014119
7,focused,B,-1,0,0,0.25,120,1200014120
7,focused,B,-1,0,0,0.25,121,1200014121
7,focused,B,-1,0,0,0.25,122,1200014122
7,focused,B,-1,0,0,0.25,123,1200014123
7,focused,B,-1,0,0,0.25,124,1200014124
7,focused,B,-1,0,0,0.25,125,1200014125
7,focused,B,-1,0,0,0.25,126,1200014126
7,focused,B,-1,0,0,0.25,127,1200014127
7,focused,B,-1,0,0,0.25,128,1200014128
7,focused,B,-1,0,0,0.25,129,1200014129
7,focused,B,-1,0,0,0.25,130,1200014130
7,focused,B,-1,0,0,0.25,131,1200014131
7,focused,B,-1,0,0,0.25,132,1200014132
7,focused,B,-1,0,0,0.25,133,1200014133
7,focused,B,-1,0,0,0.25,134,1200014134
7,focused,B,-1,0,0,0.25,135,1200014135
7,focused,B,-1,0,0,0.25,136,1200014136
7,focused,B,-1,0,0,0.25,137,1200014137
7,focused,B,-1,0,0,0.25,138,1200014138
7,focused,B,-1,0,0,0.25,139,1200014139
7,focused,B,-1,0,0,0.25,140,1200014140
7,focused,B,-1,0,0,0.25,141,1200014141
7,focused,B,-1,0,0,0.25,142,1200014142
7,focused,B,-1,0,0,0.25,143,1200014143
7,focused,B,-1,0,0,0.25,144,1200014144
7,focused,B,-1,0,0,0.25,145,1200014145
7,focused,B,-1,0,0,0.25,146,1200014146
7,focused,B,-1,0,0,0.25,147,1200014147
7,focused,B,-1,0,0,0.25,148,1200014148
7,focused,B,-1,0,0,0.25,149,1200014149
7,focused,B,-1,0,0,0.25,150,1200014150
7,focused,B,-1,0,0,0.25,151,1200014151
7,focused,B,-1,0,0,0.25,152,1200014152
7,focused,B,-1,0,0,0.25,153,1200014153
7,focused,B,-1,0,0,0.25,154,1200014154
7,focused,B,-1,0,0,0.25,155,1200014155
7,focused,B,-1,0,0,0.25,156,1200014156
7,focused,B,-1,0,0,0.25,157,1200014157
7,focused,B,-1,0,0,0.25,158,1200014158
7,focused,B,-1,0,0,0.25,159,1200014159
7,focused,B,-1,0,0,0.25,160,1200014160
7,focused,B,-1,0,0,0.25,161,1200014161
7,focused,B,-1,0,0,0.25,162,1200014162
7,focused,B,-1,0,0,0.25,163,1200014163
7,focused,B,-1,0,0,0.25,164,1200014164
7,focused,B,-1,0,0,0.25,165,1200014165
7,focused,B,-1,0,0,0.25,166,1200014166
7,focused,B,-1,0,0,0.25,167,1200014167
7,focused,B,-1,0,0,0.25,168,1200014168
7,focused,B,-1,0,0,0.25,169,1200014169
7,focused,B,-1,0,0,0.25,170,1200014170
7,focused,B,-1,0,0,0.25,171,1200014171
7,focused,B,-1,0,0,0.25,172,1200014172
7,focused,B,-1,0,0,0.25,173,1200014173
7,focused,B,-1,0,0,0.25,174,1200014174
7,focused,B,-1,0,0,0.25,175,1200014175
7,focused,B,-1,0,0,0.25,176,1200014176
7,focused,B,-1,0,0,0.25,177,1200014177
7,focused,B,-1,0,0,0.25,178,1200014178
7,focused,B,-1,0,0,0.25,179,1200014179
7,focused,B,-1,0,0,0.25,180,1200014180
7,focused,B,-1,0,0,0.25,181,1200014181
7,focused,B,-1,0,0,0.25,182,1200014182
7,focused,B,-1,0,0,0.25,183,1200014183
7,focused,B,-1,0,0,0.25,184,1200014184
7,focused,B,-1,0,0,0.25,185,1200014185
7,focused,B,-1,0,0,0.25,186,1200014186
7,focused,B,-1,0,0,0.25,187,1200014187
7,focused,B,-1,0,0,0.25,188,1200014188
7,focused,B,-1,0,0,0.25,189,1200014189
7,focused,B,-1,0,0,0.25,190,1200014190
7,focused,B,-1,0,0,0.25,191,1200014191
7,focused,B,-1,0,0,0.25,192,1200014192
7,focused,B,-1,0,0,0.25,193,1200014193
7,focused,B,-1,0,0,0.25,194,1200014194
7,focused,B,-1,0,0,0.25,195,1200014195
7,focused,B,-1,0,0,0.25,196,1200014196
7,focused,B,-1,0,0,0.25,197,1200014197
7,focused,B,-1,0,0,0.25,198,1200014198
7,focused,B,-1,0,0,0.25,199,1200014199
7,focused,B,-1,0,0,0.25,200,1200014200
7,focused,B,-1,0,0,0.25,201,1200014201
7,focused,B,-1,0,0,0.25,202,1200014202
7,focused,B,-1,0,0,0.25,203,1200014203
7,focused,B,-1,0,0,0.25,204,1200014204
7,focused,B,-1,0,0,0.25,205,1200014205
7,focused,B,-1,0,0,0.25,206,1200014206
7,focused,B,-1,0,0,0.25,207,1200014207
7,focused,B,-1,0,0,0.25,208,1200014208
7,focused,B,-1,0,0,0.25,209,1200014209
7,focused,B,-1,0,0,0.25,210,1200014210
7,focused,B,-1,0,0,0.25,211,1200014211
7,focused,B,-1,0,0,0.25,212,1200014212
7,focused,B,-1,0,0,0.25,213,1200014213
7,focused,B,-1,0,0,0.25,214,1200014214
7,focused,B,-1,0,0,0.25,215,1200014215
7,focused,B,-1,0,0,0.25,216,1200014216
7,focused,B,-1,0,0,0.25,217,1200014217
7,focused,B,-1,0,0,0.25,218,1200014218
7,focused,B,-1,0,0,0.25,219,1200014219
7,focused,B,-1,0,0,0.25,220,1200014220
7,focused,B,-1,0,0,0.25,221,1200014221
7,focused,B,-1,0,0,0.25,222,1200014222
7,focused,B,-1,0,0,0.25,223,1200014223
7,focused,B,-1,0,0,0.25,224,1200014224
7,focused,B,-1,0,0,0.25,225,1200014225
7,focused,B,-1,0,0,0.25,226,1200014226
7,focused,B,-1,0,0,0.25,227,1200014227
7,focused,B,-1,0,0,0.25,228,1200014228
7,focused,B,-1,0,0,0.25,229,1200014229
7,focused,B,-1,0,0,0.25,230,1200014230
7,focused,B,-1,0,0,0.25,231,1200014231
7,focused,B,-1,0,0,0.25,232,1200014232
7,focused,B,-1,0,0,0.25,233,1200014233
7,focused,B,-1,0,0,0.25,234,1200014234
7,focused,B,-1,0,0,0.25,235,1200014235
7,focused,B,-1,0,0,0.25,236,1200014236
7,focused,B,-1,0,0,0.25,237,1200014237
7,focused,B,-1,0,0,0.25,238,1200014238
7,focused,B,-1,0,0,0.25,239,1200014239
7,focused,B,-1,0,0,0.25,240,1200014240
7,focused,B,-1,0,0,0.25,241,1200014241
7,focused,B,-1,0,0,0.25,242,1200014242
7,focused,B,-1,0,0,0.25,243,1200014243
7,focused,B,-1,0,0,0.25,244,1200014244
7,focused,B,-1,0,0,0.25,245,1200014245
7,focused,B,-1,0,0,0.25,246,1200014246
7,focused,B,-1,0,0,0.25,247,1200014247
7,focused,B,-1,0,0,0.25,248,1200014248
7,focused,B,-1,0,0,0.25,249,1200014249
7,focused,B,-1,0,0,0.25,250,1200014250
7,focused,B,-1,0,0,0.25,251,1200014251
7,focused,B,-1,0,0,0.25,252,1200014252
7,focused,B,-1,0,0,0.25,253,1200014253
7,focused,B,-1,0,0,0.25,254,1200014254
7,focused,B,-1,0,0,0.25,255,1200014255
7,focused,B,-1,0,0,0.25,256,1200014256
7,focused,B,-1,0,0,0.25,257,1200014257
7,focused,B,-1,0,0,0.25,258,1200014258
7,focused,B,-1,0,0,0.25,259,1200014259
7,focused,B,-1,0,0,0.25,260,1200014260
7,focused,B,-1,0,0,0.25,261,1200014261
7,focused,B,-1,0,0,0.25,262,1200014262
7,focused,B,-1,0,0,0.25,263,1200014263
7,focused,B,-1,0,0,0.25,264,1200014264
7,focused,B,-1,0,0,0.25,265,1200014265
7,focused,B,-1,0,0,0.25,266,1200014266
7,focused,B,-1,0,0,0.25,267,1200014267
7,focused,B,-1,0,0,0.25,268,1200014268
7,focused,B,-1,0,0,0.25,269,1200014269
7,focused,B,-1,0,0,0.25,270,1200014270
7,focused,B,-1,0,0,0.25,271,1200014271
7,focused,B,-1,0,0,0.25,272,1200014272
7,focused,B,-1,0,0,0.25,273,1200014273
7,focused,B,-1,0,0,0.25,274,1200014274
7,focused,B,-1,0,0,0.25,275,1200014275
7,focused,B,-1,0,0,0.25,276,1200014276
7,focused,B,-1,0,0,0.25,277,1200014277
7,focused,B,-1,0,0,0.25,278,1200014278
7,focused,B,-1,0,0,0.25,279,1200014279
7,focused,B,-1,0,0,0.25,280,1200014280
7,focused,B,-1,0,0,0.25,281,1200014281
7,focused,B,-1,0,0,0.25,282,1200014282
7,focused,B,-1,0,0,0.25,283,1200014283
7,focused,B,-1,0,0,0.25,284,1200014284
7,focused,B,-1,0,0,0.25,285,1200014285
7,focused,B,-1,0,0,0.25,286,1200014286
7,focused,B,-1,0,0,0.25,287,1200014287
7,focused,B,-1,0,0,0.25,288,1200014288
7,focused,B,-1,0,0,0.25,289,1200014289
7,focused,B,-1,0,0,0.25,290,1200014290
7,focused,B,-1,0,0,0.25,291,1200014291
7,focused,B,-1,0,0,0.25,292,1200014292
7,focused,B,-1,0,0,0.25,293,1200014293
7,focused,B,-1,0,0,0.25,294,1200014294
7,focused,B,-1,0,0,0.25,295,1200014295
7,focused,B,-1,0,0,0.25,296,1200014296
7,focused,B,-1,0,0,0.25,297,1200014297
7,focused,B,-1,0,0,0.25,298,1200014298
7,focused,B,-1,0,0,0.25,299,1200014299
7,focused,B,-1,0,0,0.25,300,1200014300
7,focused,B,-1,0,0,0.25,301,1200014301
7,focused,B,-1,0,0,0.25,302,1200014302
7,focused,B,-1,0,0,0.25,303,1200014303
7,focused,B,-1,0,0,0.25,304,1200014304
7,focused,B,-1,0,0,0.25,305,1200014305
7,focused,B,-1,0,0,0.25,306,1200014306
7,focused,B,-1,0,0,0.25,307,1200014307
7,focused,B,-1,0,0,0.25,308,1200014308
7,focused,B,-1,0,0,0.25,309,1200014309
7,focused,B,-1,0,0,0.25,310,1200014310
7,focused,B,-1,0,0,0.25,311,1200014311
7,focused,B,-1,0,0,0.25,312,1200014312
7,focused,B,-1,0,0,0.25,313,1200014313
7,focused,B,-1,0,0,0.25,314,1200014314
7,focused,B,-1,0,0,0.25,315,1200014315
7,focused,B,-1,0,0,0.25,316,1200014316
7,focused,B,-1,0,0,0.25,317,1200014317
7,focused,B,-1,0,0,0.25,318,1200014318
7,focused,B,-1,0,0,0.25,319,1200014319
7,focused,B,-1,0,0,0.25,320,1200014320
7,focused,B,-1,0,0,0.25,321,1200014321
7,focused,B,-1,0,0,0.25,322,1200014322
7,focused,B,-1,0,0,0.25,323,1200014323
7,focused,B,-1,0,0,0.25,324,1200014324
7,focused,B,-1,0,0,0.25,325,1200014325
7,focused,B,-1,0,0,0.25,326,1200014326
7,focused,B,-1,0,0,0.25,327,1200014327
7,focused,B,-1,0,0,0.25,328,1200014328
7,focused,B,-1,0,0,0.25,329,1200014329
7,focused,B,-1,0,0,0.25,330,1200014330
7,focused,B,-1,0,0,0.25,331,1200014331
7,focused,B,-1,0,0,0.25,332,1200014332
7,focused,B,-1,0,0,0.25,333,1200014333
7,focused,B,-1,0,0,0.25,334,1200014334
7,focused,B,-1,0,0,0.25,335,1200014335
7,focused,B,-1,0,0,0.25,336,1200014336
7,focused,B,-1,0,0,0.25,337,1200014337
7,focused,B,-1,0,0,0.25,338,1200014338
7,focused,B,-1,0,0,0.25,339,1200014339
7,focused,B,-1,0,0,0.25,340,1200014340
7,focused,B,-1,0,0,0.25,341,1200014341
7,focused,B,-1,0,0,0.25,342,1200014342
7,focused,B,-1,0,0,0.25,343,1200014343
7,focused,B,-1,0,0,0.25,344,1200014344
7,focused,B,-1,0,0,0.25,345,1200014345
7,focused,B,-1,0,0,0.25,346,1200014346
7,focused,B,-1,0,0,0.25,347,1200014347
7,focused,B,-1,0,0,0.25,348,1200014348
7,focused,B,-1,0,0,0.25,349,1200014349
7,focused,B,-1,0,0,0.25,350,1200014350
7,focused,B,-1,0,0,0.25,351,1200014351
7,focused,B,-1,0,0,0.25,352,1200014352
7,focused,B,-1,0,0,0.25,353,1200014353
7,focused,B,-1,0,0,0.25,354,1200014354
7,focused,B,-1,0,0,0.25,355,1200014355
7,focused,B,-1,0,0,0.25,356,1200014356
7,focused,B,-1,0,0,0.25,357,1200014357
7,focused,B,-1,0,0,0.25,358,1200014358
7,focused,B,-1,0,0,0.25,359,1200014359
7,focused,B,-1,0,0,0.25,360,1200014360
7,focused,B,-1,0,0,0.25,361,1200014361
7,focused,B,-1,0,0,0.25,362,1200014362
7,focused,B,-1,0,0,0.25,363,1200014363
7,focused,B,-1,0,0,0.25,364,1200014364
7,focused,B,-1,0,0,0.25,365,1200014365
7,focused,B,-1,0,0,0.25,366,1200014366
7,focused,B,-1,0,0,0.25,367,1200014367
7,focused,B,-1,0,0,0.25,368,1200014368
7,focused,B,-1,0,0,0.25,369,1200014369
7,focused,B,-1,0,0,0.25,370,1200014370
7,focused,B,-1,0,0,0.25,371,1200014371
7,focused,B,-1,0,0,0.25,372,1200014372
7,focused,B,-1,0,0,0.25,373,1200014373
7,focused,B,-1,0,0,0.25,374,1200014374
7,focused,B,-1,0,0,0.25,375,1200014375
7,focused,B,-1,0,0,0.25,376,1200014376
7,focused,B,-1,0,0,0.25,377,1200014377
7,focused,B,-1,0,0,0.25,378,1200014378
7,focused,B,-1,0,0,0.25,379,1200014379
7,focused,B,-1,0,0,0.25,380,1200014380
7,focused,B,-1,0,0,0.25,381,1200014381
7,focused,B,-1,0,0,0.25,382,1200014382
7,focused,B,-1,0,0,0.25,383,1200014383
7,focused,B,-1,0,0,0.25,384,1200014384
7,focused,B,-1,0,0,0.25,385,1200014385
7,focused,B,-1,0,0,0.25,386,1200014386
7,focused,B,-1,0,0,0.25,387,1200014387
7,focused,B,-1,0,0,0.25,388,1200014388
7,focused,B,-1,0,0,0.25,389,1200014389
7,focused,B,-1,0,0,0.25,390,1200014390
7,focused,B,-1,0,0,0.25,391,1200014391
7,focused,B,-1,0,0,0.25,392,1200014392
7,focused,B,-1,0,0,0.25,393,1200014393
7,focused,B,-1,0,0,0.25,394,1200014394
7,focused,B,-1,0,0,0.25,395,1200014395
7,focused,B,-1,0,0,0.25,396,1200014396
7,focused,B,-1,0,0,0.25,397,1200014397
7,focused,B,-1,0,0,0.25,398,1200014398
7,focused,B,-1,0,0,0.25,399,1200014399
7,focused,B,-1,0,0,0.25,400,1200014400
7,focused,B,-1,0,0,0.25,401,1200014401
7,focused,B,-1,0,0,0.25,402,1200014402
7,focused,B,-1,0,0,0.25,403,1200014403
7,focused,B,-1,0,0,0.25,404,1200014404
7,focused,B,-1,0,0,0.25,405,1200014405
7,focused,B,-1,0,0,0.25,406,1200014406
7,focused,B,-1,0,0,0.25,407,1200014407
7,focused,B,-1,0,0,0.25,408,1200014408
7,focused,B,-1,0,0,0.25,409,1200014409
7,focused,B,-1,0,0,0.25,410,1200014410
7,focused,B,-1,0,0,0.25,411,1200014411
7,focused,B,-1,0,0,0.25,412,1200014412
7,focused,B,-1,0,0,0.25,413,1200014413
7,focused,B,-1,0,0,0.25,414,1200014414
7,focused,B,-1,0,0,0.25,415,1200014415
7,focused,B,-1,0,0,0.25,416,1200014416
7,focused,B,-1,0,0,0.25,417,1200014417
7,focused,B,-1,0,0,0.25,418,1200014418
7,focused,B,-1,0,0,0.25,419,1200014419
7,focused,B,-1,0,0,0.25,420,1200014420
7,focused,B,-1,0,0,0.25,421,1200014421
7,focused,B,-1,0,0,0.25,422,1200014422
7,focused,B,-1,0,0,0.25,423,1200014423
7,focused,B,-1,0,0,0.25,424,1200014424
7,focused,B,-1,0,0,0.25,425,1200014425
7,focused,B,-1,0,0,0.25,426,1200014426
7,focused,B,-1,0,0,0.25,427,1200014427
7,focused,B,-1,0,0,0.25,428,1200014428
7,focused,B,-1,0,0,0.25,429,1200014429
7,focused,B,-1,0,0,0.25,430,1200014430
7,focused,B,-1,0,0,0.25,431,1200014431
7,focused,B,-1,0,0,0.25,432,1200014432
7,focused,B,-1,0,0,0.25,433,1200014433
7,focused,B,-1,0,0,0.25,434,1200014434
7,focused,B,-1,0,0,0.25,435,1200014435
7,focused,B,-1,0,0,0.25,436,1200014436
7,focused,B,-1,0,0,0.25,437,1200014437
7,focused,B,-1,0,0,0.25,438,1200014438
7,focused,B,-1,0,0,0.25,439,1200014439
7,focused,B,-1,0,0,0.25,440,1200014440
7,focused,B,-1,0,0,0.25,441,1200014441
7,focused,B,-1,0,0,0.25,442,1200014442
7,focused,B,-1,0,0,0.25,443,1200014443
7,focused,B,-1,0,0,0.25,444,1200014444
7,focused,B,-1,0,0,0.25,445,1200014445
7,focused,B,-1,0,0,0.25,446,1200014446
7,focused,B,-1,0,0,0.25,447,1200014447
7,focused,B,-1,0,0,0.25,448,1200014448
7,focused,B,-1,0,0,0.25,449,1200014449
7,focused,B,-1,0,0,0.25,450,1200014450
7,focused,B,-1,0,0,0.25,451,1200014451
7,focused,B,-1,0,0,0.25,452,1200014452
7,focused,B,-1,0,0,0.25,453,1200014453
7,focused,B,-1,0,0,0.25,454,1200014454
7,focused,B,-1,0,0,0.25,455,1200014455
7,focused,B,-1,0,0,0.25,456,1200014456
7,focused,B,-1,0,0,0.25,457,1200014457
7,focused,B,-1,0,0,0.25,458,1200014458
7,focused,B,-1,0,0,0.25,459,1200014459
7,focused,B,-1,0,0,0.25,460,1200014460
7,focused,B,-1,0,0,0.25,461,1200014461
7,focused,B,-1,0,0,0.25,462,1200014462
7,focused,B,-1,0,0,0.25,463,1200014463
7,focused,B,-1,0,0,0.25,464,1200014464
7,focused,B,-1,0,0,0.25,465,1200014465
7,focused,B,-1,0,0,0.25,466,1200014466
7,focused,B,-1,0,0,0.25,467,1200014467
7,focused,B,-1,0,0,0.25,468,1200014468
7,focused,B,-1,0,0,0.25,469,1200014469
7,focused,B,-1,0,0,0.25,470,1200014470
7,focused,B,-1,0,0,0.25,471,1200014471
7,focused,B,-1,0,0,0.25,472,1200014472
7,focused,B,-1,0,0,0.25,473,1200014473
7,focused,B,-1,0,0,0.25,474,1200014474
7,focused,B,-1,0,0,0.25,475,1200014475
7,focused,B,-1,0,0,0.25,476,1200014476
7,focused,B,-1,0,0,0.25,477,1200014477
7,focused,B,-1,0,0,0.25,478,1200014478
7,focused,B,-1,0,0,0.25,479,1200014479
7,focused,B,-1,0,0,0.25,480,1200014480
7,focused,B,-1,0,0,0.25,481,1200014481
7,focused,B,-1,0,0,0.25,482,1200014482
7,focused,B,-1,0,0,0.25,483,1200014483
7,focused,B,-1,0,0,0.25,484,1200014484
7,focused,B,-1,0,0,0.25,485,1200014485
7,focused,B,-1,0,0,0.25,486,1200014486
7,focused,B,-1,0,0,0.25,487,1200014487
7,focused,B,-1,0,0,0.25,488,1200014488
7,focused,B,-1,0,0,0.25,489,1200014489
7,focused,B,-1,0,0,0.25,490,1200014490
7,focused,B,-1,0,0,0.25,491,1200014491
7,focused,B,-1,0,0,0.25,492,1200014492
7,focused,B,-1,0,0,0.25,493,1200014493
7,focused,B,-1,0,0,0.25,494,1200014494
7,focused,B,-1,0,0,0.25,495,1200014495
7,focused,B,-1,0,0,0.25,496,1200014496
7,focused,B,-1,0,0,0.25,497,1200014497
7,focused,B,-1,0,0,0.25,498,1200014498
7,focused,B,-1,0,0,0.25,499,1200014499
7,focused,B,-1,0,0,0.25,500,1200014500
7,focused,B,-1,0,0,0.25,501,1200014501
7,focused,B,-1,0,0,0.25,502,1200014502
7,focused,B,-1,0,0,0.25,503,1200014503
7,focused,B,-1,0,0,0.25,504,1200014504
7,focused,B,-1,0,0,0.25,505,1200014505
7,focused,B,-1,0,0,0.25,506,1200014506
7,focused,B,-1,0,0,0.25,507,1200014507
7,focused,B,-1,0,0,0.25,508,1200014508
7,focused,B,-1,0,0,0.25,509,1200014509
7,focused,B,-1,0,0,0.25,510,1200014510
7,focused,B,-1,0,0,0.25,511,1200014511
7,focused,B,-1,0,0,0.25,512,1200014512
7,focused,B,-1,0,0,0.25,513,1200014513
7,focused,B,-1,0,0,0.25,514,1200014514
7,focused,B,-1,0,0,0.25,515,1200014515
7,focused,B,-1,0,0,0.25,516,1200014516
7,focused,B,-1,0,0,0.25,517,1200014517
7,focused,B,-1,0,0,0.25,518,1200014518
7,focused,B,-1,0,0,0.25,519,1200014519
7,focused,B,-1,0,0,0.25,520,1200014520
7,focused,B,-1,0,0,0.25,521,1200014521
7,focused,B,-1,0,0,0.25,522,1200014522
7,focused,B,-1,0,0,0.25,523,1200014523
7,focused,B,-1,0,0,0.25,524,1200014524
7,focused,B,-1,0,0,0.25,525,1200014525
7,focused,B,-1,0,0,0.25,526,1200014526
7,focused,B,-1,0,0,0.25,527,1200014527
7,focused,B,-1,0,0,0.25,528,1200014528
7,focused,B,-1,0,0,0.25,529,1200014529
7,focused,B,-1,0,0,0.25,530,1200014530
7,focused,B,-1,0,0,0.25,531,1200014531
7,focused,B,-1,0,0,0.25,532,1200014532
7,focused,B,-1,0,0,0.25,533,1200014533
7,focused,B,-1,0,0,0.25,534,1200014534
7,focused,B,-1,0,0,0.25,535,1200014535
7,focused,B,-1,0,0,0.25,536,1200014536
7,focused,B,-1,0,0,0.25,537,1200014537
7,focused,B,-1,0,0,0.25,538,1200014538
7,focused,B,-1,0,0,0.25,539,1200014539
7,focused,B,-1,0,0,0.25,540,1200014540
7,focused,B,-1,0,0,0.25,541,1200014541
7,focused,B,-1,0,0,0.25,542,1200014542
7,focused,B,-1,0,0,0.25,543,1200014543
7,focused,B,-1,0,0,0.25,544,1200014544
7,focused,B,-1,0,0,0.25,545,1200014545
7,focused,B,-1,0,0,0.25,546,1200014546
7,focused,B,-1,0,0,0.25,547,1200014547
7,focused,B,-1,0,0,0.25,548,1200014548
7,focused,B,-1,0,0,0.25,549,1200014549
7,focused,B,-1,0,0,0.25,550,1200014550
7,focused,B,-1,0,0,0.25,551,1200014551
7,focused,B,-1,0,0,0.25,552,1200014552
7,focused,B,-1,0,0,0.25,553,1200014553
7,focused,B,-1,0,0,0.25,554,1200014554
7,focused,B,-1,0,0,0.25,555,1200014555
7,focused,B,-1,0,0,0.25,556,1200014556
7,focused,B,-1,0,0,0.25,557,1200014557
7,focused,B,-1,0,0,0.25,558,1200014558
7,focused,B,-1,0,0,0.25,559,1200014559
7,focused,B,-1,0,0,0.25,560,1200014560
7,focused,B,-1,0,0,0.25,561,1200014561
7,focused,B,-1,0,0,0.25,562,1200014562
7,focused,B,-1,0,0,0.25,563,1200014563
7,focused,B,-1,0,0,0.25,564,1200014564
7,focused,B,-1,0,0,0.25,565,1200014565
7,focused,B,-1,0,0,0.25,566,1200014566
7,focused,B,-1,0,0,0.25,567,1200014567
7,focused,B,-1,0,0,0.25,568,1200014568
7,focused,B,-1,0,0,0.25,569,1200014569
7,focused,B,-1,0,0,0.25,570,1200014570
7,focused,B,-1,0,0,0.25,571,1200014571
7,focused,B,-1,0,0,0.25,572,1200014572
7,focused,B,-1,0,0,0.25,573,1200014573
7,focused,B,-1,0,0,0.25,574,1200014574
7,focused,B,-1,0,0,0.25,575,1200014575
7,focused,B,-1,0,0,0.25,576,1200014576
7,focused,B,-1,0,0,0.25,577,1200014577
7,focused,B,-1,0,0,0.25,578,1200014578
7,focused,B,-1,0,0,0.25,579,1200014579
7,focused,B,-1,0,0,0.25,580,1200014580
7,focused,B,-1,0,0,0.25,581,1200014581
7,focused,B,-1,0,0,0.25,582,1200014582
7,focused,B,-1,0,0,0.25,583,1200014583
7,focused,B,-1,0,0,0.25,584,1200014584
7,focused,B,-1,0,0,0.25,585,1200014585
7,focused,B,-1,0,0,0.25,586,1200014586
7,focused,B,-1,0,0,0.25,587,1200014587
7,focused,B,-1,0,0,0.25,588,1200014588
7,focused,B,-1,0,0,0.25,589,1200014589
7,focused,B,-1,0,0,0.25,590,1200014590
7,focused,B,-1,0,0,0.25,591,1200014591
7,focused,B,-1,0,0,0.25,592,1200014592
7,focused,B,-1,0,0,0.25,593,1200014593
7,focused,B,-1,0,0,0.25,594,1200014594
7,focused,B,-1,0,0,0.25,595,1200014595
7,focused,B,-1,0,0,0.25,596,1200014596
7,focused,B,-1,0,0,0.25,597,1200014597
7,focused,B,-1,0,0,0.25,598,1200014598
7,focused,B,-1,0,0,0.25,599,1200014599
7,focused,B,-1,0,0,0.25,600,1200014600
7,focused,B,-1,0,0,0.25,601,1200014601
7,focused,B,-1,0,0,0.25,602,1200014602
7,focused,B,-1,0,0,0.25,603,1200014603
7,focused,B,-1,0,0,0.25,604,1200014604
7,focused,B,-1,0,0,0.25,605,1200014605
7,focused,B,-1,0,0,0.25,606,1200014606
7,focused,B,-1,0,0,0.25,607,1200014607
7,focused,B,-1,0,0,0.25,608,1200014608
7,focused,B,-1,0,0,0.25,609,1200014609
7,focused,B,-1,0,0,0.25,610,1200014610
7,focused,B,-1,0,0,0.25,611,1200014611
7,focused,B,-1,0,0,0.25,612,1200014612
7,focused,B,-1,0,0,0.25,613,1200014613
7,focused,B,-1,0,0,0.25,614,1200014614
7,focused,B,-1,0,0,0.25,615,1200014615
7,focused,B,-1,0,0,0.25,616,1200014616
7,focused,B,-1,0,0,0.25,617,1200014617
7,focused,B,-1,0,0,0.25,618,1200014618
7,focused,B,-1,0,0,0.25,619,1200014619
7,focused,B,-1,0,0,0.25,620,1200014620
7,focused,B,-1,0,0,0.25,621,1200014621
7,focused,B,-1,0,0,0.25,622,1200014622
7,focused,B,-1,0,0,0.25,623,1200014623
7,focused,B,-1,0,0,0.25,624,1200014624
7,focused,B,-1,0,0,0.25,625,1200014625
7,focused,B,-1,0,0,0.25,626,1200014626
7,focused,B,-1,0,0,0.25,627,1200014627
7,focused,B,-1,0,0,0.25,628,1200014628
7,focused,B,-1,0,0,0.25,629,1200014629
7,focused,B,-1,0,0,0.25,630,1200014630
7,focused,B,-1,0,0,0.25,631,1200014631
7,focused,B,-1,0,0,0.25,632,1200014632
7,focused,B,-1,0,0,0.25,633,1200014633
7,focused,B,-1,0,0,0.25,634,1200014634
7,focused,B,-1,0,0,0.25,635,1200014635
7,focused,B,-1,0,0,0.25,636,1200014636
7,focused,B,-1,0,0,0.25,637,1200014637
7,focused,B,-1,0,0,0.25,638,1200014638
7,focused,B,-1,0,0,0.25,639,1200014639
7,focused,B,-1,0,0,0.25,640,1200014640
7,focused,B,-1,0,0,0.25,641,1200014641
7,focused,B,-1,0,0,0.25,642,1200014642
7,focused,B,-1,0,0,0.25,643,1200014643
7,focused,B,-1,0,0,0.25,644,1200014644
7,focused,B,-1,0,0,0.25,645,1200014645
7,focused,B,-1,0,0,0.25,646,1200014646
7,focused,B,-1,0,0,0.25,647,1200014647
7,focused,B,-1,0,0,0.25,648,1200014648
7,focused,B,-1,0,0,0.25,649,1200014649
7,focused,B,-1,0,0,0.25,650,1200014650
7,focused,B,-1,0,0,0.25,651,1200014651
7,focused,B,-1,0,0,0.25,652,1200014652
7,focused,B,-1,0,0,0.25,653,1200014653
7,focused,B,-1,0,0,0.25,654,1200014654
7,focused,B,-1,0,0,0.25,655,1200014655
7,focused,B,-1,0,0,0.25,656,1200014656
7,focused,B,-1,0,0,0.25,657,1200014657
7,focused,B,-1,0,0,0.25,658,1200014658
7,focused,B,-1,0,0,0.25,659,1200014659
7,focused,B,-1,0,0,0.25,660,1200014660
7,focused,B,-1,0,0,0.25,661,1200014661
7,focused,B,-1,0,0,0.25,662,1200014662
7,focused,B,-1,0,0,0.25,663,1200014663
7,focused,B,-1,0,0,0.25,664,1200014664
7,focused,B,-1,0,0,0.25,665,1200014665
7,focused,B,-1,0,0,0.25,666,1200014666
7,focused,B,-1,0,0,0.25,667,1200014667
7,focused,B,-1,0,0,0.25,668,1200014668
7,focused,B,-1,0,0,0.25,669,1200014669
7,focused,B,-1,0,0,0.25,670,1200014670
7,focused,B,-1,0,0,0.25,671,1200014671
7,focused,B,-1,0,0,0.25,672,1200014672
7,focused,B,-1,0,0,0.25,673,1200014673
7,focused,B,-1,0,0,0.25,674,1200014674
7,focused,B,-1,0,0,0.25,675,1200014675
7,focused,B,-1,0,0,0.25,676,1200014676
7,focused,B,-1,0,0,0.25,677,1200014677
7,focused,B,-1,0,0,0.25,678,1200014678
7,focused,B,-1,0,0,0.25,679,1200014679
7,focused,B,-1,0,0,0.25,680,1200014680
7,focused,B,-1,0,0,0.25,681,1200014681
7,focused,B,-1,0,0,0.25,682,1200014682
7,focused,B,-1,0,0,0.25,683,1200014683
7,focused,B,-1,0,0,0.25,684,1200014684
7,focused,B,-1,0,0,0.25,685,1200014685
7,focused,B,-1,0,0,0.25,686,1200014686
7,focused,B,-1,0,0,0.25,687,1200014687
7,focused,B,-1,0,0,0.25,688,1200014688
7,focused,B,-1,0,0,0.25,689,1200014689
7,focused,B,-1,0,0,0.25,690,1200014690
7,focused,B,-1,0,0,0.25,691,1200014691
7,focused,B,-1,0,0,0.25,692,1200014692
7,focused,B,-1,0,0,0.25,693,1200014693
7,focused,B,-1,0,0,0.25,694,1200014694
7,focused,B,-1,0,0,0.25,695,1200014695
7,focused,B,-1,0,0,0.25,696,1200014696
7,focused,B,-1,0,0,0.25,697,1200014697
7,focused,B,-1,0,0,0.25,698,1200014698
7,focused,B,-1,0,0,0.25,699,1200014699
7,focused,B,-1,0,0,0.25,700,1200014700
7,focused,B,-1,0,0,0.25,701,1200014701
7,focused,B,-1,0,0,0.25,702,1200014702
7,focused,B,-1,0,0,0.25,703,1200014703
7,focused,B,-1,0,0,0.25,704,1200014704
7,focused,B,-1,0,0,0.25,705,1200014705
7,focused,B,-1,0,0,0.25,706,1200014706
7,focused,B,-1,0,0,0.25,707,1200014707
7,focused,B,-1,0,0,0.25,708,1200014708
7,focused,B,-1,0,0,0.25,709,1200014709
7,focused,B,-1,0,0,0.25,710,1200014710
7,focused,B,-1,0,0,0.25,711,1200014711
7,focused,B,-1,0,0,0.25,712,1200014712
7,focused,B,-1,0,0,0.25,713,1200014713
7,focused,B,-1,0,0,0.25,714,1200014714
7,focused,B,-1,0,0,0.25,715,1200014715
7,focused,B,-1,0,0,0.25,716,1200014716
7,focused,B,-1,0,0,0.25,717,1200014717
7,focused,B,-1,0,0,0.25,718,1200014718
7,focused,B,-1,0,0,0.25,719,1200014719
7,focused,B,-1,0,0,0.25,720,1200014720
7,focused,B,-1,0,0,0.25,721,1200014721
7,focused,B,-1,0,0,0.25,722,1200014722
7,focused,B,-1,0,0,0.25,723,1200014723
7,focused,B,-1,0,0,0.25,724,1200014724
7,focused,B,-1,0,0,0.25,725,1200014725
7,focused,B,-1,0,0,0.25,726,1200014726
7,focused,B,-1,0,0,0.25,727,1200014727
7,focused,B,-1,0,0,0.25,728,1200014728
7,focused,B,-1,0,0,0.25,729,1200014729
7,focused,B,-1,0,0,0.25,730,1200014730
7,focused,B,-1,0,0,0.25,731,1200014731
7,focused,B,-1,0,0,0.25,732,1200014732
7,focused,B,-1,0,0,0.25,733,1200014733
7,focused,B,-1,0,0,0.25,734,1200014734
7,focused,B,-1,0,0,0.25,735,1200014735
7,focused,B,-1,0,0,0.25,736,1200014736
7,focused,B,-1,0,0,0.25,737,1200014737
7,focused,B,-1,0,0,0.25,738,1200014738
7,focused,B,-1,0,0,0.25,739,1200014739
7,focused,B,-1,0,0,0.25,740,1200014740
7,focused,B,-1,0,0,0.25,741,1200014741
7,focused,B,-1,0,0,0.25,742,1200014742
7,focused,B,-1,0,0,0.25,743,1200014743
7,focused,B,-1,0,0,0.25,744,1200014744
7,focused,B,-1,0,0,0.25,745,1200014745
7,focused,B,-1,0,0,0.25,746,1200014746
7,focused,B,-1,0,0,0.25,747,1200014747
7,focused,B,-1,0,0,0.25,748,1200014748
7,focused,B,-1,0,0,0.25,749,1200014749
7,focused,B,-1,0,0,0.25,750,1200014750
7,focused,B,-1,0,0,0.25,751,1200014751
7,focused,B,-1,0,0,0.25,752,1200014752
7,focused,B,-1,0,0,0.25,753,1200014753
7,focused,B,-1,0,0,0.25,754,1200014754
7,focused,B,-1,0,0,0.25,755,1200014755
7,focused,B,-1,0,0,0.25,756,1200014756
7,focused,B,-1,0,0,0.25,757,1200014757
7,focused,B,-1,0,0,0.25,758,1200014758
7,focused,B,-1,0,0,0.25,759,1200014759
7,focused,B,-1,0,0,0.25,760,1200014760
7,focused,B,-1,0,0,0.25,761,1200014761
7,focused,B,-1,0,0,0.25,762,1200014762
7,focused,B,-1,0,0,0.25,763,1200014763
7,focused,B,-1,0,0,0.25,764,1200014764
7,focused,B,-1,0,0,0.25,765,1200014765
7,focused,B,-1,0,0,0.25,766,1200014766
7,focused,B,-1,0,0,0.25,767,1200014767
7,focused,B,-1,0,0,0.25,768,1200014768
7,focused,B,-1,0,0,0.25,769,1200014769
7,focused,B,-1,0,0,0.25,770,1200014770
7,focused,B,-1,0,0,0.25,771,1200014771
7,focused,B,-1,0,0,0.25,772,1200014772
7,focused,B,-1,0,0,0.25,773,1200014773
7,focused,B,-1,0,0,0.25,774,1200014774
7,focused,B,-1,0,0,0.25,775,1200014775
7,focused,B,-1,0,0,0.25,776,1200014776
7,focused,B,-1,0,0,0.25,777,1200014777
7,focused,B,-1,0,0,0.25,778,1200014778
7,focused,B,-1,0,0,0.25,779,1200014779
7,focused,B,-1,0,0,0.25,780,1200014780
7,focused,B,-1,0,0,0.25,781,1200014781
7,focused,B,-1,0,0,0.25,782,1200014782
7,focused,B,-1,0,0,0.25,783,1200014783
7,focused,B,-1,0,0,0.25,784,1200014784
7,focused,B,-1,0,0,0.25,785,1200014785
7,focused,B,-1,0,0,0.25,786,1200014786
7,focused,B,-1,0,0,0.25,787,1200014787
7,focused,B,-1,0,0,0.25,788,1200014788
7,focused,B,-1,0,0,0.25,789,1200014789
7,focused,B,-1,0,0,0.25,790,1200014790
7,focused,B,-1,0,0,0.25,791,1200014791
7,focused,B,-1,0,0,0.25,792,1200014792
7,focused,B,-1,0,0,0.25,793,1200014793
7,focused,B,-1,0,0,0.25,794,1200014794
7,focused,B,-1,0,0,0.25,795,1200014795
7,focused,B,-1,0,0,0.25,796,1200014796
7,focused,B,-1,0,0,0.25,797,1200014797
7,focused,B,-1,0,0,0.25,798,1200014798
7,focused,B,-1,0,0,0.25,799,1200014799
7,focused,B,-1,0,0,0.25,800,1200014800
7,focused,B,-1,0,0,0.25,801,1200014801
7,focused,B,-1,0,0,0.25,802,1200014802
7,focused,B,-1,0,0,0.25,803,1200014803
7,focused,B,-1,0,0,0.25,804,1200014804
7,focused,B,-1,0,0,0.25,805,1200014805
7,focused,B,-1,0,0,0.25,806,1200014806
7,focused,B,-1,0,0,0.25,807,1200014807
7,focused,B,-1,0,0,0.25,808,1200014808
7,focused,B,-1,0,0,0.25,809,1200014809
7,focused,B,-1,0,0,0.25,810,1200014810
7,focused,B,-1,0,0,0.25,811,1200014811
7,focused,B,-1,0,0,0.25,812,1200014812
7,focused,B,-1,0,0,0.25,813,1200014813
7,focused,B,-1,0,0,0.25,814,1200014814
7,focused,B,-1,0,0,0.25,815,1200014815
7,focused,B,-1,0,0,0.25,816,1200014816
7,focused,B,-1,0,0,0.25,817,1200014817
7,focused,B,-1,0,0,0.25,818,1200014818
7,focused,B,-1,0,0,0.25,819,1200014819
7,focused,B,-1,0,0,0.25,820,1200014820
7,focused,B,-1,0,0,0.25,821,1200014821
7,focused,B,-1,0,0,0.25,822,1200014822
7,focused,B,-1,0,0,0.25,823,1200014823
7,focused,B,-1,0,0,0.25,824,1200014824
7,focused,B,-1,0,0,0.25,825,1200014825
7,focused,B,-1,0,0,0.25,826,1200014826
7,focused,B,-1,0,0,0.25,827,1200014827
7,focused,B,-1,0,0,0.25,828,1200014828
7,focused,B,-1,0,0,0.25,829,1200014829
7,focused,B,-1,0,0,0.25,830,1200014830
7,focused,B,-1,0,0,0.25,831,1200014831
7,focused,B,-1,0,0,0.25,832,1200014832
7,focused,B,-1,0,0,0.25,833,1200014833
7,focused,B,-1,0,0,0.25,834,1200014834
7,focused,B,-1,0,0,0.25,835,1200014835
7,focused,B,-1,0,0,0.25,836,1200014836
7,focused,B,-1,0,0,0.25,837,1200014837
7,focused,B,-1,0,0,0.25,838,1200014838
7,focused,B,-1,0,0,0.25,839,1200014839
7,focused,B,-1,0,0,0.25,840,1200014840
7,focused,B,-1,0,0,0.25,841,1200014841
7,focused,B,-1,0,0,0.25,842,1200014842
7,focused,B,-1,0,0,0.25,843,1200014843
7,focused,B,-1,0,0,0.25,844,1200014844
7,focused,B,-1,0,0,0.25,845,1200014845
7,focused,B,-1,0,0,0.25,846,1200014846
7,focused,B,-1,0,0,0.25,847,1200014847
7,focused,B,-1,0,0,0.25,848,1200014848
7,focused,B,-1,0,0,0.25,849,1200014849
7,focused,B,-1,0,0,0.25,850,1200014850
7,focused,B,-1,0,0,0.25,851,1200014851
7,focused,B,-1,0,0,0.25,852,1200014852
7,focused,B,-1,0,0,0.25,853,1200014853
7,focused,B,-1,0,0,0.25,854,1200014854
7,focused,B,-1,0,0,0.25,855,1200014855
7,focused,B,-1,0,0,0.25,856,1200014856
7,focused,B,-1,0,0,0.25,857,1200014857
7,focused,B,-1,0,0,0.25,858,1200014858
7,focused,B,-1,0,0,0.25,859,1200014859
7,focused,B,-1,0,0,0.25,860,1200014860
7,focused,B,-1,0,0,0.25,861,1200014861
7,focused,B,-1,0,0,0.25,862,1200014862
7,focused,B,-1,0,0,0.25,863,1200014863
7,focused,B,-1,0,0,0.25,864,1200014864
7,focused,B,-1,0,0,0.25,865,1200014865
7,focused,B,-1,0,0,0.25,866,1200014866
7,focused,B,-1,0,0,0.25,867,1200014867
7,focused,B,-1,0,0,0.25,868,1200014868
7,focused,B,-1,0,0,0.25,869,1200014869
7,focused,B,-1,0,0,0.25,870,1200014870
7,focused,B,-1,0,0,0.25,871,1200014871
7,focused,B,-1,0,0,0.25,872,1200014872
7,focused,B,-1,0,0,0.25,873,1200014873
7,focused,B,-1,0,0,0.25,874,1200014874
7,focused,B,-1,0,0,0.25,875,1200014875
7,focused,B,-1,0,0,0.25,876,1200014876
7,focused,B,-1,0,0,0.25,877,1200014877
7,focused,B,-1,0,0,0.25,878,1200014878
7,focused,B,-1,0,0,0.25,879,1200014879
7,focused,B,-1,0,0,0.25,880,1200014880
7,focused,B,-1,0,0,0.25,881,1200014881
7,focused,B,-1,0,0,0.25,882,1200014882
7,focused,B,-1,0,0,0.25,883,1200014883
7,focused,B,-1,0,0,0.25,884,1200014884
7,focused,B,-1,0,0,0.25,885,1200014885
7,focused,B,-1,0,0,0.25,886,1200014886
7,focused,B,-1,0,0,0.25,887,1200014887
7,focused,B,-1,0,0,0.25,888,1200014888
7,focused,B,-1,0,0,0.25,889,1200014889
7,focused,B,-1,0,0,0.25,890,1200014890
7,focused,B,-1,0,0,0.25,891,1200014891
7,focused,B,-1,0,0,0.25,892,1200014892
7,focused,B,-1,0,0,0.25,893,1200014893
7,focused,B,-1,0,0,0.25,894,1200014894
7,focused,B,-1,0,0,0.25,895,1200014895
7,focused,B,-1,0,0,0.25,896,1200014896
7,focused,B,-1,0,0,0.25,897,1200014897
7,focused,B,-1,0,0,0.25,898,1200014898
7,focused,B,-1,0,0,0.25,899,1200014899
7,focused,B,-1,0,0,0.25,900,1200014900
7,focused,B,-1,0,0,0.25,901,1200014901
7,focused,B,-1,0,0,0.25,902,1200014902
7,focused,B,-1,0,0,0.25,903,1200014903
7,focused,B,-1,0,0,0.25,904,1200014904
7,focused,B,-1,0,0,0.25,905,1200014905
7,focused,B,-1,0,0,0.25,906,1200014906
7,focused,B,-1,0,0,0.25,907,1200014907
7,focused,B,-1,0,0,0.25,908,1200014908
7,focused,B,-1,0,0,0.25,909,1200014909
7,focused,B,-1,0,0,0.25,910,1200014910
7,focused,B,-1,0,0,0.25,911,1200014911
7,focused,B,-1,0,0,0.25,912,1200014912
7,focused,B,-1,0,0,0.25,913,1200014913
7,focused,B,-1,0,0,0.25,914,1200014914
7,focused,B,-1,0,0,0.25,915,1200014915
7,focused,B,-1,0,0,0.25,916,1200014916
7,focused,B,-1,0,0,0.25,917,1200014917
7,focused,B,-1,0,0,0.25,918,1200014918
7,focused,B,-1,0,0,0.25,919,1200014919
7,focused,B,-1,0,0,0.25,920,1200014920
7,focused,B,-1,0,0,0.25,921,1200014921
7,focused,B,-1,0,0,0.25,922,1200014922
7,focused,B,-1,0,0,0.25,923,1200014923
7,focused,B,-1,0,0,0.25,924,1200014924
7,focused,B,-1,0,0,0.25,925,1200014925
7,focused,B,-1,0,0,0.25,926,1200014926
7,focused,B,-1,0,0,0.25,927,1200014927
7,focused,B,-1,0,0,0.25,928,1200014928
7,focused,B,-1,0,0,0.25,929,1200014929
7,focused,B,-1,0,0,0.25,930,1200014930
7,focused,B,-1,0,0,0.25,931,1200014931
7,focused,B,-1,0,0,0.25,932,1200014932
7,focused,B,-1,0,0,0.25,933,1200014933
7,focused,B,-1,0,0,0.25,934,1200014934
7,focused,B,-1,0,0,0.25,935,1200014935
7,focused,B,-1,0,0,0.25,936,1200014936
7,focused,B,-1,0,0,0.25,937,1200014937
7,focused,B,-1,0,0,0.25,938,1200014938
7,focused,B,-1,0,0,0.25,939,1200014939
7,focused,B,-1,0,0,0.25,940,1200014940
7,focused,B,-1,0,0,0.25,941,1200014941
7,focused,B,-1,0,0,0.25,942,1200014942
7,focused,B,-1,0,0,0.25,943,1200014943
7,focused,B,-1,0,0,0.25,944,1200014944
7,focused,B,-1,0,0,0.25,945,1200014945
7,focused,B,-1,0,0,0.25,946,1200014946
7,focused,B,-1,0,0,0.25,947,1200014947
7,focused,B,-1,0,0,0.25,948,1200014948
7,focused,B,-1,0,0,0.25,949,1200014949
7,focused,B,-1,0,0,0.25,950,1200014950
7,focused,B,-1,0,0,0.25,951,1200014951
7,focused,B,-1,0,0,0.25,952,1200014952
7,focused,B,-1,0,0,0.25,953,1200014953
7,focused,B,-1,0,0,0.25,954,1200014954
7,focused,B,-1,0,0,0.25,955,1200014955
7,focused,B,-1,0,0,0.25,956,1200014956
7,focused,B,-1,0,0,0.25,957,1200014957
7,focused,B,-1,0,0,0.25,958,1200014958
7,focused,B,-1,0,0,0.25,959,1200014959
7,focused,B,-1,0,0,0.25,960,1200014960
7,focused,B,-1,0,0,0.25,961,1200014961
7,focused,B,-1,0,0,0.25,962,1200014962
7,focused,B,-1,0,0,0.25,963,1200014963
7,focused,B,-1,0,0,0.25,964,1200014964
7,focused,B,-1,0,0,0.25,965,1200014965
7,focused,B,-1,0,0,0.25,966,1200014966
7,focused,B,-1,0,0,0.25,967,1200014967
7,focused,B,-1,0,0,0.25,968,1200014968
7,focused,B,-1,0,0,0.25,969,1200014969
7,focused,B,-1,0,0,0.25,970,1200014970
7,focused,B,-1,0,0,0.25,971,1200014971
7,focused,B,-1,0,0,0.25,972,1200014972
7,focused,B,-1,0,0,0.25,973,1200014973
7,focused,B,-1,0,0,0.25,974,1200014974
7,focused,B,-1,0,0,0.25,975,1200014975
7,focused,B,-1,0,0,0.25,976,1200014976
7,focused,B,-1,0,0,0.25,977,1200014977
7,focused,B,-1,0,0,0.25,978,1200014978
7,focused,B,-1,0,0,0.25,979,1200014979
7,focused,B,-1,0,0,0.25,980,1200014980
7,focused,B,-1,0,0,0.25,981,1200014981
7,focused,B,-1,0,0,0.25,982,1200014982
7,focused,B,-1,0,0,0.25,983,1200014983
7,focused,B,-1,0,0,0.25,984,1200014984
7,focused,B,-1,0,0,0.25,985,1200014985
7,focused,B,-1,0,0,0.25,986,1200014986
7,focused,B,-1,0,0,0.25,987,1200014987
7,focused,B,-1,0,0,0.25,988,1200014988
7,focused,B,-1,0,0,0.25,989,1200014989
7,focused,B,-1,0,0,0.25,990,1200014990
7,focused,B,-1,0,0,0.25,991,1200014991
7,focused,B,-1,0,0,0.25,992,1200014992
7,focused,B,-1,0,0,0.25,993,1200014993
7,focused,B,-1,0,0,0.25,994,1200014994
7,focused,B,-1,0,0,0.25,995,1200014995
7,focused,B,-1,0,0,0.25,996,1200014996
7,focused,B,-1,0,0,0.25,997,1200014997
7,focused,B,-1,0,0,0.25,998,1200014998
7,focused,B,-1,0,0,0.25,999,1200014999
7,focused,B,-1,0,0,0.25,1000,1200015000
8,focused,B,-1,0,0,4,1,1200016001
8,focused,B,-1,0,0,4,2,1200016002
8,focused,B,-1,0,0,4,3,1200016003
8,focused,B,-1,0,0,4,4,1200016004
8,focused,B,-1,0,0,4,5,1200016005
8,focused,B,-1,0,0,4,6,1200016006
8,focused,B,-1,0,0,4,7,1200016007
8,focused,B,-1,0,0,4,8,1200016008
8,focused,B,-1,0,0,4,9,1200016009
8,focused,B,-1,0,0,4,10,1200016010
8,focused,B,-1,0,0,4,11,1200016011
8,focused,B,-1,0,0,4,12,1200016012
8,focused,B,-1,0,0,4,13,1200016013
8,focused,B,-1,0,0,4,14,1200016014
8,focused,B,-1,0,0,4,15,1200016015
8,focused,B,-1,0,0,4,16,1200016016
8,focused,B,-1,0,0,4,17,1200016017
8,focused,B,-1,0,0,4,18,1200016018
8,focused,B,-1,0,0,4,19,1200016019
8,focused,B,-1,0,0,4,20,1200016020
8,focused,B,-1,0,0,4,21,1200016021
8,focused,B,-1,0,0,4,22,1200016022
8,focused,B,-1,0,0,4,23,1200016023
8,focused,B,-1,0,0,4,24,1200016024
8,focused,B,-1,0,0,4,25,1200016025
8,focused,B,-1,0,0,4,26,1200016026
8,focused,B,-1,0,0,4,27,1200016027
8,focused,B,-1,0,0,4,28,1200016028
8,focused,B,-1,0,0,4,29,1200016029
8,focused,B,-1,0,0,4,30,1200016030
8,focused,B,-1,0,0,4,31,1200016031
8,focused,B,-1,0,0,4,32,1200016032
8,focused,B,-1,0,0,4,33,1200016033
8,focused,B,-1,0,0,4,34,1200016034
8,focused,B,-1,0,0,4,35,1200016035
8,focused,B,-1,0,0,4,36,1200016036
8,focused,B,-1,0,0,4,37,1200016037
8,focused,B,-1,0,0,4,38,1200016038
8,focused,B,-1,0,0,4,39,1200016039
8,focused,B,-1,0,0,4,40,1200016040
8,focused,B,-1,0,0,4,41,1200016041
8,focused,B,-1,0,0,4,42,1200016042
8,focused,B,-1,0,0,4,43,1200016043
8,focused,B,-1,0,0,4,44,1200016044
8,focused,B,-1,0,0,4,45,1200016045
8,focused,B,-1,0,0,4,46,1200016046
8,focused,B,-1,0,0,4,47,1200016047
8,focused,B,-1,0,0,4,48,1200016048
8,focused,B,-1,0,0,4,49,1200016049
8,focused,B,-1,0,0,4,50,1200016050
8,focused,B,-1,0,0,4,51,1200016051
8,focused,B,-1,0,0,4,52,1200016052
8,focused,B,-1,0,0,4,53,1200016053
8,focused,B,-1,0,0,4,54,1200016054
8,focused,B,-1,0,0,4,55,1200016055
8,focused,B,-1,0,0,4,56,1200016056
8,focused,B,-1,0,0,4,57,1200016057
8,focused,B,-1,0,0,4,58,1200016058
8,focused,B,-1,0,0,4,59,1200016059
8,focused,B,-1,0,0,4,60,1200016060
8,focused,B,-1,0,0,4,61,1200016061
8,focused,B,-1,0,0,4,62,1200016062
8,focused,B,-1,0,0,4,63,1200016063
8,focused,B,-1,0,0,4,64,1200016064
8,focused,B,-1,0,0,4,65,1200016065
8,focused,B,-1,0,0,4,66,1200016066
8,focused,B,-1,0,0,4,67,1200016067
8,focused,B,-1,0,0,4,68,1200016068
8,focused,B,-1,0,0,4,69,1200016069
8,focused,B,-1,0,0,4,70,1200016070
8,focused,B,-1,0,0,4,71,1200016071
8,focused,B,-1,0,0,4,72,1200016072
8,focused,B,-1,0,0,4,73,1200016073
8,focused,B,-1,0,0,4,74,1200016074
8,focused,B,-1,0,0,4,75,1200016075
8,focused,B,-1,0,0,4,76,1200016076
8,focused,B,-1,0,0,4,77,1200016077
8,focused,B,-1,0,0,4,78,1200016078
8,focused,B,-1,0,0,4,79,1200016079
8,focused,B,-1,0,0,4,80,1200016080
8,focused,B,-1,0,0,4,81,1200016081
8,focused,B,-1,0,0,4,82,1200016082
8,focused,B,-1,0,0,4,83,1200016083
8,focused,B,-1,0,0,4,84,1200016084
8,focused,B,-1,0,0,4,85,1200016085
8,focused,B,-1,0,0,4,86,1200016086
8,focused,B,-1,0,0,4,87,1200016087
8,focused,B,-1,0,0,4,88,1200016088
8,focused,B,-1,0,0,4,89,1200016089
8,focused,B,-1,0,0,4,90,1200016090
8,focused,B,-1,0,0,4,91,1200016091
8,focused,B,-1,0,0,4,92,1200016092
8,focused,B,-1,0,0,4,93,1200016093
8,focused,B,-1,0,0,4,94,1200016094
8,focused,B,-1,0,0,4,95,1200016095
8,focused,B,-1,0,0,4,96,1200016096
8,focused,B,-1,0,0,4,97,1200016097
8,focused,B,-1,0,0,4,98,1200016098
8,focused,B,-1,0,0,4,99,1200016099
8,focused,B,-1,0,0,4,100,1200016100
8,focused,B,-1,0,0,4,101,1200016101
8,focused,B,-1,0,0,4,102,1200016102
8,focused,B,-1,0,0,4,103,1200016103
8,focused,B,-1,0,0,4,104,1200016104
8,focused,B,-1,0,0,4,105,1200016105
8,focused,B,-1,0,0,4,106,1200016106
8,focused,B,-1,0,0,4,107,1200016107
8,focused,B,-1,0,0,4,108,1200016108
8,focused,B,-1,0,0,4,109,1200016109
8,focused,B,-1,0,0,4,110,1200016110
8,focused,B,-1,0,0,4,111,1200016111
8,focused,B,-1,0,0,4,112,1200016112
8,focused,B,-1,0,0,4,113,1200016113
8,focused,B,-1,0,0,4,114,1200016114
8,focused,B,-1,0,0,4,115,1200016115
8,focused,B,-1,0,0,4,116,1200016116
8,focused,B,-1,0,0,4,117,1200016117
8,focused,B,-1,0,0,4,118,1200016118
8,focused,B,-1,0,0,4,119,1200016119
8,focused,B,-1,0,0,4,120,1200016120
8,focused,B,-1,0,0,4,121,1200016121
8,focused,B,-1,0,0,4,122,1200016122
8,focused,B,-1,0,0,4,123,1200016123
8,focused,B,-1,0,0,4,124,1200016124
8,focused,B,-1,0,0,4,125,1200016125
8,focused,B,-1,0,0,4,126,1200016126
8,focused,B,-1,0,0,4,127,1200016127
8,focused,B,-1,0,0,4,128,1200016128
8,focused,B,-1,0,0,4,129,1200016129
8,focused,B,-1,0,0,4,130,1200016130
8,focused,B,-1,0,0,4,131,1200016131
8,focused,B,-1,0,0,4,132,1200016132
8,focused,B,-1,0,0,4,133,1200016133
8,focused,B,-1,0,0,4,134,1200016134
8,focused,B,-1,0,0,4,135,1200016135
8,focused,B,-1,0,0,4,136,1200016136
8,focused,B,-1,0,0,4,137,1200016137
8,focused,B,-1,0,0,4,138,1200016138
8,focused,B,-1,0,0,4,139,1200016139
8,focused,B,-1,0,0,4,140,1200016140
8,focused,B,-1,0,0,4,141,1200016141
8,focused,B,-1,0,0,4,142,1200016142
8,focused,B,-1,0,0,4,143,1200016143
8,focused,B,-1,0,0,4,144,1200016144
8,focused,B,-1,0,0,4,145,1200016145
8,focused,B,-1,0,0,4,146,1200016146
8,focused,B,-1,0,0,4,147,1200016147
8,focused,B,-1,0,0,4,148,1200016148
8,focused,B,-1,0,0,4,149,1200016149
8,focused,B,-1,0,0,4,150,1200016150
8,focused,B,-1,0,0,4,151,1200016151
8,focused,B,-1,0,0,4,152,1200016152
8,focused,B,-1,0,0,4,153,1200016153
8,focused,B,-1,0,0,4,154,1200016154
8,focused,B,-1,0,0,4,155,1200016155
8,focused,B,-1,0,0,4,156,1200016156
8,focused,B,-1,0,0,4,157,1200016157
8,focused,B,-1,0,0,4,158,1200016158
8,focused,B,-1,0,0,4,159,1200016159
8,focused,B,-1,0,0,4,160,1200016160
8,focused,B,-1,0,0,4,161,1200016161
8,focused,B,-1,0,0,4,162,1200016162
8,focused,B,-1,0,0,4,163,1200016163
8,focused,B,-1,0,0,4,164,1200016164
8,focused,B,-1,0,0,4,165,1200016165
8,focused,B,-1,0,0,4,166,1200016166
8,focused,B,-1,0,0,4,167,1200016167
8,focused,B,-1,0,0,4,168,1200016168
8,focused,B,-1,0,0,4,169,1200016169
8,focused,B,-1,0,0,4,170,1200016170
8,focused,B,-1,0,0,4,171,1200016171
8,focused,B,-1,0,0,4,172,1200016172
8,focused,B,-1,0,0,4,173,1200016173
8,focused,B,-1,0,0,4,174,1200016174
8,focused,B,-1,0,0,4,175,1200016175
8,focused,B,-1,0,0,4,176,1200016176
8,focused,B,-1,0,0,4,177,1200016177
8,focused,B,-1,0,0,4,178,1200016178
8,focused,B,-1,0,0,4,179,1200016179
8,focused,B,-1,0,0,4,180,1200016180
8,focused,B,-1,0,0,4,181,1200016181
8,focused,B,-1,0,0,4,182,1200016182
8,focused,B,-1,0,0,4,183,1200016183
8,focused,B,-1,0,0,4,184,1200016184
8,focused,B,-1,0,0,4,185,1200016185
8,focused,B,-1,0,0,4,186,1200016186
8,focused,B,-1,0,0,4,187,1200016187
8,focused,B,-1,0,0,4,188,1200016188
8,focused,B,-1,0,0,4,189,1200016189
8,focused,B,-1,0,0,4,190,1200016190
8,focused,B,-1,0,0,4,191,1200016191
8,focused,B,-1,0,0,4,192,1200016192
8,focused,B,-1,0,0,4,193,1200016193
8,focused,B,-1,0,0,4,194,1200016194
8,focused,B,-1,0,0,4,195,1200016195
8,focused,B,-1,0,0,4,196,1200016196
8,focused,B,-1,0,0,4,197,1200016197
8,focused,B,-1,0,0,4,198,1200016198
8,focused,B,-1,0,0,4,199,1200016199
8,focused,B,-1,0,0,4,200,1200016200
8,focused,B,-1,0,0,4,201,1200016201
8,focused,B,-1,0,0,4,202,1200016202
8,focused,B,-1,0,0,4,203,1200016203
8,focused,B,-1,0,0,4,204,1200016204
8,focused,B,-1,0,0,4,205,1200016205
8,focused,B,-1,0,0,4,206,1200016206
8,focused,B,-1,0,0,4,207,1200016207
8,focused,B,-1,0,0,4,208,1200016208
8,focused,B,-1,0,0,4,209,1200016209
8,focused,B,-1,0,0,4,210,1200016210
8,focused,B,-1,0,0,4,211,1200016211
8,focused,B,-1,0,0,4,212,1200016212
8,focused,B,-1,0,0,4,213,1200016213
8,focused,B,-1,0,0,4,214,1200016214
8,focused,B,-1,0,0,4,215,1200016215
8,focused,B,-1,0,0,4,216,1200016216
8,focused,B,-1,0,0,4,217,1200016217
8,focused,B,-1,0,0,4,218,1200016218
8,focused,B,-1,0,0,4,219,1200016219
8,focused,B,-1,0,0,4,220,1200016220
8,focused,B,-1,0,0,4,221,1200016221
8,focused,B,-1,0,0,4,222,1200016222
8,focused,B,-1,0,0,4,223,1200016223
8,focused,B,-1,0,0,4,224,1200016224
8,focused,B,-1,0,0,4,225,1200016225
8,focused,B,-1,0,0,4,226,1200016226
8,focused,B,-1,0,0,4,227,1200016227
8,focused,B,-1,0,0,4,228,1200016228
8,focused,B,-1,0,0,4,229,1200016229
8,focused,B,-1,0,0,4,230,1200016230
8,focused,B,-1,0,0,4,231,1200016231
8,focused,B,-1,0,0,4,232,1200016232
8,focused,B,-1,0,0,4,233,1200016233
8,focused,B,-1,0,0,4,234,1200016234
8,focused,B,-1,0,0,4,235,1200016235
8,focused,B,-1,0,0,4,236,1200016236
8,focused,B,-1,0,0,4,237,1200016237
8,focused,B,-1,0,0,4,238,1200016238
8,focused,B,-1,0,0,4,239,1200016239
8,focused,B,-1,0,0,4,240,1200016240
8,focused,B,-1,0,0,4,241,1200016241
8,focused,B,-1,0,0,4,242,1200016242
8,focused,B,-1,0,0,4,243,1200016243
8,focused,B,-1,0,0,4,244,1200016244
8,focused,B,-1,0,0,4,245,1200016245
8,focused,B,-1,0,0,4,246,1200016246
8,focused,B,-1,0,0,4,247,1200016247
8,focused,B,-1,0,0,4,248,1200016248
8,focused,B,-1,0,0,4,249,1200016249
8,focused,B,-1,0,0,4,250,1200016250
8,focused,B,-1,0,0,4,251,1200016251
8,focused,B,-1,0,0,4,252,1200016252
8,focused,B,-1,0,0,4,253,1200016253
8,focused,B,-1,0,0,4,254,1200016254
8,focused,B,-1,0,0,4,255,1200016255
8,focused,B,-1,0,0,4,256,1200016256
8,focused,B,-1,0,0,4,257,1200016257
8,focused,B,-1,0,0,4,258,1200016258
8,focused,B,-1,0,0,4,259,1200016259
8,focused,B,-1,0,0,4,260,1200016260
8,focused,B,-1,0,0,4,261,1200016261
8,focused,B,-1,0,0,4,262,1200016262
8,focused,B,-1,0,0,4,263,1200016263
8,focused,B,-1,0,0,4,264,1200016264
8,focused,B,-1,0,0,4,265,1200016265
8,focused,B,-1,0,0,4,266,1200016266
8,focused,B,-1,0,0,4,267,1200016267
8,focused,B,-1,0,0,4,268,1200016268
8,focused,B,-1,0,0,4,269,1200016269
8,focused,B,-1,0,0,4,270,1200016270
8,focused,B,-1,0,0,4,271,1200016271
8,focused,B,-1,0,0,4,272,1200016272
8,focused,B,-1,0,0,4,273,1200016273
8,focused,B,-1,0,0,4,274,1200016274
8,focused,B,-1,0,0,4,275,1200016275
8,focused,B,-1,0,0,4,276,1200016276
8,focused,B,-1,0,0,4,277,1200016277
8,focused,B,-1,0,0,4,278,1200016278
8,focused,B,-1,0,0,4,279,1200016279
8,focused,B,-1,0,0,4,280,1200016280
8,focused,B,-1,0,0,4,281,1200016281
8,focused,B,-1,0,0,4,282,1200016282
8,focused,B,-1,0,0,4,283,1200016283
8,focused,B,-1,0,0,4,284,1200016284
8,focused,B,-1,0,0,4,285,1200016285
8,focused,B,-1,0,0,4,286,1200016286
8,focused,B,-1,0,0,4,287,1200016287
8,focused,B,-1,0,0,4,288,1200016288
8,focused,B,-1,0,0,4,289,1200016289
8,focused,B,-1,0,0,4,290,1200016290
8,focused,B,-1,0,0,4,291,1200016291
8,focused,B,-1,0,0,4,292,1200016292
8,focused,B,-1,0,0,4,293,1200016293
8,focused,B,-1,0,0,4,294,1200016294
8,focused,B,-1,0,0,4,295,1200016295
8,focused,B,-1,0,0,4,296,1200016296
8,focused,B,-1,0,0,4,297,1200016297
8,focused,B,-1,0,0,4,298,1200016298
8,focused,B,-1,0,0,4,299,1200016299
8,focused,B,-1,0,0,4,300,1200016300
8,focused,B,-1,0,0,4,301,1200016301
8,focused,B,-1,0,0,4,302,1200016302
8,focused,B,-1,0,0,4,303,1200016303
8,focused,B,-1,0,0,4,304,1200016304
8,focused,B,-1,0,0,4,305,1200016305
8,focused,B,-1,0,0,4,306,1200016306
8,focused,B,-1,0,0,4,307,1200016307
8,focused,B,-1,0,0,4,308,1200016308
8,focused,B,-1,0,0,4,309,1200016309
8,focused,B,-1,0,0,4,310,1200016310
8,focused,B,-1,0,0,4,311,1200016311
8,focused,B,-1,0,0,4,312,1200016312
8,focused,B,-1,0,0,4,313,1200016313
8,focused,B,-1,0,0,4,314,1200016314
8,focused,B,-1,0,0,4,315,1200016315
8,focused,B,-1,0,0,4,316,1200016316
8,focused,B,-1,0,0,4,317,1200016317
8,focused,B,-1,0,0,4,318,1200016318
8,focused,B,-1,0,0,4,319,1200016319
8,focused,B,-1,0,0,4,320,1200016320
8,focused,B,-1,0,0,4,321,1200016321
8,focused,B,-1,0,0,4,322,1200016322
8,focused,B,-1,0,0,4,323,1200016323
8,focused,B,-1,0,0,4,324,1200016324
8,focused,B,-1,0,0,4,325,1200016325
8,focused,B,-1,0,0,4,326,1200016326
8,focused,B,-1,0,0,4,327,1200016327
8,focused,B,-1,0,0,4,328,1200016328
8,focused,B,-1,0,0,4,329,1200016329
8,focused,B,-1,0,0,4,330,1200016330
8,focused,B,-1,0,0,4,331,1200016331
8,focused,B,-1,0,0,4,332,1200016332
8,focused,B,-1,0,0,4,333,1200016333
8,focused,B,-1,0,0,4,334,1200016334
8,focused,B,-1,0,0,4,335,1200016335
8,focused,B,-1,0,0,4,336,1200016336
8,focused,B,-1,0,0,4,337,1200016337
8,focused,B,-1,0,0,4,338,1200016338
8,focused,B,-1,0,0,4,339,1200016339
8,focused,B,-1,0,0,4,340,1200016340
8,focused,B,-1,0,0,4,341,1200016341
8,focused,B,-1,0,0,4,342,1200016342
8,focused,B,-1,0,0,4,343,1200016343
8,focused,B,-1,0,0,4,344,1200016344
8,focused,B,-1,0,0,4,345,1200016345
8,focused,B,-1,0,0,4,346,1200016346
8,focused,B,-1,0,0,4,347,1200016347
8,focused,B,-1,0,0,4,348,1200016348
8,focused,B,-1,0,0,4,349,1200016349
8,focused,B,-1,0,0,4,350,1200016350
8,focused,B,-1,0,0,4,351,1200016351
8,focused,B,-1,0,0,4,352,1200016352
8,focused,B,-1,0,0,4,353,1200016353
8,focused,B,-1,0,0,4,354,1200016354
8,focused,B,-1,0,0,4,355,1200016355
8,focused,B,-1,0,0,4,356,1200016356
8,focused,B,-1,0,0,4,357,1200016357
8,focused,B,-1,0,0,4,358,1200016358
8,focused,B,-1,0,0,4,359,1200016359
8,focused,B,-1,0,0,4,360,1200016360
8,focused,B,-1,0,0,4,361,1200016361
8,focused,B,-1,0,0,4,362,1200016362
8,focused,B,-1,0,0,4,363,1200016363
8,focused,B,-1,0,0,4,364,1200016364
8,focused,B,-1,0,0,4,365,1200016365
8,focused,B,-1,0,0,4,366,1200016366
8,focused,B,-1,0,0,4,367,1200016367
8,focused,B,-1,0,0,4,368,1200016368
8,focused,B,-1,0,0,4,369,1200016369
8,focused,B,-1,0,0,4,370,1200016370
8,focused,B,-1,0,0,4,371,1200016371
8,focused,B,-1,0,0,4,372,1200016372
8,focused,B,-1,0,0,4,373,1200016373
8,focused,B,-1,0,0,4,374,1200016374
8,focused,B,-1,0,0,4,375,1200016375
8,focused,B,-1,0,0,4,376,1200016376
8,focused,B,-1,0,0,4,377,1200016377
8,focused,B,-1,0,0,4,378,1200016378
8,focused,B,-1,0,0,4,379,1200016379
8,focused,B,-1,0,0,4,380,1200016380
8,focused,B,-1,0,0,4,381,1200016381
8,focused,B,-1,0,0,4,382,1200016382
8,focused,B,-1,0,0,4,383,1200016383
8,focused,B,-1,0,0,4,384,1200016384
8,focused,B,-1,0,0,4,385,1200016385
8,focused,B,-1,0,0,4,386,1200016386
8,focused,B,-1,0,0,4,387,1200016387
8,focused,B,-1,0,0,4,388,1200016388
8,focused,B,-1,0,0,4,389,1200016389
8,focused,B,-1,0,0,4,390,1200016390
8,focused,B,-1,0,0,4,391,1200016391
8,focused,B,-1,0,0,4,392,1200016392
8,focused,B,-1,0,0,4,393,1200016393
8,focused,B,-1,0,0,4,394,1200016394
8,focused,B,-1,0,0,4,395,1200016395
8,focused,B,-1,0,0,4,396,1200016396
8,focused,B,-1,0,0,4,397,1200016397
8,focused,B,-1,0,0,4,398,1200016398
8,focused,B,-1,0,0,4,399,1200016399
8,focused,B,-1,0,0,4,400,1200016400
8,focused,B,-1,0,0,4,401,1200016401
8,focused,B,-1,0,0,4,402,1200016402
8,focused,B,-1,0,0,4,403,1200016403
8,focused,B,-1,0,0,4,404,1200016404
8,focused,B,-1,0,0,4,405,1200016405
8,focused,B,-1,0,0,4,406,1200016406
8,focused,B,-1,0,0,4,407,1200016407
8,focused,B,-1,0,0,4,408,1200016408
8,focused,B,-1,0,0,4,409,1200016409
8,focused,B,-1,0,0,4,410,1200016410
8,focused,B,-1,0,0,4,411,1200016411
8,focused,B,-1,0,0,4,412,1200016412
8,focused,B,-1,0,0,4,413,1200016413
8,focused,B,-1,0,0,4,414,1200016414
8,focused,B,-1,0,0,4,415,1200016415
8,focused,B,-1,0,0,4,416,1200016416
8,focused,B,-1,0,0,4,417,1200016417
8,focused,B,-1,0,0,4,418,1200016418
8,focused,B,-1,0,0,4,419,1200016419
8,focused,B,-1,0,0,4,420,1200016420
8,focused,B,-1,0,0,4,421,1200016421
8,focused,B,-1,0,0,4,422,1200016422
8,focused,B,-1,0,0,4,423,1200016423
8,focused,B,-1,0,0,4,424,1200016424
8,focused,B,-1,0,0,4,425,1200016425
8,focused,B,-1,0,0,4,426,1200016426
8,focused,B,-1,0,0,4,427,1200016427
8,focused,B,-1,0,0,4,428,1200016428
8,focused,B,-1,0,0,4,429,1200016429
8,focused,B,-1,0,0,4,430,1200016430
8,focused,B,-1,0,0,4,431,1200016431
8,focused,B,-1,0,0,4,432,1200016432
8,focused,B,-1,0,0,4,433,1200016433
8,focused,B,-1,0,0,4,434,1200016434
8,focused,B,-1,0,0,4,435,1200016435
8,focused,B,-1,0,0,4,436,1200016436
8,focused,B,-1,0,0,4,437,1200016437
8,focused,B,-1,0,0,4,438,1200016438
8,focused,B,-1,0,0,4,439,1200016439
8,focused,B,-1,0,0,4,440,1200016440
8,focused,B,-1,0,0,4,441,1200016441
8,focused,B,-1,0,0,4,442,1200016442
8,focused,B,-1,0,0,4,443,1200016443
8,focused,B,-1,0,0,4,444,1200016444
8,focused,B,-1,0,0,4,445,1200016445
8,focused,B,-1,0,0,4,446,1200016446
8,focused,B,-1,0,0,4,447,1200016447
8,focused,B,-1,0,0,4,448,1200016448
8,focused,B,-1,0,0,4,449,1200016449
8,focused,B,-1,0,0,4,450,1200016450
8,focused,B,-1,0,0,4,451,1200016451
8,focused,B,-1,0,0,4,452,1200016452
8,focused,B,-1,0,0,4,453,1200016453
8,focused,B,-1,0,0,4,454,1200016454
8,focused,B,-1,0,0,4,455,1200016455
8,focused,B,-1,0,0,4,456,1200016456
8,focused,B,-1,0,0,4,457,1200016457
8,focused,B,-1,0,0,4,458,1200016458
8,focused,B,-1,0,0,4,459,1200016459
8,focused,B,-1,0,0,4,460,1200016460
8,focused,B,-1,0,0,4,461,1200016461
8,focused,B,-1,0,0,4,462,1200016462
8,focused,B,-1,0,0,4,463,1200016463
8,focused,B,-1,0,0,4,464,1200016464
8,focused,B,-1,0,0,4,465,1200016465
8,focused,B,-1,0,0,4,466,1200016466
8,focused,B,-1,0,0,4,467,1200016467
8,focused,B,-1,0,0,4,468,1200016468
8,focused,B,-1,0,0,4,469,1200016469
8,focused,B,-1,0,0,4,470,1200016470
8,focused,B,-1,0,0,4,471,1200016471
8,focused,B,-1,0,0,4,472,1200016472
8,focused,B,-1,0,0,4,473,1200016473
8,focused,B,-1,0,0,4,474,1200016474
8,focused,B,-1,0,0,4,475,1200016475
8,focused,B,-1,0,0,4,476,1200016476
8,focused,B,-1,0,0,4,477,1200016477
8,focused,B,-1,0,0,4,478,1200016478
8,focused,B,-1,0,0,4,479,1200016479
8,focused,B,-1,0,0,4,480,1200016480
8,focused,B,-1,0,0,4,481,1200016481
8,focused,B,-1,0,0,4,482,1200016482
8,focused,B,-1,0,0,4,483,1200016483
8,focused,B,-1,0,0,4,484,1200016484
8,focused,B,-1,0,0,4,485,1200016485
8,focused,B,-1,0,0,4,486,1200016486
8,focused,B,-1,0,0,4,487,1200016487
8,focused,B,-1,0,0,4,488,1200016488
8,focused,B,-1,0,0,4,489,1200016489
8,focused,B,-1,0,0,4,490,1200016490
8,focused,B,-1,0,0,4,491,1200016491
8,focused,B,-1,0,0,4,492,1200016492
8,focused,B,-1,0,0,4,493,1200016493
8,focused,B,-1,0,0,4,494,1200016494
8,focused,B,-1,0,0,4,495,1200016495
8,focused,B,-1,0,0,4,496,1200016496
8,focused,B,-1,0,0,4,497,1200016497
8,focused,B,-1,0,0,4,498,1200016498
8,focused,B,-1,0,0,4,499,1200016499
8,focused,B,-1,0,0,4,500,1200016500
8,focused,B,-1,0,0,4,501,1200016501
8,focused,B,-1,0,0,4,502,1200016502
8,focused,B,-1,0,0,4,503,1200016503
8,focused,B,-1,0,0,4,504,1200016504
8,focused,B,-1,0,0,4,505,1200016505
8,focused,B,-1,0,0,4,506,1200016506
8,focused,B,-1,0,0,4,507,1200016507
8,focused,B,-1,0,0,4,508,1200016508
8,focused,B,-1,0,0,4,509,1200016509
8,focused,B,-1,0,0,4,510,1200016510
8,focused,B,-1,0,0,4,511,1200016511
8,focused,B,-1,0,0,4,512,1200016512
8,focused,B,-1,0,0,4,513,1200016513
8,focused,B,-1,0,0,4,514,1200016514
8,focused,B,-1,0,0,4,515,1200016515
8,focused,B,-1,0,0,4,516,1200016516
8,focused,B,-1,0,0,4,517,1200016517
8,focused,B,-1,0,0,4,518,1200016518
8,focused,B,-1,0,0,4,519,1200016519
8,focused,B,-1,0,0,4,520,1200016520
8,focused,B,-1,0,0,4,521,1200016521
8,focused,B,-1,0,0,4,522,1200016522
8,focused,B,-1,0,0,4,523,1200016523
8,focused,B,-1,0,0,4,524,1200016524
8,focused,B,-1,0,0,4,525,1200016525
8,focused,B,-1,0,0,4,526,1200016526
8,focused,B,-1,0,0,4,527,1200016527
8,focused,B,-1,0,0,4,528,1200016528
8,focused,B,-1,0,0,4,529,1200016529
8,focused,B,-1,0,0,4,530,1200016530
8,focused,B,-1,0,0,4,531,1200016531
8,focused,B,-1,0,0,4,532,1200016532
8,focused,B,-1,0,0,4,533,1200016533
8,focused,B,-1,0,0,4,534,1200016534
8,focused,B,-1,0,0,4,535,1200016535
8,focused,B,-1,0,0,4,536,1200016536
8,focused,B,-1,0,0,4,537,1200016537
8,focused,B,-1,0,0,4,538,1200016538
8,focused,B,-1,0,0,4,539,1200016539
8,focused,B,-1,0,0,4,540,1200016540
8,focused,B,-1,0,0,4,541,1200016541
8,focused,B,-1,0,0,4,542,1200016542
8,focused,B,-1,0,0,4,543,1200016543
8,focused,B,-1,0,0,4,544,1200016544
8,focused,B,-1,0,0,4,545,1200016545
8,focused,B,-1,0,0,4,546,1200016546
8,focused,B,-1,0,0,4,547,1200016547
8,focused,B,-1,0,0,4,548,1200016548
8,focused,B,-1,0,0,4,549,1200016549
8,focused,B,-1,0,0,4,550,1200016550
8,focused,B,-1,0,0,4,551,1200016551
8,focused,B,-1,0,0,4,552,1200016552
8,focused,B,-1,0,0,4,553,1200016553
8,focused,B,-1,0,0,4,554,1200016554
8,focused,B,-1,0,0,4,555,1200016555
8,focused,B,-1,0,0,4,556,1200016556
8,focused,B,-1,0,0,4,557,1200016557
8,focused,B,-1,0,0,4,558,1200016558
8,focused,B,-1,0,0,4,559,1200016559
8,focused,B,-1,0,0,4,560,1200016560
8,focused,B,-1,0,0,4,561,1200016561
8,focused,B,-1,0,0,4,562,1200016562
8,focused,B,-1,0,0,4,563,1200016563
8,focused,B,-1,0,0,4,564,1200016564
8,focused,B,-1,0,0,4,565,1200016565
8,focused,B,-1,0,0,4,566,1200016566
8,focused,B,-1,0,0,4,567,1200016567
8,focused,B,-1,0,0,4,568,1200016568
8,focused,B,-1,0,0,4,569,1200016569
8,focused,B,-1,0,0,4,570,1200016570
8,focused,B,-1,0,0,4,571,1200016571
8,focused,B,-1,0,0,4,572,1200016572
8,focused,B,-1,0,0,4,573,1200016573
8,focused,B,-1,0,0,4,574,1200016574
8,focused,B,-1,0,0,4,575,1200016575
8,focused,B,-1,0,0,4,576,1200016576
8,focused,B,-1,0,0,4,577,1200016577
8,focused,B,-1,0,0,4,578,1200016578
8,focused,B,-1,0,0,4,579,1200016579
8,focused,B,-1,0,0,4,580,1200016580
8,focused,B,-1,0,0,4,581,1200016581
8,focused,B,-1,0,0,4,582,1200016582
8,focused,B,-1,0,0,4,583,1200016583
8,focused,B,-1,0,0,4,584,1200016584
8,focused,B,-1,0,0,4,585,1200016585
8,focused,B,-1,0,0,4,586,1200016586
8,focused,B,-1,0,0,4,587,1200016587
8,focused,B,-1,0,0,4,588,1200016588
8,focused,B,-1,0,0,4,589,1200016589
8,focused,B,-1,0,0,4,590,1200016590
8,focused,B,-1,0,0,4,591,1200016591
8,focused,B,-1,0,0,4,592,1200016592
8,focused,B,-1,0,0,4,593,1200016593
8,focused,B,-1,0,0,4,594,1200016594
8,focused,B,-1,0,0,4,595,1200016595
8,focused,B,-1,0,0,4,596,1200016596
8,focused,B,-1,0,0,4,597,1200016597
8,focused,B,-1,0,0,4,598,1200016598
8,focused,B,-1,0,0,4,599,1200016599
8,focused,B,-1,0,0,4,600,1200016600
8,focused,B,-1,0,0,4,601,1200016601
8,focused,B,-1,0,0,4,602,1200016602
8,focused,B,-1,0,0,4,603,1200016603
8,focused,B,-1,0,0,4,604,1200016604
8,focused,B,-1,0,0,4,605,1200016605
8,focused,B,-1,0,0,4,606,1200016606
8,focused,B,-1,0,0,4,607,1200016607
8,focused,B,-1,0,0,4,608,1200016608
8,focused,B,-1,0,0,4,609,1200016609
8,focused,B,-1,0,0,4,610,1200016610
8,focused,B,-1,0,0,4,611,1200016611
8,focused,B,-1,0,0,4,612,1200016612
8,focused,B,-1,0,0,4,613,1200016613
8,focused,B,-1,0,0,4,614,1200016614
8,focused,B,-1,0,0,4,615,1200016615
8,focused,B,-1,0,0,4,616,1200016616
8,focused,B,-1,0,0,4,617,1200016617
8,focused,B,-1,0,0,4,618,1200016618
8,focused,B,-1,0,0,4,619,1200016619
8,focused,B,-1,0,0,4,620,1200016620
8,focused,B,-1,0,0,4,621,1200016621
8,focused,B,-1,0,0,4,622,1200016622
8,focused,B,-1,0,0,4,623,1200016623
8,focused,B,-1,0,0,4,624,1200016624
8,focused,B,-1,0,0,4,625,1200016625
8,focused,B,-1,0,0,4,626,1200016626
8,focused,B,-1,0,0,4,627,1200016627
8,focused,B,-1,0,0,4,628,1200016628
8,focused,B,-1,0,0,4,629,1200016629
8,focused,B,-1,0,0,4,630,1200016630
8,focused,B,-1,0,0,4,631,1200016631
8,focused,B,-1,0,0,4,632,1200016632
8,focused,B,-1,0,0,4,633,1200016633
8,focused,B,-1,0,0,4,634,1200016634
8,focused,B,-1,0,0,4,635,1200016635
8,focused,B,-1,0,0,4,636,1200016636
8,focused,B,-1,0,0,4,637,1200016637
8,focused,B,-1,0,0,4,638,1200016638
8,focused,B,-1,0,0,4,639,1200016639
8,focused,B,-1,0,0,4,640,1200016640
8,focused,B,-1,0,0,4,641,1200016641
8,focused,B,-1,0,0,4,642,1200016642
8,focused,B,-1,0,0,4,643,1200016643
8,focused,B,-1,0,0,4,644,1200016644
8,focused,B,-1,0,0,4,645,1200016645
8,focused,B,-1,0,0,4,646,1200016646
8,focused,B,-1,0,0,4,647,1200016647
8,focused,B,-1,0,0,4,648,1200016648
8,focused,B,-1,0,0,4,649,1200016649
8,focused,B,-1,0,0,4,650,1200016650
8,focused,B,-1,0,0,4,651,1200016651
8,focused,B,-1,0,0,4,652,1200016652
8,focused,B,-1,0,0,4,653,1200016653
8,focused,B,-1,0,0,4,654,1200016654
8,focused,B,-1,0,0,4,655,1200016655
8,focused,B,-1,0,0,4,656,1200016656
8,focused,B,-1,0,0,4,657,1200016657
8,focused,B,-1,0,0,4,658,1200016658
8,focused,B,-1,0,0,4,659,1200016659
8,focused,B,-1,0,0,4,660,1200016660
8,focused,B,-1,0,0,4,661,1200016661
8,focused,B,-1,0,0,4,662,1200016662
8,focused,B,-1,0,0,4,663,1200016663
8,focused,B,-1,0,0,4,664,1200016664
8,focused,B,-1,0,0,4,665,1200016665
8,focused,B,-1,0,0,4,666,1200016666
8,focused,B,-1,0,0,4,667,1200016667
8,focused,B,-1,0,0,4,668,1200016668
8,focused,B,-1,0,0,4,669,1200016669
8,focused,B,-1,0,0,4,670,1200016670
8,focused,B,-1,0,0,4,671,1200016671
8,focused,B,-1,0,0,4,672,1200016672
8,focused,B,-1,0,0,4,673,1200016673
8,focused,B,-1,0,0,4,674,1200016674
8,focused,B,-1,0,0,4,675,1200016675
8,focused,B,-1,0,0,4,676,1200016676
8,focused,B,-1,0,0,4,677,1200016677
8,focused,B,-1,0,0,4,678,1200016678
8,focused,B,-1,0,0,4,679,1200016679
8,focused,B,-1,0,0,4,680,1200016680
8,focused,B,-1,0,0,4,681,1200016681
8,focused,B,-1,0,0,4,682,1200016682
8,focused,B,-1,0,0,4,683,1200016683
8,focused,B,-1,0,0,4,684,1200016684
8,focused,B,-1,0,0,4,685,1200016685
8,focused,B,-1,0,0,4,686,1200016686
8,focused,B,-1,0,0,4,687,1200016687
8,focused,B,-1,0,0,4,688,1200016688
8,focused,B,-1,0,0,4,689,1200016689
8,focused,B,-1,0,0,4,690,1200016690
8,focused,B,-1,0,0,4,691,1200016691
8,focused,B,-1,0,0,4,692,1200016692
8,focused,B,-1,0,0,4,693,1200016693
8,focused,B,-1,0,0,4,694,1200016694
8,focused,B,-1,0,0,4,695,1200016695
8,focused,B,-1,0,0,4,696,1200016696
8,focused,B,-1,0,0,4,697,1200016697
8,focused,B,-1,0,0,4,698,1200016698
8,focused,B,-1,0,0,4,699,1200016699
8,focused,B,-1,0,0,4,700,1200016700
8,focused,B,-1,0,0,4,701,1200016701
8,focused,B,-1,0,0,4,702,1200016702
8,focused,B,-1,0,0,4,703,1200016703
8,focused,B,-1,0,0,4,704,1200016704
8,focused,B,-1,0,0,4,705,1200016705
8,focused,B,-1,0,0,4,706,1200016706
8,focused,B,-1,0,0,4,707,1200016707
8,focused,B,-1,0,0,4,708,1200016708
8,focused,B,-1,0,0,4,709,1200016709
8,focused,B,-1,0,0,4,710,1200016710
8,focused,B,-1,0,0,4,711,1200016711
8,focused,B,-1,0,0,4,712,1200016712
8,focused,B,-1,0,0,4,713,1200016713
8,focused,B,-1,0,0,4,714,1200016714
8,focused,B,-1,0,0,4,715,1200016715
8,focused,B,-1,0,0,4,716,1200016716
8,focused,B,-1,0,0,4,717,1200016717
8,focused,B,-1,0,0,4,718,1200016718
8,focused,B,-1,0,0,4,719,1200016719
8,focused,B,-1,0,0,4,720,1200016720
8,focused,B,-1,0,0,4,721,1200016721
8,focused,B,-1,0,0,4,722,1200016722
8,focused,B,-1,0,0,4,723,1200016723
8,focused,B,-1,0,0,4,724,1200016724
8,focused,B,-1,0,0,4,725,1200016725
8,focused,B,-1,0,0,4,726,1200016726
8,focused,B,-1,0,0,4,727,1200016727
8,focused,B,-1,0,0,4,728,1200016728
8,focused,B,-1,0,0,4,729,1200016729
8,focused,B,-1,0,0,4,730,1200016730
8,focused,B,-1,0,0,4,731,1200016731
8,focused,B,-1,0,0,4,732,1200016732
8,focused,B,-1,0,0,4,733,1200016733
8,focused,B,-1,0,0,4,734,1200016734
8,focused,B,-1,0,0,4,735,1200016735
8,focused,B,-1,0,0,4,736,1200016736
8,focused,B,-1,0,0,4,737,1200016737
8,focused,B,-1,0,0,4,738,1200016738
8,focused,B,-1,0,0,4,739,1200016739
8,focused,B,-1,0,0,4,740,1200016740
8,focused,B,-1,0,0,4,741,1200016741
8,focused,B,-1,0,0,4,742,1200016742
8,focused,B,-1,0,0,4,743,1200016743
8,focused,B,-1,0,0,4,744,1200016744
8,focused,B,-1,0,0,4,745,1200016745
8,focused,B,-1,0,0,4,746,1200016746
8,focused,B,-1,0,0,4,747,1200016747
8,focused,B,-1,0,0,4,748,1200016748
8,focused,B,-1,0,0,4,749,1200016749
8,focused,B,-1,0,0,4,750,1200016750
8,focused,B,-1,0,0,4,751,1200016751
8,focused,B,-1,0,0,4,752,1200016752
8,focused,B,-1,0,0,4,753,1200016753
8,focused,B,-1,0,0,4,754,1200016754
8,focused,B,-1,0,0,4,755,1200016755
8,focused,B,-1,0,0,4,756,1200016756
8,focused,B,-1,0,0,4,757,1200016757
8,focused,B,-1,0,0,4,758,1200016758
8,focused,B,-1,0,0,4,759,1200016759
8,focused,B,-1,0,0,4,760,1200016760
8,focused,B,-1,0,0,4,761,1200016761
8,focused,B,-1,0,0,4,762,1200016762
8,focused,B,-1,0,0,4,763,1200016763
8,focused,B,-1,0,0,4,764,1200016764
8,focused,B,-1,0,0,4,765,1200016765
8,focused,B,-1,0,0,4,766,1200016766
8,focused,B,-1,0,0,4,767,1200016767
8,focused,B,-1,0,0,4,768,1200016768
8,focused,B,-1,0,0,4,769,1200016769
8,focused,B,-1,0,0,4,770,1200016770
8,focused,B,-1,0,0,4,771,1200016771
8,focused,B,-1,0,0,4,772,1200016772
8,focused,B,-1,0,0,4,773,1200016773
8,focused,B,-1,0,0,4,774,1200016774
8,focused,B,-1,0,0,4,775,1200016775
8,focused,B,-1,0,0,4,776,1200016776
8,focused,B,-1,0,0,4,777,1200016777
8,focused,B,-1,0,0,4,778,1200016778
8,focused,B,-1,0,0,4,779,1200016779
8,focused,B,-1,0,0,4,780,1200016780
8,focused,B,-1,0,0,4,781,1200016781
8,focused,B,-1,0,0,4,782,1200016782
8,focused,B,-1,0,0,4,783,1200016783
8,focused,B,-1,0,0,4,784,1200016784
8,focused,B,-1,0,0,4,785,1200016785
8,focused,B,-1,0,0,4,786,1200016786
8,focused,B,-1,0,0,4,787,1200016787
8,focused,B,-1,0,0,4,788,1200016788
8,focused,B,-1,0,0,4,789,1200016789
8,focused,B,-1,0,0,4,790,1200016790
8,focused,B,-1,0,0,4,791,1200016791
8,focused,B,-1,0,0,4,792,1200016792
8,focused,B,-1,0,0,4,793,1200016793
8,focused,B,-1,0,0,4,794,1200016794
8,focused,B,-1,0,0,4,795,1200016795
8,focused,B,-1,0,0,4,796,1200016796
8,focused,B,-1,0,0,4,797,1200016797
8,focused,B,-1,0,0,4,798,1200016798
8,focused,B,-1,0,0,4,799,1200016799
8,focused,B,-1,0,0,4,800,1200016800
8,focused,B,-1,0,0,4,801,1200016801
8,focused,B,-1,0,0,4,802,1200016802
8,focused,B,-1,0,0,4,803,1200016803
8,focused,B,-1,0,0,4,804,1200016804
8,focused,B,-1,0,0,4,805,1200016805
8,focused,B,-1,0,0,4,806,1200016806
8,focused,B,-1,0,0,4,807,1200016807
8,focused,B,-1,0,0,4,808,1200016808
8,focused,B,-1,0,0,4,809,1200016809
8,focused,B,-1,0,0,4,810,1200016810
8,focused,B,-1,0,0,4,811,1200016811
8,focused,B,-1,0,0,4,812,1200016812
8,focused,B,-1,0,0,4,813,1200016813
8,focused,B,-1,0,0,4,814,1200016814
8,focused,B,-1,0,0,4,815,1200016815
8,focused,B,-1,0,0,4,816,1200016816
8,focused,B,-1,0,0,4,817,1200016817
8,focused,B,-1,0,0,4,818,1200016818
8,focused,B,-1,0,0,4,819,1200016819
8,focused,B,-1,0,0,4,820,1200016820
8,focused,B,-1,0,0,4,821,1200016821
8,focused,B,-1,0,0,4,822,1200016822
8,focused,B,-1,0,0,4,823,1200016823
8,focused,B,-1,0,0,4,824,1200016824
8,focused,B,-1,0,0,4,825,1200016825
8,focused,B,-1,0,0,4,826,1200016826
8,focused,B,-1,0,0,4,827,1200016827
8,focused,B,-1,0,0,4,828,1200016828
8,focused,B,-1,0,0,4,829,1200016829
8,focused,B,-1,0,0,4,830,1200016830
8,focused,B,-1,0,0,4,831,1200016831
8,focused,B,-1,0,0,4,832,1200016832
8,focused,B,-1,0,0,4,833,1200016833
8,focused,B,-1,0,0,4,834,1200016834
8,focused,B,-1,0,0,4,835,1200016835
8,focused,B,-1,0,0,4,836,1200016836
8,focused,B,-1,0,0,4,837,1200016837
8,focused,B,-1,0,0,4,838,1200016838
8,focused,B,-1,0,0,4,839,1200016839
8,focused,B,-1,0,0,4,840,1200016840
8,focused,B,-1,0,0,4,841,1200016841
8,focused,B,-1,0,0,4,842,1200016842
8,focused,B,-1,0,0,4,843,1200016843
8,focused,B,-1,0,0,4,844,1200016844
8,focused,B,-1,0,0,4,845,1200016845
8,focused,B,-1,0,0,4,846,1200016846
8,focused,B,-1,0,0,4,847,1200016847
8,focused,B,-1,0,0,4,848,1200016848
8,focused,B,-1,0,0,4,849,1200016849
8,focused,B,-1,0,0,4,850,1200016850
8,focused,B,-1,0,0,4,851,1200016851
8,focused,B,-1,0,0,4,852,1200016852
8,focused,B,-1,0,0,4,853,1200016853
8,focused,B,-1,0,0,4,854,1200016854
8,focused,B,-1,0,0,4,855,1200016855
8,focused,B,-1,0,0,4,856,1200016856
8,focused,B,-1,0,0,4,857,1200016857
8,focused,B,-1,0,0,4,858,1200016858
8,focused,B,-1,0,0,4,859,1200016859
8,focused,B,-1,0,0,4,860,1200016860
8,focused,B,-1,0,0,4,861,1200016861
8,focused,B,-1,0,0,4,862,1200016862
8,focused,B,-1,0,0,4,863,1200016863
8,focused,B,-1,0,0,4,864,1200016864
8,focused,B,-1,0,0,4,865,1200016865
8,focused,B,-1,0,0,4,866,1200016866
8,focused,B,-1,0,0,4,867,1200016867
8,focused,B,-1,0,0,4,868,1200016868
8,focused,B,-1,0,0,4,869,1200016869
8,focused,B,-1,0,0,4,870,1200016870
8,focused,B,-1,0,0,4,871,1200016871
8,focused,B,-1,0,0,4,872,1200016872
8,focused,B,-1,0,0,4,873,1200016873
8,focused,B,-1,0,0,4,874,1200016874
8,focused,B,-1,0,0,4,875,1200016875
8,focused,B,-1,0,0,4,876,1200016876
8,focused,B,-1,0,0,4,877,1200016877
8,focused,B,-1,0,0,4,878,1200016878
8,focused,B,-1,0,0,4,879,1200016879
8,focused,B,-1,0,0,4,880,1200016880
8,focused,B,-1,0,0,4,881,1200016881
8,focused,B,-1,0,0,4,882,1200016882
8,focused,B,-1,0,0,4,883,1200016883
8,focused,B,-1,0,0,4,884,1200016884
8,focused,B,-1,0,0,4,885,1200016885
8,focused,B,-1,0,0,4,886,1200016886
8,focused,B,-1,0,0,4,887,1200016887
8,focused,B,-1,0,0,4,888,1200016888
8,focused,B,-1,0,0,4,889,1200016889
8,focused,B,-1,0,0,4,890,1200016890
8,focused,B,-1,0,0,4,891,1200016891
8,focused,B,-1,0,0,4,892,1200016892
8,focused,B,-1,0,0,4,893,1200016893
8,focused,B,-1,0,0,4,894,1200016894
8,focused,B,-1,0,0,4,895,1200016895
8,focused,B,-1,0,0,4,896,1200016896
8,focused,B,-1,0,0,4,897,1200016897
8,focused,B,-1,0,0,4,898,1200016898
8,focused,B,-1,0,0,4,899,1200016899
8,focused,B,-1,0,0,4,900,1200016900
8,focused,B,-1,0,0,4,901,1200016901
8,focused,B,-1,0,0,4,902,1200016902
8,focused,B,-1,0,0,4,903,1200016903
8,focused,B,-1,0,0,4,904,1200016904
8,focused,B,-1,0,0,4,905,1200016905
8,focused,B,-1,0,0,4,906,1200016906
8,focused,B,-1,0,0,4,907,1200016907
8,focused,B,-1,0,0,4,908,1200016908
8,focused,B,-1,0,0,4,909,1200016909
8,focused,B,-1,0,0,4,910,1200016910
8,focused,B,-1,0,0,4,911,1200016911
8,focused,B,-1,0,0,4,912,1200016912
8,focused,B,-1,0,0,4,913,1200016913
8,focused,B,-1,0,0,4,914,1200016914
8,focused,B,-1,0,0,4,915,1200016915
8,focused,B,-1,0,0,4,916,1200016916
8,focused,B,-1,0,0,4,917,1200016917
8,focused,B,-1,0,0,4,918,1200016918
8,focused,B,-1,0,0,4,919,1200016919
8,focused,B,-1,0,0,4,920,1200016920
8,focused,B,-1,0,0,4,921,1200016921
8,focused,B,-1,0,0,4,922,1200016922
8,focused,B,-1,0,0,4,923,1200016923
8,focused,B,-1,0,0,4,924,1200016924
8,focused,B,-1,0,0,4,925,1200016925
8,focused,B,-1,0,0,4,926,1200016926
8,focused,B,-1,0,0,4,927,1200016927
8,focused,B,-1,0,0,4,928,1200016928
8,focused,B,-1,0,0,4,929,1200016929
8,focused,B,-1,0,0,4,930,1200016930
8,focused,B,-1,0,0,4,931,1200016931
8,focused,B,-1,0,0,4,932,1200016932
8,focused,B,-1,0,0,4,933,1200016933
8,focused,B,-1,0,0,4,934,1200016934
8,focused,B,-1,0,0,4,935,1200016935
8,focused,B,-1,0,0,4,936,1200016936
8,focused,B,-1,0,0,4,937,1200016937
8,focused,B,-1,0,0,4,938,1200016938
8,focused,B,-1,0,0,4,939,1200016939
8,focused,B,-1,0,0,4,940,1200016940
8,focused,B,-1,0,0,4,941,1200016941
8,focused,B,-1,0,0,4,942,1200016942
8,focused,B,-1,0,0,4,943,1200016943
8,focused,B,-1,0,0,4,944,1200016944
8,focused,B,-1,0,0,4,945,1200016945
8,focused,B,-1,0,0,4,946,1200016946
8,focused,B,-1,0,0,4,947,1200016947
8,focused,B,-1,0,0,4,948,1200016948
8,focused,B,-1,0,0,4,949,1200016949
8,focused,B,-1,0,0,4,950,1200016950
8,focused,B,-1,0,0,4,951,1200016951
8,focused,B,-1,0,0,4,952,1200016952
8,focused,B,-1,0,0,4,953,1200016953
8,focused,B,-1,0,0,4,954,1200016954
8,focused,B,-1,0,0,4,955,1200016955
8,focused,B,-1,0,0,4,956,1200016956
8,focused,B,-1,0,0,4,957,1200016957
8,focused,B,-1,0,0,4,958,1200016958
8,focused,B,-1,0,0,4,959,1200016959
8,focused,B,-1,0,0,4,960,1200016960
8,focused,B,-1,0,0,4,961,1200016961
8,focused,B,-1,0,0,4,962,1200016962
8,focused,B,-1,0,0,4,963,1200016963
8,focused,B,-1,0,0,4,964,1200016964
8,focused,B,-1,0,0,4,965,1200016965
8,focused,B,-1,0,0,4,966,1200016966
8,focused,B,-1,0,0,4,967,1200016967
8,focused,B,-1,0,0,4,968,1200016968
8,focused,B,-1,0,0,4,969,1200016969
8,focused,B,-1,0,0,4,970,1200016970
8,focused,B,-1,0,0,4,971,1200016971
8,focused,B,-1,0,0,4,972,1200016972
8,focused,B,-1,0,0,4,973,1200016973
8,focused,B,-1,0,0,4,974,1200016974
8,focused,B,-1,0,0,4,975,1200016975
8,focused,B,-1,0,0,4,976,1200016976
8,focused,B,-1,0,0,4,977,1200016977
8,focused,B,-1,0,0,4,978,1200016978
8,focused,B,-1,0,0,4,979,1200016979
8,focused,B,-1,0,0,4,980,1200016980
8,focused,B,-1,0,0,4,981,1200016981
8,focused,B,-1,0,0,4,982,1200016982
8,focused,B,-1,0,0,4,983,1200016983
8,focused,B,-1,0,0,4,984,1200016984
8,focused,B,-1,0,0,4,985,1200016985
8,focused,B,-1,0,0,4,986,1200016986
8,focused,B,-1,0,0,4,987,1200016987
8,focused,B,-1,0,0,4,988,1200016988
8,focused,B,-1,0,0,4,989,1200016989
8,focused,B,-1,0,0,4,990,1200016990
8,focused,B,-1,0,0,4,991,1200016991
8,focused,B,-1,0,0,4,992,1200016992
8,focused,B,-1,0,0,4,993,1200016993
8,focused,B,-1,0,0,4,994,1200016994
8,focused,B,-1,0,0,4,995,1200016995
8,focused,B,-1,0,0,4,996,1200016996
8,focused,B,-1,0,0,4,997,1200016997
8,focused,B,-1,0,0,4,998,1200016998
8,focused,B,-1,0,0,4,999,1200016999
8,focused,B,-1,0,0,4,1000,1200017000
9,focused,B,-1,0,0,10,1,1200018001
9,focused,B,-1,0,0,10,2,1200018002
9,focused,B,-1,0,0,10,3,1200018003
9,focused,B,-1,0,0,10,4,1200018004
9,focused,B,-1,0,0,10,5,1200018005
9,focused,B,-1,0,0,10,6,1200018006
9,focused,B,-1,0,0,10,7,1200018007
9,focused,B,-1,0,0,10,8,1200018008
9,focused,B,-1,0,0,10,9,1200018009
9,focused,B,-1,0,0,10,10,1200018010
9,focused,B,-1,0,0,10,11,1200018011
9,focused,B,-1,0,0,10,12,1200018012
9,focused,B,-1,0,0,10,13,1200018013
9,focused,B,-1,0,0,10,14,1200018014
9,focused,B,-1,0,0,10,15,1200018015
9,focused,B,-1,0,0,10,16,1200018016
9,focused,B,-1,0,0,10,17,1200018017
9,focused,B,-1,0,0,10,18,1200018018
9,focused,B,-1,0,0,10,19,1200018019
9,focused,B,-1,0,0,10,20,1200018020
9,focused,B,-1,0,0,10,21,1200018021
9,focused,B,-1,0,0,10,22,1200018022
9,focused,B,-1,0,0,10,23,1200018023
9,focused,B,-1,0,0,10,24,1200018024
9,focused,B,-1,0,0,10,25,1200018025
9,focused,B,-1,0,0,10,26,1200018026
9,focused,B,-1,0,0,10,27,1200018027
9,focused,B,-1,0,0,10,28,1200018028
9,focused,B,-1,0,0,10,29,1200018029
9,focused,B,-1,0,0,10,30,1200018030
9,focused,B,-1,0,0,10,31,1200018031
9,focused,B,-1,0,0,10,32,1200018032
9,focused,B,-1,0,0,10,33,1200018033
9,focused,B,-1,0,0,10,34,1200018034
9,focused,B,-1,0,0,10,35,1200018035
9,focused,B,-1,0,0,10,36,1200018036
9,focused,B,-1,0,0,10,37,1200018037
9,focused,B,-1,0,0,10,38,1200018038
9,focused,B,-1,0,0,10,39,1200018039
9,focused,B,-1,0,0,10,40,1200018040
9,focused,B,-1,0,0,10,41,1200018041
9,focused,B,-1,0,0,10,42,1200018042
9,focused,B,-1,0,0,10,43,1200018043
9,focused,B,-1,0,0,10,44,1200018044
9,focused,B,-1,0,0,10,45,1200018045
9,focused,B,-1,0,0,10,46,1200018046
9,focused,B,-1,0,0,10,47,1200018047
9,focused,B,-1,0,0,10,48,1200018048
9,focused,B,-1,0,0,10,49,1200018049
9,focused,B,-1,0,0,10,50,1200018050
9,focused,B,-1,0,0,10,51,1200018051
9,focused,B,-1,0,0,10,52,1200018052
9,focused,B,-1,0,0,10,53,1200018053
9,focused,B,-1,0,0,10,54,1200018054
9,focused,B,-1,0,0,10,55,1200018055
9,focused,B,-1,0,0,10,56,1200018056
9,focused,B,-1,0,0,10,57,1200018057
9,focused,B,-1,0,0,10,58,1200018058
9,focused,B,-1,0,0,10,59,1200018059
9,focused,B,-1,0,0,10,60,1200018060
9,focused,B,-1,0,0,10,61,1200018061
9,focused,B,-1,0,0,10,62,1200018062
9,focused,B,-1,0,0,10,63,1200018063
9,focused,B,-1,0,0,10,64,1200018064
9,focused,B,-1,0,0,10,65,1200018065
9,focused,B,-1,0,0,10,66,1200018066
9,focused,B,-1,0,0,10,67,1200018067
9,focused,B,-1,0,0,10,68,1200018068
9,focused,B,-1,0,0,10,69,1200018069
9,focused,B,-1,0,0,10,70,1200018070
9,focused,B,-1,0,0,10,71,1200018071
9,focused,B,-1,0,0,10,72,1200018072
9,focused,B,-1,0,0,10,73,1200018073
9,focused,B,-1,0,0,10,74,1200018074
9,focused,B,-1,0,0,10,75,1200018075
9,focused,B,-1,0,0,10,76,1200018076
9,focused,B,-1,0,0,10,77,1200018077
9,focused,B,-1,0,0,10,78,1200018078
9,focused,B,-1,0,0,10,79,1200018079
9,focused,B,-1,0,0,10,80,1200018080
9,focused,B,-1,0,0,10,81,1200018081
9,focused,B,-1,0,0,10,82,1200018082
9,focused,B,-1,0,0,10,83,1200018083
9,focused,B,-1,0,0,10,84,1200018084
9,focused,B,-1,0,0,10,85,1200018085
9,focused,B,-1,0,0,10,86,1200018086
9,focused,B,-1,0,0,10,87,1200018087
9,focused,B,-1,0,0,10,88,1200018088
9,focused,B,-1,0,0,10,89,1200018089
9,focused,B,-1,0,0,10,90,1200018090
9,focused,B,-1,0,0,10,91,1200018091
9,focused,B,-1,0,0,10,92,1200018092
9,focused,B,-1,0,0,10,93,1200018093
9,focused,B,-1,0,0,10,94,1200018094
9,focused,B,-1,0,0,10,95,1200018095
9,focused,B,-1,0,0,10,96,1200018096
9,focused,B,-1,0,0,10,97,1200018097
9,focused,B,-1,0,0,10,98,1200018098
9,focused,B,-1,0,0,10,99,1200018099
9,focused,B,-1,0,0,10,100,1200018100
9,focused,B,-1,0,0,10,101,1200018101
9,focused,B,-1,0,0,10,102,1200018102
9,focused,B,-1,0,0,10,103,1200018103
9,focused,B,-1,0,0,10,104,1200018104
9,focused,B,-1,0,0,10,105,1200018105
9,focused,B,-1,0,0,10,106,1200018106
9,focused,B,-1,0,0,10,107,1200018107
9,focused,B,-1,0,0,10,108,1200018108
9,focused,B,-1,0,0,10,109,1200018109
9,focused,B,-1,0,0,10,110,1200018110
9,focused,B,-1,0,0,10,111,1200018111
9,focused,B,-1,0,0,10,112,1200018112
9,focused,B,-1,0,0,10,113,1200018113
9,focused,B,-1,0,0,10,114,1200018114
9,focused,B,-1,0,0,10,115,1200018115
9,focused,B,-1,0,0,10,116,1200018116
9,focused,B,-1,0,0,10,117,1200018117
9,focused,B,-1,0,0,10,118,1200018118
9,focused,B,-1,0,0,10,119,1200018119
9,focused,B,-1,0,0,10,120,1200018120
9,focused,B,-1,0,0,10,121,1200018121
9,focused,B,-1,0,0,10,122,1200018122
9,focused,B,-1,0,0,10,123,1200018123
9,focused,B,-1,0,0,10,124,1200018124
9,focused,B,-1,0,0,10,125,1200018125
9,focused,B,-1,0,0,10,126,1200018126
9,focused,B,-1,0,0,10,127,1200018127
9,focused,B,-1,0,0,10,128,1200018128
9,focused,B,-1,0,0,10,129,1200018129
9,focused,B,-1,0,0,10,130,1200018130
9,focused,B,-1,0,0,10,131,1200018131
9,focused,B,-1,0,0,10,132,1200018132
9,focused,B,-1,0,0,10,133,1200018133
9,focused,B,-1,0,0,10,134,1200018134
9,focused,B,-1,0,0,10,135,1200018135
9,focused,B,-1,0,0,10,136,1200018136
9,focused,B,-1,0,0,10,137,1200018137
9,focused,B,-1,0,0,10,138,1200018138
9,focused,B,-1,0,0,10,139,1200018139
9,focused,B,-1,0,0,10,140,1200018140
9,focused,B,-1,0,0,10,141,1200018141
9,focused,B,-1,0,0,10,142,1200018142
9,focused,B,-1,0,0,10,143,1200018143
9,focused,B,-1,0,0,10,144,1200018144
9,focused,B,-1,0,0,10,145,1200018145
9,focused,B,-1,0,0,10,146,1200018146
9,focused,B,-1,0,0,10,147,1200018147
9,focused,B,-1,0,0,10,148,1200018148
9,focused,B,-1,0,0,10,149,1200018149
9,focused,B,-1,0,0,10,150,1200018150
9,focused,B,-1,0,0,10,151,1200018151
9,focused,B,-1,0,0,10,152,1200018152
9,focused,B,-1,0,0,10,153,1200018153
9,focused,B,-1,0,0,10,154,1200018154
9,focused,B,-1,0,0,10,155,1200018155
9,focused,B,-1,0,0,10,156,1200018156
9,focused,B,-1,0,0,10,157,1200018157
9,focused,B,-1,0,0,10,158,1200018158
9,focused,B,-1,0,0,10,159,1200018159
9,focused,B,-1,0,0,10,160,1200018160
9,focused,B,-1,0,0,10,161,1200018161
9,focused,B,-1,0,0,10,162,1200018162
9,focused,B,-1,0,0,10,163,1200018163
9,focused,B,-1,0,0,10,164,1200018164
9,focused,B,-1,0,0,10,165,1200018165
9,focused,B,-1,0,0,10,166,1200018166
9,focused,B,-1,0,0,10,167,1200018167
9,focused,B,-1,0,0,10,168,1200018168
9,focused,B,-1,0,0,10,169,1200018169
9,focused,B,-1,0,0,10,170,1200018170
9,focused,B,-1,0,0,10,171,1200018171
9,focused,B,-1,0,0,10,172,1200018172
9,focused,B,-1,0,0,10,173,1200018173
9,focused,B,-1,0,0,10,174,1200018174
9,focused,B,-1,0,0,10,175,1200018175
9,focused,B,-1,0,0,10,176,1200018176
9,focused,B,-1,0,0,10,177,1200018177
9,focused,B,-1,0,0,10,178,1200018178
9,focused,B,-1,0,0,10,179,1200018179
9,focused,B,-1,0,0,10,180,1200018180
9,focused,B,-1,0,0,10,181,1200018181
9,focused,B,-1,0,0,10,182,1200018182
9,focused,B,-1,0,0,10,183,1200018183
9,focused,B,-1,0,0,10,184,1200018184
9,focused,B,-1,0,0,10,185,1200018185
9,focused,B,-1,0,0,10,186,1200018186
9,focused,B,-1,0,0,10,187,1200018187
9,focused,B,-1,0,0,10,188,1200018188
9,focused,B,-1,0,0,10,189,1200018189
9,focused,B,-1,0,0,10,190,1200018190
9,focused,B,-1,0,0,10,191,1200018191
9,focused,B,-1,0,0,10,192,1200018192
9,focused,B,-1,0,0,10,193,1200018193
9,focused,B,-1,0,0,10,194,1200018194
9,focused,B,-1,0,0,10,195,1200018195
9,focused,B,-1,0,0,10,196,1200018196
9,focused,B,-1,0,0,10,197,1200018197
9,focused,B,-1,0,0,10,198,1200018198
9,focused,B,-1,0,0,10,199,1200018199
9,focused,B,-1,0,0,10,200,1200018200
9,focused,B,-1,0,0,10,201,1200018201
9,focused,B,-1,0,0,10,202,1200018202
9,focused,B,-1,0,0,10,203,1200018203
9,focused,B,-1,0,0,10,204,1200018204
9,focused,B,-1,0,0,10,205,1200018205
9,focused,B,-1,0,0,10,206,1200018206
9,focused,B,-1,0,0,10,207,1200018207
9,focused,B,-1,0,0,10,208,1200018208
9,focused,B,-1,0,0,10,209,1200018209
9,focused,B,-1,0,0,10,210,1200018210
9,focused,B,-1,0,0,10,211,1200018211
9,focused,B,-1,0,0,10,212,1200018212
9,focused,B,-1,0,0,10,213,1200018213
9,focused,B,-1,0,0,10,214,1200018214
9,focused,B,-1,0,0,10,215,1200018215
9,focused,B,-1,0,0,10,216,1200018216
9,focused,B,-1,0,0,10,217,1200018217
9,focused,B,-1,0,0,10,218,1200018218
9,focused,B,-1,0,0,10,219,1200018219
9,focused,B,-1,0,0,10,220,1200018220
9,focused,B,-1,0,0,10,221,1200018221
9,focused,B,-1,0,0,10,222,1200018222
9,focused,B,-1,0,0,10,223,1200018223
9,focused,B,-1,0,0,10,224,1200018224
9,focused,B,-1,0,0,10,225,1200018225
9,focused,B,-1,0,0,10,226,1200018226
9,focused,B,-1,0,0,10,227,1200018227
9,focused,B,-1,0,0,10,228,1200018228
9,focused,B,-1,0,0,10,229,1200018229
9,focused,B,-1,0,0,10,230,1200018230
9,focused,B,-1,0,0,10,231,1200018231
9,focused,B,-1,0,0,10,232,1200018232
9,focused,B,-1,0,0,10,233,1200018233
9,focused,B,-1,0,0,10,234,1200018234
9,focused,B,-1,0,0,10,235,1200018235
9,focused,B,-1,0,0,10,236,1200018236
9,focused,B,-1,0,0,10,237,1200018237
9,focused,B,-1,0,0,10,238,1200018238
9,focused,B,-1,0,0,10,239,1200018239
9,focused,B,-1,0,0,10,240,1200018240
9,focused,B,-1,0,0,10,241,1200018241
9,focused,B,-1,0,0,10,242,1200018242
9,focused,B,-1,0,0,10,243,1200018243
9,focused,B,-1,0,0,10,244,1200018244
9,focused,B,-1,0,0,10,245,1200018245
9,focused,B,-1,0,0,10,246,1200018246
9,focused,B,-1,0,0,10,247,1200018247
9,focused,B,-1,0,0,10,248,1200018248
9,focused,B,-1,0,0,10,249,1200018249
9,focused,B,-1,0,0,10,250,1200018250
9,focused,B,-1,0,0,10,251,1200018251
9,focused,B,-1,0,0,10,252,1200018252
9,focused,B,-1,0,0,10,253,1200018253
9,focused,B,-1,0,0,10,254,1200018254
9,focused,B,-1,0,0,10,255,1200018255
9,focused,B,-1,0,0,10,256,1200018256
9,focused,B,-1,0,0,10,257,1200018257
9,focused,B,-1,0,0,10,258,1200018258
9,focused,B,-1,0,0,10,259,1200018259
9,focused,B,-1,0,0,10,260,1200018260
9,focused,B,-1,0,0,10,261,1200018261
9,focused,B,-1,0,0,10,262,1200018262
9,focused,B,-1,0,0,10,263,1200018263
9,focused,B,-1,0,0,10,264,1200018264
9,focused,B,-1,0,0,10,265,1200018265
9,focused,B,-1,0,0,10,266,1200018266
9,focused,B,-1,0,0,10,267,1200018267
9,focused,B,-1,0,0,10,268,1200018268
9,focused,B,-1,0,0,10,269,1200018269
9,focused,B,-1,0,0,10,270,1200018270
9,focused,B,-1,0,0,10,271,1200018271
9,focused,B,-1,0,0,10,272,1200018272
9,focused,B,-1,0,0,10,273,1200018273
9,focused,B,-1,0,0,10,274,1200018274
9,focused,B,-1,0,0,10,275,1200018275
9,focused,B,-1,0,0,10,276,1200018276
9,focused,B,-1,0,0,10,277,1200018277
9,focused,B,-1,0,0,10,278,1200018278
9,focused,B,-1,0,0,10,279,1200018279
9,focused,B,-1,0,0,10,280,1200018280
9,focused,B,-1,0,0,10,281,1200018281
9,focused,B,-1,0,0,10,282,1200018282
9,focused,B,-1,0,0,10,283,1200018283
9,focused,B,-1,0,0,10,284,1200018284
9,focused,B,-1,0,0,10,285,1200018285
9,focused,B,-1,0,0,10,286,1200018286
9,focused,B,-1,0,0,10,287,1200018287
9,focused,B,-1,0,0,10,288,1200018288
9,focused,B,-1,0,0,10,289,1200018289
9,focused,B,-1,0,0,10,290,1200018290
9,focused,B,-1,0,0,10,291,1200018291
9,focused,B,-1,0,0,10,292,1200018292
9,focused,B,-1,0,0,10,293,1200018293
9,focused,B,-1,0,0,10,294,1200018294
9,focused,B,-1,0,0,10,295,1200018295
9,focused,B,-1,0,0,10,296,1200018296
9,focused,B,-1,0,0,10,297,1200018297
9,focused,B,-1,0,0,10,298,1200018298
9,focused,B,-1,0,0,10,299,1200018299
9,focused,B,-1,0,0,10,300,1200018300
9,focused,B,-1,0,0,10,301,1200018301
9,focused,B,-1,0,0,10,302,1200018302
9,focused,B,-1,0,0,10,303,1200018303
9,focused,B,-1,0,0,10,304,1200018304
9,focused,B,-1,0,0,10,305,1200018305
9,focused,B,-1,0,0,10,306,1200018306
9,focused,B,-1,0,0,10,307,1200018307
9,focused,B,-1,0,0,10,308,1200018308
9,focused,B,-1,0,0,10,309,1200018309
9,focused,B,-1,0,0,10,310,1200018310
9,focused,B,-1,0,0,10,311,1200018311
9,focused,B,-1,0,0,10,312,1200018312
9,focused,B,-1,0,0,10,313,1200018313
9,focused,B,-1,0,0,10,314,1200018314
9,focused,B,-1,0,0,10,315,1200018315
9,focused,B,-1,0,0,10,316,1200018316
9,focused,B,-1,0,0,10,317,1200018317
9,focused,B,-1,0,0,10,318,1200018318
9,focused,B,-1,0,0,10,319,1200018319
9,focused,B,-1,0,0,10,320,1200018320
9,focused,B,-1,0,0,10,321,1200018321
9,focused,B,-1,0,0,10,322,1200018322
9,focused,B,-1,0,0,10,323,1200018323
9,focused,B,-1,0,0,10,324,1200018324
9,focused,B,-1,0,0,10,325,1200018325
9,focused,B,-1,0,0,10,326,1200018326
9,focused,B,-1,0,0,10,327,1200018327
9,focused,B,-1,0,0,10,328,1200018328
9,focused,B,-1,0,0,10,329,1200018329
9,focused,B,-1,0,0,10,330,1200018330
9,focused,B,-1,0,0,10,331,1200018331
9,focused,B,-1,0,0,10,332,1200018332
9,focused,B,-1,0,0,10,333,1200018333
9,focused,B,-1,0,0,10,334,1200018334
9,focused,B,-1,0,0,10,335,1200018335
9,focused,B,-1,0,0,10,336,1200018336
9,focused,B,-1,0,0,10,337,1200018337
9,focused,B,-1,0,0,10,338,1200018338
9,focused,B,-1,0,0,10,339,1200018339
9,focused,B,-1,0,0,10,340,1200018340
9,focused,B,-1,0,0,10,341,1200018341
9,focused,B,-1,0,0,10,342,1200018342
9,focused,B,-1,0,0,10,343,1200018343
9,focused,B,-1,0,0,10,344,1200018344
9,focused,B,-1,0,0,10,345,1200018345
9,focused,B,-1,0,0,10,346,1200018346
9,focused,B,-1,0,0,10,347,1200018347
9,focused,B,-1,0,0,10,348,1200018348
9,focused,B,-1,0,0,10,349,1200018349
9,focused,B,-1,0,0,10,350,1200018350
9,focused,B,-1,0,0,10,351,1200018351
9,focused,B,-1,0,0,10,352,1200018352
9,focused,B,-1,0,0,10,353,1200018353
9,focused,B,-1,0,0,10,354,1200018354
9,focused,B,-1,0,0,10,355,1200018355
9,focused,B,-1,0,0,10,356,1200018356
9,focused,B,-1,0,0,10,357,1200018357
9,focused,B,-1,0,0,10,358,1200018358
9,focused,B,-1,0,0,10,359,1200018359
9,focused,B,-1,0,0,10,360,1200018360
9,focused,B,-1,0,0,10,361,1200018361
9,focused,B,-1,0,0,10,362,1200018362
9,focused,B,-1,0,0,10,363,1200018363
9,focused,B,-1,0,0,10,364,1200018364
9,focused,B,-1,0,0,10,365,1200018365
9,focused,B,-1,0,0,10,366,1200018366
9,focused,B,-1,0,0,10,367,1200018367
9,focused,B,-1,0,0,10,368,1200018368
9,focused,B,-1,0,0,10,369,1200018369
9,focused,B,-1,0,0,10,370,1200018370
9,focused,B,-1,0,0,10,371,1200018371
9,focused,B,-1,0,0,10,372,1200018372
9,focused,B,-1,0,0,10,373,1200018373
9,focused,B,-1,0,0,10,374,1200018374
9,focused,B,-1,0,0,10,375,1200018375
9,focused,B,-1,0,0,10,376,1200018376
9,focused,B,-1,0,0,10,377,1200018377
9,focused,B,-1,0,0,10,378,1200018378
9,focused,B,-1,0,0,10,379,1200018379
9,focused,B,-1,0,0,10,380,1200018380
9,focused,B,-1,0,0,10,381,1200018381
9,focused,B,-1,0,0,10,382,1200018382
9,focused,B,-1,0,0,10,383,1200018383
9,focused,B,-1,0,0,10,384,1200018384
9,focused,B,-1,0,0,10,385,1200018385
9,focused,B,-1,0,0,10,386,1200018386
9,focused,B,-1,0,0,10,387,1200018387
9,focused,B,-1,0,0,10,388,1200018388
9,focused,B,-1,0,0,10,389,1200018389
9,focused,B,-1,0,0,10,390,1200018390
9,focused,B,-1,0,0,10,391,1200018391
9,focused,B,-1,0,0,10,392,1200018392
9,focused,B,-1,0,0,10,393,1200018393
9,focused,B,-1,0,0,10,394,1200018394
9,focused,B,-1,0,0,10,395,1200018395
9,focused,B,-1,0,0,10,396,1200018396
9,focused,B,-1,0,0,10,397,1200018397
9,focused,B,-1,0,0,10,398,1200018398
9,focused,B,-1,0,0,10,399,1200018399
9,focused,B,-1,0,0,10,400,1200018400
9,focused,B,-1,0,0,10,401,1200018401
9,focused,B,-1,0,0,10,402,1200018402
9,focused,B,-1,0,0,10,403,1200018403
9,focused,B,-1,0,0,10,404,1200018404
9,focused,B,-1,0,0,10,405,1200018405
9,focused,B,-1,0,0,10,406,1200018406
9,focused,B,-1,0,0,10,407,1200018407
9,focused,B,-1,0,0,10,408,1200018408
9,focused,B,-1,0,0,10,409,1200018409
9,focused,B,-1,0,0,10,410,1200018410
9,focused,B,-1,0,0,10,411,1200018411
9,focused,B,-1,0,0,10,412,1200018412
9,focused,B,-1,0,0,10,413,1200018413
9,focused,B,-1,0,0,10,414,1200018414
9,focused,B,-1,0,0,10,415,1200018415
9,focused,B,-1,0,0,10,416,1200018416
9,focused,B,-1,0,0,10,417,1200018417
9,focused,B,-1,0,0,10,418,1200018418
9,focused,B,-1,0,0,10,419,1200018419
9,focused,B,-1,0,0,10,420,1200018420
9,focused,B,-1,0,0,10,421,1200018421
9,focused,B,-1,0,0,10,422,1200018422
9,focused,B,-1,0,0,10,423,1200018423
9,focused,B,-1,0,0,10,424,1200018424
9,focused,B,-1,0,0,10,425,1200018425
9,focused,B,-1,0,0,10,426,1200018426
9,focused,B,-1,0,0,10,427,1200018427
9,focused,B,-1,0,0,10,428,1200018428
9,focused,B,-1,0,0,10,429,1200018429
9,focused,B,-1,0,0,10,430,1200018430
9,focused,B,-1,0,0,10,431,1200018431
9,focused,B,-1,0,0,10,432,1200018432
9,focused,B,-1,0,0,10,433,1200018433
9,focused,B,-1,0,0,10,434,1200018434
9,focused,B,-1,0,0,10,435,1200018435
9,focused,B,-1,0,0,10,436,1200018436
9,focused,B,-1,0,0,10,437,1200018437
9,focused,B,-1,0,0,10,438,1200018438
9,focused,B,-1,0,0,10,439,1200018439
9,focused,B,-1,0,0,10,440,1200018440
9,focused,B,-1,0,0,10,441,1200018441
9,focused,B,-1,0,0,10,442,1200018442
9,focused,B,-1,0,0,10,443,1200018443
9,focused,B,-1,0,0,10,444,1200018444
9,focused,B,-1,0,0,10,445,1200018445
9,focused,B,-1,0,0,10,446,1200018446
9,focused,B,-1,0,0,10,447,1200018447
9,focused,B,-1,0,0,10,448,1200018448
9,focused,B,-1,0,0,10,449,1200018449
9,focused,B,-1,0,0,10,450,1200018450
9,focused,B,-1,0,0,10,451,1200018451
9,focused,B,-1,0,0,10,452,1200018452
9,focused,B,-1,0,0,10,453,1200018453
9,focused,B,-1,0,0,10,454,1200018454
9,focused,B,-1,0,0,10,455,1200018455
9,focused,B,-1,0,0,10,456,1200018456
9,focused,B,-1,0,0,10,457,1200018457
9,focused,B,-1,0,0,10,458,1200018458
9,focused,B,-1,0,0,10,459,1200018459
9,focused,B,-1,0,0,10,460,1200018460
9,focused,B,-1,0,0,10,461,1200018461
9,focused,B,-1,0,0,10,462,1200018462
9,focused,B,-1,0,0,10,463,1200018463
9,focused,B,-1,0,0,10,464,1200018464
9,focused,B,-1,0,0,10,465,1200018465
9,focused,B,-1,0,0,10,466,1200018466
9,focused,B,-1,0,0,10,467,1200018467
9,focused,B,-1,0,0,10,468,1200018468
9,focused,B,-1,0,0,10,469,1200018469
9,focused,B,-1,0,0,10,470,1200018470
9,focused,B,-1,0,0,10,471,1200018471
9,focused,B,-1,0,0,10,472,1200018472
9,focused,B,-1,0,0,10,473,1200018473
9,focused,B,-1,0,0,10,474,1200018474
9,focused,B,-1,0,0,10,475,1200018475
9,focused,B,-1,0,0,10,476,1200018476
9,focused,B,-1,0,0,10,477,1200018477
9,focused,B,-1,0,0,10,478,1200018478
9,focused,B,-1,0,0,10,479,1200018479
9,focused,B,-1,0,0,10,480,1200018480
9,focused,B,-1,0,0,10,481,1200018481
9,focused,B,-1,0,0,10,482,1200018482
9,focused,B,-1,0,0,10,483,1200018483
9,focused,B,-1,0,0,10,484,1200018484
9,focused,B,-1,0,0,10,485,1200018485
9,focused,B,-1,0,0,10,486,1200018486
9,focused,B,-1,0,0,10,487,1200018487
9,focused,B,-1,0,0,10,488,1200018488
9,focused,B,-1,0,0,10,489,1200018489
9,focused,B,-1,0,0,10,490,1200018490
9,focused,B,-1,0,0,10,491,1200018491
9,focused,B,-1,0,0,10,492,1200018492
9,focused,B,-1,0,0,10,493,1200018493
9,focused,B,-1,0,0,10,494,1200018494
9,focused,B,-1,0,0,10,495,1200018495
9,focused,B,-1,0,0,10,496,1200018496
9,focused,B,-1,0,0,10,497,1200018497
9,focused,B,-1,0,0,10,498,1200018498
9,focused,B,-1,0,0,10,499,1200018499
9,focused,B,-1,0,0,10,500,1200018500
9,focused,B,-1,0,0,10,501,1200018501
9,focused,B,-1,0,0,10,502,1200018502
9,focused,B,-1,0,0,10,503,1200018503
9,focused,B,-1,0,0,10,504,1200018504
9,focused,B,-1,0,0,10,505,1200018505
9,focused,B,-1,0,0,10,506,1200018506
9,focused,B,-1,0,0,10,507,1200018507
9,focused,B,-1,0,0,10,508,1200018508
9,focused,B,-1,0,0,10,509,1200018509
9,focused,B,-1,0,0,10,510,1200018510
9,focused,B,-1,0,0,10,511,1200018511
9,focused,B,-1,0,0,10,512,1200018512
9,focused,B,-1,0,0,10,513,1200018513
9,focused,B,-1,0,0,10,514,1200018514
9,focused,B,-1,0,0,10,515,1200018515
9,focused,B,-1,0,0,10,516,1200018516
9,focused,B,-1,0,0,10,517,1200018517
9,focused,B,-1,0,0,10,518,1200018518
9,focused,B,-1,0,0,10,519,1200018519
9,focused,B,-1,0,0,10,520,1200018520
9,focused,B,-1,0,0,10,521,1200018521
9,focused,B,-1,0,0,10,522,1200018522
9,focused,B,-1,0,0,10,523,1200018523
9,focused,B,-1,0,0,10,524,1200018524
9,focused,B,-1,0,0,10,525,1200018525
9,focused,B,-1,0,0,10,526,1200018526
9,focused,B,-1,0,0,10,527,1200018527
9,focused,B,-1,0,0,10,528,1200018528
9,focused,B,-1,0,0,10,529,1200018529
9,focused,B,-1,0,0,10,530,1200018530
9,focused,B,-1,0,0,10,531,1200018531
9,focused,B,-1,0,0,10,532,1200018532
9,focused,B,-1,0,0,10,533,1200018533
9,focused,B,-1,0,0,10,534,1200018534
9,focused,B,-1,0,0,10,535,1200018535
9,focused,B,-1,0,0,10,536,1200018536
9,focused,B,-1,0,0,10,537,1200018537
9,focused,B,-1,0,0,10,538,1200018538
9,focused,B,-1,0,0,10,539,1200018539
9,focused,B,-1,0,0,10,540,1200018540
9,focused,B,-1,0,0,10,541,1200018541
9,focused,B,-1,0,0,10,542,1200018542
9,focused,B,-1,0,0,10,543,1200018543
9,focused,B,-1,0,0,10,544,1200018544
9,focused,B,-1,0,0,10,545,1200018545
9,focused,B,-1,0,0,10,546,1200018546
9,focused,B,-1,0,0,10,547,1200018547
9,focused,B,-1,0,0,10,548,1200018548
9,focused,B,-1,0,0,10,549,1200018549
9,focused,B,-1,0,0,10,550,1200018550
9,focused,B,-1,0,0,10,551,1200018551
9,focused,B,-1,0,0,10,552,1200018552
9,focused,B,-1,0,0,10,553,1200018553
9,focused,B,-1,0,0,10,554,1200018554
9,focused,B,-1,0,0,10,555,1200018555
9,focused,B,-1,0,0,10,556,1200018556
9,focused,B,-1,0,0,10,557,1200018557
9,focused,B,-1,0,0,10,558,1200018558
9,focused,B,-1,0,0,10,559,1200018559
9,focused,B,-1,0,0,10,560,1200018560
9,focused,B,-1,0,0,10,561,1200018561
9,focused,B,-1,0,0,10,562,1200018562
9,focused,B,-1,0,0,10,563,1200018563
9,focused,B,-1,0,0,10,564,1200018564
9,focused,B,-1,0,0,10,565,1200018565
9,focused,B,-1,0,0,10,566,1200018566
9,focused,B,-1,0,0,10,567,1200018567
9,focused,B,-1,0,0,10,568,1200018568
9,focused,B,-1,0,0,10,569,1200018569
9,focused,B,-1,0,0,10,570,1200018570
9,focused,B,-1,0,0,10,571,1200018571
9,focused,B,-1,0,0,10,572,1200018572
9,focused,B,-1,0,0,10,573,1200018573
9,focused,B,-1,0,0,10,574,1200018574
9,focused,B,-1,0,0,10,575,1200018575
9,focused,B,-1,0,0,10,576,1200018576
9,focused,B,-1,0,0,10,577,1200018577
9,focused,B,-1,0,0,10,578,1200018578
9,focused,B,-1,0,0,10,579,1200018579
9,focused,B,-1,0,0,10,580,1200018580
9,focused,B,-1,0,0,10,581,1200018581
9,focused,B,-1,0,0,10,582,1200018582
9,focused,B,-1,0,0,10,583,1200018583
9,focused,B,-1,0,0,10,584,1200018584
9,focused,B,-1,0,0,10,585,1200018585
9,focused,B,-1,0,0,10,586,1200018586
9,focused,B,-1,0,0,10,587,1200018587
9,focused,B,-1,0,0,10,588,1200018588
9,focused,B,-1,0,0,10,589,1200018589
9,focused,B,-1,0,0,10,590,1200018590
9,focused,B,-1,0,0,10,591,1200018591
9,focused,B,-1,0,0,10,592,1200018592
9,focused,B,-1,0,0,10,593,1200018593
9,focused,B,-1,0,0,10,594,1200018594
9,focused,B,-1,0,0,10,595,1200018595
9,focused,B,-1,0,0,10,596,1200018596
9,focused,B,-1,0,0,10,597,1200018597
9,focused,B,-1,0,0,10,598,1200018598
9,focused,B,-1,0,0,10,599,1200018599
9,focused,B,-1,0,0,10,600,1200018600
9,focused,B,-1,0,0,10,601,1200018601
9,focused,B,-1,0,0,10,602,1200018602
9,focused,B,-1,0,0,10,603,1200018603
9,focused,B,-1,0,0,10,604,1200018604
9,focused,B,-1,0,0,10,605,1200018605
9,focused,B,-1,0,0,10,606,1200018606
9,focused,B,-1,0,0,10,607,1200018607
9,focused,B,-1,0,0,10,608,1200018608
9,focused,B,-1,0,0,10,609,1200018609
9,focused,B,-1,0,0,10,610,1200018610
9,focused,B,-1,0,0,10,611,1200018611
9,focused,B,-1,0,0,10,612,1200018612
9,focused,B,-1,0,0,10,613,1200018613
9,focused,B,-1,0,0,10,614,1200018614
9,focused,B,-1,0,0,10,615,1200018615
9,focused,B,-1,0,0,10,616,1200018616
9,focused,B,-1,0,0,10,617,1200018617
9,focused,B,-1,0,0,10,618,1200018618
9,focused,B,-1,0,0,10,619,1200018619
9,focused,B,-1,0,0,10,620,1200018620
9,focused,B,-1,0,0,10,621,1200018621
9,focused,B,-1,0,0,10,622,1200018622
9,focused,B,-1,0,0,10,623,1200018623
9,focused,B,-1,0,0,10,624,1200018624
9,focused,B,-1,0,0,10,625,1200018625
9,focused,B,-1,0,0,10,626,1200018626
9,focused,B,-1,0,0,10,627,1200018627
9,focused,B,-1,0,0,10,628,1200018628
9,focused,B,-1,0,0,10,629,1200018629
9,focused,B,-1,0,0,10,630,1200018630
9,focused,B,-1,0,0,10,631,1200018631
9,focused,B,-1,0,0,10,632,1200018632
9,focused,B,-1,0,0,10,633,1200018633
9,focused,B,-1,0,0,10,634,1200018634
9,focused,B,-1,0,0,10,635,1200018635
9,focused,B,-1,0,0,10,636,1200018636
9,focused,B,-1,0,0,10,637,1200018637
9,focused,B,-1,0,0,10,638,1200018638
9,focused,B,-1,0,0,10,639,1200018639
9,focused,B,-1,0,0,10,640,1200018640
9,focused,B,-1,0,0,10,641,1200018641
9,focused,B,-1,0,0,10,642,1200018642
9,focused,B,-1,0,0,10,643,1200018643
9,focused,B,-1,0,0,10,644,1200018644
9,focused,B,-1,0,0,10,645,1200018645
9,focused,B,-1,0,0,10,646,1200018646
9,focused,B,-1,0,0,10,647,1200018647
9,focused,B,-1,0,0,10,648,1200018648
9,focused,B,-1,0,0,10,649,1200018649
9,focused,B,-1,0,0,10,650,1200018650
9,focused,B,-1,0,0,10,651,1200018651
9,focused,B,-1,0,0,10,652,1200018652
9,focused,B,-1,0,0,10,653,1200018653
9,focused,B,-1,0,0,10,654,1200018654
9,focused,B,-1,0,0,10,655,1200018655
9,focused,B,-1,0,0,10,656,1200018656
9,focused,B,-1,0,0,10,657,1200018657
9,focused,B,-1,0,0,10,658,1200018658
9,focused,B,-1,0,0,10,659,1200018659
9,focused,B,-1,0,0,10,660,1200018660
9,focused,B,-1,0,0,10,661,1200018661
9,focused,B,-1,0,0,10,662,1200018662
9,focused,B,-1,0,0,10,663,1200018663
9,focused,B,-1,0,0,10,664,1200018664
9,focused,B,-1,0,0,10,665,1200018665
9,focused,B,-1,0,0,10,666,1200018666
9,focused,B,-1,0,0,10,667,1200018667
9,focused,B,-1,0,0,10,668,1200018668
9,focused,B,-1,0,0,10,669,1200018669
9,focused,B,-1,0,0,10,670,1200018670
9,focused,B,-1,0,0,10,671,1200018671
9,focused,B,-1,0,0,10,672,1200018672
9,focused,B,-1,0,0,10,673,1200018673
9,focused,B,-1,0,0,10,674,1200018674
9,focused,B,-1,0,0,10,675,1200018675
9,focused,B,-1,0,0,10,676,1200018676
9,focused,B,-1,0,0,10,677,1200018677
9,focused,B,-1,0,0,10,678,1200018678
9,focused,B,-1,0,0,10,679,1200018679
9,focused,B,-1,0,0,10,680,1200018680
9,focused,B,-1,0,0,10,681,1200018681
9,focused,B,-1,0,0,10,682,1200018682
9,focused,B,-1,0,0,10,683,1200018683
9,focused,B,-1,0,0,10,684,1200018684
9,focused,B,-1,0,0,10,685,1200018685
9,focused,B,-1,0,0,10,686,1200018686
9,focused,B,-1,0,0,10,687,1200018687
9,focused,B,-1,0,0,10,688,1200018688
9,focused,B,-1,0,0,10,689,1200018689
9,focused,B,-1,0,0,10,690,1200018690
9,focused,B,-1,0,0,10,691,1200018691
9,focused,B,-1,0,0,10,692,1200018692
9,focused,B,-1,0,0,10,693,1200018693
9,focused,B,-1,0,0,10,694,1200018694
9,focused,B,-1,0,0,10,695,1200018695
9,focused,B,-1,0,0,10,696,1200018696
9,focused,B,-1,0,0,10,697,1200018697
9,focused,B,-1,0,0,10,698,1200018698
9,focused,B,-1,0,0,10,699,1200018699
9,focused,B,-1,0,0,10,700,1200018700
9,focused,B,-1,0,0,10,701,1200018701
9,focused,B,-1,0,0,10,702,1200018702
9,focused,B,-1,0,0,10,703,1200018703
9,focused,B,-1,0,0,10,704,1200018704
9,focused,B,-1,0,0,10,705,1200018705
9,focused,B,-1,0,0,10,706,1200018706
9,focused,B,-1,0,0,10,707,1200018707
9,focused,B,-1,0,0,10,708,1200018708
9,focused,B,-1,0,0,10,709,1200018709
9,focused,B,-1,0,0,10,710,1200018710
9,focused,B,-1,0,0,10,711,1200018711
9,focused,B,-1,0,0,10,712,1200018712
9,focused,B,-1,0,0,10,713,1200018713
9,focused,B,-1,0,0,10,714,1200018714
9,focused,B,-1,0,0,10,715,1200018715
9,focused,B,-1,0,0,10,716,1200018716
9,focused,B,-1,0,0,10,717,1200018717
9,focused,B,-1,0,0,10,718,1200018718
9,focused,B,-1,0,0,10,719,1200018719
9,focused,B,-1,0,0,10,720,1200018720
9,focused,B,-1,0,0,10,721,1200018721
9,focused,B,-1,0,0,10,722,1200018722
9,focused,B,-1,0,0,10,723,1200018723
9,focused,B,-1,0,0,10,724,1200018724
9,focused,B,-1,0,0,10,725,1200018725
9,focused,B,-1,0,0,10,726,1200018726
9,focused,B,-1,0,0,10,727,1200018727
9,focused,B,-1,0,0,10,728,1200018728
9,focused,B,-1,0,0,10,729,1200018729
9,focused,B,-1,0,0,10,730,1200018730
9,focused,B,-1,0,0,10,731,1200018731
9,focused,B,-1,0,0,10,732,1200018732
9,focused,B,-1,0,0,10,733,1200018733
9,focused,B,-1,0,0,10,734,1200018734
9,focused,B,-1,0,0,10,735,1200018735
9,focused,B,-1,0,0,10,736,1200018736
9,focused,B,-1,0,0,10,737,1200018737
9,focused,B,-1,0,0,10,738,1200018738
9,focused,B,-1,0,0,10,739,1200018739
9,focused,B,-1,0,0,10,740,1200018740
9,focused,B,-1,0,0,10,741,1200018741
9,focused,B,-1,0,0,10,742,1200018742
9,focused,B,-1,0,0,10,743,1200018743
9,focused,B,-1,0,0,10,744,1200018744
9,focused,B,-1,0,0,10,745,1200018745
9,focused,B,-1,0,0,10,746,1200018746
9,focused,B,-1,0,0,10,747,1200018747
9,focused,B,-1,0,0,10,748,1200018748
9,focused,B,-1,0,0,10,749,1200018749
9,focused,B,-1,0,0,10,750,1200018750
9,focused,B,-1,0,0,10,751,1200018751
9,focused,B,-1,0,0,10,752,1200018752
9,focused,B,-1,0,0,10,753,1200018753
9,focused,B,-1,0,0,10,754,1200018754
9,focused,B,-1,0,0,10,755,1200018755
9,focused,B,-1,0,0,10,756,1200018756
9,focused,B,-1,0,0,10,757,1200018757
9,focused,B,-1,0,0,10,758,1200018758
9,focused,B,-1,0,0,10,759,1200018759
9,focused,B,-1,0,0,10,760,1200018760
9,focused,B,-1,0,0,10,761,1200018761
9,focused,B,-1,0,0,10,762,1200018762
9,focused,B,-1,0,0,10,763,1200018763
9,focused,B,-1,0,0,10,764,1200018764
9,focused,B,-1,0,0,10,765,1200018765
9,focused,B,-1,0,0,10,766,1200018766
9,focused,B,-1,0,0,10,767,1200018767
9,focused,B,-1,0,0,10,768,1200018768
9,focused,B,-1,0,0,10,769,1200018769
9,focused,B,-1,0,0,10,770,1200018770
9,focused,B,-1,0,0,10,771,1200018771
9,focused,B,-1,0,0,10,772,1200018772
9,focused,B,-1,0,0,10,773,1200018773
9,focused,B,-1,0,0,10,774,1200018774
9,focused,B,-1,0,0,10,775,1200018775
9,focused,B,-1,0,0,10,776,1200018776
9,focused,B,-1,0,0,10,777,1200018777
9,focused,B,-1,0,0,10,778,1200018778
9,focused,B,-1,0,0,10,779,1200018779
9,focused,B,-1,0,0,10,780,1200018780
9,focused,B,-1,0,0,10,781,1200018781
9,focused,B,-1,0,0,10,782,1200018782
9,focused,B,-1,0,0,10,783,1200018783
9,focused,B,-1,0,0,10,784,1200018784
9,focused,B,-1,0,0,10,785,1200018785
9,focused,B,-1,0,0,10,786,1200018786
9,focused,B,-1,0,0,10,787,1200018787
9,focused,B,-1,0,0,10,788,1200018788
9,focused,B,-1,0,0,10,789,1200018789
9,focused,B,-1,0,0,10,790,1200018790
9,focused,B,-1,0,0,10,791,1200018791
9,focused,B,-1,0,0,10,792,1200018792
9,focused,B,-1,0,0,10,793,1200018793
9,focused,B,-1,0,0,10,794,1200018794
9,focused,B,-1,0,0,10,795,1200018795
9,focused,B,-1,0,0,10,796,1200018796
9,focused,B,-1,0,0,10,797,1200018797
9,focused,B,-1,0,0,10,798,1200018798
9,focused,B,-1,0,0,10,799,1200018799
9,focused,B,-1,0,0,10,800,1200018800
9,focused,B,-1,0,0,10,801,1200018801
9,focused,B,-1,0,0,10,802,1200018802
9,focused,B,-1,0,0,10,803,1200018803
9,focused,B,-1,0,0,10,804,1200018804
9,focused,B,-1,0,0,10,805,1200018805
9,focused,B,-1,0,0,10,806,1200018806
9,focused,B,-1,0,0,10,807,1200018807
9,focused,B,-1,0,0,10,808,1200018808
9,focused,B,-1,0,0,10,809,1200018809
9,focused,B,-1,0,0,10,810,1200018810
9,focused,B,-1,0,0,10,811,1200018811
9,focused,B,-1,0,0,10,812,1200018812
9,focused,B,-1,0,0,10,813,1200018813
9,focused,B,-1,0,0,10,814,1200018814
9,focused,B,-1,0,0,10,815,1200018815
9,focused,B,-1,0,0,10,816,1200018816
9,focused,B,-1,0,0,10,817,1200018817
9,focused,B,-1,0,0,10,818,1200018818
9,focused,B,-1,0,0,10,819,1200018819
9,focused,B,-1,0,0,10,820,1200018820
9,focused,B,-1,0,0,10,821,1200018821
9,focused,B,-1,0,0,10,822,1200018822
9,focused,B,-1,0,0,10,823,1200018823
9,focused,B,-1,0,0,10,824,1200018824
9,focused,B,-1,0,0,10,825,1200018825
9,focused,B,-1,0,0,10,826,1200018826
9,focused,B,-1,0,0,10,827,1200018827
9,focused,B,-1,0,0,10,828,1200018828
9,focused,B,-1,0,0,10,829,1200018829
9,focused,B,-1,0,0,10,830,1200018830
9,focused,B,-1,0,0,10,831,1200018831
9,focused,B,-1,0,0,10,832,1200018832
9,focused,B,-1,0,0,10,833,1200018833
9,focused,B,-1,0,0,10,834,1200018834
9,focused,B,-1,0,0,10,835,1200018835
9,focused,B,-1,0,0,10,836,1200018836
9,focused,B,-1,0,0,10,837,1200018837
9,focused,B,-1,0,0,10,838,1200018838
9,focused,B,-1,0,0,10,839,1200018839
9,focused,B,-1,0,0,10,840,1200018840
9,focused,B,-1,0,0,10,841,1200018841
9,focused,B,-1,0,0,10,842,1200018842
9,focused,B,-1,0,0,10,843,1200018843
9,focused,B,-1,0,0,10,844,1200018844
9,focused,B,-1,0,0,10,845,1200018845
9,focused,B,-1,0,0,10,846,1200018846
9,focused,B,-1,0,0,10,847,1200018847
9,focused,B,-1,0,0,10,848,1200018848
9,focused,B,-1,0,0,10,849,1200018849
9,focused,B,-1,0,0,10,850,1200018850
9,focused,B,-1,0,0,10,851,1200018851
9,focused,B,-1,0,0,10,852,1200018852
9,focused,B,-1,0,0,10,853,1200018853
9,focused,B,-1,0,0,10,854,1200018854
9,focused,B,-1,0,0,10,855,1200018855
9,focused,B,-1,0,0,10,856,1200018856
9,focused,B,-1,0,0,10,857,1200018857
9,focused,B,-1,0,0,10,858,1200018858
9,focused,B,-1,0,0,10,859,1200018859
9,focused,B,-1,0,0,10,860,1200018860
9,focused,B,-1,0,0,10,861,1200018861
9,focused,B,-1,0,0,10,862,1200018862
9,focused,B,-1,0,0,10,863,1200018863
9,focused,B,-1,0,0,10,864,1200018864
9,focused,B,-1,0,0,10,865,1200018865
9,focused,B,-1,0,0,10,866,1200018866
9,focused,B,-1,0,0,10,867,1200018867
9,focused,B,-1,0,0,10,868,1200018868
9,focused,B,-1,0,0,10,869,1200018869
9,focused,B,-1,0,0,10,870,1200018870
9,focused,B,-1,0,0,10,871,1200018871
9,focused,B,-1,0,0,10,872,1200018872
9,focused,B,-1,0,0,10,873,1200018873
9,focused,B,-1,0,0,10,874,1200018874
9,focused,B,-1,0,0,10,875,1200018875
9,focused,B,-1,0,0,10,876,1200018876
9,focused,B,-1,0,0,10,877,1200018877
9,focused,B,-1,0,0,10,878,1200018878
9,focused,B,-1,0,0,10,879,1200018879
9,focused,B,-1,0,0,10,880,1200018880
9,focused,B,-1,0,0,10,881,1200018881
9,focused,B,-1,0,0,10,882,1200018882
9,focused,B,-1,0,0,10,883,1200018883
9,focused,B,-1,0,0,10,884,1200018884
9,focused,B,-1,0,0,10,885,1200018885
9,focused,B,-1,0,0,10,886,1200018886
9,focused,B,-1,0,0,10,887,1200018887
9,focused,B,-1,0,0,10,888,1200018888
9,focused,B,-1,0,0,10,889,1200018889
9,focused,B,-1,0,0,10,890,1200018890
9,focused,B,-1,0,0,10,891,1200018891
9,focused,B,-1,0,0,10,892,1200018892
9,focused,B,-1,0,0,10,893,1200018893
9,focused,B,-1,0,0,10,894,1200018894
9,focused,B,-1,0,0,10,895,1200018895
9,focused,B,-1,0,0,10,896,1200018896
9,focused,B,-1,0,0,10,897,1200018897
9,focused,B,-1,0,0,10,898,1200018898
9,focused,B,-1,0,0,10,899,1200018899
9,focused,B,-1,0,0,10,900,1200018900
9,focused,B,-1,0,0,10,901,1200018901
9,focused,B,-1,0,0,10,902,1200018902
9,focused,B,-1,0,0,10,903,1200018903
9,focused,B,-1,0,0,10,904,1200018904
9,focused,B,-1,0,0,10,905,1200018905
9,focused,B,-1,0,0,10,906,1200018906
9,focused,B,-1,0,0,10,907,1200018907
9,focused,B,-1,0,0,10,908,1200018908
9,focused,B,-1,0,0,10,909,1200018909
9,focused,B,-1,0,0,10,910,1200018910
9,focused,B,-1,0,0,10,911,1200018911
9,focused,B,-1,0,0,10,912,1200018912
9,focused,B,-1,0,0,10,913,1200018913
9,focused,B,-1,0,0,10,914,1200018914
9,focused,B,-1,0,0,10,915,1200018915
9,focused,B,-1,0,0,10,916,1200018916
9,focused,B,-1,0,0,10,917,1200018917
9,focused,B,-1,0,0,10,918,1200018918
9,focused,B,-1,0,0,10,919,1200018919
9,focused,B,-1,0,0,10,920,1200018920
9,focused,B,-1,0,0,10,921,1200018921
9,focused,B,-1,0,0,10,922,1200018922
9,focused,B,-1,0,0,10,923,1200018923
9,focused,B,-1,0,0,10,924,1200018924
9,focused,B,-1,0,0,10,925,1200018925
9,focused,B,-1,0,0,10,926,1200018926
9,focused,B,-1,0,0,10,927,1200018927
9,focused,B,-1,0,0,10,928,1200018928
9,focused,B,-1,0,0,10,929,1200018929
9,focused,B,-1,0,0,10,930,1200018930
9,focused,B,-1,0,0,10,931,1200018931
9,focused,B,-1,0,0,10,932,1200018932
9,focused,B,-1,0,0,10,933,1200018933
9,focused,B,-1,0,0,10,934,1200018934
9,focused,B,-1,0,0,10,935,1200018935
9,focused,B,-1,0,0,10,936,1200018936
9,focused,B,-1,0,0,10,937,1200018937
9,focused,B,-1,0,0,10,938,1200018938
9,focused,B,-1,0,0,10,939,1200018939
9,focused,B,-1,0,0,10,940,1200018940
9,focused,B,-1,0,0,10,941,1200018941
9,focused,B,-1,0,0,10,942,1200018942
9,focused,B,-1,0,0,10,943,1200018943
9,focused,B,-1,0,0,10,944,1200018944
9,focused,B,-1,0,0,10,945,1200018945
9,focused,B,-1,0,0,10,946,1200018946
9,focused,B,-1,0,0,10,947,1200018947
9,focused,B,-1,0,0,10,948,1200018948
9,focused,B,-1,0,0,10,949,1200018949
9,focused,B,-1,0,0,10,950,1200018950
9,focused,B,-1,0,0,10,951,1200018951
9,focused,B,-1,0,0,10,952,1200018952
9,focused,B,-1,0,0,10,953,1200018953
9,focused,B,-1,0,0,10,954,1200018954
9,focused,B,-1,0,0,10,955,1200018955
9,focused,B,-1,0,0,10,956,1200018956
9,focused,B,-1,0,0,10,957,1200018957
9,focused,B,-1,0,0,10,958,1200018958
9,focused,B,-1,0,0,10,959,1200018959
9,focused,B,-1,0,0,10,960,1200018960
9,focused,B,-1,0,0,10,961,1200018961
9,focused,B,-1,0,0,10,962,1200018962
9,focused,B,-1,0,0,10,963,1200018963
9,focused,B,-1,0,0,10,964,1200018964
9,focused,B,-1,0,0,10,965,1200018965
9,focused,B,-1,0,0,10,966,1200018966
9,focused,B,-1,0,0,10,967,1200018967
9,focused,B,-1,0,0,10,968,1200018968
9,focused,B,-1,0,0,10,969,1200018969
9,focused,B,-1,0,0,10,970,1200018970
9,focused,B,-1,0,0,10,971,1200018971
9,focused,B,-1,0,0,10,972,1200018972
9,focused,B,-1,0,0,10,973,1200018973
9,focused,B,-1,0,0,10,974,1200018974
9,focused,B,-1,0,0,10,975,1200018975
9,focused,B,-1,0,0,10,976,1200018976
9,focused,B,-1,0,0,10,977,1200018977
9,focused,B,-1,0,0,10,978,1200018978
9,focused,B,-1,0,0,10,979,1200018979
9,focused,B,-1,0,0,10,980,1200018980
9,focused,B,-1,0,0,10,981,1200018981
9,focused,B,-1,0,0,10,982,1200018982
9,focused,B,-1,0,0,10,983,1200018983
9,focused,B,-1,0,0,10,984,1200018984
9,focused,B,-1,0,0,10,985,1200018985
9,focused,B,-1,0,0,10,986,1200018986
9,focused,B,-1,0,0,10,987,1200018987
9,focused,B,-1,0,0,10,988,1200018988
9,focused,B,-1,0,0,10,989,1200018989
9,focused,B,-1,0,0,10,990,1200018990
9,focused,B,-1,0,0,10,991,1200018991
9,focused,B,-1,0,0,10,992,1200018992
9,focused,B,-1,0,0,10,993,1200018993
9,focused,B,-1,0,0,10,994,1200018994
9,focused,B,-1,0,0,10,995,1200018995
9,focused,B,-1,0,0,10,996,1200018996
9,focused,B,-1,0,0,10,997,1200018997
9,focused,B,-1,0,0,10,998,1200018998
9,focused,B,-1,0,0,10,999,1200018999
9,focused,B,-1,0,0,10,1000,1200019000
10,focused,A,0,0,0,0.25,1,1200020001
10,focused,A,0,0,0,0.25,2,1200020002
10,focused,A,0,0,0,0.25,3,1200020003
10,focused,A,0,0,0,0.25,4,1200020004
10,focused,A,0,0,0,0.25,5,1200020005
10,focused,A,0,0,0,0.25,6,1200020006
10,focused,A,0,0,0,0.25,7,1200020007
10,focused,A,0,0,0,0.25,8,1200020008
10,focused,A,0,0,0,0.25,9,1200020009
10,focused,A,0,0,0,0.25,10,1200020010
10,focused,A,0,0,0,0.25,11,1200020011
10,focused,A,0,0,0,0.25,12,1200020012
10,focused,A,0,0,0,0.25,13,1200020013
10,focused,A,0,0,0,0.25,14,1200020014
10,focused,A,0,0,0,0.25,15,1200020015
10,focused,A,0,0,0,0.25,16,1200020016
10,focused,A,0,0,0,0.25,17,1200020017
10,focused,A,0,0,0,0.25,18,1200020018
10,focused,A,0,0,0,0.25,19,1200020019
10,focused,A,0,0,0,0.25,20,1200020020
10,focused,A,0,0,0,0.25,21,1200020021
10,focused,A,0,0,0,0.25,22,1200020022
10,focused,A,0,0,0,0.25,23,1200020023
10,focused,A,0,0,0,0.25,24,1200020024
10,focused,A,0,0,0,0.25,25,1200020025
10,focused,A,0,0,0,0.25,26,1200020026
10,focused,A,0,0,0,0.25,27,1200020027
10,focused,A,0,0,0,0.25,28,1200020028
10,focused,A,0,0,0,0.25,29,1200020029
10,focused,A,0,0,0,0.25,30,1200020030
10,focused,A,0,0,0,0.25,31,1200020031
10,focused,A,0,0,0,0.25,32,1200020032
10,focused,A,0,0,0,0.25,33,1200020033
10,focused,A,0,0,0,0.25,34,1200020034
10,focused,A,0,0,0,0.25,35,1200020035
10,focused,A,0,0,0,0.25,36,1200020036
10,focused,A,0,0,0,0.25,37,1200020037
10,focused,A,0,0,0,0.25,38,1200020038
10,focused,A,0,0,0,0.25,39,1200020039
10,focused,A,0,0,0,0.25,40,1200020040
10,focused,A,0,0,0,0.25,41,1200020041
10,focused,A,0,0,0,0.25,42,1200020042
10,focused,A,0,0,0,0.25,43,1200020043
10,focused,A,0,0,0,0.25,44,1200020044
10,focused,A,0,0,0,0.25,45,1200020045
10,focused,A,0,0,0,0.25,46,1200020046
10,focused,A,0,0,0,0.25,47,1200020047
10,focused,A,0,0,0,0.25,48,1200020048
10,focused,A,0,0,0,0.25,49,1200020049
10,focused,A,0,0,0,0.25,50,1200020050
10,focused,A,0,0,0,0.25,51,1200020051
10,focused,A,0,0,0,0.25,52,1200020052
10,focused,A,0,0,0,0.25,53,1200020053
10,focused,A,0,0,0,0.25,54,1200020054
10,focused,A,0,0,0,0.25,55,1200020055
10,focused,A,0,0,0,0.25,56,1200020056
10,focused,A,0,0,0,0.25,57,1200020057
10,focused,A,0,0,0,0.25,58,1200020058
10,focused,A,0,0,0,0.25,59,1200020059
10,focused,A,0,0,0,0.25,60,1200020060
10,focused,A,0,0,0,0.25,61,1200020061
10,focused,A,0,0,0,0.25,62,1200020062
10,focused,A,0,0,0,0.25,63,1200020063
10,focused,A,0,0,0,0.25,64,1200020064
10,focused,A,0,0,0,0.25,65,1200020065
10,focused,A,0,0,0,0.25,66,1200020066
10,focused,A,0,0,0,0.25,67,1200020067
10,focused,A,0,0,0,0.25,68,1200020068
10,focused,A,0,0,0,0.25,69,1200020069
10,focused,A,0,0,0,0.25,70,1200020070
10,focused,A,0,0,0,0.25,71,1200020071
10,focused,A,0,0,0,0.25,72,1200020072
10,focused,A,0,0,0,0.25,73,1200020073
10,focused,A,0,0,0,0.25,74,1200020074
10,focused,A,0,0,0,0.25,75,1200020075
10,focused,A,0,0,0,0.25,76,1200020076
10,focused,A,0,0,0,0.25,77,1200020077
10,focused,A,0,0,0,0.25,78,1200020078
10,focused,A,0,0,0,0.25,79,1200020079
10,focused,A,0,0,0,0.25,80,1200020080
10,focused,A,0,0,0,0.25,81,1200020081
10,focused,A,0,0,0,0.25,82,1200020082
10,focused,A,0,0,0,0.25,83,1200020083
10,focused,A,0,0,0,0.25,84,1200020084
10,focused,A,0,0,0,0.25,85,1200020085
10,focused,A,0,0,0,0.25,86,1200020086
10,focused,A,0,0,0,0.25,87,1200020087
10,focused,A,0,0,0,0.25,88,1200020088
10,focused,A,0,0,0,0.25,89,1200020089
10,focused,A,0,0,0,0.25,90,1200020090
10,focused,A,0,0,0,0.25,91,1200020091
10,focused,A,0,0,0,0.25,92,1200020092
10,focused,A,0,0,0,0.25,93,1200020093
10,focused,A,0,0,0,0.25,94,1200020094
10,focused,A,0,0,0,0.25,95,1200020095
10,focused,A,0,0,0,0.25,96,1200020096
10,focused,A,0,0,0,0.25,97,1200020097
10,focused,A,0,0,0,0.25,98,1200020098
10,focused,A,0,0,0,0.25,99,1200020099
10,focused,A,0,0,0,0.25,100,1200020100
10,focused,A,0,0,0,0.25,101,1200020101
10,focused,A,0,0,0,0.25,102,1200020102
10,focused,A,0,0,0,0.25,103,1200020103
10,focused,A,0,0,0,0.25,104,1200020104
10,focused,A,0,0,0,0.25,105,1200020105
10,focused,A,0,0,0,0.25,106,1200020106
10,focused,A,0,0,0,0.25,107,1200020107
10,focused,A,0,0,0,0.25,108,1200020108
10,focused,A,0,0,0,0.25,109,1200020109
10,focused,A,0,0,0,0.25,110,1200020110
10,focused,A,0,0,0,0.25,111,1200020111
10,focused,A,0,0,0,0.25,112,1200020112
10,focused,A,0,0,0,0.25,113,1200020113
10,focused,A,0,0,0,0.25,114,1200020114
10,focused,A,0,0,0,0.25,115,1200020115
10,focused,A,0,0,0,0.25,116,1200020116
10,focused,A,0,0,0,0.25,117,1200020117
10,focused,A,0,0,0,0.25,118,1200020118
10,focused,A,0,0,0,0.25,119,1200020119
10,focused,A,0,0,0,0.25,120,1200020120
10,focused,A,0,0,0,0.25,121,1200020121
10,focused,A,0,0,0,0.25,122,1200020122
10,focused,A,0,0,0,0.25,123,1200020123
10,focused,A,0,0,0,0.25,124,1200020124
10,focused,A,0,0,0,0.25,125,1200020125
10,focused,A,0,0,0,0.25,126,1200020126
10,focused,A,0,0,0,0.25,127,1200020127
10,focused,A,0,0,0,0.25,128,1200020128
10,focused,A,0,0,0,0.25,129,1200020129
10,focused,A,0,0,0,0.25,130,1200020130
10,focused,A,0,0,0,0.25,131,1200020131
10,focused,A,0,0,0,0.25,132,1200020132
10,focused,A,0,0,0,0.25,133,1200020133
10,focused,A,0,0,0,0.25,134,1200020134
10,focused,A,0,0,0,0.25,135,1200020135
10,focused,A,0,0,0,0.25,136,1200020136
10,focused,A,0,0,0,0.25,137,1200020137
10,focused,A,0,0,0,0.25,138,1200020138
10,focused,A,0,0,0,0.25,139,1200020139
10,focused,A,0,0,0,0.25,140,1200020140
10,focused,A,0,0,0,0.25,141,1200020141
10,focused,A,0,0,0,0.25,142,1200020142
10,focused,A,0,0,0,0.25,143,1200020143
10,focused,A,0,0,0,0.25,144,1200020144
10,focused,A,0,0,0,0.25,145,1200020145
10,focused,A,0,0,0,0.25,146,1200020146
10,focused,A,0,0,0,0.25,147,1200020147
10,focused,A,0,0,0,0.25,148,1200020148
10,focused,A,0,0,0,0.25,149,1200020149
10,focused,A,0,0,0,0.25,150,1200020150
10,focused,A,0,0,0,0.25,151,1200020151
10,focused,A,0,0,0,0.25,152,1200020152
10,focused,A,0,0,0,0.25,153,1200020153
10,focused,A,0,0,0,0.25,154,1200020154
10,focused,A,0,0,0,0.25,155,1200020155
10,focused,A,0,0,0,0.25,156,1200020156
10,focused,A,0,0,0,0.25,157,1200020157
10,focused,A,0,0,0,0.25,158,1200020158
10,focused,A,0,0,0,0.25,159,1200020159
10,focused,A,0,0,0,0.25,160,1200020160
10,focused,A,0,0,0,0.25,161,1200020161
10,focused,A,0,0,0,0.25,162,1200020162
10,focused,A,0,0,0,0.25,163,1200020163
10,focused,A,0,0,0,0.25,164,1200020164
10,focused,A,0,0,0,0.25,165,1200020165
10,focused,A,0,0,0,0.25,166,1200020166
10,focused,A,0,0,0,0.25,167,1200020167
10,focused,A,0,0,0,0.25,168,1200020168
10,focused,A,0,0,0,0.25,169,1200020169
10,focused,A,0,0,0,0.25,170,1200020170
10,focused,A,0,0,0,0.25,171,1200020171
10,focused,A,0,0,0,0.25,172,1200020172
10,focused,A,0,0,0,0.25,173,1200020173
10,focused,A,0,0,0,0.25,174,1200020174
10,focused,A,0,0,0,0.25,175,1200020175
10,focused,A,0,0,0,0.25,176,1200020176
10,focused,A,0,0,0,0.25,177,1200020177
10,focused,A,0,0,0,0.25,178,1200020178
10,focused,A,0,0,0,0.25,179,1200020179
10,focused,A,0,0,0,0.25,180,1200020180
10,focused,A,0,0,0,0.25,181,1200020181
10,focused,A,0,0,0,0.25,182,1200020182
10,focused,A,0,0,0,0.25,183,1200020183
10,focused,A,0,0,0,0.25,184,1200020184
10,focused,A,0,0,0,0.25,185,1200020185
10,focused,A,0,0,0,0.25,186,1200020186
10,focused,A,0,0,0,0.25,187,1200020187
10,focused,A,0,0,0,0.25,188,1200020188
10,focused,A,0,0,0,0.25,189,1200020189
10,focused,A,0,0,0,0.25,190,1200020190
10,focused,A,0,0,0,0.25,191,1200020191
10,focused,A,0,0,0,0.25,192,1200020192
10,focused,A,0,0,0,0.25,193,1200020193
10,focused,A,0,0,0,0.25,194,1200020194
10,focused,A,0,0,0,0.25,195,1200020195
10,focused,A,0,0,0,0.25,196,1200020196
10,focused,A,0,0,0,0.25,197,1200020197
10,focused,A,0,0,0,0.25,198,1200020198
10,focused,A,0,0,0,0.25,199,1200020199
10,focused,A,0,0,0,0.25,200,1200020200
10,focused,A,0,0,0,0.25,201,1200020201
10,focused,A,0,0,0,0.25,202,1200020202
10,focused,A,0,0,0,0.25,203,1200020203
10,focused,A,0,0,0,0.25,204,1200020204
10,focused,A,0,0,0,0.25,205,1200020205
10,focused,A,0,0,0,0.25,206,1200020206
10,focused,A,0,0,0,0.25,207,1200020207
10,focused,A,0,0,0,0.25,208,1200020208
10,focused,A,0,0,0,0.25,209,1200020209
10,focused,A,0,0,0,0.25,210,1200020210
10,focused,A,0,0,0,0.25,211,1200020211
10,focused,A,0,0,0,0.25,212,1200020212
10,focused,A,0,0,0,0.25,213,1200020213
10,focused,A,0,0,0,0.25,214,1200020214
10,focused,A,0,0,0,0.25,215,1200020215
10,focused,A,0,0,0,0.25,216,1200020216
10,focused,A,0,0,0,0.25,217,1200020217
10,focused,A,0,0,0,0.25,218,1200020218
10,focused,A,0,0,0,0.25,219,1200020219
10,focused,A,0,0,0,0.25,220,1200020220
10,focused,A,0,0,0,0.25,221,1200020221
10,focused,A,0,0,0,0.25,222,1200020222
10,focused,A,0,0,0,0.25,223,1200020223
10,focused,A,0,0,0,0.25,224,1200020224
10,focused,A,0,0,0,0.25,225,1200020225
10,focused,A,0,0,0,0.25,226,1200020226
10,focused,A,0,0,0,0.25,227,1200020227
10,focused,A,0,0,0,0.25,228,1200020228
10,focused,A,0,0,0,0.25,229,1200020229
10,focused,A,0,0,0,0.25,230,1200020230
10,focused,A,0,0,0,0.25,231,1200020231
10,focused,A,0,0,0,0.25,232,1200020232
10,focused,A,0,0,0,0.25,233,1200020233
10,focused,A,0,0,0,0.25,234,1200020234
10,focused,A,0,0,0,0.25,235,1200020235
10,focused,A,0,0,0,0.25,236,1200020236
10,focused,A,0,0,0,0.25,237,1200020237
10,focused,A,0,0,0,0.25,238,1200020238
10,focused,A,0,0,0,0.25,239,1200020239
10,focused,A,0,0,0,0.25,240,1200020240
10,focused,A,0,0,0,0.25,241,1200020241
10,focused,A,0,0,0,0.25,242,1200020242
10,focused,A,0,0,0,0.25,243,1200020243
10,focused,A,0,0,0,0.25,244,1200020244
10,focused,A,0,0,0,0.25,245,1200020245
10,focused,A,0,0,0,0.25,246,1200020246
10,focused,A,0,0,0,0.25,247,1200020247
10,focused,A,0,0,0,0.25,248,1200020248
10,focused,A,0,0,0,0.25,249,1200020249
10,focused,A,0,0,0,0.25,250,1200020250
10,focused,A,0,0,0,0.25,251,1200020251
10,focused,A,0,0,0,0.25,252,1200020252
10,focused,A,0,0,0,0.25,253,1200020253
10,focused,A,0,0,0,0.25,254,1200020254
10,focused,A,0,0,0,0.25,255,1200020255
10,focused,A,0,0,0,0.25,256,1200020256
10,focused,A,0,0,0,0.25,257,1200020257
10,focused,A,0,0,0,0.25,258,1200020258
10,focused,A,0,0,0,0.25,259,1200020259
10,focused,A,0,0,0,0.25,260,1200020260
10,focused,A,0,0,0,0.25,261,1200020261
10,focused,A,0,0,0,0.25,262,1200020262
10,focused,A,0,0,0,0.25,263,1200020263
10,focused,A,0,0,0,0.25,264,1200020264
10,focused,A,0,0,0,0.25,265,1200020265
10,focused,A,0,0,0,0.25,266,1200020266
10,focused,A,0,0,0,0.25,267,1200020267
10,focused,A,0,0,0,0.25,268,1200020268
10,focused,A,0,0,0,0.25,269,1200020269
10,focused,A,0,0,0,0.25,270,1200020270
10,focused,A,0,0,0,0.25,271,1200020271
10,focused,A,0,0,0,0.25,272,1200020272
10,focused,A,0,0,0,0.25,273,1200020273
10,focused,A,0,0,0,0.25,274,1200020274
10,focused,A,0,0,0,0.25,275,1200020275
10,focused,A,0,0,0,0.25,276,1200020276
10,focused,A,0,0,0,0.25,277,1200020277
10,focused,A,0,0,0,0.25,278,1200020278
10,focused,A,0,0,0,0.25,279,1200020279
10,focused,A,0,0,0,0.25,280,1200020280
10,focused,A,0,0,0,0.25,281,1200020281
10,focused,A,0,0,0,0.25,282,1200020282
10,focused,A,0,0,0,0.25,283,1200020283
10,focused,A,0,0,0,0.25,284,1200020284
10,focused,A,0,0,0,0.25,285,1200020285
10,focused,A,0,0,0,0.25,286,1200020286
10,focused,A,0,0,0,0.25,287,1200020287
10,focused,A,0,0,0,0.25,288,1200020288
10,focused,A,0,0,0,0.25,289,1200020289
10,focused,A,0,0,0,0.25,290,1200020290
10,focused,A,0,0,0,0.25,291,1200020291
10,focused,A,0,0,0,0.25,292,1200020292
10,focused,A,0,0,0,0.25,293,1200020293
10,focused,A,0,0,0,0.25,294,1200020294
10,focused,A,0,0,0,0.25,295,1200020295
10,focused,A,0,0,0,0.25,296,1200020296
10,focused,A,0,0,0,0.25,297,1200020297
10,focused,A,0,0,0,0.25,298,1200020298
10,focused,A,0,0,0,0.25,299,1200020299
10,focused,A,0,0,0,0.25,300,1200020300
10,focused,A,0,0,0,0.25,301,1200020301
10,focused,A,0,0,0,0.25,302,1200020302
10,focused,A,0,0,0,0.25,303,1200020303
10,focused,A,0,0,0,0.25,304,1200020304
10,focused,A,0,0,0,0.25,305,1200020305
10,focused,A,0,0,0,0.25,306,1200020306
10,focused,A,0,0,0,0.25,307,1200020307
10,focused,A,0,0,0,0.25,308,1200020308
10,focused,A,0,0,0,0.25,309,1200020309
10,focused,A,0,0,0,0.25,310,1200020310
10,focused,A,0,0,0,0.25,311,1200020311
10,focused,A,0,0,0,0.25,312,1200020312
10,focused,A,0,0,0,0.25,313,1200020313
10,focused,A,0,0,0,0.25,314,1200020314
10,focused,A,0,0,0,0.25,315,1200020315
10,focused,A,0,0,0,0.25,316,1200020316
10,focused,A,0,0,0,0.25,317,1200020317
10,focused,A,0,0,0,0.25,318,1200020318
10,focused,A,0,0,0,0.25,319,1200020319
10,focused,A,0,0,0,0.25,320,1200020320
10,focused,A,0,0,0,0.25,321,1200020321
10,focused,A,0,0,0,0.25,322,1200020322
10,focused,A,0,0,0,0.25,323,1200020323
10,focused,A,0,0,0,0.25,324,1200020324
10,focused,A,0,0,0,0.25,325,1200020325
10,focused,A,0,0,0,0.25,326,1200020326
10,focused,A,0,0,0,0.25,327,1200020327
10,focused,A,0,0,0,0.25,328,1200020328
10,focused,A,0,0,0,0.25,329,1200020329
10,focused,A,0,0,0,0.25,330,1200020330
10,focused,A,0,0,0,0.25,331,1200020331
10,focused,A,0,0,0,0.25,332,1200020332
10,focused,A,0,0,0,0.25,333,1200020333
10,focused,A,0,0,0,0.25,334,1200020334
10,focused,A,0,0,0,0.25,335,1200020335
10,focused,A,0,0,0,0.25,336,1200020336
10,focused,A,0,0,0,0.25,337,1200020337
10,focused,A,0,0,0,0.25,338,1200020338
10,focused,A,0,0,0,0.25,339,1200020339
10,focused,A,0,0,0,0.25,340,1200020340
10,focused,A,0,0,0,0.25,341,1200020341
10,focused,A,0,0,0,0.25,342,1200020342
10,focused,A,0,0,0,0.25,343,1200020343
10,focused,A,0,0,0,0.25,344,1200020344
10,focused,A,0,0,0,0.25,345,1200020345
10,focused,A,0,0,0,0.25,346,1200020346
10,focused,A,0,0,0,0.25,347,1200020347
10,focused,A,0,0,0,0.25,348,1200020348
10,focused,A,0,0,0,0.25,349,1200020349
10,focused,A,0,0,0,0.25,350,1200020350
10,focused,A,0,0,0,0.25,351,1200020351
10,focused,A,0,0,0,0.25,352,1200020352
10,focused,A,0,0,0,0.25,353,1200020353
10,focused,A,0,0,0,0.25,354,1200020354
10,focused,A,0,0,0,0.25,355,1200020355
10,focused,A,0,0,0,0.25,356,1200020356
10,focused,A,0,0,0,0.25,357,1200020357
10,focused,A,0,0,0,0.25,358,1200020358
10,focused,A,0,0,0,0.25,359,1200020359
10,focused,A,0,0,0,0.25,360,1200020360
10,focused,A,0,0,0,0.25,361,1200020361
10,focused,A,0,0,0,0.25,362,1200020362
10,focused,A,0,0,0,0.25,363,1200020363
10,focused,A,0,0,0,0.25,364,1200020364
10,focused,A,0,0,0,0.25,365,1200020365
10,focused,A,0,0,0,0.25,366,1200020366
10,focused,A,0,0,0,0.25,367,1200020367
10,focused,A,0,0,0,0.25,368,1200020368
10,focused,A,0,0,0,0.25,369,1200020369
10,focused,A,0,0,0,0.25,370,1200020370
10,focused,A,0,0,0,0.25,371,1200020371
10,focused,A,0,0,0,0.25,372,1200020372
10,focused,A,0,0,0,0.25,373,1200020373
10,focused,A,0,0,0,0.25,374,1200020374
10,focused,A,0,0,0,0.25,375,1200020375
10,focused,A,0,0,0,0.25,376,1200020376
10,focused,A,0,0,0,0.25,377,1200020377
10,focused,A,0,0,0,0.25,378,1200020378
10,focused,A,0,0,0,0.25,379,1200020379
10,focused,A,0,0,0,0.25,380,1200020380
10,focused,A,0,0,0,0.25,381,1200020381
10,focused,A,0,0,0,0.25,382,1200020382
10,focused,A,0,0,0,0.25,383,1200020383
10,focused,A,0,0,0,0.25,384,1200020384
10,focused,A,0,0,0,0.25,385,1200020385
10,focused,A,0,0,0,0.25,386,1200020386
10,focused,A,0,0,0,0.25,387,1200020387
10,focused,A,0,0,0,0.25,388,1200020388
10,focused,A,0,0,0,0.25,389,1200020389
10,focused,A,0,0,0,0.25,390,1200020390
10,focused,A,0,0,0,0.25,391,1200020391
10,focused,A,0,0,0,0.25,392,1200020392
10,focused,A,0,0,0,0.25,393,1200020393
10,focused,A,0,0,0,0.25,394,1200020394
10,focused,A,0,0,0,0.25,395,1200020395
10,focused,A,0,0,0,0.25,396,1200020396
10,focused,A,0,0,0,0.25,397,1200020397
10,focused,A,0,0,0,0.25,398,1200020398
10,focused,A,0,0,0,0.25,399,1200020399
10,focused,A,0,0,0,0.25,400,1200020400
10,focused,A,0,0,0,0.25,401,1200020401
10,focused,A,0,0,0,0.25,402,1200020402
10,focused,A,0,0,0,0.25,403,1200020403
10,focused,A,0,0,0,0.25,404,1200020404
10,focused,A,0,0,0,0.25,405,1200020405
10,focused,A,0,0,0,0.25,406,1200020406
10,focused,A,0,0,0,0.25,407,1200020407
10,focused,A,0,0,0,0.25,408,1200020408
10,focused,A,0,0,0,0.25,409,1200020409
10,focused,A,0,0,0,0.25,410,1200020410
10,focused,A,0,0,0,0.25,411,1200020411
10,focused,A,0,0,0,0.25,412,1200020412
10,focused,A,0,0,0,0.25,413,1200020413
10,focused,A,0,0,0,0.25,414,1200020414
10,focused,A,0,0,0,0.25,415,1200020415
10,focused,A,0,0,0,0.25,416,1200020416
10,focused,A,0,0,0,0.25,417,1200020417
10,focused,A,0,0,0,0.25,418,1200020418
10,focused,A,0,0,0,0.25,419,1200020419
10,focused,A,0,0,0,0.25,420,1200020420
10,focused,A,0,0,0,0.25,421,1200020421
10,focused,A,0,0,0,0.25,422,1200020422
10,focused,A,0,0,0,0.25,423,1200020423
10,focused,A,0,0,0,0.25,424,1200020424
10,focused,A,0,0,0,0.25,425,1200020425
10,focused,A,0,0,0,0.25,426,1200020426
10,focused,A,0,0,0,0.25,427,1200020427
10,focused,A,0,0,0,0.25,428,1200020428
10,focused,A,0,0,0,0.25,429,1200020429
10,focused,A,0,0,0,0.25,430,1200020430
10,focused,A,0,0,0,0.25,431,1200020431
10,focused,A,0,0,0,0.25,432,1200020432
10,focused,A,0,0,0,0.25,433,1200020433
10,focused,A,0,0,0,0.25,434,1200020434
10,focused,A,0,0,0,0.25,435,1200020435
10,focused,A,0,0,0,0.25,436,1200020436
10,focused,A,0,0,0,0.25,437,1200020437
10,focused,A,0,0,0,0.25,438,1200020438
10,focused,A,0,0,0,0.25,439,1200020439
10,focused,A,0,0,0,0.25,440,1200020440
10,focused,A,0,0,0,0.25,441,1200020441
10,focused,A,0,0,0,0.25,442,1200020442
10,focused,A,0,0,0,0.25,443,1200020443
10,focused,A,0,0,0,0.25,444,1200020444
10,focused,A,0,0,0,0.25,445,1200020445
10,focused,A,0,0,0,0.25,446,1200020446
10,focused,A,0,0,0,0.25,447,1200020447
10,focused,A,0,0,0,0.25,448,1200020448
10,focused,A,0,0,0,0.25,449,1200020449
10,focused,A,0,0,0,0.25,450,1200020450
10,focused,A,0,0,0,0.25,451,1200020451
10,focused,A,0,0,0,0.25,452,1200020452
10,focused,A,0,0,0,0.25,453,1200020453
10,focused,A,0,0,0,0.25,454,1200020454
10,focused,A,0,0,0,0.25,455,1200020455
10,focused,A,0,0,0,0.25,456,1200020456
10,focused,A,0,0,0,0.25,457,1200020457
10,focused,A,0,0,0,0.25,458,1200020458
10,focused,A,0,0,0,0.25,459,1200020459
10,focused,A,0,0,0,0.25,460,1200020460
10,focused,A,0,0,0,0.25,461,1200020461
10,focused,A,0,0,0,0.25,462,1200020462
10,focused,A,0,0,0,0.25,463,1200020463
10,focused,A,0,0,0,0.25,464,1200020464
10,focused,A,0,0,0,0.25,465,1200020465
10,focused,A,0,0,0,0.25,466,1200020466
10,focused,A,0,0,0,0.25,467,1200020467
10,focused,A,0,0,0,0.25,468,1200020468
10,focused,A,0,0,0,0.25,469,1200020469
10,focused,A,0,0,0,0.25,470,1200020470
10,focused,A,0,0,0,0.25,471,1200020471
10,focused,A,0,0,0,0.25,472,1200020472
10,focused,A,0,0,0,0.25,473,1200020473
10,focused,A,0,0,0,0.25,474,1200020474
10,focused,A,0,0,0,0.25,475,1200020475
10,focused,A,0,0,0,0.25,476,1200020476
10,focused,A,0,0,0,0.25,477,1200020477
10,focused,A,0,0,0,0.25,478,1200020478
10,focused,A,0,0,0,0.25,479,1200020479
10,focused,A,0,0,0,0.25,480,1200020480
10,focused,A,0,0,0,0.25,481,1200020481
10,focused,A,0,0,0,0.25,482,1200020482
10,focused,A,0,0,0,0.25,483,1200020483
10,focused,A,0,0,0,0.25,484,1200020484
10,focused,A,0,0,0,0.25,485,1200020485
10,focused,A,0,0,0,0.25,486,1200020486
10,focused,A,0,0,0,0.25,487,1200020487
10,focused,A,0,0,0,0.25,488,1200020488
10,focused,A,0,0,0,0.25,489,1200020489
10,focused,A,0,0,0,0.25,490,1200020490
10,focused,A,0,0,0,0.25,491,1200020491
10,focused,A,0,0,0,0.25,492,1200020492
10,focused,A,0,0,0,0.25,493,1200020493
10,focused,A,0,0,0,0.25,494,1200020494
10,focused,A,0,0,0,0.25,495,1200020495
10,focused,A,0,0,0,0.25,496,1200020496
10,focused,A,0,0,0,0.25,497,1200020497
10,focused,A,0,0,0,0.25,498,1200020498
10,focused,A,0,0,0,0.25,499,1200020499
10,focused,A,0,0,0,0.25,500,1200020500
10,focused,A,0,0,0,0.25,501,1200020501
10,focused,A,0,0,0,0.25,502,1200020502
10,focused,A,0,0,0,0.25,503,1200020503
10,focused,A,0,0,0,0.25,504,1200020504
10,focused,A,0,0,0,0.25,505,1200020505
10,focused,A,0,0,0,0.25,506,1200020506
10,focused,A,0,0,0,0.25,507,1200020507
10,focused,A,0,0,0,0.25,508,1200020508
10,focused,A,0,0,0,0.25,509,1200020509
10,focused,A,0,0,0,0.25,510,1200020510
10,focused,A,0,0,0,0.25,511,1200020511
10,focused,A,0,0,0,0.25,512,1200020512
10,focused,A,0,0,0,0.25,513,1200020513
10,focused,A,0,0,0,0.25,514,1200020514
10,focused,A,0,0,0,0.25,515,1200020515
10,focused,A,0,0,0,0.25,516,1200020516
10,focused,A,0,0,0,0.25,517,1200020517
10,focused,A,0,0,0,0.25,518,1200020518
10,focused,A,0,0,0,0.25,519,1200020519
10,focused,A,0,0,0,0.25,520,1200020520
10,focused,A,0,0,0,0.25,521,1200020521
10,focused,A,0,0,0,0.25,522,1200020522
10,focused,A,0,0,0,0.25,523,1200020523
10,focused,A,0,0,0,0.25,524,1200020524
10,focused,A,0,0,0,0.25,525,1200020525
10,focused,A,0,0,0,0.25,526,1200020526
10,focused,A,0,0,0,0.25,527,1200020527
10,focused,A,0,0,0,0.25,528,1200020528
10,focused,A,0,0,0,0.25,529,1200020529
10,focused,A,0,0,0,0.25,530,1200020530
10,focused,A,0,0,0,0.25,531,1200020531
10,focused,A,0,0,0,0.25,532,1200020532
10,focused,A,0,0,0,0.25,533,1200020533
10,focused,A,0,0,0,0.25,534,1200020534
10,focused,A,0,0,0,0.25,535,1200020535
10,focused,A,0,0,0,0.25,536,1200020536
10,focused,A,0,0,0,0.25,537,1200020537
10,focused,A,0,0,0,0.25,538,1200020538
10,focused,A,0,0,0,0.25,539,1200020539
10,focused,A,0,0,0,0.25,540,1200020540
10,focused,A,0,0,0,0.25,541,1200020541
10,focused,A,0,0,0,0.25,542,1200020542
10,focused,A,0,0,0,0.25,543,1200020543
10,focused,A,0,0,0,0.25,544,1200020544
10,focused,A,0,0,0,0.25,545,1200020545
10,focused,A,0,0,0,0.25,546,1200020546
10,focused,A,0,0,0,0.25,547,1200020547
10,focused,A,0,0,0,0.25,548,1200020548
10,focused,A,0,0,0,0.25,549,1200020549
10,focused,A,0,0,0,0.25,550,1200020550
10,focused,A,0,0,0,0.25,551,1200020551
10,focused,A,0,0,0,0.25,552,1200020552
10,focused,A,0,0,0,0.25,553,1200020553
10,focused,A,0,0,0,0.25,554,1200020554
10,focused,A,0,0,0,0.25,555,1200020555
10,focused,A,0,0,0,0.25,556,1200020556
10,focused,A,0,0,0,0.25,557,1200020557
10,focused,A,0,0,0,0.25,558,1200020558
10,focused,A,0,0,0,0.25,559,1200020559
10,focused,A,0,0,0,0.25,560,1200020560
10,focused,A,0,0,0,0.25,561,1200020561
10,focused,A,0,0,0,0.25,562,1200020562
10,focused,A,0,0,0,0.25,563,1200020563
10,focused,A,0,0,0,0.25,564,1200020564
10,focused,A,0,0,0,0.25,565,1200020565
10,focused,A,0,0,0,0.25,566,1200020566
10,focused,A,0,0,0,0.25,567,1200020567
10,focused,A,0,0,0,0.25,568,1200020568
10,focused,A,0,0,0,0.25,569,1200020569
10,focused,A,0,0,0,0.25,570,1200020570
10,focused,A,0,0,0,0.25,571,1200020571
10,focused,A,0,0,0,0.25,572,1200020572
10,focused,A,0,0,0,0.25,573,1200020573
10,focused,A,0,0,0,0.25,574,1200020574
10,focused,A,0,0,0,0.25,575,1200020575
10,focused,A,0,0,0,0.25,576,1200020576
10,focused,A,0,0,0,0.25,577,1200020577
10,focused,A,0,0,0,0.25,578,1200020578
10,focused,A,0,0,0,0.25,579,1200020579
10,focused,A,0,0,0,0.25,580,1200020580
10,focused,A,0,0,0,0.25,581,1200020581
10,focused,A,0,0,0,0.25,582,1200020582
10,focused,A,0,0,0,0.25,583,1200020583
10,focused,A,0,0,0,0.25,584,1200020584
10,focused,A,0,0,0,0.25,585,1200020585
10,focused,A,0,0,0,0.25,586,1200020586
10,focused,A,0,0,0,0.25,587,1200020587
10,focused,A,0,0,0,0.25,588,1200020588
10,focused,A,0,0,0,0.25,589,1200020589
10,focused,A,0,0,0,0.25,590,1200020590
10,focused,A,0,0,0,0.25,591,1200020591
10,focused,A,0,0,0,0.25,592,1200020592
10,focused,A,0,0,0,0.25,593,1200020593
10,focused,A,0,0,0,0.25,594,1200020594
10,focused,A,0,0,0,0.25,595,1200020595
10,focused,A,0,0,0,0.25,596,1200020596
10,focused,A,0,0,0,0.25,597,1200020597
10,focused,A,0,0,0,0.25,598,1200020598
10,focused,A,0,0,0,0.25,599,1200020599
10,focused,A,0,0,0,0.25,600,1200020600
10,focused,A,0,0,0,0.25,601,1200020601
10,focused,A,0,0,0,0.25,602,1200020602
10,focused,A,0,0,0,0.25,603,1200020603
10,focused,A,0,0,0,0.25,604,1200020604
10,focused,A,0,0,0,0.25,605,1200020605
10,focused,A,0,0,0,0.25,606,1200020606
10,focused,A,0,0,0,0.25,607,1200020607
10,focused,A,0,0,0,0.25,608,1200020608
10,focused,A,0,0,0,0.25,609,1200020609
10,focused,A,0,0,0,0.25,610,1200020610
10,focused,A,0,0,0,0.25,611,1200020611
10,focused,A,0,0,0,0.25,612,1200020612
10,focused,A,0,0,0,0.25,613,1200020613
10,focused,A,0,0,0,0.25,614,1200020614
10,focused,A,0,0,0,0.25,615,1200020615
10,focused,A,0,0,0,0.25,616,1200020616
10,focused,A,0,0,0,0.25,617,1200020617
10,focused,A,0,0,0,0.25,618,1200020618
10,focused,A,0,0,0,0.25,619,1200020619
10,focused,A,0,0,0,0.25,620,1200020620
10,focused,A,0,0,0,0.25,621,1200020621
10,focused,A,0,0,0,0.25,622,1200020622
10,focused,A,0,0,0,0.25,623,1200020623
10,focused,A,0,0,0,0.25,624,1200020624
10,focused,A,0,0,0,0.25,625,1200020625
10,focused,A,0,0,0,0.25,626,1200020626
10,focused,A,0,0,0,0.25,627,1200020627
10,focused,A,0,0,0,0.25,628,1200020628
10,focused,A,0,0,0,0.25,629,1200020629
10,focused,A,0,0,0,0.25,630,1200020630
10,focused,A,0,0,0,0.25,631,1200020631
10,focused,A,0,0,0,0.25,632,1200020632
10,focused,A,0,0,0,0.25,633,1200020633
10,focused,A,0,0,0,0.25,634,1200020634
10,focused,A,0,0,0,0.25,635,1200020635
10,focused,A,0,0,0,0.25,636,1200020636
10,focused,A,0,0,0,0.25,637,1200020637
10,focused,A,0,0,0,0.25,638,1200020638
10,focused,A,0,0,0,0.25,639,1200020639
10,focused,A,0,0,0,0.25,640,1200020640
10,focused,A,0,0,0,0.25,641,1200020641
10,focused,A,0,0,0,0.25,642,1200020642
10,focused,A,0,0,0,0.25,643,1200020643
10,focused,A,0,0,0,0.25,644,1200020644
10,focused,A,0,0,0,0.25,645,1200020645
10,focused,A,0,0,0,0.25,646,1200020646
10,focused,A,0,0,0,0.25,647,1200020647
10,focused,A,0,0,0,0.25,648,1200020648
10,focused,A,0,0,0,0.25,649,1200020649
10,focused,A,0,0,0,0.25,650,1200020650
10,focused,A,0,0,0,0.25,651,1200020651
10,focused,A,0,0,0,0.25,652,1200020652
10,focused,A,0,0,0,0.25,653,1200020653
10,focused,A,0,0,0,0.25,654,1200020654
10,focused,A,0,0,0,0.25,655,1200020655
10,focused,A,0,0,0,0.25,656,1200020656
10,focused,A,0,0,0,0.25,657,1200020657
10,focused,A,0,0,0,0.25,658,1200020658
10,focused,A,0,0,0,0.25,659,1200020659
10,focused,A,0,0,0,0.25,660,1200020660
10,focused,A,0,0,0,0.25,661,1200020661
10,focused,A,0,0,0,0.25,662,1200020662
10,focused,A,0,0,0,0.25,663,1200020663
10,focused,A,0,0,0,0.25,664,1200020664
10,focused,A,0,0,0,0.25,665,1200020665
10,focused,A,0,0,0,0.25,666,1200020666
10,focused,A,0,0,0,0.25,667,1200020667
10,focused,A,0,0,0,0.25,668,1200020668
10,focused,A,0,0,0,0.25,669,1200020669
10,focused,A,0,0,0,0.25,670,1200020670
10,focused,A,0,0,0,0.25,671,1200020671
10,focused,A,0,0,0,0.25,672,1200020672
10,focused,A,0,0,0,0.25,673,1200020673
10,focused,A,0,0,0,0.25,674,1200020674
10,focused,A,0,0,0,0.25,675,1200020675
10,focused,A,0,0,0,0.25,676,1200020676
10,focused,A,0,0,0,0.25,677,1200020677
10,focused,A,0,0,0,0.25,678,1200020678
10,focused,A,0,0,0,0.25,679,1200020679
10,focused,A,0,0,0,0.25,680,1200020680
10,focused,A,0,0,0,0.25,681,1200020681
10,focused,A,0,0,0,0.25,682,1200020682
10,focused,A,0,0,0,0.25,683,1200020683
10,focused,A,0,0,0,0.25,684,1200020684
10,focused,A,0,0,0,0.25,685,1200020685
10,focused,A,0,0,0,0.25,686,1200020686
10,focused,A,0,0,0,0.25,687,1200020687
10,focused,A,0,0,0,0.25,688,1200020688
10,focused,A,0,0,0,0.25,689,1200020689
10,focused,A,0,0,0,0.25,690,1200020690
10,focused,A,0,0,0,0.25,691,1200020691
10,focused,A,0,0,0,0.25,692,1200020692
10,focused,A,0,0,0,0.25,693,1200020693
10,focused,A,0,0,0,0.25,694,1200020694
10,focused,A,0,0,0,0.25,695,1200020695
10,focused,A,0,0,0,0.25,696,1200020696
10,focused,A,0,0,0,0.25,697,1200020697
10,focused,A,0,0,0,0.25,698,1200020698
10,focused,A,0,0,0,0.25,699,1200020699
10,focused,A,0,0,0,0.25,700,1200020700
10,focused,A,0,0,0,0.25,701,1200020701
10,focused,A,0,0,0,0.25,702,1200020702
10,focused,A,0,0,0,0.25,703,1200020703
10,focused,A,0,0,0,0.25,704,1200020704
10,focused,A,0,0,0,0.25,705,1200020705
10,focused,A,0,0,0,0.25,706,1200020706
10,focused,A,0,0,0,0.25,707,1200020707
10,focused,A,0,0,0,0.25,708,1200020708
10,focused,A,0,0,0,0.25,709,1200020709
10,focused,A,0,0,0,0.25,710,1200020710
10,focused,A,0,0,0,0.25,711,1200020711
10,focused,A,0,0,0,0.25,712,1200020712
10,focused,A,0,0,0,0.25,713,1200020713
10,focused,A,0,0,0,0.25,714,1200020714
10,focused,A,0,0,0,0.25,715,1200020715
10,focused,A,0,0,0,0.25,716,1200020716
10,focused,A,0,0,0,0.25,717,1200020717
10,focused,A,0,0,0,0.25,718,1200020718
10,focused,A,0,0,0,0.25,719,1200020719
10,focused,A,0,0,0,0.25,720,1200020720
10,focused,A,0,0,0,0.25,721,1200020721
10,focused,A,0,0,0,0.25,722,1200020722
10,focused,A,0,0,0,0.25,723,1200020723
10,focused,A,0,0,0,0.25,724,1200020724
10,focused,A,0,0,0,0.25,725,1200020725
10,focused,A,0,0,0,0.25,726,1200020726
10,focused,A,0,0,0,0.25,727,1200020727
10,focused,A,0,0,0,0.25,728,1200020728
10,focused,A,0,0,0,0.25,729,1200020729
10,focused,A,0,0,0,0.25,730,1200020730
10,focused,A,0,0,0,0.25,731,1200020731
10,focused,A,0,0,0,0.25,732,1200020732
10,focused,A,0,0,0,0.25,733,1200020733
10,focused,A,0,0,0,0.25,734,1200020734
10,focused,A,0,0,0,0.25,735,1200020735
10,focused,A,0,0,0,0.25,736,1200020736
10,focused,A,0,0,0,0.25,737,1200020737
10,focused,A,0,0,0,0.25,738,1200020738
10,focused,A,0,0,0,0.25,739,1200020739
10,focused,A,0,0,0,0.25,740,1200020740
10,focused,A,0,0,0,0.25,741,1200020741
10,focused,A,0,0,0,0.25,742,1200020742
10,focused,A,0,0,0,0.25,743,1200020743
10,focused,A,0,0,0,0.25,744,1200020744
10,focused,A,0,0,0,0.25,745,1200020745
10,focused,A,0,0,0,0.25,746,1200020746
10,focused,A,0,0,0,0.25,747,1200020747
10,focused,A,0,0,0,0.25,748,1200020748
10,focused,A,0,0,0,0.25,749,1200020749
10,focused,A,0,0,0,0.25,750,1200020750
10,focused,A,0,0,0,0.25,751,1200020751
10,focused,A,0,0,0,0.25,752,1200020752
10,focused,A,0,0,0,0.25,753,1200020753
10,focused,A,0,0,0,0.25,754,1200020754
10,focused,A,0,0,0,0.25,755,1200020755
10,focused,A,0,0,0,0.25,756,1200020756
10,focused,A,0,0,0,0.25,757,1200020757
10,focused,A,0,0,0,0.25,758,1200020758
10,focused,A,0,0,0,0.25,759,1200020759
10,focused,A,0,0,0,0.25,760,1200020760
10,focused,A,0,0,0,0.25,761,1200020761
10,focused,A,0,0,0,0.25,762,1200020762
10,focused,A,0,0,0,0.25,763,1200020763
10,focused,A,0,0,0,0.25,764,1200020764
10,focused,A,0,0,0,0.25,765,1200020765
10,focused,A,0,0,0,0.25,766,1200020766
10,focused,A,0,0,0,0.25,767,1200020767
10,focused,A,0,0,0,0.25,768,1200020768
10,focused,A,0,0,0,0.25,769,1200020769
10,focused,A,0,0,0,0.25,770,1200020770
10,focused,A,0,0,0,0.25,771,1200020771
10,focused,A,0,0,0,0.25,772,1200020772
10,focused,A,0,0,0,0.25,773,1200020773
10,focused,A,0,0,0,0.25,774,1200020774
10,focused,A,0,0,0,0.25,775,1200020775
10,focused,A,0,0,0,0.25,776,1200020776
10,focused,A,0,0,0,0.25,777,1200020777
10,focused,A,0,0,0,0.25,778,1200020778
10,focused,A,0,0,0,0.25,779,1200020779
10,focused,A,0,0,0,0.25,780,1200020780
10,focused,A,0,0,0,0.25,781,1200020781
10,focused,A,0,0,0,0.25,782,1200020782
10,focused,A,0,0,0,0.25,783,1200020783
10,focused,A,0,0,0,0.25,784,1200020784
10,focused,A,0,0,0,0.25,785,1200020785
10,focused,A,0,0,0,0.25,786,1200020786
10,focused,A,0,0,0,0.25,787,1200020787
10,focused,A,0,0,0,0.25,788,1200020788
10,focused,A,0,0,0,0.25,789,1200020789
10,focused,A,0,0,0,0.25,790,1200020790
10,focused,A,0,0,0,0.25,791,1200020791
10,focused,A,0,0,0,0.25,792,1200020792
10,focused,A,0,0,0,0.25,793,1200020793
10,focused,A,0,0,0,0.25,794,1200020794
10,focused,A,0,0,0,0.25,795,1200020795
10,focused,A,0,0,0,0.25,796,1200020796
10,focused,A,0,0,0,0.25,797,1200020797
10,focused,A,0,0,0,0.25,798,1200020798
10,focused,A,0,0,0,0.25,799,1200020799
10,focused,A,0,0,0,0.25,800,1200020800
10,focused,A,0,0,0,0.25,801,1200020801
10,focused,A,0,0,0,0.25,802,1200020802
10,focused,A,0,0,0,0.25,803,1200020803
10,focused,A,0,0,0,0.25,804,1200020804
10,focused,A,0,0,0,0.25,805,1200020805
10,focused,A,0,0,0,0.25,806,1200020806
10,focused,A,0,0,0,0.25,807,1200020807
10,focused,A,0,0,0,0.25,808,1200020808
10,focused,A,0,0,0,0.25,809,1200020809
10,focused,A,0,0,0,0.25,810,1200020810
10,focused,A,0,0,0,0.25,811,1200020811
10,focused,A,0,0,0,0.25,812,1200020812
10,focused,A,0,0,0,0.25,813,1200020813
10,focused,A,0,0,0,0.25,814,1200020814
10,focused,A,0,0,0,0.25,815,1200020815
10,focused,A,0,0,0,0.25,816,1200020816
10,focused,A,0,0,0,0.25,817,1200020817
10,focused,A,0,0,0,0.25,818,1200020818
10,focused,A,0,0,0,0.25,819,1200020819
10,focused,A,0,0,0,0.25,820,1200020820
10,focused,A,0,0,0,0.25,821,1200020821
10,focused,A,0,0,0,0.25,822,1200020822
10,focused,A,0,0,0,0.25,823,1200020823
10,focused,A,0,0,0,0.25,824,1200020824
10,focused,A,0,0,0,0.25,825,1200020825
10,focused,A,0,0,0,0.25,826,1200020826
10,focused,A,0,0,0,0.25,827,1200020827
10,focused,A,0,0,0,0.25,828,1200020828
10,focused,A,0,0,0,0.25,829,1200020829
10,focused,A,0,0,0,0.25,830,1200020830
10,focused,A,0,0,0,0.25,831,1200020831
10,focused,A,0,0,0,0.25,832,1200020832
10,focused,A,0,0,0,0.25,833,1200020833
10,focused,A,0,0,0,0.25,834,1200020834
10,focused,A,0,0,0,0.25,835,1200020835
10,focused,A,0,0,0,0.25,836,1200020836
10,focused,A,0,0,0,0.25,837,1200020837
10,focused,A,0,0,0,0.25,838,1200020838
10,focused,A,0,0,0,0.25,839,1200020839
10,focused,A,0,0,0,0.25,840,1200020840
10,focused,A,0,0,0,0.25,841,1200020841
10,focused,A,0,0,0,0.25,842,1200020842
10,focused,A,0,0,0,0.25,843,1200020843
10,focused,A,0,0,0,0.25,844,1200020844
10,focused,A,0,0,0,0.25,845,1200020845
10,focused,A,0,0,0,0.25,846,1200020846
10,focused,A,0,0,0,0.25,847,1200020847
10,focused,A,0,0,0,0.25,848,1200020848
10,focused,A,0,0,0,0.25,849,1200020849
10,focused,A,0,0,0,0.25,850,1200020850
10,focused,A,0,0,0,0.25,851,1200020851
10,focused,A,0,0,0,0.25,852,1200020852
10,focused,A,0,0,0,0.25,853,1200020853
10,focused,A,0,0,0,0.25,854,1200020854
10,focused,A,0,0,0,0.25,855,1200020855
10,focused,A,0,0,0,0.25,856,1200020856
10,focused,A,0,0,0,0.25,857,1200020857
10,focused,A,0,0,0,0.25,858,1200020858
10,focused,A,0,0,0,0.25,859,1200020859
10,focused,A,0,0,0,0.25,860,1200020860
10,focused,A,0,0,0,0.25,861,1200020861
10,focused,A,0,0,0,0.25,862,1200020862
10,focused,A,0,0,0,0.25,863,1200020863
10,focused,A,0,0,0,0.25,864,1200020864
10,focused,A,0,0,0,0.25,865,1200020865
10,focused,A,0,0,0,0.25,866,1200020866
10,focused,A,0,0,0,0.25,867,1200020867
10,focused,A,0,0,0,0.25,868,1200020868
10,focused,A,0,0,0,0.25,869,1200020869
10,focused,A,0,0,0,0.25,870,1200020870
10,focused,A,0,0,0,0.25,871,1200020871
10,focused,A,0,0,0,0.25,872,1200020872
10,focused,A,0,0,0,0.25,873,1200020873
10,focused,A,0,0,0,0.25,874,1200020874
10,focused,A,0,0,0,0.25,875,1200020875
10,focused,A,0,0,0,0.25,876,1200020876
10,focused,A,0,0,0,0.25,877,1200020877
10,focused,A,0,0,0,0.25,878,1200020878
10,focused,A,0,0,0,0.25,879,1200020879
10,focused,A,0,0,0,0.25,880,1200020880
10,focused,A,0,0,0,0.25,881,1200020881
10,focused,A,0,0,0,0.25,882,1200020882
10,focused,A,0,0,0,0.25,883,1200020883
10,focused,A,0,0,0,0.25,884,1200020884
10,focused,A,0,0,0,0.25,885,1200020885
10,focused,A,0,0,0,0.25,886,1200020886
10,focused,A,0,0,0,0.25,887,1200020887
10,focused,A,0,0,0,0.25,888,1200020888
10,focused,A,0,0,0,0.25,889,1200020889
10,focused,A,0,0,0,0.25,890,1200020890
10,focused,A,0,0,0,0.25,891,1200020891
10,focused,A,0,0,0,0.25,892,1200020892
10,focused,A,0,0,0,0.25,893,1200020893
10,focused,A,0,0,0,0.25,894,1200020894
10,focused,A,0,0,0,0.25,895,1200020895
10,focused,A,0,0,0,0.25,896,1200020896
10,focused,A,0,0,0,0.25,897,1200020897
10,focused,A,0,0,0,0.25,898,1200020898
10,focused,A,0,0,0,0.25,899,1200020899
10,focused,A,0,0,0,0.25,900,1200020900
10,focused,A,0,0,0,0.25,901,1200020901
10,focused,A,0,0,0,0.25,902,1200020902
10,focused,A,0,0,0,0.25,903,1200020903
10,focused,A,0,0,0,0.25,904,1200020904
10,focused,A,0,0,0,0.25,905,1200020905
10,focused,A,0,0,0,0.25,906,1200020906
10,focused,A,0,0,0,0.25,907,1200020907
10,focused,A,0,0,0,0.25,908,1200020908
10,focused,A,0,0,0,0.25,909,1200020909
10,focused,A,0,0,0,0.25,910,1200020910
10,focused,A,0,0,0,0.25,911,1200020911
10,focused,A,0,0,0,0.25,912,1200020912
10,focused,A,0,0,0,0.25,913,1200020913
10,focused,A,0,0,0,0.25,914,1200020914
10,focused,A,0,0,0,0.25,915,1200020915
10,focused,A,0,0,0,0.25,916,1200020916
10,focused,A,0,0,0,0.25,917,1200020917
10,focused,A,0,0,0,0.25,918,1200020918
10,focused,A,0,0,0,0.25,919,1200020919
10,focused,A,0,0,0,0.25,920,1200020920
10,focused,A,0,0,0,0.25,921,1200020921
10,focused,A,0,0,0,0.25,922,1200020922
10,focused,A,0,0,0,0.25,923,1200020923
10,focused,A,0,0,0,0.25,924,1200020924
10,focused,A,0,0,0,0.25,925,1200020925
10,focused,A,0,0,0,0.25,926,1200020926
10,focused,A,0,0,0,0.25,927,1200020927
10,focused,A,0,0,0,0.25,928,1200020928
10,focused,A,0,0,0,0.25,929,1200020929
10,focused,A,0,0,0,0.25,930,1200020930
10,focused,A,0,0,0,0.25,931,1200020931
10,focused,A,0,0,0,0.25,932,1200020932
10,focused,A,0,0,0,0.25,933,1200020933
10,focused,A,0,0,0,0.25,934,1200020934
10,focused,A,0,0,0,0.25,935,1200020935
10,focused,A,0,0,0,0.25,936,1200020936
10,focused,A,0,0,0,0.25,937,1200020937
10,focused,A,0,0,0,0.25,938,1200020938
10,focused,A,0,0,0,0.25,939,1200020939
10,focused,A,0,0,0,0.25,940,1200020940
10,focused,A,0,0,0,0.25,941,1200020941
10,focused,A,0,0,0,0.25,942,1200020942
10,focused,A,0,0,0,0.25,943,1200020943
10,focused,A,0,0,0,0.25,944,1200020944
10,focused,A,0,0,0,0.25,945,1200020945
10,focused,A,0,0,0,0.25,946,1200020946
10,focused,A,0,0,0,0.25,947,1200020947
10,focused,A,0,0,0,0.25,948,1200020948
10,focused,A,0,0,0,0.25,949,1200020949
10,focused,A,0,0,0,0.25,950,1200020950
10,focused,A,0,0,0,0.25,951,1200020951
10,focused,A,0,0,0,0.25,952,1200020952
10,focused,A,0,0,0,0.25,953,1200020953
10,focused,A,0,0,0,0.25,954,1200020954
10,focused,A,0,0,0,0.25,955,1200020955
10,focused,A,0,0,0,0.25,956,1200020956
10,focused,A,0,0,0,0.25,957,1200020957
10,focused,A,0,0,0,0.25,958,1200020958
10,focused,A,0,0,0,0.25,959,1200020959
10,focused,A,0,0,0,0.25,960,1200020960
10,focused,A,0,0,0,0.25,961,1200020961
10,focused,A,0,0,0,0.25,962,1200020962
10,focused,A,0,0,0,0.25,963,1200020963
10,focused,A,0,0,0,0.25,964,1200020964
10,focused,A,0,0,0,0.25,965,1200020965
10,focused,A,0,0,0,0.25,966,1200020966
10,focused,A,0,0,0,0.25,967,1200020967
10,focused,A,0,0,0,0.25,968,1200020968
10,focused,A,0,0,0,0.25,969,1200020969
10,focused,A,0,0,0,0.25,970,1200020970
10,focused,A,0,0,0,0.25,971,1200020971
10,focused,A,0,0,0,0.25,972,1200020972
10,focused,A,0,0,0,0.25,973,1200020973
10,focused,A,0,0,0,0.25,974,1200020974
10,focused,A,0,0,0,0.25,975,1200020975
10,focused,A,0,0,0,0.25,976,1200020976
10,focused,A,0,0,0,0.25,977,1200020977
10,focused,A,0,0,0,0.25,978,1200020978
10,focused,A,0,0,0,0.25,979,1200020979
10,focused,A,0,0,0,0.25,980,1200020980
10,focused,A,0,0,0,0.25,981,1200020981
10,focused,A,0,0,0,0.25,982,1200020982
10,focused,A,0,0,0,0.25,983,1200020983
10,focused,A,0,0,0,0.25,984,1200020984
10,focused,A,0,0,0,0.25,985,1200020985
10,focused,A,0,0,0,0.25,986,1200020986
10,focused,A,0,0,0,0.25,987,1200020987
10,focused,A,0,0,0,0.25,988,1200020988
10,focused,A,0,0,0,0.25,989,1200020989
10,focused,A,0,0,0,0.25,990,1200020990
10,focused,A,0,0,0,0.25,991,1200020991
10,focused,A,0,0,0,0.25,992,1200020992
10,focused,A,0,0,0,0.25,993,1200020993
10,focused,A,0,0,0,0.25,994,1200020994
10,focused,A,0,0,0,0.25,995,1200020995
10,focused,A,0,0,0,0.25,996,1200020996
10,focused,A,0,0,0,0.25,997,1200020997
10,focused,A,0,0,0,0.25,998,1200020998
10,focused,A,0,0,0,0.25,999,1200020999
10,focused,A,0,0,0,0.25,1000,1200021000
11,focused,A,0,0,0,4,1,1200022001
11,focused,A,0,0,0,4,2,1200022002
11,focused,A,0,0,0,4,3,1200022003
11,focused,A,0,0,0,4,4,1200022004
11,focused,A,0,0,0,4,5,1200022005
11,focused,A,0,0,0,4,6,1200022006
11,focused,A,0,0,0,4,7,1200022007
11,focused,A,0,0,0,4,8,1200022008
11,focused,A,0,0,0,4,9,1200022009
11,focused,A,0,0,0,4,10,1200022010
11,focused,A,0,0,0,4,11,1200022011
11,focused,A,0,0,0,4,12,1200022012
11,focused,A,0,0,0,4,13,1200022013
11,focused,A,0,0,0,4,14,1200022014
11,focused,A,0,0,0,4,15,1200022015
11,focused,A,0,0,0,4,16,1200022016
11,focused,A,0,0,0,4,17,1200022017
11,focused,A,0,0,0,4,18,1200022018
11,focused,A,0,0,0,4,19,1200022019
11,focused,A,0,0,0,4,20,1200022020
11,focused,A,0,0,0,4,21,1200022021
11,focused,A,0,0,0,4,22,1200022022
11,focused,A,0,0,0,4,23,1200022023
11,focused,A,0,0,0,4,24,1200022024
11,focused,A,0,0,0,4,25,1200022025
11,focused,A,0,0,0,4,26,1200022026
11,focused,A,0,0,0,4,27,1200022027
11,focused,A,0,0,0,4,28,1200022028
11,focused,A,0,0,0,4,29,1200022029
11,focused,A,0,0,0,4,30,1200022030
11,focused,A,0,0,0,4,31,1200022031
11,focused,A,0,0,0,4,32,1200022032
11,focused,A,0,0,0,4,33,1200022033
11,focused,A,0,0,0,4,34,1200022034
11,focused,A,0,0,0,4,35,1200022035
11,focused,A,0,0,0,4,36,1200022036
11,focused,A,0,0,0,4,37,1200022037
11,focused,A,0,0,0,4,38,1200022038
11,focused,A,0,0,0,4,39,1200022039
11,focused,A,0,0,0,4,40,1200022040
11,focused,A,0,0,0,4,41,1200022041
11,focused,A,0,0,0,4,42,1200022042
11,focused,A,0,0,0,4,43,1200022043
11,focused,A,0,0,0,4,44,1200022044
11,focused,A,0,0,0,4,45,1200022045
11,focused,A,0,0,0,4,46,1200022046
11,focused,A,0,0,0,4,47,1200022047
11,focused,A,0,0,0,4,48,1200022048
11,focused,A,0,0,0,4,49,1200022049
11,focused,A,0,0,0,4,50,1200022050
11,focused,A,0,0,0,4,51,1200022051
11,focused,A,0,0,0,4,52,1200022052
11,focused,A,0,0,0,4,53,1200022053
11,focused,A,0,0,0,4,54,1200022054
11,focused,A,0,0,0,4,55,1200022055
11,focused,A,0,0,0,4,56,1200022056
11,focused,A,0,0,0,4,57,1200022057
11,focused,A,0,0,0,4,58,1200022058
11,focused,A,0,0,0,4,59,1200022059
11,focused,A,0,0,0,4,60,1200022060
11,focused,A,0,0,0,4,61,1200022061
11,focused,A,0,0,0,4,62,1200022062
11,focused,A,0,0,0,4,63,1200022063
11,focused,A,0,0,0,4,64,1200022064
11,focused,A,0,0,0,4,65,1200022065
11,focused,A,0,0,0,4,66,1200022066
11,focused,A,0,0,0,4,67,1200022067
11,focused,A,0,0,0,4,68,1200022068
11,focused,A,0,0,0,4,69,1200022069
11,focused,A,0,0,0,4,70,1200022070
11,focused,A,0,0,0,4,71,1200022071
11,focused,A,0,0,0,4,72,1200022072
11,focused,A,0,0,0,4,73,1200022073
11,focused,A,0,0,0,4,74,1200022074
11,focused,A,0,0,0,4,75,1200022075
11,focused,A,0,0,0,4,76,1200022076
11,focused,A,0,0,0,4,77,1200022077
11,focused,A,0,0,0,4,78,1200022078
11,focused,A,0,0,0,4,79,1200022079
11,focused,A,0,0,0,4,80,1200022080
11,focused,A,0,0,0,4,81,1200022081
11,focused,A,0,0,0,4,82,1200022082
11,focused,A,0,0,0,4,83,1200022083
11,focused,A,0,0,0,4,84,1200022084
11,focused,A,0,0,0,4,85,1200022085
11,focused,A,0,0,0,4,86,1200022086
11,focused,A,0,0,0,4,87,1200022087
11,focused,A,0,0,0,4,88,1200022088
11,focused,A,0,0,0,4,89,1200022089
11,focused,A,0,0,0,4,90,1200022090
11,focused,A,0,0,0,4,91,1200022091
11,focused,A,0,0,0,4,92,1200022092
11,focused,A,0,0,0,4,93,1200022093
11,focused,A,0,0,0,4,94,1200022094
11,focused,A,0,0,0,4,95,1200022095
11,focused,A,0,0,0,4,96,1200022096
11,focused,A,0,0,0,4,97,1200022097
11,focused,A,0,0,0,4,98,1200022098
11,focused,A,0,0,0,4,99,1200022099
11,focused,A,0,0,0,4,100,1200022100
11,focused,A,0,0,0,4,101,1200022101
11,focused,A,0,0,0,4,102,1200022102
11,focused,A,0,0,0,4,103,1200022103
11,focused,A,0,0,0,4,104,1200022104
11,focused,A,0,0,0,4,105,1200022105
11,focused,A,0,0,0,4,106,1200022106
11,focused,A,0,0,0,4,107,1200022107
11,focused,A,0,0,0,4,108,1200022108
11,focused,A,0,0,0,4,109,1200022109
11,focused,A,0,0,0,4,110,1200022110
11,focused,A,0,0,0,4,111,1200022111
11,focused,A,0,0,0,4,112,1200022112
11,focused,A,0,0,0,4,113,1200022113
11,focused,A,0,0,0,4,114,1200022114
11,focused,A,0,0,0,4,115,1200022115
11,focused,A,0,0,0,4,116,1200022116
11,focused,A,0,0,0,4,117,1200022117
11,focused,A,0,0,0,4,118,1200022118
11,focused,A,0,0,0,4,119,1200022119
11,focused,A,0,0,0,4,120,1200022120
11,focused,A,0,0,0,4,121,1200022121
11,focused,A,0,0,0,4,122,1200022122
11,focused,A,0,0,0,4,123,1200022123
11,focused,A,0,0,0,4,124,1200022124
11,focused,A,0,0,0,4,125,1200022125
11,focused,A,0,0,0,4,126,1200022126
11,focused,A,0,0,0,4,127,1200022127
11,focused,A,0,0,0,4,128,1200022128
11,focused,A,0,0,0,4,129,1200022129
11,focused,A,0,0,0,4,130,1200022130
11,focused,A,0,0,0,4,131,1200022131
11,focused,A,0,0,0,4,132,1200022132
11,focused,A,0,0,0,4,133,1200022133
11,focused,A,0,0,0,4,134,1200022134
11,focused,A,0,0,0,4,135,1200022135
11,focused,A,0,0,0,4,136,1200022136
11,focused,A,0,0,0,4,137,1200022137
11,focused,A,0,0,0,4,138,1200022138
11,focused,A,0,0,0,4,139,1200022139
11,focused,A,0,0,0,4,140,1200022140
11,focused,A,0,0,0,4,141,1200022141
11,focused,A,0,0,0,4,142,1200022142
11,focused,A,0,0,0,4,143,1200022143
11,focused,A,0,0,0,4,144,1200022144
11,focused,A,0,0,0,4,145,1200022145
11,focused,A,0,0,0,4,146,1200022146
11,focused,A,0,0,0,4,147,1200022147
11,focused,A,0,0,0,4,148,1200022148
11,focused,A,0,0,0,4,149,1200022149
11,focused,A,0,0,0,4,150,1200022150
11,focused,A,0,0,0,4,151,1200022151
11,focused,A,0,0,0,4,152,1200022152
11,focused,A,0,0,0,4,153,1200022153
11,focused,A,0,0,0,4,154,1200022154
11,focused,A,0,0,0,4,155,1200022155
11,focused,A,0,0,0,4,156,1200022156
11,focused,A,0,0,0,4,157,1200022157
11,focused,A,0,0,0,4,158,1200022158
11,focused,A,0,0,0,4,159,1200022159
11,focused,A,0,0,0,4,160,1200022160
11,focused,A,0,0,0,4,161,1200022161
11,focused,A,0,0,0,4,162,1200022162
11,focused,A,0,0,0,4,163,1200022163
11,focused,A,0,0,0,4,164,1200022164
11,focused,A,0,0,0,4,165,1200022165
11,focused,A,0,0,0,4,166,1200022166
11,focused,A,0,0,0,4,167,1200022167
11,focused,A,0,0,0,4,168,1200022168
11,focused,A,0,0,0,4,169,1200022169
11,focused,A,0,0,0,4,170,1200022170
11,focused,A,0,0,0,4,171,1200022171
11,focused,A,0,0,0,4,172,1200022172
11,focused,A,0,0,0,4,173,1200022173
11,focused,A,0,0,0,4,174,1200022174
11,focused,A,0,0,0,4,175,1200022175
11,focused,A,0,0,0,4,176,1200022176
11,focused,A,0,0,0,4,177,1200022177
11,focused,A,0,0,0,4,178,1200022178
11,focused,A,0,0,0,4,179,1200022179
11,focused,A,0,0,0,4,180,1200022180
11,focused,A,0,0,0,4,181,1200022181
11,focused,A,0,0,0,4,182,1200022182
11,focused,A,0,0,0,4,183,1200022183
11,focused,A,0,0,0,4,184,1200022184
11,focused,A,0,0,0,4,185,1200022185
11,focused,A,0,0,0,4,186,1200022186
11,focused,A,0,0,0,4,187,1200022187
11,focused,A,0,0,0,4,188,1200022188
11,focused,A,0,0,0,4,189,1200022189
11,focused,A,0,0,0,4,190,1200022190
11,focused,A,0,0,0,4,191,1200022191
11,focused,A,0,0,0,4,192,1200022192
11,focused,A,0,0,0,4,193,1200022193
11,focused,A,0,0,0,4,194,1200022194
11,focused,A,0,0,0,4,195,1200022195
11,focused,A,0,0,0,4,196,1200022196
11,focused,A,0,0,0,4,197,1200022197
11,focused,A,0,0,0,4,198,1200022198
11,focused,A,0,0,0,4,199,1200022199
11,focused,A,0,0,0,4,200,1200022200
11,focused,A,0,0,0,4,201,1200022201
11,focused,A,0,0,0,4,202,1200022202
11,focused,A,0,0,0,4,203,1200022203
11,focused,A,0,0,0,4,204,1200022204
11,focused,A,0,0,0,4,205,1200022205
11,focused,A,0,0,0,4,206,1200022206
11,focused,A,0,0,0,4,207,1200022207
11,focused,A,0,0,0,4,208,1200022208
11,focused,A,0,0,0,4,209,1200022209
11,focused,A,0,0,0,4,210,1200022210
11,focused,A,0,0,0,4,211,1200022211
11,focused,A,0,0,0,4,212,1200022212
11,focused,A,0,0,0,4,213,1200022213
11,focused,A,0,0,0,4,214,1200022214
11,focused,A,0,0,0,4,215,1200022215
11,focused,A,0,0,0,4,216,1200022216
11,focused,A,0,0,0,4,217,1200022217
11,focused,A,0,0,0,4,218,1200022218
11,focused,A,0,0,0,4,219,1200022219
11,focused,A,0,0,0,4,220,1200022220
11,focused,A,0,0,0,4,221,1200022221
11,focused,A,0,0,0,4,222,1200022222
11,focused,A,0,0,0,4,223,1200022223
11,focused,A,0,0,0,4,224,1200022224
11,focused,A,0,0,0,4,225,1200022225
11,focused,A,0,0,0,4,226,1200022226
11,focused,A,0,0,0,4,227,1200022227
11,focused,A,0,0,0,4,228,1200022228
11,focused,A,0,0,0,4,229,1200022229
11,focused,A,0,0,0,4,230,1200022230
11,focused,A,0,0,0,4,231,1200022231
11,focused,A,0,0,0,4,232,1200022232
11,focused,A,0,0,0,4,233,1200022233
11,focused,A,0,0,0,4,234,1200022234
11,focused,A,0,0,0,4,235,1200022235
11,focused,A,0,0,0,4,236,1200022236
11,focused,A,0,0,0,4,237,1200022237
11,focused,A,0,0,0,4,238,1200022238
11,focused,A,0,0,0,4,239,1200022239
11,focused,A,0,0,0,4,240,1200022240
11,focused,A,0,0,0,4,241,1200022241
11,focused,A,0,0,0,4,242,1200022242
11,focused,A,0,0,0,4,243,1200022243
11,focused,A,0,0,0,4,244,1200022244
11,focused,A,0,0,0,4,245,1200022245
11,focused,A,0,0,0,4,246,1200022246
11,focused,A,0,0,0,4,247,1200022247
11,focused,A,0,0,0,4,248,1200022248
11,focused,A,0,0,0,4,249,1200022249
11,focused,A,0,0,0,4,250,1200022250
11,focused,A,0,0,0,4,251,1200022251
11,focused,A,0,0,0,4,252,1200022252
11,focused,A,0,0,0,4,253,1200022253
11,focused,A,0,0,0,4,254,1200022254
11,focused,A,0,0,0,4,255,1200022255
11,focused,A,0,0,0,4,256,1200022256
11,focused,A,0,0,0,4,257,1200022257
11,focused,A,0,0,0,4,258,1200022258
11,focused,A,0,0,0,4,259,1200022259
11,focused,A,0,0,0,4,260,1200022260
11,focused,A,0,0,0,4,261,1200022261
11,focused,A,0,0,0,4,262,1200022262
11,focused,A,0,0,0,4,263,1200022263
11,focused,A,0,0,0,4,264,1200022264
11,focused,A,0,0,0,4,265,1200022265
11,focused,A,0,0,0,4,266,1200022266
11,focused,A,0,0,0,4,267,1200022267
11,focused,A,0,0,0,4,268,1200022268
11,focused,A,0,0,0,4,269,1200022269
11,focused,A,0,0,0,4,270,1200022270
11,focused,A,0,0,0,4,271,1200022271
11,focused,A,0,0,0,4,272,1200022272
11,focused,A,0,0,0,4,273,1200022273
11,focused,A,0,0,0,4,274,1200022274
11,focused,A,0,0,0,4,275,1200022275
11,focused,A,0,0,0,4,276,1200022276
11,focused,A,0,0,0,4,277,1200022277
11,focused,A,0,0,0,4,278,1200022278
11,focused,A,0,0,0,4,279,1200022279
11,focused,A,0,0,0,4,280,1200022280
11,focused,A,0,0,0,4,281,1200022281
11,focused,A,0,0,0,4,282,1200022282
11,focused,A,0,0,0,4,283,1200022283
11,focused,A,0,0,0,4,284,1200022284
11,focused,A,0,0,0,4,285,1200022285
11,focused,A,0,0,0,4,286,1200022286
11,focused,A,0,0,0,4,287,1200022287
11,focused,A,0,0,0,4,288,1200022288
11,focused,A,0,0,0,4,289,1200022289
11,focused,A,0,0,0,4,290,1200022290
11,focused,A,0,0,0,4,291,1200022291
11,focused,A,0,0,0,4,292,1200022292
11,focused,A,0,0,0,4,293,1200022293
11,focused,A,0,0,0,4,294,1200022294
11,focused,A,0,0,0,4,295,1200022295
11,focused,A,0,0,0,4,296,1200022296
11,focused,A,0,0,0,4,297,1200022297
11,focused,A,0,0,0,4,298,1200022298
11,focused,A,0,0,0,4,299,1200022299
11,focused,A,0,0,0,4,300,1200022300
11,focused,A,0,0,0,4,301,1200022301
11,focused,A,0,0,0,4,302,1200022302
11,focused,A,0,0,0,4,303,1200022303
11,focused,A,0,0,0,4,304,1200022304
11,focused,A,0,0,0,4,305,1200022305
11,focused,A,0,0,0,4,306,1200022306
11,focused,A,0,0,0,4,307,1200022307
11,focused,A,0,0,0,4,308,1200022308
11,focused,A,0,0,0,4,309,1200022309
11,focused,A,0,0,0,4,310,1200022310
11,focused,A,0,0,0,4,311,1200022311
11,focused,A,0,0,0,4,312,1200022312
11,focused,A,0,0,0,4,313,1200022313
11,focused,A,0,0,0,4,314,1200022314
11,focused,A,0,0,0,4,315,1200022315
11,focused,A,0,0,0,4,316,1200022316
11,focused,A,0,0,0,4,317,1200022317
11,focused,A,0,0,0,4,318,1200022318
11,focused,A,0,0,0,4,319,1200022319
11,focused,A,0,0,0,4,320,1200022320
11,focused,A,0,0,0,4,321,1200022321
11,focused,A,0,0,0,4,322,1200022322
11,focused,A,0,0,0,4,323,1200022323
11,focused,A,0,0,0,4,324,1200022324
11,focused,A,0,0,0,4,325,1200022325
11,focused,A,0,0,0,4,326,1200022326
11,focused,A,0,0,0,4,327,1200022327
11,focused,A,0,0,0,4,328,1200022328
11,focused,A,0,0,0,4,329,1200022329
11,focused,A,0,0,0,4,330,1200022330
11,focused,A,0,0,0,4,331,1200022331
11,focused,A,0,0,0,4,332,1200022332
11,focused,A,0,0,0,4,333,1200022333
11,focused,A,0,0,0,4,334,1200022334
11,focused,A,0,0,0,4,335,1200022335
11,focused,A,0,0,0,4,336,1200022336
11,focused,A,0,0,0,4,337,1200022337
11,focused,A,0,0,0,4,338,1200022338
11,focused,A,0,0,0,4,339,1200022339
11,focused,A,0,0,0,4,340,1200022340
11,focused,A,0,0,0,4,341,1200022341
11,focused,A,0,0,0,4,342,1200022342
11,focused,A,0,0,0,4,343,1200022343
11,focused,A,0,0,0,4,344,1200022344
11,focused,A,0,0,0,4,345,1200022345
11,focused,A,0,0,0,4,346,1200022346
11,focused,A,0,0,0,4,347,1200022347
11,focused,A,0,0,0,4,348,1200022348
11,focused,A,0,0,0,4,349,1200022349
11,focused,A,0,0,0,4,350,1200022350
11,focused,A,0,0,0,4,351,1200022351
11,focused,A,0,0,0,4,352,1200022352
11,focused,A,0,0,0,4,353,1200022353
11,focused,A,0,0,0,4,354,1200022354
11,focused,A,0,0,0,4,355,1200022355
11,focused,A,0,0,0,4,356,1200022356
11,focused,A,0,0,0,4,357,1200022357
11,focused,A,0,0,0,4,358,1200022358
11,focused,A,0,0,0,4,359,1200022359
11,focused,A,0,0,0,4,360,1200022360
11,focused,A,0,0,0,4,361,1200022361
11,focused,A,0,0,0,4,362,1200022362
11,focused,A,0,0,0,4,363,1200022363
11,focused,A,0,0,0,4,364,1200022364
11,focused,A,0,0,0,4,365,1200022365
11,focused,A,0,0,0,4,366,1200022366
11,focused,A,0,0,0,4,367,1200022367
11,focused,A,0,0,0,4,368,1200022368
11,focused,A,0,0,0,4,369,1200022369
11,focused,A,0,0,0,4,370,1200022370
11,focused,A,0,0,0,4,371,1200022371
11,focused,A,0,0,0,4,372,1200022372
11,focused,A,0,0,0,4,373,1200022373
11,focused,A,0,0,0,4,374,1200022374
11,focused,A,0,0,0,4,375,1200022375
11,focused,A,0,0,0,4,376,1200022376
11,focused,A,0,0,0,4,377,1200022377
11,focused,A,0,0,0,4,378,1200022378
11,focused,A,0,0,0,4,379,1200022379
11,focused,A,0,0,0,4,380,1200022380
11,focused,A,0,0,0,4,381,1200022381
11,focused,A,0,0,0,4,382,1200022382
11,focused,A,0,0,0,4,383,1200022383
11,focused,A,0,0,0,4,384,1200022384
11,focused,A,0,0,0,4,385,1200022385
11,focused,A,0,0,0,4,386,1200022386
11,focused,A,0,0,0,4,387,1200022387
11,focused,A,0,0,0,4,388,1200022388
11,focused,A,0,0,0,4,389,1200022389
11,focused,A,0,0,0,4,390,1200022390
11,focused,A,0,0,0,4,391,1200022391
11,focused,A,0,0,0,4,392,1200022392
11,focused,A,0,0,0,4,393,1200022393
11,focused,A,0,0,0,4,394,1200022394
11,focused,A,0,0,0,4,395,1200022395
11,focused,A,0,0,0,4,396,1200022396
11,focused,A,0,0,0,4,397,1200022397
11,focused,A,0,0,0,4,398,1200022398
11,focused,A,0,0,0,4,399,1200022399
11,focused,A,0,0,0,4,400,1200022400
11,focused,A,0,0,0,4,401,1200022401
11,focused,A,0,0,0,4,402,1200022402
11,focused,A,0,0,0,4,403,1200022403
11,focused,A,0,0,0,4,404,1200022404
11,focused,A,0,0,0,4,405,1200022405
11,focused,A,0,0,0,4,406,1200022406
11,focused,A,0,0,0,4,407,1200022407
11,focused,A,0,0,0,4,408,1200022408
11,focused,A,0,0,0,4,409,1200022409
11,focused,A,0,0,0,4,410,1200022410
11,focused,A,0,0,0,4,411,1200022411
11,focused,A,0,0,0,4,412,1200022412
11,focused,A,0,0,0,4,413,1200022413
11,focused,A,0,0,0,4,414,1200022414
11,focused,A,0,0,0,4,415,1200022415
11,focused,A,0,0,0,4,416,1200022416
11,focused,A,0,0,0,4,417,1200022417
11,focused,A,0,0,0,4,418,1200022418
11,focused,A,0,0,0,4,419,1200022419
11,focused,A,0,0,0,4,420,1200022420
11,focused,A,0,0,0,4,421,1200022421
11,focused,A,0,0,0,4,422,1200022422
11,focused,A,0,0,0,4,423,1200022423
11,focused,A,0,0,0,4,424,1200022424
11,focused,A,0,0,0,4,425,1200022425
11,focused,A,0,0,0,4,426,1200022426
11,focused,A,0,0,0,4,427,1200022427
11,focused,A,0,0,0,4,428,1200022428
11,focused,A,0,0,0,4,429,1200022429
11,focused,A,0,0,0,4,430,1200022430
11,focused,A,0,0,0,4,431,1200022431
11,focused,A,0,0,0,4,432,1200022432
11,focused,A,0,0,0,4,433,1200022433
11,focused,A,0,0,0,4,434,1200022434
11,focused,A,0,0,0,4,435,1200022435
11,focused,A,0,0,0,4,436,1200022436
11,focused,A,0,0,0,4,437,1200022437
11,focused,A,0,0,0,4,438,1200022438
11,focused,A,0,0,0,4,439,1200022439
11,focused,A,0,0,0,4,440,1200022440
11,focused,A,0,0,0,4,441,1200022441
11,focused,A,0,0,0,4,442,1200022442
11,focused,A,0,0,0,4,443,1200022443
11,focused,A,0,0,0,4,444,1200022444
11,focused,A,0,0,0,4,445,1200022445
11,focused,A,0,0,0,4,446,1200022446
11,focused,A,0,0,0,4,447,1200022447
11,focused,A,0,0,0,4,448,1200022448
11,focused,A,0,0,0,4,449,1200022449
11,focused,A,0,0,0,4,450,1200022450
11,focused,A,0,0,0,4,451,1200022451
11,focused,A,0,0,0,4,452,1200022452
11,focused,A,0,0,0,4,453,1200022453
11,focused,A,0,0,0,4,454,1200022454
11,focused,A,0,0,0,4,455,1200022455
11,focused,A,0,0,0,4,456,1200022456
11,focused,A,0,0,0,4,457,1200022457
11,focused,A,0,0,0,4,458,1200022458
11,focused,A,0,0,0,4,459,1200022459
11,focused,A,0,0,0,4,460,1200022460
11,focused,A,0,0,0,4,461,1200022461
11,focused,A,0,0,0,4,462,1200022462
11,focused,A,0,0,0,4,463,1200022463
11,focused,A,0,0,0,4,464,1200022464
11,focused,A,0,0,0,4,465,1200022465
11,focused,A,0,0,0,4,466,1200022466
11,focused,A,0,0,0,4,467,1200022467
11,focused,A,0,0,0,4,468,1200022468
11,focused,A,0,0,0,4,469,1200022469
11,focused,A,0,0,0,4,470,1200022470
11,focused,A,0,0,0,4,471,1200022471
11,focused,A,0,0,0,4,472,1200022472
11,focused,A,0,0,0,4,473,1200022473
11,focused,A,0,0,0,4,474,1200022474
11,focused,A,0,0,0,4,475,1200022475
11,focused,A,0,0,0,4,476,1200022476
11,focused,A,0,0,0,4,477,1200022477
11,focused,A,0,0,0,4,478,1200022478
11,focused,A,0,0,0,4,479,1200022479
11,focused,A,0,0,0,4,480,1200022480
11,focused,A,0,0,0,4,481,1200022481
11,focused,A,0,0,0,4,482,1200022482
11,focused,A,0,0,0,4,483,1200022483
11,focused,A,0,0,0,4,484,1200022484
11,focused,A,0,0,0,4,485,1200022485
11,focused,A,0,0,0,4,486,1200022486
11,focused,A,0,0,0,4,487,1200022487
11,focused,A,0,0,0,4,488,1200022488
11,focused,A,0,0,0,4,489,1200022489
11,focused,A,0,0,0,4,490,1200022490
11,focused,A,0,0,0,4,491,1200022491
11,focused,A,0,0,0,4,492,1200022492
11,focused,A,0,0,0,4,493,1200022493
11,focused,A,0,0,0,4,494,1200022494
11,focused,A,0,0,0,4,495,1200022495
11,focused,A,0,0,0,4,496,1200022496
11,focused,A,0,0,0,4,497,1200022497
11,focused,A,0,0,0,4,498,1200022498
11,focused,A,0,0,0,4,499,1200022499
11,focused,A,0,0,0,4,500,1200022500
11,focused,A,0,0,0,4,501,1200022501
11,focused,A,0,0,0,4,502,1200022502
11,focused,A,0,0,0,4,503,1200022503
11,focused,A,0,0,0,4,504,1200022504
11,focused,A,0,0,0,4,505,1200022505
11,focused,A,0,0,0,4,506,1200022506
11,focused,A,0,0,0,4,507,1200022507
11,focused,A,0,0,0,4,508,1200022508
11,focused,A,0,0,0,4,509,1200022509
11,focused,A,0,0,0,4,510,1200022510
11,focused,A,0,0,0,4,511,1200022511
11,focused,A,0,0,0,4,512,1200022512
11,focused,A,0,0,0,4,513,1200022513
11,focused,A,0,0,0,4,514,1200022514
11,focused,A,0,0,0,4,515,1200022515
11,focused,A,0,0,0,4,516,1200022516
11,focused,A,0,0,0,4,517,1200022517
11,focused,A,0,0,0,4,518,1200022518
11,focused,A,0,0,0,4,519,1200022519
11,focused,A,0,0,0,4,520,1200022520
11,focused,A,0,0,0,4,521,1200022521
11,focused,A,0,0,0,4,522,1200022522
11,focused,A,0,0,0,4,523,1200022523
11,focused,A,0,0,0,4,524,1200022524
11,focused,A,0,0,0,4,525,1200022525
11,focused,A,0,0,0,4,526,1200022526
11,focused,A,0,0,0,4,527,1200022527
11,focused,A,0,0,0,4,528,1200022528
11,focused,A,0,0,0,4,529,1200022529
11,focused,A,0,0,0,4,530,1200022530
11,focused,A,0,0,0,4,531,1200022531
11,focused,A,0,0,0,4,532,1200022532
11,focused,A,0,0,0,4,533,1200022533
11,focused,A,0,0,0,4,534,1200022534
11,focused,A,0,0,0,4,535,1200022535
11,focused,A,0,0,0,4,536,1200022536
11,focused,A,0,0,0,4,537,1200022537
11,focused,A,0,0,0,4,538,1200022538
11,focused,A,0,0,0,4,539,1200022539
11,focused,A,0,0,0,4,540,1200022540
11,focused,A,0,0,0,4,541,1200022541
11,focused,A,0,0,0,4,542,1200022542
11,focused,A,0,0,0,4,543,1200022543
11,focused,A,0,0,0,4,544,1200022544
11,focused,A,0,0,0,4,545,1200022545
11,focused,A,0,0,0,4,546,1200022546
11,focused,A,0,0,0,4,547,1200022547
11,focused,A,0,0,0,4,548,1200022548
11,focused,A,0,0,0,4,549,1200022549
11,focused,A,0,0,0,4,550,1200022550
11,focused,A,0,0,0,4,551,1200022551
11,focused,A,0,0,0,4,552,1200022552
11,focused,A,0,0,0,4,553,1200022553
11,focused,A,0,0,0,4,554,1200022554
11,focused,A,0,0,0,4,555,1200022555
11,focused,A,0,0,0,4,556,1200022556
11,focused,A,0,0,0,4,557,1200022557
11,focused,A,0,0,0,4,558,1200022558
11,focused,A,0,0,0,4,559,1200022559
11,focused,A,0,0,0,4,560,1200022560
11,focused,A,0,0,0,4,561,1200022561
11,focused,A,0,0,0,4,562,1200022562
11,focused,A,0,0,0,4,563,1200022563
11,focused,A,0,0,0,4,564,1200022564
11,focused,A,0,0,0,4,565,1200022565
11,focused,A,0,0,0,4,566,1200022566
11,focused,A,0,0,0,4,567,1200022567
11,focused,A,0,0,0,4,568,1200022568
11,focused,A,0,0,0,4,569,1200022569
11,focused,A,0,0,0,4,570,1200022570
11,focused,A,0,0,0,4,571,1200022571
11,focused,A,0,0,0,4,572,1200022572
11,focused,A,0,0,0,4,573,1200022573
11,focused,A,0,0,0,4,574,1200022574
11,focused,A,0,0,0,4,575,1200022575
11,focused,A,0,0,0,4,576,1200022576
11,focused,A,0,0,0,4,577,1200022577
11,focused,A,0,0,0,4,578,1200022578
11,focused,A,0,0,0,4,579,1200022579
11,focused,A,0,0,0,4,580,1200022580
11,focused,A,0,0,0,4,581,1200022581
11,focused,A,0,0,0,4,582,1200022582
11,focused,A,0,0,0,4,583,1200022583
11,focused,A,0,0,0,4,584,1200022584
11,focused,A,0,0,0,4,585,1200022585
11,focused,A,0,0,0,4,586,1200022586
11,focused,A,0,0,0,4,587,1200022587
11,focused,A,0,0,0,4,588,1200022588
11,focused,A,0,0,0,4,589,1200022589
11,focused,A,0,0,0,4,590,1200022590
11,focused,A,0,0,0,4,591,1200022591
11,focused,A,0,0,0,4,592,1200022592
11,focused,A,0,0,0,4,593,1200022593
11,focused,A,0,0,0,4,594,1200022594
11,focused,A,0,0,0,4,595,1200022595
11,focused,A,0,0,0,4,596,1200022596
11,focused,A,0,0,0,4,597,1200022597
11,focused,A,0,0,0,4,598,1200022598
11,focused,A,0,0,0,4,599,1200022599
11,focused,A,0,0,0,4,600,1200022600
11,focused,A,0,0,0,4,601,1200022601
11,focused,A,0,0,0,4,602,1200022602
11,focused,A,0,0,0,4,603,1200022603
11,focused,A,0,0,0,4,604,1200022604
11,focused,A,0,0,0,4,605,1200022605
11,focused,A,0,0,0,4,606,1200022606
11,focused,A,0,0,0,4,607,1200022607
11,focused,A,0,0,0,4,608,1200022608
11,focused,A,0,0,0,4,609,1200022609
11,focused,A,0,0,0,4,610,1200022610
11,focused,A,0,0,0,4,611,1200022611
11,focused,A,0,0,0,4,612,1200022612
11,focused,A,0,0,0,4,613,1200022613
11,focused,A,0,0,0,4,614,1200022614
11,focused,A,0,0,0,4,615,1200022615
11,focused,A,0,0,0,4,616,1200022616
11,focused,A,0,0,0,4,617,1200022617
11,focused,A,0,0,0,4,618,1200022618
11,focused,A,0,0,0,4,619,1200022619
11,focused,A,0,0,0,4,620,1200022620
11,focused,A,0,0,0,4,621,1200022621
11,focused,A,0,0,0,4,622,1200022622
11,focused,A,0,0,0,4,623,1200022623
11,focused,A,0,0,0,4,624,1200022624
11,focused,A,0,0,0,4,625,1200022625
11,focused,A,0,0,0,4,626,1200022626
11,focused,A,0,0,0,4,627,1200022627
11,focused,A,0,0,0,4,628,1200022628
11,focused,A,0,0,0,4,629,1200022629
11,focused,A,0,0,0,4,630,1200022630
11,focused,A,0,0,0,4,631,1200022631
11,focused,A,0,0,0,4,632,1200022632
11,focused,A,0,0,0,4,633,1200022633
11,focused,A,0,0,0,4,634,1200022634
11,focused,A,0,0,0,4,635,1200022635
11,focused,A,0,0,0,4,636,1200022636
11,focused,A,0,0,0,4,637,1200022637
11,focused,A,0,0,0,4,638,1200022638
11,focused,A,0,0,0,4,639,1200022639
11,focused,A,0,0,0,4,640,1200022640
11,focused,A,0,0,0,4,641,1200022641
11,focused,A,0,0,0,4,642,1200022642
11,focused,A,0,0,0,4,643,1200022643
11,focused,A,0,0,0,4,644,1200022644
11,focused,A,0,0,0,4,645,1200022645
11,focused,A,0,0,0,4,646,1200022646
11,focused,A,0,0,0,4,647,1200022647
11,focused,A,0,0,0,4,648,1200022648
11,focused,A,0,0,0,4,649,1200022649
11,focused,A,0,0,0,4,650,1200022650
11,focused,A,0,0,0,4,651,1200022651
11,focused,A,0,0,0,4,652,1200022652
11,focused,A,0,0,0,4,653,1200022653
11,focused,A,0,0,0,4,654,1200022654
11,focused,A,0,0,0,4,655,1200022655
11,focused,A,0,0,0,4,656,1200022656
11,focused,A,0,0,0,4,657,1200022657
11,focused,A,0,0,0,4,658,1200022658
11,focused,A,0,0,0,4,659,1200022659
11,focused,A,0,0,0,4,660,1200022660
11,focused,A,0,0,0,4,661,1200022661
11,focused,A,0,0,0,4,662,1200022662
11,focused,A,0,0,0,4,663,1200022663
11,focused,A,0,0,0,4,664,1200022664
11,focused,A,0,0,0,4,665,1200022665
11,focused,A,0,0,0,4,666,1200022666
11,focused,A,0,0,0,4,667,1200022667
11,focused,A,0,0,0,4,668,1200022668
11,focused,A,0,0,0,4,669,1200022669
11,focused,A,0,0,0,4,670,1200022670
11,focused,A,0,0,0,4,671,1200022671
11,focused,A,0,0,0,4,672,1200022672
11,focused,A,0,0,0,4,673,1200022673
11,focused,A,0,0,0,4,674,1200022674
11,focused,A,0,0,0,4,675,1200022675
11,focused,A,0,0,0,4,676,1200022676
11,focused,A,0,0,0,4,677,1200022677
11,focused,A,0,0,0,4,678,1200022678
11,focused,A,0,0,0,4,679,1200022679
11,focused,A,0,0,0,4,680,1200022680
11,focused,A,0,0,0,4,681,1200022681
11,focused,A,0,0,0,4,682,1200022682
11,focused,A,0,0,0,4,683,1200022683
11,focused,A,0,0,0,4,684,1200022684
11,focused,A,0,0,0,4,685,1200022685
11,focused,A,0,0,0,4,686,1200022686
11,focused,A,0,0,0,4,687,1200022687
11,focused,A,0,0,0,4,688,1200022688
11,focused,A,0,0,0,4,689,1200022689
11,focused,A,0,0,0,4,690,1200022690
11,focused,A,0,0,0,4,691,1200022691
11,focused,A,0,0,0,4,692,1200022692
11,focused,A,0,0,0,4,693,1200022693
11,focused,A,0,0,0,4,694,1200022694
11,focused,A,0,0,0,4,695,1200022695
11,focused,A,0,0,0,4,696,1200022696
11,focused,A,0,0,0,4,697,1200022697
11,focused,A,0,0,0,4,698,1200022698
11,focused,A,0,0,0,4,699,1200022699
11,focused,A,0,0,0,4,700,1200022700
11,focused,A,0,0,0,4,701,1200022701
11,focused,A,0,0,0,4,702,1200022702
11,focused,A,0,0,0,4,703,1200022703
11,focused,A,0,0,0,4,704,1200022704
11,focused,A,0,0,0,4,705,1200022705
11,focused,A,0,0,0,4,706,1200022706
11,focused,A,0,0,0,4,707,1200022707
11,focused,A,0,0,0,4,708,1200022708
11,focused,A,0,0,0,4,709,1200022709
11,focused,A,0,0,0,4,710,1200022710
11,focused,A,0,0,0,4,711,1200022711
11,focused,A,0,0,0,4,712,1200022712
11,focused,A,0,0,0,4,713,1200022713
11,focused,A,0,0,0,4,714,1200022714
11,focused,A,0,0,0,4,715,1200022715
11,focused,A,0,0,0,4,716,1200022716
11,focused,A,0,0,0,4,717,1200022717
11,focused,A,0,0,0,4,718,1200022718
11,focused,A,0,0,0,4,719,1200022719
11,focused,A,0,0,0,4,720,1200022720
11,focused,A,0,0,0,4,721,1200022721
11,focused,A,0,0,0,4,722,1200022722
11,focused,A,0,0,0,4,723,1200022723
11,focused,A,0,0,0,4,724,1200022724
11,focused,A,0,0,0,4,725,1200022725
11,focused,A,0,0,0,4,726,1200022726
11,focused,A,0,0,0,4,727,1200022727
11,focused,A,0,0,0,4,728,1200022728
11,focused,A,0,0,0,4,729,1200022729
11,focused,A,0,0,0,4,730,1200022730
11,focused,A,0,0,0,4,731,1200022731
11,focused,A,0,0,0,4,732,1200022732
11,focused,A,0,0,0,4,733,1200022733
11,focused,A,0,0,0,4,734,1200022734
11,focused,A,0,0,0,4,735,1200022735
11,focused,A,0,0,0,4,736,1200022736
11,focused,A,0,0,0,4,737,1200022737
11,focused,A,0,0,0,4,738,1200022738
11,focused,A,0,0,0,4,739,1200022739
11,focused,A,0,0,0,4,740,1200022740
11,focused,A,0,0,0,4,741,1200022741
11,focused,A,0,0,0,4,742,1200022742
11,focused,A,0,0,0,4,743,1200022743
11,focused,A,0,0,0,4,744,1200022744
11,focused,A,0,0,0,4,745,1200022745
11,focused,A,0,0,0,4,746,1200022746
11,focused,A,0,0,0,4,747,1200022747
11,focused,A,0,0,0,4,748,1200022748
11,focused,A,0,0,0,4,749,1200022749
11,focused,A,0,0,0,4,750,1200022750
11,focused,A,0,0,0,4,751,1200022751
11,focused,A,0,0,0,4,752,1200022752
11,focused,A,0,0,0,4,753,1200022753
11,focused,A,0,0,0,4,754,1200022754
11,focused,A,0,0,0,4,755,1200022755
11,focused,A,0,0,0,4,756,1200022756
11,focused,A,0,0,0,4,757,1200022757
11,focused,A,0,0,0,4,758,1200022758
11,focused,A,0,0,0,4,759,1200022759
11,focused,A,0,0,0,4,760,1200022760
11,focused,A,0,0,0,4,761,1200022761
11,focused,A,0,0,0,4,762,1200022762
11,focused,A,0,0,0,4,763,1200022763
11,focused,A,0,0,0,4,764,1200022764
11,focused,A,0,0,0,4,765,1200022765
11,focused,A,0,0,0,4,766,1200022766
11,focused,A,0,0,0,4,767,1200022767
11,focused,A,0,0,0,4,768,1200022768
11,focused,A,0,0,0,4,769,1200022769
11,focused,A,0,0,0,4,770,1200022770
11,focused,A,0,0,0,4,771,1200022771
11,focused,A,0,0,0,4,772,1200022772
11,focused,A,0,0,0,4,773,1200022773
11,focused,A,0,0,0,4,774,1200022774
11,focused,A,0,0,0,4,775,1200022775
11,focused,A,0,0,0,4,776,1200022776
11,focused,A,0,0,0,4,777,1200022777
11,focused,A,0,0,0,4,778,1200022778
11,focused,A,0,0,0,4,779,1200022779
11,focused,A,0,0,0,4,780,1200022780
11,focused,A,0,0,0,4,781,1200022781
11,focused,A,0,0,0,4,782,1200022782
11,focused,A,0,0,0,4,783,1200022783
11,focused,A,0,0,0,4,784,1200022784
11,focused,A,0,0,0,4,785,1200022785
11,focused,A,0,0,0,4,786,1200022786
11,focused,A,0,0,0,4,787,1200022787
11,focused,A,0,0,0,4,788,1200022788
11,focused,A,0,0,0,4,789,1200022789
11,focused,A,0,0,0,4,790,1200022790
11,focused,A,0,0,0,4,791,1200022791
11,focused,A,0,0,0,4,792,1200022792
11,focused,A,0,0,0,4,793,1200022793
11,focused,A,0,0,0,4,794,1200022794
11,focused,A,0,0,0,4,795,1200022795
11,focused,A,0,0,0,4,796,1200022796
11,focused,A,0,0,0,4,797,1200022797
11,focused,A,0,0,0,4,798,1200022798
11,focused,A,0,0,0,4,799,1200022799
11,focused,A,0,0,0,4,800,1200022800
11,focused,A,0,0,0,4,801,1200022801
11,focused,A,0,0,0,4,802,1200022802
11,focused,A,0,0,0,4,803,1200022803
11,focused,A,0,0,0,4,804,1200022804
11,focused,A,0,0,0,4,805,1200022805
11,focused,A,0,0,0,4,806,1200022806
11,focused,A,0,0,0,4,807,1200022807
11,focused,A,0,0,0,4,808,1200022808
11,focused,A,0,0,0,4,809,1200022809
11,focused,A,0,0,0,4,810,1200022810
11,focused,A,0,0,0,4,811,1200022811
11,focused,A,0,0,0,4,812,1200022812
11,focused,A,0,0,0,4,813,1200022813
11,focused,A,0,0,0,4,814,1200022814
11,focused,A,0,0,0,4,815,1200022815
11,focused,A,0,0,0,4,816,1200022816
11,focused,A,0,0,0,4,817,1200022817
11,focused,A,0,0,0,4,818,1200022818
11,focused,A,0,0,0,4,819,1200022819
11,focused,A,0,0,0,4,820,1200022820
11,focused,A,0,0,0,4,821,1200022821
11,focused,A,0,0,0,4,822,1200022822
11,focused,A,0,0,0,4,823,1200022823
11,focused,A,0,0,0,4,824,1200022824
11,focused,A,0,0,0,4,825,1200022825
11,focused,A,0,0,0,4,826,1200022826
11,focused,A,0,0,0,4,827,1200022827
11,focused,A,0,0,0,4,828,1200022828
11,focused,A,0,0,0,4,829,1200022829
11,focused,A,0,0,0,4,830,1200022830
11,focused,A,0,0,0,4,831,1200022831
11,focused,A,0,0,0,4,832,1200022832
11,focused,A,0,0,0,4,833,1200022833
11,focused,A,0,0,0,4,834,1200022834
11,focused,A,0,0,0,4,835,1200022835
11,focused,A,0,0,0,4,836,1200022836
11,focused,A,0,0,0,4,837,1200022837
11,focused,A,0,0,0,4,838,1200022838
11,focused,A,0,0,0,4,839,1200022839
11,focused,A,0,0,0,4,840,1200022840
11,focused,A,0,0,0,4,841,1200022841
11,focused,A,0,0,0,4,842,1200022842
11,focused,A,0,0,0,4,843,1200022843
11,focused,A,0,0,0,4,844,1200022844
11,focused,A,0,0,0,4,845,1200022845
11,focused,A,0,0,0,4,846,1200022846
11,focused,A,0,0,0,4,847,1200022847
11,focused,A,0,0,0,4,848,1200022848
11,focused,A,0,0,0,4,849,1200022849
11,focused,A,0,0,0,4,850,1200022850
11,focused,A,0,0,0,4,851,1200022851
11,focused,A,0,0,0,4,852,1200022852
11,focused,A,0,0,0,4,853,1200022853
11,focused,A,0,0,0,4,854,1200022854
11,focused,A,0,0,0,4,855,1200022855
11,focused,A,0,0,0,4,856,1200022856
11,focused,A,0,0,0,4,857,1200022857
11,focused,A,0,0,0,4,858,1200022858
11,focused,A,0,0,0,4,859,1200022859
11,focused,A,0,0,0,4,860,1200022860
11,focused,A,0,0,0,4,861,1200022861
11,focused,A,0,0,0,4,862,1200022862
11,focused,A,0,0,0,4,863,1200022863
11,focused,A,0,0,0,4,864,1200022864
11,focused,A,0,0,0,4,865,1200022865
11,focused,A,0,0,0,4,866,1200022866
11,focused,A,0,0,0,4,867,1200022867
11,focused,A,0,0,0,4,868,1200022868
11,focused,A,0,0,0,4,869,1200022869
11,focused,A,0,0,0,4,870,1200022870
11,focused,A,0,0,0,4,871,1200022871
11,focused,A,0,0,0,4,872,1200022872
11,focused,A,0,0,0,4,873,1200022873
11,focused,A,0,0,0,4,874,1200022874
11,focused,A,0,0,0,4,875,1200022875
11,focused,A,0,0,0,4,876,1200022876
11,focused,A,0,0,0,4,877,1200022877
11,focused,A,0,0,0,4,878,1200022878
11,focused,A,0,0,0,4,879,1200022879
11,focused,A,0,0,0,4,880,1200022880
11,focused,A,0,0,0,4,881,1200022881
11,focused,A,0,0,0,4,882,1200022882
11,focused,A,0,0,0,4,883,1200022883
11,focused,A,0,0,0,4,884,1200022884
11,focused,A,0,0,0,4,885,1200022885
11,focused,A,0,0,0,4,886,1200022886
11,focused,A,0,0,0,4,887,1200022887
11,focused,A,0,0,0,4,888,1200022888
11,focused,A,0,0,0,4,889,1200022889
11,focused,A,0,0,0,4,890,1200022890
11,focused,A,0,0,0,4,891,1200022891
11,focused,A,0,0,0,4,892,1200022892
11,focused,A,0,0,0,4,893,1200022893
11,focused,A,0,0,0,4,894,1200022894
11,focused,A,0,0,0,4,895,1200022895
11,focused,A,0,0,0,4,896,1200022896
11,focused,A,0,0,0,4,897,1200022897
11,focused,A,0,0,0,4,898,1200022898
11,focused,A,0,0,0,4,899,1200022899
11,focused,A,0,0,0,4,900,1200022900
11,focused,A,0,0,0,4,901,1200022901
11,focused,A,0,0,0,4,902,1200022902
11,focused,A,0,0,0,4,903,1200022903
11,focused,A,0,0,0,4,904,1200022904
11,focused,A,0,0,0,4,905,1200022905
11,focused,A,0,0,0,4,906,1200022906
11,focused,A,0,0,0,4,907,1200022907
11,focused,A,0,0,0,4,908,1200022908
11,focused,A,0,0,0,4,909,1200022909
11,focused,A,0,0,0,4,910,1200022910
11,focused,A,0,0,0,4,911,1200022911
11,focused,A,0,0,0,4,912,1200022912
11,focused,A,0,0,0,4,913,1200022913
11,focused,A,0,0,0,4,914,1200022914
11,focused,A,0,0,0,4,915,1200022915
11,focused,A,0,0,0,4,916,1200022916
11,focused,A,0,0,0,4,917,1200022917
11,focused,A,0,0,0,4,918,1200022918
11,focused,A,0,0,0,4,919,1200022919
11,focused,A,0,0,0,4,920,1200022920
11,focused,A,0,0,0,4,921,1200022921
11,focused,A,0,0,0,4,922,1200022922
11,focused,A,0,0,0,4,923,1200022923
11,focused,A,0,0,0,4,924,1200022924
11,focused,A,0,0,0,4,925,1200022925
11,focused,A,0,0,0,4,926,1200022926
11,focused,A,0,0,0,4,927,1200022927
11,focused,A,0,0,0,4,928,1200022928
11,focused,A,0,0,0,4,929,1200022929
11,focused,A,0,0,0,4,930,1200022930
11,focused,A,0,0,0,4,931,1200022931
11,focused,A,0,0,0,4,932,1200022932
11,focused,A,0,0,0,4,933,1200022933
11,focused,A,0,0,0,4,934,1200022934
11,focused,A,0,0,0,4,935,1200022935
11,focused,A,0,0,0,4,936,1200022936
11,focused,A,0,0,0,4,937,1200022937
11,focused,A,0,0,0,4,938,1200022938
11,focused,A,0,0,0,4,939,1200022939
11,focused,A,0,0,0,4,940,1200022940
11,focused,A,0,0,0,4,941,1200022941
11,focused,A,0,0,0,4,942,1200022942
11,focused,A,0,0,0,4,943,1200022943
11,focused,A,0,0,0,4,944,1200022944
11,focused,A,0,0,0,4,945,1200022945
11,focused,A,0,0,0,4,946,1200022946
11,focused,A,0,0,0,4,947,1200022947
11,focused,A,0,0,0,4,948,1200022948
11,focused,A,0,0,0,4,949,1200022949
11,focused,A,0,0,0,4,950,1200022950
11,focused,A,0,0,0,4,951,1200022951
11,focused,A,0,0,0,4,952,1200022952
11,focused,A,0,0,0,4,953,1200022953
11,focused,A,0,0,0,4,954,1200022954
11,focused,A,0,0,0,4,955,1200022955
11,focused,A,0,0,0,4,956,1200022956
11,focused,A,0,0,0,4,957,1200022957
11,focused,A,0,0,0,4,958,1200022958
11,focused,A,0,0,0,4,959,1200022959
11,focused,A,0,0,0,4,960,1200022960
11,focused,A,0,0,0,4,961,1200022961
11,focused,A,0,0,0,4,962,1200022962
11,focused,A,0,0,0,4,963,1200022963
11,focused,A,0,0,0,4,964,1200022964
11,focused,A,0,0,0,4,965,1200022965
11,focused,A,0,0,0,4,966,1200022966
11,focused,A,0,0,0,4,967,1200022967
11,focused,A,0,0,0,4,968,1200022968
11,focused,A,0,0,0,4,969,1200022969
11,focused,A,0,0,0,4,970,1200022970
11,focused,A,0,0,0,4,971,1200022971
11,focused,A,0,0,0,4,972,1200022972
11,focused,A,0,0,0,4,973,1200022973
11,focused,A,0,0,0,4,974,1200022974
11,focused,A,0,0,0,4,975,1200022975
11,focused,A,0,0,0,4,976,1200022976
11,focused,A,0,0,0,4,977,1200022977
11,focused,A,0,0,0,4,978,1200022978
11,focused,A,0,0,0,4,979,1200022979
11,focused,A,0,0,0,4,980,1200022980
11,focused,A,0,0,0,4,981,1200022981
11,focused,A,0,0,0,4,982,1200022982
11,focused,A,0,0,0,4,983,1200022983
11,focused,A,0,0,0,4,984,1200022984
11,focused,A,0,0,0,4,985,1200022985
11,focused,A,0,0,0,4,986,1200022986
11,focused,A,0,0,0,4,987,1200022987
11,focused,A,0,0,0,4,988,1200022988
11,focused,A,0,0,0,4,989,1200022989
11,focused,A,0,0,0,4,990,1200022990
11,focused,A,0,0,0,4,991,1200022991
11,focused,A,0,0,0,4,992,1200022992
11,focused,A,0,0,0,4,993,1200022993
11,focused,A,0,0,0,4,994,1200022994
11,focused,A,0,0,0,4,995,1200022995
11,focused,A,0,0,0,4,996,1200022996
11,focused,A,0,0,0,4,997,1200022997
11,focused,A,0,0,0,4,998,1200022998
11,focused,A,0,0,0,4,999,1200022999
11,focused,A,0,0,0,4,1000,1200023000
12,focused,A,0,0,0,10,1,1200024001
12,focused,A,0,0,0,10,2,1200024002
12,focused,A,0,0,0,10,3,1200024003
12,focused,A,0,0,0,10,4,1200024004
12,focused,A,0,0,0,10,5,1200024005
12,focused,A,0,0,0,10,6,1200024006
12,focused,A,0,0,0,10,7,1200024007
12,focused,A,0,0,0,10,8,1200024008
12,focused,A,0,0,0,10,9,1200024009
12,focused,A,0,0,0,10,10,1200024010
12,focused,A,0,0,0,10,11,1200024011
12,focused,A,0,0,0,10,12,1200024012
12,focused,A,0,0,0,10,13,1200024013
12,focused,A,0,0,0,10,14,1200024014
12,focused,A,0,0,0,10,15,1200024015
12,focused,A,0,0,0,10,16,1200024016
12,focused,A,0,0,0,10,17,1200024017
12,focused,A,0,0,0,10,18,1200024018
12,focused,A,0,0,0,10,19,1200024019
12,focused,A,0,0,0,10,20,1200024020
12,focused,A,0,0,0,10,21,1200024021
12,focused,A,0,0,0,10,22,1200024022
12,focused,A,0,0,0,10,23,1200024023
12,focused,A,0,0,0,10,24,1200024024
12,focused,A,0,0,0,10,25,1200024025
12,focused,A,0,0,0,10,26,1200024026
12,focused,A,0,0,0,10,27,1200024027
12,focused,A,0,0,0,10,28,1200024028
12,focused,A,0,0,0,10,29,1200024029
12,focused,A,0,0,0,10,30,1200024030
12,focused,A,0,0,0,10,31,1200024031
12,focused,A,0,0,0,10,32,1200024032
12,focused,A,0,0,0,10,33,1200024033
12,focused,A,0,0,0,10,34,1200024034
12,focused,A,0,0,0,10,35,1200024035
12,focused,A,0,0,0,10,36,1200024036
12,focused,A,0,0,0,10,37,1200024037
12,focused,A,0,0,0,10,38,1200024038
12,focused,A,0,0,0,10,39,1200024039
12,focused,A,0,0,0,10,40,1200024040
12,focused,A,0,0,0,10,41,1200024041
12,focused,A,0,0,0,10,42,1200024042
12,focused,A,0,0,0,10,43,1200024043
12,focused,A,0,0,0,10,44,1200024044
12,focused,A,0,0,0,10,45,1200024045
12,focused,A,0,0,0,10,46,1200024046
12,focused,A,0,0,0,10,47,1200024047
12,focused,A,0,0,0,10,48,1200024048
12,focused,A,0,0,0,10,49,1200024049
12,focused,A,0,0,0,10,50,1200024050
12,focused,A,0,0,0,10,51,1200024051
12,focused,A,0,0,0,10,52,1200024052
12,focused,A,0,0,0,10,53,1200024053
12,focused,A,0,0,0,10,54,1200024054
12,focused,A,0,0,0,10,55,1200024055
12,focused,A,0,0,0,10,56,1200024056
12,focused,A,0,0,0,10,57,1200024057
12,focused,A,0,0,0,10,58,1200024058
12,focused,A,0,0,0,10,59,1200024059
12,focused,A,0,0,0,10,60,1200024060
12,focused,A,0,0,0,10,61,1200024061
12,focused,A,0,0,0,10,62,1200024062
12,focused,A,0,0,0,10,63,1200024063
12,focused,A,0,0,0,10,64,1200024064
12,focused,A,0,0,0,10,65,1200024065
12,focused,A,0,0,0,10,66,1200024066
12,focused,A,0,0,0,10,67,1200024067
12,focused,A,0,0,0,10,68,1200024068
12,focused,A,0,0,0,10,69,1200024069
12,focused,A,0,0,0,10,70,1200024070
12,focused,A,0,0,0,10,71,1200024071
12,focused,A,0,0,0,10,72,1200024072
12,focused,A,0,0,0,10,73,1200024073
12,focused,A,0,0,0,10,74,1200024074
12,focused,A,0,0,0,10,75,1200024075
12,focused,A,0,0,0,10,76,1200024076
12,focused,A,0,0,0,10,77,1200024077
12,focused,A,0,0,0,10,78,1200024078
12,focused,A,0,0,0,10,79,1200024079
12,focused,A,0,0,0,10,80,1200024080
12,focused,A,0,0,0,10,81,1200024081
12,focused,A,0,0,0,10,82,1200024082
12,focused,A,0,0,0,10,83,1200024083
12,focused,A,0,0,0,10,84,1200024084
12,focused,A,0,0,0,10,85,1200024085
12,focused,A,0,0,0,10,86,1200024086
12,focused,A,0,0,0,10,87,1200024087
12,focused,A,0,0,0,10,88,1200024088
12,focused,A,0,0,0,10,89,1200024089
12,focused,A,0,0,0,10,90,1200024090
12,focused,A,0,0,0,10,91,1200024091
12,focused,A,0,0,0,10,92,1200024092
12,focused,A,0,0,0,10,93,1200024093
12,focused,A,0,0,0,10,94,1200024094
12,focused,A,0,0,0,10,95,1200024095
12,focused,A,0,0,0,10,96,1200024096
12,focused,A,0,0,0,10,97,1200024097
12,focused,A,0,0,0,10,98,1200024098
12,focused,A,0,0,0,10,99,1200024099
12,focused,A,0,0,0,10,100,1200024100
12,focused,A,0,0,0,10,101,1200024101
12,focused,A,0,0,0,10,102,1200024102
12,focused,A,0,0,0,10,103,1200024103
12,focused,A,0,0,0,10,104,1200024104
12,focused,A,0,0,0,10,105,1200024105
12,focused,A,0,0,0,10,106,1200024106
12,focused,A,0,0,0,10,107,1200024107
12,focused,A,0,0,0,10,108,1200024108
12,focused,A,0,0,0,10,109,1200024109
12,focused,A,0,0,0,10,110,1200024110
12,focused,A,0,0,0,10,111,1200024111
12,focused,A,0,0,0,10,112,1200024112
12,focused,A,0,0,0,10,113,1200024113
12,focused,A,0,0,0,10,114,1200024114
12,focused,A,0,0,0,10,115,1200024115
12,focused,A,0,0,0,10,116,1200024116
12,focused,A,0,0,0,10,117,1200024117
12,focused,A,0,0,0,10,118,1200024118
12,focused,A,0,0,0,10,119,1200024119
12,focused,A,0,0,0,10,120,1200024120
12,focused,A,0,0,0,10,121,1200024121
12,focused,A,0,0,0,10,122,1200024122
12,focused,A,0,0,0,10,123,1200024123
12,focused,A,0,0,0,10,124,1200024124
12,focused,A,0,0,0,10,125,1200024125
12,focused,A,0,0,0,10,126,1200024126
12,focused,A,0,0,0,10,127,1200024127
12,focused,A,0,0,0,10,128,1200024128
12,focused,A,0,0,0,10,129,1200024129
12,focused,A,0,0,0,10,130,1200024130
12,focused,A,0,0,0,10,131,1200024131
12,focused,A,0,0,0,10,132,1200024132
12,focused,A,0,0,0,10,133,1200024133
12,focused,A,0,0,0,10,134,1200024134
12,focused,A,0,0,0,10,135,1200024135
12,focused,A,0,0,0,10,136,1200024136
12,focused,A,0,0,0,10,137,1200024137
12,focused,A,0,0,0,10,138,1200024138
12,focused,A,0,0,0,10,139,1200024139
12,focused,A,0,0,0,10,140,1200024140
12,focused,A,0,0,0,10,141,1200024141
12,focused,A,0,0,0,10,142,1200024142
12,focused,A,0,0,0,10,143,1200024143
12,focused,A,0,0,0,10,144,1200024144
12,focused,A,0,0,0,10,145,1200024145
12,focused,A,0,0,0,10,146,1200024146
12,focused,A,0,0,0,10,147,1200024147
12,focused,A,0,0,0,10,148,1200024148
12,focused,A,0,0,0,10,149,1200024149
12,focused,A,0,0,0,10,150,1200024150
12,focused,A,0,0,0,10,151,1200024151
12,focused,A,0,0,0,10,152,1200024152
12,focused,A,0,0,0,10,153,1200024153
12,focused,A,0,0,0,10,154,1200024154
12,focused,A,0,0,0,10,155,1200024155
12,focused,A,0,0,0,10,156,1200024156
12,focused,A,0,0,0,10,157,1200024157
12,focused,A,0,0,0,10,158,1200024158
12,focused,A,0,0,0,10,159,1200024159
12,focused,A,0,0,0,10,160,1200024160
12,focused,A,0,0,0,10,161,1200024161
12,focused,A,0,0,0,10,162,1200024162
12,focused,A,0,0,0,10,163,1200024163
12,focused,A,0,0,0,10,164,1200024164
12,focused,A,0,0,0,10,165,1200024165
12,focused,A,0,0,0,10,166,1200024166
12,focused,A,0,0,0,10,167,1200024167
12,focused,A,0,0,0,10,168,1200024168
12,focused,A,0,0,0,10,169,1200024169
12,focused,A,0,0,0,10,170,1200024170
12,focused,A,0,0,0,10,171,1200024171
12,focused,A,0,0,0,10,172,1200024172
12,focused,A,0,0,0,10,173,1200024173
12,focused,A,0,0,0,10,174,1200024174
12,focused,A,0,0,0,10,175,1200024175
12,focused,A,0,0,0,10,176,1200024176
12,focused,A,0,0,0,10,177,1200024177
12,focused,A,0,0,0,10,178,1200024178
12,focused,A,0,0,0,10,179,1200024179
12,focused,A,0,0,0,10,180,1200024180
12,focused,A,0,0,0,10,181,1200024181
12,focused,A,0,0,0,10,182,1200024182
12,focused,A,0,0,0,10,183,1200024183
12,focused,A,0,0,0,10,184,1200024184
12,focused,A,0,0,0,10,185,1200024185
12,focused,A,0,0,0,10,186,1200024186
12,focused,A,0,0,0,10,187,1200024187
12,focused,A,0,0,0,10,188,1200024188
12,focused,A,0,0,0,10,189,1200024189
12,focused,A,0,0,0,10,190,1200024190
12,focused,A,0,0,0,10,191,1200024191
12,focused,A,0,0,0,10,192,1200024192
12,focused,A,0,0,0,10,193,1200024193
12,focused,A,0,0,0,10,194,1200024194
12,focused,A,0,0,0,10,195,1200024195
12,focused,A,0,0,0,10,196,1200024196
12,focused,A,0,0,0,10,197,1200024197
12,focused,A,0,0,0,10,198,1200024198
12,focused,A,0,0,0,10,199,1200024199
12,focused,A,0,0,0,10,200,1200024200
12,focused,A,0,0,0,10,201,1200024201
12,focused,A,0,0,0,10,202,1200024202
12,focused,A,0,0,0,10,203,1200024203
12,focused,A,0,0,0,10,204,1200024204
12,focused,A,0,0,0,10,205,1200024205
12,focused,A,0,0,0,10,206,1200024206
12,focused,A,0,0,0,10,207,1200024207
12,focused,A,0,0,0,10,208,1200024208
12,focused,A,0,0,0,10,209,1200024209
12,focused,A,0,0,0,10,210,1200024210
12,focused,A,0,0,0,10,211,1200024211
12,focused,A,0,0,0,10,212,1200024212
12,focused,A,0,0,0,10,213,1200024213
12,focused,A,0,0,0,10,214,1200024214
12,focused,A,0,0,0,10,215,1200024215
12,focused,A,0,0,0,10,216,1200024216
12,focused,A,0,0,0,10,217,1200024217
12,focused,A,0,0,0,10,218,1200024218
12,focused,A,0,0,0,10,219,1200024219
12,focused,A,0,0,0,10,220,1200024220
12,focused,A,0,0,0,10,221,1200024221
12,focused,A,0,0,0,10,222,1200024222
12,focused,A,0,0,0,10,223,1200024223
12,focused,A,0,0,0,10,224,1200024224
12,focused,A,0,0,0,10,225,1200024225
12,focused,A,0,0,0,10,226,1200024226
12,focused,A,0,0,0,10,227,1200024227
12,focused,A,0,0,0,10,228,1200024228
12,focused,A,0,0,0,10,229,1200024229
12,focused,A,0,0,0,10,230,1200024230
12,focused,A,0,0,0,10,231,1200024231
12,focused,A,0,0,0,10,232,1200024232
12,focused,A,0,0,0,10,233,1200024233
12,focused,A,0,0,0,10,234,1200024234
12,focused,A,0,0,0,10,235,1200024235
12,focused,A,0,0,0,10,236,1200024236
12,focused,A,0,0,0,10,237,1200024237
12,focused,A,0,0,0,10,238,1200024238
12,focused,A,0,0,0,10,239,1200024239
12,focused,A,0,0,0,10,240,1200024240
12,focused,A,0,0,0,10,241,1200024241
12,focused,A,0,0,0,10,242,1200024242
12,focused,A,0,0,0,10,243,1200024243
12,focused,A,0,0,0,10,244,1200024244
12,focused,A,0,0,0,10,245,1200024245
12,focused,A,0,0,0,10,246,1200024246
12,focused,A,0,0,0,10,247,1200024247
12,focused,A,0,0,0,10,248,1200024248
12,focused,A,0,0,0,10,249,1200024249
12,focused,A,0,0,0,10,250,1200024250
12,focused,A,0,0,0,10,251,1200024251
12,focused,A,0,0,0,10,252,1200024252
12,focused,A,0,0,0,10,253,1200024253
12,focused,A,0,0,0,10,254,1200024254
12,focused,A,0,0,0,10,255,1200024255
12,focused,A,0,0,0,10,256,1200024256
12,focused,A,0,0,0,10,257,1200024257
12,focused,A,0,0,0,10,258,1200024258
12,focused,A,0,0,0,10,259,1200024259
12,focused,A,0,0,0,10,260,1200024260
12,focused,A,0,0,0,10,261,1200024261
12,focused,A,0,0,0,10,262,1200024262
12,focused,A,0,0,0,10,263,1200024263
12,focused,A,0,0,0,10,264,1200024264
12,focused,A,0,0,0,10,265,1200024265
12,focused,A,0,0,0,10,266,1200024266
12,focused,A,0,0,0,10,267,1200024267
12,focused,A,0,0,0,10,268,1200024268
12,focused,A,0,0,0,10,269,1200024269
12,focused,A,0,0,0,10,270,1200024270
12,focused,A,0,0,0,10,271,1200024271
12,focused,A,0,0,0,10,272,1200024272
12,focused,A,0,0,0,10,273,1200024273
12,focused,A,0,0,0,10,274,1200024274
12,focused,A,0,0,0,10,275,1200024275
12,focused,A,0,0,0,10,276,1200024276
12,focused,A,0,0,0,10,277,1200024277
12,focused,A,0,0,0,10,278,1200024278
12,focused,A,0,0,0,10,279,1200024279
12,focused,A,0,0,0,10,280,1200024280
12,focused,A,0,0,0,10,281,1200024281
12,focused,A,0,0,0,10,282,1200024282
12,focused,A,0,0,0,10,283,1200024283
12,focused,A,0,0,0,10,284,1200024284
12,focused,A,0,0,0,10,285,1200024285
12,focused,A,0,0,0,10,286,1200024286
12,focused,A,0,0,0,10,287,1200024287
12,focused,A,0,0,0,10,288,1200024288
12,focused,A,0,0,0,10,289,1200024289
12,focused,A,0,0,0,10,290,1200024290
12,focused,A,0,0,0,10,291,1200024291
12,focused,A,0,0,0,10,292,1200024292
12,focused,A,0,0,0,10,293,1200024293
12,focused,A,0,0,0,10,294,1200024294
12,focused,A,0,0,0,10,295,1200024295
12,focused,A,0,0,0,10,296,1200024296
12,focused,A,0,0,0,10,297,1200024297
12,focused,A,0,0,0,10,298,1200024298
12,focused,A,0,0,0,10,299,1200024299
12,focused,A,0,0,0,10,300,1200024300
12,focused,A,0,0,0,10,301,1200024301
12,focused,A,0,0,0,10,302,1200024302
12,focused,A,0,0,0,10,303,1200024303
12,focused,A,0,0,0,10,304,1200024304
12,focused,A,0,0,0,10,305,1200024305
12,focused,A,0,0,0,10,306,1200024306
12,focused,A,0,0,0,10,307,1200024307
12,focused,A,0,0,0,10,308,1200024308
12,focused,A,0,0,0,10,309,1200024309
12,focused,A,0,0,0,10,310,1200024310
12,focused,A,0,0,0,10,311,1200024311
12,focused,A,0,0,0,10,312,1200024312
12,focused,A,0,0,0,10,313,1200024313
12,focused,A,0,0,0,10,314,1200024314
12,focused,A,0,0,0,10,315,1200024315
12,focused,A,0,0,0,10,316,1200024316
12,focused,A,0,0,0,10,317,1200024317
12,focused,A,0,0,0,10,318,1200024318
12,focused,A,0,0,0,10,319,1200024319
12,focused,A,0,0,0,10,320,1200024320
12,focused,A,0,0,0,10,321,1200024321
12,focused,A,0,0,0,10,322,1200024322
12,focused,A,0,0,0,10,323,1200024323
12,focused,A,0,0,0,10,324,1200024324
12,focused,A,0,0,0,10,325,1200024325
12,focused,A,0,0,0,10,326,1200024326
12,focused,A,0,0,0,10,327,1200024327
12,focused,A,0,0,0,10,328,1200024328
12,focused,A,0,0,0,10,329,1200024329
12,focused,A,0,0,0,10,330,1200024330
12,focused,A,0,0,0,10,331,1200024331
12,focused,A,0,0,0,10,332,1200024332
12,focused,A,0,0,0,10,333,1200024333
12,focused,A,0,0,0,10,334,1200024334
12,focused,A,0,0,0,10,335,1200024335
12,focused,A,0,0,0,10,336,1200024336
12,focused,A,0,0,0,10,337,1200024337
12,focused,A,0,0,0,10,338,1200024338
12,focused,A,0,0,0,10,339,1200024339
12,focused,A,0,0,0,10,340,1200024340
12,focused,A,0,0,0,10,341,1200024341
12,focused,A,0,0,0,10,342,1200024342
12,focused,A,0,0,0,10,343,1200024343
12,focused,A,0,0,0,10,344,1200024344
12,focused,A,0,0,0,10,345,1200024345
12,focused,A,0,0,0,10,346,1200024346
12,focused,A,0,0,0,10,347,1200024347
12,focused,A,0,0,0,10,348,1200024348
12,focused,A,0,0,0,10,349,1200024349
12,focused,A,0,0,0,10,350,1200024350
12,focused,A,0,0,0,10,351,1200024351
12,focused,A,0,0,0,10,352,1200024352
12,focused,A,0,0,0,10,353,1200024353
12,focused,A,0,0,0,10,354,1200024354
12,focused,A,0,0,0,10,355,1200024355
12,focused,A,0,0,0,10,356,1200024356
12,focused,A,0,0,0,10,357,1200024357
12,focused,A,0,0,0,10,358,1200024358
12,focused,A,0,0,0,10,359,1200024359
12,focused,A,0,0,0,10,360,1200024360
12,focused,A,0,0,0,10,361,1200024361
12,focused,A,0,0,0,10,362,1200024362
12,focused,A,0,0,0,10,363,1200024363
12,focused,A,0,0,0,10,364,1200024364
12,focused,A,0,0,0,10,365,1200024365
12,focused,A,0,0,0,10,366,1200024366
12,focused,A,0,0,0,10,367,1200024367
12,focused,A,0,0,0,10,368,1200024368
12,focused,A,0,0,0,10,369,1200024369
12,focused,A,0,0,0,10,370,1200024370
12,focused,A,0,0,0,10,371,1200024371
12,focused,A,0,0,0,10,372,1200024372
12,focused,A,0,0,0,10,373,1200024373
12,focused,A,0,0,0,10,374,1200024374
12,focused,A,0,0,0,10,375,1200024375
12,focused,A,0,0,0,10,376,1200024376
12,focused,A,0,0,0,10,377,1200024377
12,focused,A,0,0,0,10,378,1200024378
12,focused,A,0,0,0,10,379,1200024379
12,focused,A,0,0,0,10,380,1200024380
12,focused,A,0,0,0,10,381,1200024381
12,focused,A,0,0,0,10,382,1200024382
12,focused,A,0,0,0,10,383,1200024383
12,focused,A,0,0,0,10,384,1200024384
12,focused,A,0,0,0,10,385,1200024385
12,focused,A,0,0,0,10,386,1200024386
12,focused,A,0,0,0,10,387,1200024387
12,focused,A,0,0,0,10,388,1200024388
12,focused,A,0,0,0,10,389,1200024389
12,focused,A,0,0,0,10,390,1200024390
12,focused,A,0,0,0,10,391,1200024391
12,focused,A,0,0,0,10,392,1200024392
12,focused,A,0,0,0,10,393,1200024393
12,focused,A,0,0,0,10,394,1200024394
12,focused,A,0,0,0,10,395,1200024395
12,focused,A,0,0,0,10,396,1200024396
12,focused,A,0,0,0,10,397,1200024397
12,focused,A,0,0,0,10,398,1200024398
12,focused,A,0,0,0,10,399,1200024399
12,focused,A,0,0,0,10,400,1200024400
12,focused,A,0,0,0,10,401,1200024401
12,focused,A,0,0,0,10,402,1200024402
12,focused,A,0,0,0,10,403,1200024403
12,focused,A,0,0,0,10,404,1200024404
12,focused,A,0,0,0,10,405,1200024405
12,focused,A,0,0,0,10,406,1200024406
12,focused,A,0,0,0,10,407,1200024407
12,focused,A,0,0,0,10,408,1200024408
12,focused,A,0,0,0,10,409,1200024409
12,focused,A,0,0,0,10,410,1200024410
12,focused,A,0,0,0,10,411,1200024411
12,focused,A,0,0,0,10,412,1200024412
12,focused,A,0,0,0,10,413,1200024413
12,focused,A,0,0,0,10,414,1200024414
12,focused,A,0,0,0,10,415,1200024415
12,focused,A,0,0,0,10,416,1200024416
12,focused,A,0,0,0,10,417,1200024417
12,focused,A,0,0,0,10,418,1200024418
12,focused,A,0,0,0,10,419,1200024419
12,focused,A,0,0,0,10,420,1200024420
12,focused,A,0,0,0,10,421,1200024421
12,focused,A,0,0,0,10,422,1200024422
12,focused,A,0,0,0,10,423,1200024423
12,focused,A,0,0,0,10,424,1200024424
12,focused,A,0,0,0,10,425,1200024425
12,focused,A,0,0,0,10,426,1200024426
12,focused,A,0,0,0,10,427,1200024427
12,focused,A,0,0,0,10,428,1200024428
12,focused,A,0,0,0,10,429,1200024429
12,focused,A,0,0,0,10,430,1200024430
12,focused,A,0,0,0,10,431,1200024431
12,focused,A,0,0,0,10,432,1200024432
12,focused,A,0,0,0,10,433,1200024433
12,focused,A,0,0,0,10,434,1200024434
12,focused,A,0,0,0,10,435,1200024435
12,focused,A,0,0,0,10,436,1200024436
12,focused,A,0,0,0,10,437,1200024437
12,focused,A,0,0,0,10,438,1200024438
12,focused,A,0,0,0,10,439,1200024439
12,focused,A,0,0,0,10,440,1200024440
12,focused,A,0,0,0,10,441,1200024441
12,focused,A,0,0,0,10,442,1200024442
12,focused,A,0,0,0,10,443,1200024443
12,focused,A,0,0,0,10,444,1200024444
12,focused,A,0,0,0,10,445,1200024445
12,focused,A,0,0,0,10,446,1200024446
12,focused,A,0,0,0,10,447,1200024447
12,focused,A,0,0,0,10,448,1200024448
12,focused,A,0,0,0,10,449,1200024449
12,focused,A,0,0,0,10,450,1200024450
12,focused,A,0,0,0,10,451,1200024451
12,focused,A,0,0,0,10,452,1200024452
12,focused,A,0,0,0,10,453,1200024453
12,focused,A,0,0,0,10,454,1200024454
12,focused,A,0,0,0,10,455,1200024455
12,focused,A,0,0,0,10,456,1200024456
12,focused,A,0,0,0,10,457,1200024457
12,focused,A,0,0,0,10,458,1200024458
12,focused,A,0,0,0,10,459,1200024459
12,focused,A,0,0,0,10,460,1200024460
12,focused,A,0,0,0,10,461,1200024461
12,focused,A,0,0,0,10,462,1200024462
12,focused,A,0,0,0,10,463,1200024463
12,focused,A,0,0,0,10,464,1200024464
12,focused,A,0,0,0,10,465,1200024465
12,focused,A,0,0,0,10,466,1200024466
12,focused,A,0,0,0,10,467,1200024467
12,focused,A,0,0,0,10,468,1200024468
12,focused,A,0,0,0,10,469,1200024469
12,focused,A,0,0,0,10,470,1200024470
12,focused,A,0,0,0,10,471,1200024471
12,focused,A,0,0,0,10,472,1200024472
12,focused,A,0,0,0,10,473,1200024473
12,focused,A,0,0,0,10,474,1200024474
12,focused,A,0,0,0,10,475,1200024475
12,focused,A,0,0,0,10,476,1200024476
12,focused,A,0,0,0,10,477,1200024477
12,focused,A,0,0,0,10,478,1200024478
12,focused,A,0,0,0,10,479,1200024479
12,focused,A,0,0,0,10,480,1200024480
12,focused,A,0,0,0,10,481,1200024481
12,focused,A,0,0,0,10,482,1200024482
12,focused,A,0,0,0,10,483,1200024483
12,focused,A,0,0,0,10,484,1200024484
12,focused,A,0,0,0,10,485,1200024485
12,focused,A,0,0,0,10,486,1200024486
12,focused,A,0,0,0,10,487,1200024487
12,focused,A,0,0,0,10,488,1200024488
12,focused,A,0,0,0,10,489,1200024489
12,focused,A,0,0,0,10,490,1200024490
12,focused,A,0,0,0,10,491,1200024491
12,focused,A,0,0,0,10,492,1200024492
12,focused,A,0,0,0,10,493,1200024493
12,focused,A,0,0,0,10,494,1200024494
12,focused,A,0,0,0,10,495,1200024495
12,focused,A,0,0,0,10,496,1200024496
12,focused,A,0,0,0,10,497,1200024497
12,focused,A,0,0,0,10,498,1200024498
12,focused,A,0,0,0,10,499,1200024499
12,focused,A,0,0,0,10,500,1200024500
12,focused,A,0,0,0,10,501,1200024501
12,focused,A,0,0,0,10,502,1200024502
12,focused,A,0,0,0,10,503,1200024503
12,focused,A,0,0,0,10,504,1200024504
12,focused,A,0,0,0,10,505,1200024505
12,focused,A,0,0,0,10,506,1200024506
12,focused,A,0,0,0,10,507,1200024507
12,focused,A,0,0,0,10,508,1200024508
12,focused,A,0,0,0,10,509,1200024509
12,focused,A,0,0,0,10,510,1200024510
12,focused,A,0,0,0,10,511,1200024511
12,focused,A,0,0,0,10,512,1200024512
12,focused,A,0,0,0,10,513,1200024513
12,focused,A,0,0,0,10,514,1200024514
12,focused,A,0,0,0,10,515,1200024515
12,focused,A,0,0,0,10,516,1200024516
12,focused,A,0,0,0,10,517,1200024517
12,focused,A,0,0,0,10,518,1200024518
12,focused,A,0,0,0,10,519,1200024519
12,focused,A,0,0,0,10,520,1200024520
12,focused,A,0,0,0,10,521,1200024521
12,focused,A,0,0,0,10,522,1200024522
12,focused,A,0,0,0,10,523,1200024523
12,focused,A,0,0,0,10,524,1200024524
12,focused,A,0,0,0,10,525,1200024525
12,focused,A,0,0,0,10,526,1200024526
12,focused,A,0,0,0,10,527,1200024527
12,focused,A,0,0,0,10,528,1200024528
12,focused,A,0,0,0,10,529,1200024529
12,focused,A,0,0,0,10,530,1200024530
12,focused,A,0,0,0,10,531,1200024531
12,focused,A,0,0,0,10,532,1200024532
12,focused,A,0,0,0,10,533,1200024533
12,focused,A,0,0,0,10,534,1200024534
12,focused,A,0,0,0,10,535,1200024535
12,focused,A,0,0,0,10,536,1200024536
12,focused,A,0,0,0,10,537,1200024537
12,focused,A,0,0,0,10,538,1200024538
12,focused,A,0,0,0,10,539,1200024539
12,focused,A,0,0,0,10,540,1200024540
12,focused,A,0,0,0,10,541,1200024541
12,focused,A,0,0,0,10,542,1200024542
12,focused,A,0,0,0,10,543,1200024543
12,focused,A,0,0,0,10,544,1200024544
12,focused,A,0,0,0,10,545,1200024545
12,focused,A,0,0,0,10,546,1200024546
12,focused,A,0,0,0,10,547,1200024547
12,focused,A,0,0,0,10,548,1200024548
12,focused,A,0,0,0,10,549,1200024549
12,focused,A,0,0,0,10,550,1200024550
12,focused,A,0,0,0,10,551,1200024551
12,focused,A,0,0,0,10,552,1200024552
12,focused,A,0,0,0,10,553,1200024553
12,focused,A,0,0,0,10,554,1200024554
12,focused,A,0,0,0,10,555,1200024555
12,focused,A,0,0,0,10,556,1200024556
12,focused,A,0,0,0,10,557,1200024557
12,focused,A,0,0,0,10,558,1200024558
12,focused,A,0,0,0,10,559,1200024559
12,focused,A,0,0,0,10,560,1200024560
12,focused,A,0,0,0,10,561,1200024561
12,focused,A,0,0,0,10,562,1200024562
12,focused,A,0,0,0,10,563,1200024563
12,focused,A,0,0,0,10,564,1200024564
12,focused,A,0,0,0,10,565,1200024565
12,focused,A,0,0,0,10,566,1200024566
12,focused,A,0,0,0,10,567,1200024567
12,focused,A,0,0,0,10,568,1200024568
12,focused,A,0,0,0,10,569,1200024569
12,focused,A,0,0,0,10,570,1200024570
12,focused,A,0,0,0,10,571,1200024571
12,focused,A,0,0,0,10,572,1200024572
12,focused,A,0,0,0,10,573,1200024573
12,focused,A,0,0,0,10,574,1200024574
12,focused,A,0,0,0,10,575,1200024575
12,focused,A,0,0,0,10,576,1200024576
12,focused,A,0,0,0,10,577,1200024577
12,focused,A,0,0,0,10,578,1200024578
12,focused,A,0,0,0,10,579,1200024579
12,focused,A,0,0,0,10,580,1200024580
12,focused,A,0,0,0,10,581,1200024581
12,focused,A,0,0,0,10,582,1200024582
12,focused,A,0,0,0,10,583,1200024583
12,focused,A,0,0,0,10,584,1200024584
12,focused,A,0,0,0,10,585,1200024585
12,focused,A,0,0,0,10,586,1200024586
12,focused,A,0,0,0,10,587,1200024587
12,focused,A,0,0,0,10,588,1200024588
12,focused,A,0,0,0,10,589,1200024589
12,focused,A,0,0,0,10,590,1200024590
12,focused,A,0,0,0,10,591,1200024591
12,focused,A,0,0,0,10,592,1200024592
12,focused,A,0,0,0,10,593,1200024593
12,focused,A,0,0,0,10,594,1200024594
12,focused,A,0,0,0,10,595,1200024595
12,focused,A,0,0,0,10,596,1200024596
12,focused,A,0,0,0,10,597,1200024597
12,focused,A,0,0,0,10,598,1200024598
12,focused,A,0,0,0,10,599,1200024599
12,focused,A,0,0,0,10,600,1200024600
12,focused,A,0,0,0,10,601,1200024601
12,focused,A,0,0,0,10,602,1200024602
12,focused,A,0,0,0,10,603,1200024603
12,focused,A,0,0,0,10,604,1200024604
12,focused,A,0,0,0,10,605,1200024605
12,focused,A,0,0,0,10,606,1200024606
12,focused,A,0,0,0,10,607,1200024607
12,focused,A,0,0,0,10,608,1200024608
12,focused,A,0,0,0,10,609,1200024609
12,focused,A,0,0,0,10,610,1200024610
12,focused,A,0,0,0,10,611,1200024611
12,focused,A,0,0,0,10,612,1200024612
12,focused,A,0,0,0,10,613,1200024613
12,focused,A,0,0,0,10,614,1200024614
12,focused,A,0,0,0,10,615,1200024615
12,focused,A,0,0,0,10,616,1200024616
12,focused,A,0,0,0,10,617,1200024617
12,focused,A,0,0,0,10,618,1200024618
12,focused,A,0,0,0,10,619,1200024619
12,focused,A,0,0,0,10,620,1200024620
12,focused,A,0,0,0,10,621,1200024621
12,focused,A,0,0,0,10,622,1200024622
12,focused,A,0,0,0,10,623,1200024623
12,focused,A,0,0,0,10,624,1200024624
12,focused,A,0,0,0,10,625,1200024625
12,focused,A,0,0,0,10,626,1200024626
12,focused,A,0,0,0,10,627,1200024627
12,focused,A,0,0,0,10,628,1200024628
12,focused,A,0,0,0,10,629,1200024629
12,focused,A,0,0,0,10,630,1200024630
12,focused,A,0,0,0,10,631,1200024631
12,focused,A,0,0,0,10,632,1200024632
12,focused,A,0,0,0,10,633,1200024633
12,focused,A,0,0,0,10,634,1200024634
12,focused,A,0,0,0,10,635,1200024635
12,focused,A,0,0,0,10,636,1200024636
12,focused,A,0,0,0,10,637,1200024637
12,focused,A,0,0,0,10,638,1200024638
12,focused,A,0,0,0,10,639,1200024639
12,focused,A,0,0,0,10,640,1200024640
12,focused,A,0,0,0,10,641,1200024641
12,focused,A,0,0,0,10,642,1200024642
12,focused,A,0,0,0,10,643,1200024643
12,focused,A,0,0,0,10,644,1200024644
12,focused,A,0,0,0,10,645,1200024645
12,focused,A,0,0,0,10,646,1200024646
12,focused,A,0,0,0,10,647,1200024647
12,focused,A,0,0,0,10,648,1200024648
12,focused,A,0,0,0,10,649,1200024649
12,focused,A,0,0,0,10,650,1200024650
12,focused,A,0,0,0,10,651,1200024651
12,focused,A,0,0,0,10,652,1200024652
12,focused,A,0,0,0,10,653,1200024653
12,focused,A,0,0,0,10,654,1200024654
12,focused,A,0,0,0,10,655,1200024655
12,focused,A,0,0,0,10,656,1200024656
12,focused,A,0,0,0,10,657,1200024657
12,focused,A,0,0,0,10,658,1200024658
12,focused,A,0,0,0,10,659,1200024659
12,focused,A,0,0,0,10,660,1200024660
12,focused,A,0,0,0,10,661,1200024661
12,focused,A,0,0,0,10,662,1200024662
12,focused,A,0,0,0,10,663,1200024663
12,focused,A,0,0,0,10,664,1200024664
12,focused,A,0,0,0,10,665,1200024665
12,focused,A,0,0,0,10,666,1200024666
12,focused,A,0,0,0,10,667,1200024667
12,focused,A,0,0,0,10,668,1200024668
12,focused,A,0,0,0,10,669,1200024669
12,focused,A,0,0,0,10,670,1200024670
12,focused,A,0,0,0,10,671,1200024671
12,focused,A,0,0,0,10,672,1200024672
12,focused,A,0,0,0,10,673,1200024673
12,focused,A,0,0,0,10,674,1200024674
12,focused,A,0,0,0,10,675,1200024675
12,focused,A,0,0,0,10,676,1200024676
12,focused,A,0,0,0,10,677,1200024677
12,focused,A,0,0,0,10,678,1200024678
12,focused,A,0,0,0,10,679,1200024679
12,focused,A,0,0,0,10,680,1200024680
12,focused,A,0,0,0,10,681,1200024681
12,focused,A,0,0,0,10,682,1200024682
12,focused,A,0,0,0,10,683,1200024683
12,focused,A,0,0,0,10,684,1200024684
12,focused,A,0,0,0,10,685,1200024685
12,focused,A,0,0,0,10,686,1200024686
12,focused,A,0,0,0,10,687,1200024687
12,focused,A,0,0,0,10,688,1200024688
12,focused,A,0,0,0,10,689,1200024689
12,focused,A,0,0,0,10,690,1200024690
12,focused,A,0,0,0,10,691,1200024691
12,focused,A,0,0,0,10,692,1200024692
12,focused,A,0,0,0,10,693,1200024693
12,focused,A,0,0,0,10,694,1200024694
12,focused,A,0,0,0,10,695,1200024695
12,focused,A,0,0,0,10,696,1200024696
12,focused,A,0,0,0,10,697,1200024697
12,focused,A,0,0,0,10,698,1200024698
12,focused,A,0,0,0,10,699,1200024699
12,focused,A,0,0,0,10,700,1200024700
12,focused,A,0,0,0,10,701,1200024701
12,focused,A,0,0,0,10,702,1200024702
12,focused,A,0,0,0,10,703,1200024703
12,focused,A,0,0,0,10,704,1200024704
12,focused,A,0,0,0,10,705,1200024705
12,focused,A,0,0,0,10,706,1200024706
12,focused,A,0,0,0,10,707,1200024707
12,focused,A,0,0,0,10,708,1200024708
12,focused,A,0,0,0,10,709,1200024709
12,focused,A,0,0,0,10,710,1200024710
12,focused,A,0,0,0,10,711,1200024711
12,focused,A,0,0,0,10,712,1200024712
12,focused,A,0,0,0,10,713,1200024713
12,focused,A,0,0,0,10,714,1200024714
12,focused,A,0,0,0,10,715,1200024715
12,focused,A,0,0,0,10,716,1200024716
12,focused,A,0,0,0,10,717,1200024717
12,focused,A,0,0,0,10,718,1200024718
12,focused,A,0,0,0,10,719,1200024719
12,focused,A,0,0,0,10,720,1200024720
12,focused,A,0,0,0,10,721,1200024721
12,focused,A,0,0,0,10,722,1200024722
12,focused,A,0,0,0,10,723,1200024723
12,focused,A,0,0,0,10,724,1200024724
12,focused,A,0,0,0,10,725,1200024725
12,focused,A,0,0,0,10,726,1200024726
12,focused,A,0,0,0,10,727,1200024727
12,focused,A,0,0,0,10,728,1200024728
12,focused,A,0,0,0,10,729,1200024729
12,focused,A,0,0,0,10,730,1200024730
12,focused,A,0,0,0,10,731,1200024731
12,focused,A,0,0,0,10,732,1200024732
12,focused,A,0,0,0,10,733,1200024733
12,focused,A,0,0,0,10,734,1200024734
12,focused,A,0,0,0,10,735,1200024735
12,focused,A,0,0,0,10,736,1200024736
12,focused,A,0,0,0,10,737,1200024737
12,focused,A,0,0,0,10,738,1200024738
12,focused,A,0,0,0,10,739,1200024739
12,focused,A,0,0,0,10,740,1200024740
12,focused,A,0,0,0,10,741,1200024741
12,focused,A,0,0,0,10,742,1200024742
12,focused,A,0,0,0,10,743,1200024743
12,focused,A,0,0,0,10,744,1200024744
12,focused,A,0,0,0,10,745,1200024745
12,focused,A,0,0,0,10,746,1200024746
12,focused,A,0,0,0,10,747,1200024747
12,focused,A,0,0,0,10,748,1200024748
12,focused,A,0,0,0,10,749,1200024749
12,focused,A,0,0,0,10,750,1200024750
12,focused,A,0,0,0,10,751,1200024751
12,focused,A,0,0,0,10,752,1200024752
12,focused,A,0,0,0,10,753,1200024753
12,focused,A,0,0,0,10,754,1200024754
12,focused,A,0,0,0,10,755,1200024755
12,focused,A,0,0,0,10,756,1200024756
12,focused,A,0,0,0,10,757,1200024757
12,focused,A,0,0,0,10,758,1200024758
12,focused,A,0,0,0,10,759,1200024759
12,focused,A,0,0,0,10,760,1200024760
12,focused,A,0,0,0,10,761,1200024761
12,focused,A,0,0,0,10,762,1200024762
12,focused,A,0,0,0,10,763,1200024763
12,focused,A,0,0,0,10,764,1200024764
12,focused,A,0,0,0,10,765,1200024765
12,focused,A,0,0,0,10,766,1200024766
12,focused,A,0,0,0,10,767,1200024767
12,focused,A,0,0,0,10,768,1200024768
12,focused,A,0,0,0,10,769,1200024769
12,focused,A,0,0,0,10,770,1200024770
12,focused,A,0,0,0,10,771,1200024771
12,focused,A,0,0,0,10,772,1200024772
12,focused,A,0,0,0,10,773,1200024773
12,focused,A,0,0,0,10,774,1200024774
12,focused,A,0,0,0,10,775,1200024775
12,focused,A,0,0,0,10,776,1200024776
12,focused,A,0,0,0,10,777,1200024777
12,focused,A,0,0,0,10,778,1200024778
12,focused,A,0,0,0,10,779,1200024779
12,focused,A,0,0,0,10,780,1200024780
12,focused,A,0,0,0,10,781,1200024781
12,focused,A,0,0,0,10,782,1200024782
12,focused,A,0,0,0,10,783,1200024783
12,focused,A,0,0,0,10,784,1200024784
12,focused,A,0,0,0,10,785,1200024785
12,focused,A,0,0,0,10,786,1200024786
12,focused,A,0,0,0,10,787,1200024787
12,focused,A,0,0,0,10,788,1200024788
12,focused,A,0,0,0,10,789,1200024789
12,focused,A,0,0,0,10,790,1200024790
12,focused,A,0,0,0,10,791,1200024791
12,focused,A,0,0,0,10,792,1200024792
12,focused,A,0,0,0,10,793,1200024793
12,focused,A,0,0,0,10,794,1200024794
12,focused,A,0,0,0,10,795,1200024795
12,focused,A,0,0,0,10,796,1200024796
12,focused,A,0,0,0,10,797,1200024797
12,focused,A,0,0,0,10,798,1200024798
12,focused,A,0,0,0,10,799,1200024799
12,focused,A,0,0,0,10,800,1200024800
12,focused,A,0,0,0,10,801,1200024801
12,focused,A,0,0,0,10,802,1200024802
12,focused,A,0,0,0,10,803,1200024803
12,focused,A,0,0,0,10,804,1200024804
12,focused,A,0,0,0,10,805,1200024805
12,focused,A,0,0,0,10,806,1200024806
12,focused,A,0,0,0,10,807,1200024807
12,focused,A,0,0,0,10,808,1200024808
12,focused,A,0,0,0,10,809,1200024809
12,focused,A,0,0,0,10,810,1200024810
12,focused,A,0,0,0,10,811,1200024811
12,focused,A,0,0,0,10,812,1200024812
12,focused,A,0,0,0,10,813,1200024813
12,focused,A,0,0,0,10,814,1200024814
12,focused,A,0,0,0,10,815,1200024815
12,focused,A,0,0,0,10,816,1200024816
12,focused,A,0,0,0,10,817,1200024817
12,focused,A,0,0,0,10,818,1200024818
12,focused,A,0,0,0,10,819,1200024819
12,focused,A,0,0,0,10,820,1200024820
12,focused,A,0,0,0,10,821,1200024821
12,focused,A,0,0,0,10,822,1200024822
12,focused,A,0,0,0,10,823,1200024823
12,focused,A,0,0,0,10,824,1200024824
12,focused,A,0,0,0,10,825,1200024825
12,focused,A,0,0,0,10,826,1200024826
12,focused,A,0,0,0,10,827,1200024827
12,focused,A,0,0,0,10,828,1200024828
12,focused,A,0,0,0,10,829,1200024829
12,focused,A,0,0,0,10,830,1200024830
12,focused,A,0,0,0,10,831,1200024831
12,focused,A,0,0,0,10,832,1200024832
12,focused,A,0,0,0,10,833,1200024833
12,focused,A,0,0,0,10,834,1200024834
12,focused,A,0,0,0,10,835,1200024835
12,focused,A,0,0,0,10,836,1200024836
12,focused,A,0,0,0,10,837,1200024837
12,focused,A,0,0,0,10,838,1200024838
12,focused,A,0,0,0,10,839,1200024839
12,focused,A,0,0,0,10,840,1200024840
12,focused,A,0,0,0,10,841,1200024841
12,focused,A,0,0,0,10,842,1200024842
12,focused,A,0,0,0,10,843,1200024843
12,focused,A,0,0,0,10,844,1200024844
12,focused,A,0,0,0,10,845,1200024845
12,focused,A,0,0,0,10,846,1200024846
12,focused,A,0,0,0,10,847,1200024847
12,focused,A,0,0,0,10,848,1200024848
12,focused,A,0,0,0,10,849,1200024849
12,focused,A,0,0,0,10,850,1200024850
12,focused,A,0,0,0,10,851,1200024851
12,focused,A,0,0,0,10,852,1200024852
12,focused,A,0,0,0,10,853,1200024853
12,focused,A,0,0,0,10,854,1200024854
12,focused,A,0,0,0,10,855,1200024855
12,focused,A,0,0,0,10,856,1200024856
12,focused,A,0,0,0,10,857,1200024857
12,focused,A,0,0,0,10,858,1200024858
12,focused,A,0,0,0,10,859,1200024859
12,focused,A,0,0,0,10,860,1200024860
12,focused,A,0,0,0,10,861,1200024861
12,focused,A,0,0,0,10,862,1200024862
12,focused,A,0,0,0,10,863,1200024863
12,focused,A,0,0,0,10,864,1200024864
12,focused,A,0,0,0,10,865,1200024865
12,focused,A,0,0,0,10,866,1200024866
12,focused,A,0,0,0,10,867,1200024867
12,focused,A,0,0,0,10,868,1200024868
12,focused,A,0,0,0,10,869,1200024869
12,focused,A,0,0,0,10,870,1200024870
12,focused,A,0,0,0,10,871,1200024871
12,focused,A,0,0,0,10,872,1200024872
12,focused,A,0,0,0,10,873,1200024873
12,focused,A,0,0,0,10,874,1200024874
12,focused,A,0,0,0,10,875,1200024875
12,focused,A,0,0,0,10,876,1200024876
12,focused,A,0,0,0,10,877,1200024877
12,focused,A,0,0,0,10,878,1200024878
12,focused,A,0,0,0,10,879,1200024879
12,focused,A,0,0,0,10,880,1200024880
12,focused,A,0,0,0,10,881,1200024881
12,focused,A,0,0,0,10,882,1200024882
12,focused,A,0,0,0,10,883,1200024883
12,focused,A,0,0,0,10,884,1200024884
12,focused,A,0,0,0,10,885,1200024885
12,focused,A,0,0,0,10,886,1200024886
12,focused,A,0,0,0,10,887,1200024887
12,focused,A,0,0,0,10,888,1200024888
12,focused,A,0,0,0,10,889,1200024889
12,focused,A,0,0,0,10,890,1200024890
12,focused,A,0,0,0,10,891,1200024891
12,focused,A,0,0,0,10,892,1200024892
12,focused,A,0,0,0,10,893,1200024893
12,focused,A,0,0,0,10,894,1200024894
12,focused,A,0,0,0,10,895,1200024895
12,focused,A,0,0,0,10,896,1200024896
12,focused,A,0,0,0,10,897,1200024897
12,focused,A,0,0,0,10,898,1200024898
12,focused,A,0,0,0,10,899,1200024899
12,focused,A,0,0,0,10,900,1200024900
12,focused,A,0,0,0,10,901,1200024901
12,focused,A,0,0,0,10,902,1200024902
12,focused,A,0,0,0,10,903,1200024903
12,focused,A,0,0,0,10,904,1200024904
12,focused,A,0,0,0,10,905,1200024905
12,focused,A,0,0,0,10,906,1200024906
12,focused,A,0,0,0,10,907,1200024907
12,focused,A,0,0,0,10,908,1200024908
12,focused,A,0,0,0,10,909,1200024909
12,focused,A,0,0,0,10,910,1200024910
12,focused,A,0,0,0,10,911,1200024911
12,focused,A,0,0,0,10,912,1200024912
12,focused,A,0,0,0,10,913,1200024913
12,focused,A,0,0,0,10,914,1200024914
12,focused,A,0,0,0,10,915,1200024915
12,focused,A,0,0,0,10,916,1200024916
12,focused,A,0,0,0,10,917,1200024917
12,focused,A,0,0,0,10,918,1200024918
12,focused,A,0,0,0,10,919,1200024919
12,focused,A,0,0,0,10,920,1200024920
12,focused,A,0,0,0,10,921,1200024921
12,focused,A,0,0,0,10,922,1200024922
12,focused,A,0,0,0,10,923,1200024923
12,focused,A,0,0,0,10,924,1200024924
12,focused,A,0,0,0,10,925,1200024925
12,focused,A,0,0,0,10,926,1200024926
12,focused,A,0,0,0,10,927,1200024927
12,focused,A,0,0,0,10,928,1200024928
12,focused,A,0,0,0,10,929,1200024929
12,focused,A,0,0,0,10,930,1200024930
12,focused,A,0,0,0,10,931,1200024931
12,focused,A,0,0,0,10,932,1200024932
12,focused,A,0,0,0,10,933,1200024933
12,focused,A,0,0,0,10,934,1200024934
12,focused,A,0,0,0,10,935,1200024935
12,focused,A,0,0,0,10,936,1200024936
12,focused,A,0,0,0,10,937,1200024937
12,focused,A,0,0,0,10,938,1200024938
12,focused,A,0,0,0,10,939,1200024939
12,focused,A,0,0,0,10,940,1200024940
12,focused,A,0,0,0,10,941,1200024941
12,focused,A,0,0,0,10,942,1200024942
12,focused,A,0,0,0,10,943,1200024943
12,focused,A,0,0,0,10,944,1200024944
12,focused,A,0,0,0,10,945,1200024945
12,focused,A,0,0,0,10,946,1200024946
12,focused,A,0,0,0,10,947,1200024947
12,focused,A,0,0,0,10,948,1200024948
12,focused,A,0,0,0,10,949,1200024949
12,focused,A,0,0,0,10,950,1200024950
12,focused,A,0,0,0,10,951,1200024951
12,focused,A,0,0,0,10,952,1200024952
12,focused,A,0,0,0,10,953,1200024953
12,focused,A,0,0,0,10,954,1200024954
12,focused,A,0,0,0,10,955,1200024955
12,focused,A,0,0,0,10,956,1200024956
12,focused,A,0,0,0,10,957,1200024957
12,focused,A,0,0,0,10,958,1200024958
12,focused,A,0,0,0,10,959,1200024959
12,focused,A,0,0,0,10,960,1200024960
12,focused,A,0,0,0,10,961,1200024961
12,focused,A,0,0,0,10,962,1200024962
12,focused,A,0,0,0,10,963,1200024963
12,focused,A,0,0,0,10,964,1200024964
12,focused,A,0,0,0,10,965,1200024965
12,focused,A,0,0,0,10,966,1200024966
12,focused,A,0,0,0,10,967,1200024967
12,focused,A,0,0,0,10,968,1200024968
12,focused,A,0,0,0,10,969,1200024969
12,focused,A,0,0,0,10,970,1200024970
12,focused,A,0,0,0,10,971,1200024971
12,focused,A,0,0,0,10,972,1200024972
12,focused,A,0,0,0,10,973,1200024973
12,focused,A,0,0,0,10,974,1200024974
12,focused,A,0,0,0,10,975,1200024975
12,focused,A,0,0,0,10,976,1200024976
12,focused,A,0,0,0,10,977,1200024977
12,focused,A,0,0,0,10,978,1200024978
12,focused,A,0,0,0,10,979,1200024979
12,focused,A,0,0,0,10,980,1200024980
12,focused,A,0,0,0,10,981,1200024981
12,focused,A,0,0,0,10,982,1200024982
12,focused,A,0,0,0,10,983,1200024983
12,focused,A,0,0,0,10,984,1200024984
12,focused,A,0,0,0,10,985,1200024985
12,focused,A,0,0,0,10,986,1200024986
12,focused,A,0,0,0,10,987,1200024987
12,focused,A,0,0,0,10,988,1200024988
12,focused,A,0,0,0,10,989,1200024989
12,focused,A,0,0,0,10,990,1200024990
12,focused,A,0,0,0,10,991,1200024991
12,focused,A,0,0,0,10,992,1200024992
12,focused,A,0,0,0,10,993,1200024993
12,focused,A,0,0,0,10,994,1200024994
12,focused,A,0,0,0,10,995,1200024995
12,focused,A,0,0,0,10,996,1200024996
12,focused,A,0,0,0,10,997,1200024997
12,focused,A,0,0,0,10,998,1200024998
12,focused,A,0,0,0,10,999,1200024999
12,focused,A,0,0,0,10,1000,1200025000
13,frailty,C,0,0,-2,0.25,1,1600002001
13,frailty,C,0,0,-2,0.25,2,1600002002
13,frailty,C,0,0,-2,0.25,3,1600002003
13,frailty,C,0,0,-2,0.25,4,1600002004
13,frailty,C,0,0,-2,0.25,5,1600002005
13,frailty,C,0,0,-2,0.25,6,1600002006
13,frailty,C,0,0,-2,0.25,7,1600002007
13,frailty,C,0,0,-2,0.25,8,1600002008
13,frailty,C,0,0,-2,0.25,9,1600002009
13,frailty,C,0,0,-2,0.25,10,1600002010
13,frailty,C,0,0,-2,0.25,11,1600002011
13,frailty,C,0,0,-2,0.25,12,1600002012
13,frailty,C,0,0,-2,0.25,13,1600002013
13,frailty,C,0,0,-2,0.25,14,1600002014
13,frailty,C,0,0,-2,0.25,15,1600002015
13,frailty,C,0,0,-2,0.25,16,1600002016
13,frailty,C,0,0,-2,0.25,17,1600002017
13,frailty,C,0,0,-2,0.25,18,1600002018
13,frailty,C,0,0,-2,0.25,19,1600002019
13,frailty,C,0,0,-2,0.25,20,1600002020
13,frailty,C,0,0,-2,0.25,21,1600002021
13,frailty,C,0,0,-2,0.25,22,1600002022
13,frailty,C,0,0,-2,0.25,23,1600002023
13,frailty,C,0,0,-2,0.25,24,1600002024
13,frailty,C,0,0,-2,0.25,25,1600002025
13,frailty,C,0,0,-2,0.25,26,1600002026
13,frailty,C,0,0,-2,0.25,27,1600002027
13,frailty,C,0,0,-2,0.25,28,1600002028
13,frailty,C,0,0,-2,0.25,29,1600002029
13,frailty,C,0,0,-2,0.25,30,1600002030
13,frailty,C,0,0,-2,0.25,31,1600002031
13,frailty,C,0,0,-2,0.25,32,1600002032
13,frailty,C,0,0,-2,0.25,33,1600002033
13,frailty,C,0,0,-2,0.25,34,1600002034
13,frailty,C,0,0,-2,0.25,35,1600002035
13,frailty,C,0,0,-2,0.25,36,1600002036
13,frailty,C,0,0,-2,0.25,37,1600002037
13,frailty,C,0,0,-2,0.25,38,1600002038
13,frailty,C,0,0,-2,0.25,39,1600002039
13,frailty,C,0,0,-2,0.25,40,1600002040
13,frailty,C,0,0,-2,0.25,41,1600002041
13,frailty,C,0,0,-2,0.25,42,1600002042
13,frailty,C,0,0,-2,0.25,43,1600002043
13,frailty,C,0,0,-2,0.25,44,1600002044
13,frailty,C,0,0,-2,0.25,45,1600002045
13,frailty,C,0,0,-2,0.25,46,1600002046
13,frailty,C,0,0,-2,0.25,47,1600002047
13,frailty,C,0,0,-2,0.25,48,1600002048
13,frailty,C,0,0,-2,0.25,49,1600002049
13,frailty,C,0,0,-2,0.25,50,1600002050
13,frailty,C,0,0,-2,0.25,51,1600002051
13,frailty,C,0,0,-2,0.25,52,1600002052
13,frailty,C,0,0,-2,0.25,53,1600002053
13,frailty,C,0,0,-2,0.25,54,1600002054
13,frailty,C,0,0,-2,0.25,55,1600002055
13,frailty,C,0,0,-2,0.25,56,1600002056
13,frailty,C,0,0,-2,0.25,57,1600002057
13,frailty,C,0,0,-2,0.25,58,1600002058
13,frailty,C,0,0,-2,0.25,59,1600002059
13,frailty,C,0,0,-2,0.25,60,1600002060
13,frailty,C,0,0,-2,0.25,61,1600002061
13,frailty,C,0,0,-2,0.25,62,1600002062
13,frailty,C,0,0,-2,0.25,63,1600002063
13,frailty,C,0,0,-2,0.25,64,1600002064
13,frailty,C,0,0,-2,0.25,65,1600002065
13,frailty,C,0,0,-2,0.25,66,1600002066
13,frailty,C,0,0,-2,0.25,67,1600002067
13,frailty,C,0,0,-2,0.25,68,1600002068
13,frailty,C,0,0,-2,0.25,69,1600002069
13,frailty,C,0,0,-2,0.25,70,1600002070
13,frailty,C,0,0,-2,0.25,71,1600002071
13,frailty,C,0,0,-2,0.25,72,1600002072
13,frailty,C,0,0,-2,0.25,73,1600002073
13,frailty,C,0,0,-2,0.25,74,1600002074
13,frailty,C,0,0,-2,0.25,75,1600002075
13,frailty,C,0,0,-2,0.25,76,1600002076
13,frailty,C,0,0,-2,0.25,77,1600002077
13,frailty,C,0,0,-2,0.25,78,1600002078
13,frailty,C,0,0,-2,0.25,79,1600002079
13,frailty,C,0,0,-2,0.25,80,1600002080
13,frailty,C,0,0,-2,0.25,81,1600002081
13,frailty,C,0,0,-2,0.25,82,1600002082
13,frailty,C,0,0,-2,0.25,83,1600002083
13,frailty,C,0,0,-2,0.25,84,1600002084
13,frailty,C,0,0,-2,0.25,85,1600002085
13,frailty,C,0,0,-2,0.25,86,1600002086
13,frailty,C,0,0,-2,0.25,87,1600002087
13,frailty,C,0,0,-2,0.25,88,1600002088
13,frailty,C,0,0,-2,0.25,89,1600002089
13,frailty,C,0,0,-2,0.25,90,1600002090
13,frailty,C,0,0,-2,0.25,91,1600002091
13,frailty,C,0,0,-2,0.25,92,1600002092
13,frailty,C,0,0,-2,0.25,93,1600002093
13,frailty,C,0,0,-2,0.25,94,1600002094
13,frailty,C,0,0,-2,0.25,95,1600002095
13,frailty,C,0,0,-2,0.25,96,1600002096
13,frailty,C,0,0,-2,0.25,97,1600002097
13,frailty,C,0,0,-2,0.25,98,1600002098
13,frailty,C,0,0,-2,0.25,99,1600002099
13,frailty,C,0,0,-2,0.25,100,1600002100
13,frailty,C,0,0,-2,0.25,101,1600002101
13,frailty,C,0,0,-2,0.25,102,1600002102
13,frailty,C,0,0,-2,0.25,103,1600002103
13,frailty,C,0,0,-2,0.25,104,1600002104
13,frailty,C,0,0,-2,0.25,105,1600002105
13,frailty,C,0,0,-2,0.25,106,1600002106
13,frailty,C,0,0,-2,0.25,107,1600002107
13,frailty,C,0,0,-2,0.25,108,1600002108
13,frailty,C,0,0,-2,0.25,109,1600002109
13,frailty,C,0,0,-2,0.25,110,1600002110
13,frailty,C,0,0,-2,0.25,111,1600002111
13,frailty,C,0,0,-2,0.25,112,1600002112
13,frailty,C,0,0,-2,0.25,113,1600002113
13,frailty,C,0,0,-2,0.25,114,1600002114
13,frailty,C,0,0,-2,0.25,115,1600002115
13,frailty,C,0,0,-2,0.25,116,1600002116
13,frailty,C,0,0,-2,0.25,117,1600002117
13,frailty,C,0,0,-2,0.25,118,1600002118
13,frailty,C,0,0,-2,0.25,119,1600002119
13,frailty,C,0,0,-2,0.25,120,1600002120
13,frailty,C,0,0,-2,0.25,121,1600002121
13,frailty,C,0,0,-2,0.25,122,1600002122
13,frailty,C,0,0,-2,0.25,123,1600002123
13,frailty,C,0,0,-2,0.25,124,1600002124
13,frailty,C,0,0,-2,0.25,125,1600002125
13,frailty,C,0,0,-2,0.25,126,1600002126
13,frailty,C,0,0,-2,0.25,127,1600002127
13,frailty,C,0,0,-2,0.25,128,1600002128
13,frailty,C,0,0,-2,0.25,129,1600002129
13,frailty,C,0,0,-2,0.25,130,1600002130
13,frailty,C,0,0,-2,0.25,131,1600002131
13,frailty,C,0,0,-2,0.25,132,1600002132
13,frailty,C,0,0,-2,0.25,133,1600002133
13,frailty,C,0,0,-2,0.25,134,1600002134
13,frailty,C,0,0,-2,0.25,135,1600002135
13,frailty,C,0,0,-2,0.25,136,1600002136
13,frailty,C,0,0,-2,0.25,137,1600002137
13,frailty,C,0,0,-2,0.25,138,1600002138
13,frailty,C,0,0,-2,0.25,139,1600002139
13,frailty,C,0,0,-2,0.25,140,1600002140
13,frailty,C,0,0,-2,0.25,141,1600002141
13,frailty,C,0,0,-2,0.25,142,1600002142
13,frailty,C,0,0,-2,0.25,143,1600002143
13,frailty,C,0,0,-2,0.25,144,1600002144
13,frailty,C,0,0,-2,0.25,145,1600002145
13,frailty,C,0,0,-2,0.25,146,1600002146
13,frailty,C,0,0,-2,0.25,147,1600002147
13,frailty,C,0,0,-2,0.25,148,1600002148
13,frailty,C,0,0,-2,0.25,149,1600002149
13,frailty,C,0,0,-2,0.25,150,1600002150
13,frailty,C,0,0,-2,0.25,151,1600002151
13,frailty,C,0,0,-2,0.25,152,1600002152
13,frailty,C,0,0,-2,0.25,153,1600002153
13,frailty,C,0,0,-2,0.25,154,1600002154
13,frailty,C,0,0,-2,0.25,155,1600002155
13,frailty,C,0,0,-2,0.25,156,1600002156
13,frailty,C,0,0,-2,0.25,157,1600002157
13,frailty,C,0,0,-2,0.25,158,1600002158
13,frailty,C,0,0,-2,0.25,159,1600002159
13,frailty,C,0,0,-2,0.25,160,1600002160
13,frailty,C,0,0,-2,0.25,161,1600002161
13,frailty,C,0,0,-2,0.25,162,1600002162
13,frailty,C,0,0,-2,0.25,163,1600002163
13,frailty,C,0,0,-2,0.25,164,1600002164
13,frailty,C,0,0,-2,0.25,165,1600002165
13,frailty,C,0,0,-2,0.25,166,1600002166
13,frailty,C,0,0,-2,0.25,167,1600002167
13,frailty,C,0,0,-2,0.25,168,1600002168
13,frailty,C,0,0,-2,0.25,169,1600002169
13,frailty,C,0,0,-2,0.25,170,1600002170
13,frailty,C,0,0,-2,0.25,171,1600002171
13,frailty,C,0,0,-2,0.25,172,1600002172
13,frailty,C,0,0,-2,0.25,173,1600002173
13,frailty,C,0,0,-2,0.25,174,1600002174
13,frailty,C,0,0,-2,0.25,175,1600002175
13,frailty,C,0,0,-2,0.25,176,1600002176
13,frailty,C,0,0,-2,0.25,177,1600002177
13,frailty,C,0,0,-2,0.25,178,1600002178
13,frailty,C,0,0,-2,0.25,179,1600002179
13,frailty,C,0,0,-2,0.25,180,1600002180
13,frailty,C,0,0,-2,0.25,181,1600002181
13,frailty,C,0,0,-2,0.25,182,1600002182
13,frailty,C,0,0,-2,0.25,183,1600002183
13,frailty,C,0,0,-2,0.25,184,1600002184
13,frailty,C,0,0,-2,0.25,185,1600002185
13,frailty,C,0,0,-2,0.25,186,1600002186
13,frailty,C,0,0,-2,0.25,187,1600002187
13,frailty,C,0,0,-2,0.25,188,1600002188
13,frailty,C,0,0,-2,0.25,189,1600002189
13,frailty,C,0,0,-2,0.25,190,1600002190
13,frailty,C,0,0,-2,0.25,191,1600002191
13,frailty,C,0,0,-2,0.25,192,1600002192
13,frailty,C,0,0,-2,0.25,193,1600002193
13,frailty,C,0,0,-2,0.25,194,1600002194
13,frailty,C,0,0,-2,0.25,195,1600002195
13,frailty,C,0,0,-2,0.25,196,1600002196
13,frailty,C,0,0,-2,0.25,197,1600002197
13,frailty,C,0,0,-2,0.25,198,1600002198
13,frailty,C,0,0,-2,0.25,199,1600002199
13,frailty,C,0,0,-2,0.25,200,1600002200
13,frailty,C,0,0,-2,0.25,201,1600002201
13,frailty,C,0,0,-2,0.25,202,1600002202
13,frailty,C,0,0,-2,0.25,203,1600002203
13,frailty,C,0,0,-2,0.25,204,1600002204
13,frailty,C,0,0,-2,0.25,205,1600002205
13,frailty,C,0,0,-2,0.25,206,1600002206
13,frailty,C,0,0,-2,0.25,207,1600002207
13,frailty,C,0,0,-2,0.25,208,1600002208
13,frailty,C,0,0,-2,0.25,209,1600002209
13,frailty,C,0,0,-2,0.25,210,1600002210
13,frailty,C,0,0,-2,0.25,211,1600002211
13,frailty,C,0,0,-2,0.25,212,1600002212
13,frailty,C,0,0,-2,0.25,213,1600002213
13,frailty,C,0,0,-2,0.25,214,1600002214
13,frailty,C,0,0,-2,0.25,215,1600002215
13,frailty,C,0,0,-2,0.25,216,1600002216
13,frailty,C,0,0,-2,0.25,217,1600002217
13,frailty,C,0,0,-2,0.25,218,1600002218
13,frailty,C,0,0,-2,0.25,219,1600002219
13,frailty,C,0,0,-2,0.25,220,1600002220
13,frailty,C,0,0,-2,0.25,221,1600002221
13,frailty,C,0,0,-2,0.25,222,1600002222
13,frailty,C,0,0,-2,0.25,223,1600002223
13,frailty,C,0,0,-2,0.25,224,1600002224
13,frailty,C,0,0,-2,0.25,225,1600002225
13,frailty,C,0,0,-2,0.25,226,1600002226
13,frailty,C,0,0,-2,0.25,227,1600002227
13,frailty,C,0,0,-2,0.25,228,1600002228
13,frailty,C,0,0,-2,0.25,229,1600002229
13,frailty,C,0,0,-2,0.25,230,1600002230
13,frailty,C,0,0,-2,0.25,231,1600002231
13,frailty,C,0,0,-2,0.25,232,1600002232
13,frailty,C,0,0,-2,0.25,233,1600002233
13,frailty,C,0,0,-2,0.25,234,1600002234
13,frailty,C,0,0,-2,0.25,235,1600002235
13,frailty,C,0,0,-2,0.25,236,1600002236
13,frailty,C,0,0,-2,0.25,237,1600002237
13,frailty,C,0,0,-2,0.25,238,1600002238
13,frailty,C,0,0,-2,0.25,239,1600002239
13,frailty,C,0,0,-2,0.25,240,1600002240
13,frailty,C,0,0,-2,0.25,241,1600002241
13,frailty,C,0,0,-2,0.25,242,1600002242
13,frailty,C,0,0,-2,0.25,243,1600002243
13,frailty,C,0,0,-2,0.25,244,1600002244
13,frailty,C,0,0,-2,0.25,245,1600002245
13,frailty,C,0,0,-2,0.25,246,1600002246
13,frailty,C,0,0,-2,0.25,247,1600002247
13,frailty,C,0,0,-2,0.25,248,1600002248
13,frailty,C,0,0,-2,0.25,249,1600002249
13,frailty,C,0,0,-2,0.25,250,1600002250
13,frailty,C,0,0,-2,0.25,251,1600002251
13,frailty,C,0,0,-2,0.25,252,1600002252
13,frailty,C,0,0,-2,0.25,253,1600002253
13,frailty,C,0,0,-2,0.25,254,1600002254
13,frailty,C,0,0,-2,0.25,255,1600002255
13,frailty,C,0,0,-2,0.25,256,1600002256
13,frailty,C,0,0,-2,0.25,257,1600002257
13,frailty,C,0,0,-2,0.25,258,1600002258
13,frailty,C,0,0,-2,0.25,259,1600002259
13,frailty,C,0,0,-2,0.25,260,1600002260
13,frailty,C,0,0,-2,0.25,261,1600002261
13,frailty,C,0,0,-2,0.25,262,1600002262
13,frailty,C,0,0,-2,0.25,263,1600002263
13,frailty,C,0,0,-2,0.25,264,1600002264
13,frailty,C,0,0,-2,0.25,265,1600002265
13,frailty,C,0,0,-2,0.25,266,1600002266
13,frailty,C,0,0,-2,0.25,267,1600002267
13,frailty,C,0,0,-2,0.25,268,1600002268
13,frailty,C,0,0,-2,0.25,269,1600002269
13,frailty,C,0,0,-2,0.25,270,1600002270
13,frailty,C,0,0,-2,0.25,271,1600002271
13,frailty,C,0,0,-2,0.25,272,1600002272
13,frailty,C,0,0,-2,0.25,273,1600002273
13,frailty,C,0,0,-2,0.25,274,1600002274
13,frailty,C,0,0,-2,0.25,275,1600002275
13,frailty,C,0,0,-2,0.25,276,1600002276
13,frailty,C,0,0,-2,0.25,277,1600002277
13,frailty,C,0,0,-2,0.25,278,1600002278
13,frailty,C,0,0,-2,0.25,279,1600002279
13,frailty,C,0,0,-2,0.25,280,1600002280
13,frailty,C,0,0,-2,0.25,281,1600002281
13,frailty,C,0,0,-2,0.25,282,1600002282
13,frailty,C,0,0,-2,0.25,283,1600002283
13,frailty,C,0,0,-2,0.25,284,1600002284
13,frailty,C,0,0,-2,0.25,285,1600002285
13,frailty,C,0,0,-2,0.25,286,1600002286
13,frailty,C,0,0,-2,0.25,287,1600002287
13,frailty,C,0,0,-2,0.25,288,1600002288
13,frailty,C,0,0,-2,0.25,289,1600002289
13,frailty,C,0,0,-2,0.25,290,1600002290
13,frailty,C,0,0,-2,0.25,291,1600002291
13,frailty,C,0,0,-2,0.25,292,1600002292
13,frailty,C,0,0,-2,0.25,293,1600002293
13,frailty,C,0,0,-2,0.25,294,1600002294
13,frailty,C,0,0,-2,0.25,295,1600002295
13,frailty,C,0,0,-2,0.25,296,1600002296
13,frailty,C,0,0,-2,0.25,297,1600002297
13,frailty,C,0,0,-2,0.25,298,1600002298
13,frailty,C,0,0,-2,0.25,299,1600002299
13,frailty,C,0,0,-2,0.25,300,1600002300
13,frailty,C,0,0,-2,0.25,301,1600002301
13,frailty,C,0,0,-2,0.25,302,1600002302
13,frailty,C,0,0,-2,0.25,303,1600002303
13,frailty,C,0,0,-2,0.25,304,1600002304
13,frailty,C,0,0,-2,0.25,305,1600002305
13,frailty,C,0,0,-2,0.25,306,1600002306
13,frailty,C,0,0,-2,0.25,307,1600002307
13,frailty,C,0,0,-2,0.25,308,1600002308
13,frailty,C,0,0,-2,0.25,309,1600002309
13,frailty,C,0,0,-2,0.25,310,1600002310
13,frailty,C,0,0,-2,0.25,311,1600002311
13,frailty,C,0,0,-2,0.25,312,1600002312
13,frailty,C,0,0,-2,0.25,313,1600002313
13,frailty,C,0,0,-2,0.25,314,1600002314
13,frailty,C,0,0,-2,0.25,315,1600002315
13,frailty,C,0,0,-2,0.25,316,1600002316
13,frailty,C,0,0,-2,0.25,317,1600002317
13,frailty,C,0,0,-2,0.25,318,1600002318
13,frailty,C,0,0,-2,0.25,319,1600002319
13,frailty,C,0,0,-2,0.25,320,1600002320
13,frailty,C,0,0,-2,0.25,321,1600002321
13,frailty,C,0,0,-2,0.25,322,1600002322
13,frailty,C,0,0,-2,0.25,323,1600002323
13,frailty,C,0,0,-2,0.25,324,1600002324
13,frailty,C,0,0,-2,0.25,325,1600002325
13,frailty,C,0,0,-2,0.25,326,1600002326
13,frailty,C,0,0,-2,0.25,327,1600002327
13,frailty,C,0,0,-2,0.25,328,1600002328
13,frailty,C,0,0,-2,0.25,329,1600002329
13,frailty,C,0,0,-2,0.25,330,1600002330
13,frailty,C,0,0,-2,0.25,331,1600002331
13,frailty,C,0,0,-2,0.25,332,1600002332
13,frailty,C,0,0,-2,0.25,333,1600002333
13,frailty,C,0,0,-2,0.25,334,1600002334
13,frailty,C,0,0,-2,0.25,335,1600002335
13,frailty,C,0,0,-2,0.25,336,1600002336
13,frailty,C,0,0,-2,0.25,337,1600002337
13,frailty,C,0,0,-2,0.25,338,1600002338
13,frailty,C,0,0,-2,0.25,339,1600002339
13,frailty,C,0,0,-2,0.25,340,1600002340
13,frailty,C,0,0,-2,0.25,341,1600002341
13,frailty,C,0,0,-2,0.25,342,1600002342
13,frailty,C,0,0,-2,0.25,343,1600002343
13,frailty,C,0,0,-2,0.25,344,1600002344
13,frailty,C,0,0,-2,0.25,345,1600002345
13,frailty,C,0,0,-2,0.25,346,1600002346
13,frailty,C,0,0,-2,0.25,347,1600002347
13,frailty,C,0,0,-2,0.25,348,1600002348
13,frailty,C,0,0,-2,0.25,349,1600002349
13,frailty,C,0,0,-2,0.25,350,1600002350
13,frailty,C,0,0,-2,0.25,351,1600002351
13,frailty,C,0,0,-2,0.25,352,1600002352
13,frailty,C,0,0,-2,0.25,353,1600002353
13,frailty,C,0,0,-2,0.25,354,1600002354
13,frailty,C,0,0,-2,0.25,355,1600002355
13,frailty,C,0,0,-2,0.25,356,1600002356
13,frailty,C,0,0,-2,0.25,357,1600002357
13,frailty,C,0,0,-2,0.25,358,1600002358
13,frailty,C,0,0,-2,0.25,359,1600002359
13,frailty,C,0,0,-2,0.25,360,1600002360
13,frailty,C,0,0,-2,0.25,361,1600002361
13,frailty,C,0,0,-2,0.25,362,1600002362
13,frailty,C,0,0,-2,0.25,363,1600002363
13,frailty,C,0,0,-2,0.25,364,1600002364
13,frailty,C,0,0,-2,0.25,365,1600002365
13,frailty,C,0,0,-2,0.25,366,1600002366
13,frailty,C,0,0,-2,0.25,367,1600002367
13,frailty,C,0,0,-2,0.25,368,1600002368
13,frailty,C,0,0,-2,0.25,369,1600002369
13,frailty,C,0,0,-2,0.25,370,1600002370
13,frailty,C,0,0,-2,0.25,371,1600002371
13,frailty,C,0,0,-2,0.25,372,1600002372
13,frailty,C,0,0,-2,0.25,373,1600002373
13,frailty,C,0,0,-2,0.25,374,1600002374
13,frailty,C,0,0,-2,0.25,375,1600002375
13,frailty,C,0,0,-2,0.25,376,1600002376
13,frailty,C,0,0,-2,0.25,377,1600002377
13,frailty,C,0,0,-2,0.25,378,1600002378
13,frailty,C,0,0,-2,0.25,379,1600002379
13,frailty,C,0,0,-2,0.25,380,1600002380
13,frailty,C,0,0,-2,0.25,381,1600002381
13,frailty,C,0,0,-2,0.25,382,1600002382
13,frailty,C,0,0,-2,0.25,383,1600002383
13,frailty,C,0,0,-2,0.25,384,1600002384
13,frailty,C,0,0,-2,0.25,385,1600002385
13,frailty,C,0,0,-2,0.25,386,1600002386
13,frailty,C,0,0,-2,0.25,387,1600002387
13,frailty,C,0,0,-2,0.25,388,1600002388
13,frailty,C,0,0,-2,0.25,389,1600002389
13,frailty,C,0,0,-2,0.25,390,1600002390
13,frailty,C,0,0,-2,0.25,391,1600002391
13,frailty,C,0,0,-2,0.25,392,1600002392
13,frailty,C,0,0,-2,0.25,393,1600002393
13,frailty,C,0,0,-2,0.25,394,1600002394
13,frailty,C,0,0,-2,0.25,395,1600002395
13,frailty,C,0,0,-2,0.25,396,1600002396
13,frailty,C,0,0,-2,0.25,397,1600002397
13,frailty,C,0,0,-2,0.25,398,1600002398
13,frailty,C,0,0,-2,0.25,399,1600002399
13,frailty,C,0,0,-2,0.25,400,1600002400
13,frailty,C,0,0,-2,0.25,401,1600002401
13,frailty,C,0,0,-2,0.25,402,1600002402
13,frailty,C,0,0,-2,0.25,403,1600002403
13,frailty,C,0,0,-2,0.25,404,1600002404
13,frailty,C,0,0,-2,0.25,405,1600002405
13,frailty,C,0,0,-2,0.25,406,1600002406
13,frailty,C,0,0,-2,0.25,407,1600002407
13,frailty,C,0,0,-2,0.25,408,1600002408
13,frailty,C,0,0,-2,0.25,409,1600002409
13,frailty,C,0,0,-2,0.25,410,1600002410
13,frailty,C,0,0,-2,0.25,411,1600002411
13,frailty,C,0,0,-2,0.25,412,1600002412
13,frailty,C,0,0,-2,0.25,413,1600002413
13,frailty,C,0,0,-2,0.25,414,1600002414
13,frailty,C,0,0,-2,0.25,415,1600002415
13,frailty,C,0,0,-2,0.25,416,1600002416
13,frailty,C,0,0,-2,0.25,417,1600002417
13,frailty,C,0,0,-2,0.25,418,1600002418
13,frailty,C,0,0,-2,0.25,419,1600002419
13,frailty,C,0,0,-2,0.25,420,1600002420
13,frailty,C,0,0,-2,0.25,421,1600002421
13,frailty,C,0,0,-2,0.25,422,1600002422
13,frailty,C,0,0,-2,0.25,423,1600002423
13,frailty,C,0,0,-2,0.25,424,1600002424
13,frailty,C,0,0,-2,0.25,425,1600002425
13,frailty,C,0,0,-2,0.25,426,1600002426
13,frailty,C,0,0,-2,0.25,427,1600002427
13,frailty,C,0,0,-2,0.25,428,1600002428
13,frailty,C,0,0,-2,0.25,429,1600002429
13,frailty,C,0,0,-2,0.25,430,1600002430
13,frailty,C,0,0,-2,0.25,431,1600002431
13,frailty,C,0,0,-2,0.25,432,1600002432
13,frailty,C,0,0,-2,0.25,433,1600002433
13,frailty,C,0,0,-2,0.25,434,1600002434
13,frailty,C,0,0,-2,0.25,435,1600002435
13,frailty,C,0,0,-2,0.25,436,1600002436
13,frailty,C,0,0,-2,0.25,437,1600002437
13,frailty,C,0,0,-2,0.25,438,1600002438
13,frailty,C,0,0,-2,0.25,439,1600002439
13,frailty,C,0,0,-2,0.25,440,1600002440
13,frailty,C,0,0,-2,0.25,441,1600002441
13,frailty,C,0,0,-2,0.25,442,1600002442
13,frailty,C,0,0,-2,0.25,443,1600002443
13,frailty,C,0,0,-2,0.25,444,1600002444
13,frailty,C,0,0,-2,0.25,445,1600002445
13,frailty,C,0,0,-2,0.25,446,1600002446
13,frailty,C,0,0,-2,0.25,447,1600002447
13,frailty,C,0,0,-2,0.25,448,1600002448
13,frailty,C,0,0,-2,0.25,449,1600002449
13,frailty,C,0,0,-2,0.25,450,1600002450
13,frailty,C,0,0,-2,0.25,451,1600002451
13,frailty,C,0,0,-2,0.25,452,1600002452
13,frailty,C,0,0,-2,0.25,453,1600002453
13,frailty,C,0,0,-2,0.25,454,1600002454
13,frailty,C,0,0,-2,0.25,455,1600002455
13,frailty,C,0,0,-2,0.25,456,1600002456
13,frailty,C,0,0,-2,0.25,457,1600002457
13,frailty,C,0,0,-2,0.25,458,1600002458
13,frailty,C,0,0,-2,0.25,459,1600002459
13,frailty,C,0,0,-2,0.25,460,1600002460
13,frailty,C,0,0,-2,0.25,461,1600002461
13,frailty,C,0,0,-2,0.25,462,1600002462
13,frailty,C,0,0,-2,0.25,463,1600002463
13,frailty,C,0,0,-2,0.25,464,1600002464
13,frailty,C,0,0,-2,0.25,465,1600002465
13,frailty,C,0,0,-2,0.25,466,1600002466
13,frailty,C,0,0,-2,0.25,467,1600002467
13,frailty,C,0,0,-2,0.25,468,1600002468
13,frailty,C,0,0,-2,0.25,469,1600002469
13,frailty,C,0,0,-2,0.25,470,1600002470
13,frailty,C,0,0,-2,0.25,471,1600002471
13,frailty,C,0,0,-2,0.25,472,1600002472
13,frailty,C,0,0,-2,0.25,473,1600002473
13,frailty,C,0,0,-2,0.25,474,1600002474
13,frailty,C,0,0,-2,0.25,475,1600002475
13,frailty,C,0,0,-2,0.25,476,1600002476
13,frailty,C,0,0,-2,0.25,477,1600002477
13,frailty,C,0,0,-2,0.25,478,1600002478
13,frailty,C,0,0,-2,0.25,479,1600002479
13,frailty,C,0,0,-2,0.25,480,1600002480
13,frailty,C,0,0,-2,0.25,481,1600002481
13,frailty,C,0,0,-2,0.25,482,1600002482
13,frailty,C,0,0,-2,0.25,483,1600002483
13,frailty,C,0,0,-2,0.25,484,1600002484
13,frailty,C,0,0,-2,0.25,485,1600002485
13,frailty,C,0,0,-2,0.25,486,1600002486
13,frailty,C,0,0,-2,0.25,487,1600002487
13,frailty,C,0,0,-2,0.25,488,1600002488
13,frailty,C,0,0,-2,0.25,489,1600002489
13,frailty,C,0,0,-2,0.25,490,1600002490
13,frailty,C,0,0,-2,0.25,491,1600002491
13,frailty,C,0,0,-2,0.25,492,1600002492
13,frailty,C,0,0,-2,0.25,493,1600002493
13,frailty,C,0,0,-2,0.25,494,1600002494
13,frailty,C,0,0,-2,0.25,495,1600002495
13,frailty,C,0,0,-2,0.25,496,1600002496
13,frailty,C,0,0,-2,0.25,497,1600002497
13,frailty,C,0,0,-2,0.25,498,1600002498
13,frailty,C,0,0,-2,0.25,499,1600002499
13,frailty,C,0,0,-2,0.25,500,1600002500
13,frailty,C,0,0,-2,0.25,501,1600002501
13,frailty,C,0,0,-2,0.25,502,1600002502
13,frailty,C,0,0,-2,0.25,503,1600002503
13,frailty,C,0,0,-2,0.25,504,1600002504
13,frailty,C,0,0,-2,0.25,505,1600002505
13,frailty,C,0,0,-2,0.25,506,1600002506
13,frailty,C,0,0,-2,0.25,507,1600002507
13,frailty,C,0,0,-2,0.25,508,1600002508
13,frailty,C,0,0,-2,0.25,509,1600002509
13,frailty,C,0,0,-2,0.25,510,1600002510
13,frailty,C,0,0,-2,0.25,511,1600002511
13,frailty,C,0,0,-2,0.25,512,1600002512
13,frailty,C,0,0,-2,0.25,513,1600002513
13,frailty,C,0,0,-2,0.25,514,1600002514
13,frailty,C,0,0,-2,0.25,515,1600002515
13,frailty,C,0,0,-2,0.25,516,1600002516
13,frailty,C,0,0,-2,0.25,517,1600002517
13,frailty,C,0,0,-2,0.25,518,1600002518
13,frailty,C,0,0,-2,0.25,519,1600002519
13,frailty,C,0,0,-2,0.25,520,1600002520
13,frailty,C,0,0,-2,0.25,521,1600002521
13,frailty,C,0,0,-2,0.25,522,1600002522
13,frailty,C,0,0,-2,0.25,523,1600002523
13,frailty,C,0,0,-2,0.25,524,1600002524
13,frailty,C,0,0,-2,0.25,525,1600002525
13,frailty,C,0,0,-2,0.25,526,1600002526
13,frailty,C,0,0,-2,0.25,527,1600002527
13,frailty,C,0,0,-2,0.25,528,1600002528
13,frailty,C,0,0,-2,0.25,529,1600002529
13,frailty,C,0,0,-2,0.25,530,1600002530
13,frailty,C,0,0,-2,0.25,531,1600002531
13,frailty,C,0,0,-2,0.25,532,1600002532
13,frailty,C,0,0,-2,0.25,533,1600002533
13,frailty,C,0,0,-2,0.25,534,1600002534
13,frailty,C,0,0,-2,0.25,535,1600002535
13,frailty,C,0,0,-2,0.25,536,1600002536
13,frailty,C,0,0,-2,0.25,537,1600002537
13,frailty,C,0,0,-2,0.25,538,1600002538
13,frailty,C,0,0,-2,0.25,539,1600002539
13,frailty,C,0,0,-2,0.25,540,1600002540
13,frailty,C,0,0,-2,0.25,541,1600002541
13,frailty,C,0,0,-2,0.25,542,1600002542
13,frailty,C,0,0,-2,0.25,543,1600002543
13,frailty,C,0,0,-2,0.25,544,1600002544
13,frailty,C,0,0,-2,0.25,545,1600002545
13,frailty,C,0,0,-2,0.25,546,1600002546
13,frailty,C,0,0,-2,0.25,547,1600002547
13,frailty,C,0,0,-2,0.25,548,1600002548
13,frailty,C,0,0,-2,0.25,549,1600002549
13,frailty,C,0,0,-2,0.25,550,1600002550
13,frailty,C,0,0,-2,0.25,551,1600002551
13,frailty,C,0,0,-2,0.25,552,1600002552
13,frailty,C,0,0,-2,0.25,553,1600002553
13,frailty,C,0,0,-2,0.25,554,1600002554
13,frailty,C,0,0,-2,0.25,555,1600002555
13,frailty,C,0,0,-2,0.25,556,1600002556
13,frailty,C,0,0,-2,0.25,557,1600002557
13,frailty,C,0,0,-2,0.25,558,1600002558
13,frailty,C,0,0,-2,0.25,559,1600002559
13,frailty,C,0,0,-2,0.25,560,1600002560
13,frailty,C,0,0,-2,0.25,561,1600002561
13,frailty,C,0,0,-2,0.25,562,1600002562
13,frailty,C,0,0,-2,0.25,563,1600002563
13,frailty,C,0,0,-2,0.25,564,1600002564
13,frailty,C,0,0,-2,0.25,565,1600002565
13,frailty,C,0,0,-2,0.25,566,1600002566
13,frailty,C,0,0,-2,0.25,567,1600002567
13,frailty,C,0,0,-2,0.25,568,1600002568
13,frailty,C,0,0,-2,0.25,569,1600002569
13,frailty,C,0,0,-2,0.25,570,1600002570
13,frailty,C,0,0,-2,0.25,571,1600002571
13,frailty,C,0,0,-2,0.25,572,1600002572
13,frailty,C,0,0,-2,0.25,573,1600002573
13,frailty,C,0,0,-2,0.25,574,1600002574
13,frailty,C,0,0,-2,0.25,575,1600002575
13,frailty,C,0,0,-2,0.25,576,1600002576
13,frailty,C,0,0,-2,0.25,577,1600002577
13,frailty,C,0,0,-2,0.25,578,1600002578
13,frailty,C,0,0,-2,0.25,579,1600002579
13,frailty,C,0,0,-2,0.25,580,1600002580
13,frailty,C,0,0,-2,0.25,581,1600002581
13,frailty,C,0,0,-2,0.25,582,1600002582
13,frailty,C,0,0,-2,0.25,583,1600002583
13,frailty,C,0,0,-2,0.25,584,1600002584
13,frailty,C,0,0,-2,0.25,585,1600002585
13,frailty,C,0,0,-2,0.25,586,1600002586
13,frailty,C,0,0,-2,0.25,587,1600002587
13,frailty,C,0,0,-2,0.25,588,1600002588
13,frailty,C,0,0,-2,0.25,589,1600002589
13,frailty,C,0,0,-2,0.25,590,1600002590
13,frailty,C,0,0,-2,0.25,591,1600002591
13,frailty,C,0,0,-2,0.25,592,1600002592
13,frailty,C,0,0,-2,0.25,593,1600002593
13,frailty,C,0,0,-2,0.25,594,1600002594
13,frailty,C,0,0,-2,0.25,595,1600002595
13,frailty,C,0,0,-2,0.25,596,1600002596
13,frailty,C,0,0,-2,0.25,597,1600002597
13,frailty,C,0,0,-2,0.25,598,1600002598
13,frailty,C,0,0,-2,0.25,599,1600002599
13,frailty,C,0,0,-2,0.25,600,1600002600
13,frailty,C,0,0,-2,0.25,601,1600002601
13,frailty,C,0,0,-2,0.25,602,1600002602
13,frailty,C,0,0,-2,0.25,603,1600002603
13,frailty,C,0,0,-2,0.25,604,1600002604
13,frailty,C,0,0,-2,0.25,605,1600002605
13,frailty,C,0,0,-2,0.25,606,1600002606
13,frailty,C,0,0,-2,0.25,607,1600002607
13,frailty,C,0,0,-2,0.25,608,1600002608
13,frailty,C,0,0,-2,0.25,609,1600002609
13,frailty,C,0,0,-2,0.25,610,1600002610
13,frailty,C,0,0,-2,0.25,611,1600002611
13,frailty,C,0,0,-2,0.25,612,1600002612
13,frailty,C,0,0,-2,0.25,613,1600002613
13,frailty,C,0,0,-2,0.25,614,1600002614
13,frailty,C,0,0,-2,0.25,615,1600002615
13,frailty,C,0,0,-2,0.25,616,1600002616
13,frailty,C,0,0,-2,0.25,617,1600002617
13,frailty,C,0,0,-2,0.25,618,1600002618
13,frailty,C,0,0,-2,0.25,619,1600002619
13,frailty,C,0,0,-2,0.25,620,1600002620
13,frailty,C,0,0,-2,0.25,621,1600002621
13,frailty,C,0,0,-2,0.25,622,1600002622
13,frailty,C,0,0,-2,0.25,623,1600002623
13,frailty,C,0,0,-2,0.25,624,1600002624
13,frailty,C,0,0,-2,0.25,625,1600002625
13,frailty,C,0,0,-2,0.25,626,1600002626
13,frailty,C,0,0,-2,0.25,627,1600002627
13,frailty,C,0,0,-2,0.25,628,1600002628
13,frailty,C,0,0,-2,0.25,629,1600002629
13,frailty,C,0,0,-2,0.25,630,1600002630
13,frailty,C,0,0,-2,0.25,631,1600002631
13,frailty,C,0,0,-2,0.25,632,1600002632
13,frailty,C,0,0,-2,0.25,633,1600002633
13,frailty,C,0,0,-2,0.25,634,1600002634
13,frailty,C,0,0,-2,0.25,635,1600002635
13,frailty,C,0,0,-2,0.25,636,1600002636
13,frailty,C,0,0,-2,0.25,637,1600002637
13,frailty,C,0,0,-2,0.25,638,1600002638
13,frailty,C,0,0,-2,0.25,639,1600002639
13,frailty,C,0,0,-2,0.25,640,1600002640
13,frailty,C,0,0,-2,0.25,641,1600002641
13,frailty,C,0,0,-2,0.25,642,1600002642
13,frailty,C,0,0,-2,0.25,643,1600002643
13,frailty,C,0,0,-2,0.25,644,1600002644
13,frailty,C,0,0,-2,0.25,645,1600002645
13,frailty,C,0,0,-2,0.25,646,1600002646
13,frailty,C,0,0,-2,0.25,647,1600002647
13,frailty,C,0,0,-2,0.25,648,1600002648
13,frailty,C,0,0,-2,0.25,649,1600002649
13,frailty,C,0,0,-2,0.25,650,1600002650
13,frailty,C,0,0,-2,0.25,651,1600002651
13,frailty,C,0,0,-2,0.25,652,1600002652
13,frailty,C,0,0,-2,0.25,653,1600002653
13,frailty,C,0,0,-2,0.25,654,1600002654
13,frailty,C,0,0,-2,0.25,655,1600002655
13,frailty,C,0,0,-2,0.25,656,1600002656
13,frailty,C,0,0,-2,0.25,657,1600002657
13,frailty,C,0,0,-2,0.25,658,1600002658
13,frailty,C,0,0,-2,0.25,659,1600002659
13,frailty,C,0,0,-2,0.25,660,1600002660
13,frailty,C,0,0,-2,0.25,661,1600002661
13,frailty,C,0,0,-2,0.25,662,1600002662
13,frailty,C,0,0,-2,0.25,663,1600002663
13,frailty,C,0,0,-2,0.25,664,1600002664
13,frailty,C,0,0,-2,0.25,665,1600002665
13,frailty,C,0,0,-2,0.25,666,1600002666
13,frailty,C,0,0,-2,0.25,667,1600002667
13,frailty,C,0,0,-2,0.25,668,1600002668
13,frailty,C,0,0,-2,0.25,669,1600002669
13,frailty,C,0,0,-2,0.25,670,1600002670
13,frailty,C,0,0,-2,0.25,671,1600002671
13,frailty,C,0,0,-2,0.25,672,1600002672
13,frailty,C,0,0,-2,0.25,673,1600002673
13,frailty,C,0,0,-2,0.25,674,1600002674
13,frailty,C,0,0,-2,0.25,675,1600002675
13,frailty,C,0,0,-2,0.25,676,1600002676
13,frailty,C,0,0,-2,0.25,677,1600002677
13,frailty,C,0,0,-2,0.25,678,1600002678
13,frailty,C,0,0,-2,0.25,679,1600002679
13,frailty,C,0,0,-2,0.25,680,1600002680
13,frailty,C,0,0,-2,0.25,681,1600002681
13,frailty,C,0,0,-2,0.25,682,1600002682
13,frailty,C,0,0,-2,0.25,683,1600002683
13,frailty,C,0,0,-2,0.25,684,1600002684
13,frailty,C,0,0,-2,0.25,685,1600002685
13,frailty,C,0,0,-2,0.25,686,1600002686
13,frailty,C,0,0,-2,0.25,687,1600002687
13,frailty,C,0,0,-2,0.25,688,1600002688
13,frailty,C,0,0,-2,0.25,689,1600002689
13,frailty,C,0,0,-2,0.25,690,1600002690
13,frailty,C,0,0,-2,0.25,691,1600002691
13,frailty,C,0,0,-2,0.25,692,1600002692
13,frailty,C,0,0,-2,0.25,693,1600002693
13,frailty,C,0,0,-2,0.25,694,1600002694
13,frailty,C,0,0,-2,0.25,695,1600002695
13,frailty,C,0,0,-2,0.25,696,1600002696
13,frailty,C,0,0,-2,0.25,697,1600002697
13,frailty,C,0,0,-2,0.25,698,1600002698
13,frailty,C,0,0,-2,0.25,699,1600002699
13,frailty,C,0,0,-2,0.25,700,1600002700
13,frailty,C,0,0,-2,0.25,701,1600002701
13,frailty,C,0,0,-2,0.25,702,1600002702
13,frailty,C,0,0,-2,0.25,703,1600002703
13,frailty,C,0,0,-2,0.25,704,1600002704
13,frailty,C,0,0,-2,0.25,705,1600002705
13,frailty,C,0,0,-2,0.25,706,1600002706
13,frailty,C,0,0,-2,0.25,707,1600002707
13,frailty,C,0,0,-2,0.25,708,1600002708
13,frailty,C,0,0,-2,0.25,709,1600002709
13,frailty,C,0,0,-2,0.25,710,1600002710
13,frailty,C,0,0,-2,0.25,711,1600002711
13,frailty,C,0,0,-2,0.25,712,1600002712
13,frailty,C,0,0,-2,0.25,713,1600002713
13,frailty,C,0,0,-2,0.25,714,1600002714
13,frailty,C,0,0,-2,0.25,715,1600002715
13,frailty,C,0,0,-2,0.25,716,1600002716
13,frailty,C,0,0,-2,0.25,717,1600002717
13,frailty,C,0,0,-2,0.25,718,1600002718
13,frailty,C,0,0,-2,0.25,719,1600002719
13,frailty,C,0,0,-2,0.25,720,1600002720
13,frailty,C,0,0,-2,0.25,721,1600002721
13,frailty,C,0,0,-2,0.25,722,1600002722
13,frailty,C,0,0,-2,0.25,723,1600002723
13,frailty,C,0,0,-2,0.25,724,1600002724
13,frailty,C,0,0,-2,0.25,725,1600002725
13,frailty,C,0,0,-2,0.25,726,1600002726
13,frailty,C,0,0,-2,0.25,727,1600002727
13,frailty,C,0,0,-2,0.25,728,1600002728
13,frailty,C,0,0,-2,0.25,729,1600002729
13,frailty,C,0,0,-2,0.25,730,1600002730
13,frailty,C,0,0,-2,0.25,731,1600002731
13,frailty,C,0,0,-2,0.25,732,1600002732
13,frailty,C,0,0,-2,0.25,733,1600002733
13,frailty,C,0,0,-2,0.25,734,1600002734
13,frailty,C,0,0,-2,0.25,735,1600002735
13,frailty,C,0,0,-2,0.25,736,1600002736
13,frailty,C,0,0,-2,0.25,737,1600002737
13,frailty,C,0,0,-2,0.25,738,1600002738
13,frailty,C,0,0,-2,0.25,739,1600002739
13,frailty,C,0,0,-2,0.25,740,1600002740
13,frailty,C,0,0,-2,0.25,741,1600002741
13,frailty,C,0,0,-2,0.25,742,1600002742
13,frailty,C,0,0,-2,0.25,743,1600002743
13,frailty,C,0,0,-2,0.25,744,1600002744
13,frailty,C,0,0,-2,0.25,745,1600002745
13,frailty,C,0,0,-2,0.25,746,1600002746
13,frailty,C,0,0,-2,0.25,747,1600002747
13,frailty,C,0,0,-2,0.25,748,1600002748
13,frailty,C,0,0,-2,0.25,749,1600002749
13,frailty,C,0,0,-2,0.25,750,1600002750
13,frailty,C,0,0,-2,0.25,751,1600002751
13,frailty,C,0,0,-2,0.25,752,1600002752
13,frailty,C,0,0,-2,0.25,753,1600002753
13,frailty,C,0,0,-2,0.25,754,1600002754
13,frailty,C,0,0,-2,0.25,755,1600002755
13,frailty,C,0,0,-2,0.25,756,1600002756
13,frailty,C,0,0,-2,0.25,757,1600002757
13,frailty,C,0,0,-2,0.25,758,1600002758
13,frailty,C,0,0,-2,0.25,759,1600002759
13,frailty,C,0,0,-2,0.25,760,1600002760
13,frailty,C,0,0,-2,0.25,761,1600002761
13,frailty,C,0,0,-2,0.25,762,1600002762
13,frailty,C,0,0,-2,0.25,763,1600002763
13,frailty,C,0,0,-2,0.25,764,1600002764
13,frailty,C,0,0,-2,0.25,765,1600002765
13,frailty,C,0,0,-2,0.25,766,1600002766
13,frailty,C,0,0,-2,0.25,767,1600002767
13,frailty,C,0,0,-2,0.25,768,1600002768
13,frailty,C,0,0,-2,0.25,769,1600002769
13,frailty,C,0,0,-2,0.25,770,1600002770
13,frailty,C,0,0,-2,0.25,771,1600002771
13,frailty,C,0,0,-2,0.25,772,1600002772
13,frailty,C,0,0,-2,0.25,773,1600002773
13,frailty,C,0,0,-2,0.25,774,1600002774
13,frailty,C,0,0,-2,0.25,775,1600002775
13,frailty,C,0,0,-2,0.25,776,1600002776
13,frailty,C,0,0,-2,0.25,777,1600002777
13,frailty,C,0,0,-2,0.25,778,1600002778
13,frailty,C,0,0,-2,0.25,779,1600002779
13,frailty,C,0,0,-2,0.25,780,1600002780
13,frailty,C,0,0,-2,0.25,781,1600002781
13,frailty,C,0,0,-2,0.25,782,1600002782
13,frailty,C,0,0,-2,0.25,783,1600002783
13,frailty,C,0,0,-2,0.25,784,1600002784
13,frailty,C,0,0,-2,0.25,785,1600002785
13,frailty,C,0,0,-2,0.25,786,1600002786
13,frailty,C,0,0,-2,0.25,787,1600002787
13,frailty,C,0,0,-2,0.25,788,1600002788
13,frailty,C,0,0,-2,0.25,789,1600002789
13,frailty,C,0,0,-2,0.25,790,1600002790
13,frailty,C,0,0,-2,0.25,791,1600002791
13,frailty,C,0,0,-2,0.25,792,1600002792
13,frailty,C,0,0,-2,0.25,793,1600002793
13,frailty,C,0,0,-2,0.25,794,1600002794
13,frailty,C,0,0,-2,0.25,795,1600002795
13,frailty,C,0,0,-2,0.25,796,1600002796
13,frailty,C,0,0,-2,0.25,797,1600002797
13,frailty,C,0,0,-2,0.25,798,1600002798
13,frailty,C,0,0,-2,0.25,799,1600002799
13,frailty,C,0,0,-2,0.25,800,1600002800
13,frailty,C,0,0,-2,0.25,801,1600002801
13,frailty,C,0,0,-2,0.25,802,1600002802
13,frailty,C,0,0,-2,0.25,803,1600002803
13,frailty,C,0,0,-2,0.25,804,1600002804
13,frailty,C,0,0,-2,0.25,805,1600002805
13,frailty,C,0,0,-2,0.25,806,1600002806
13,frailty,C,0,0,-2,0.25,807,1600002807
13,frailty,C,0,0,-2,0.25,808,1600002808
13,frailty,C,0,0,-2,0.25,809,1600002809
13,frailty,C,0,0,-2,0.25,810,1600002810
13,frailty,C,0,0,-2,0.25,811,1600002811
13,frailty,C,0,0,-2,0.25,812,1600002812
13,frailty,C,0,0,-2,0.25,813,1600002813
13,frailty,C,0,0,-2,0.25,814,1600002814
13,frailty,C,0,0,-2,0.25,815,1600002815
13,frailty,C,0,0,-2,0.25,816,1600002816
13,frailty,C,0,0,-2,0.25,817,1600002817
13,frailty,C,0,0,-2,0.25,818,1600002818
13,frailty,C,0,0,-2,0.25,819,1600002819
13,frailty,C,0,0,-2,0.25,820,1600002820
13,frailty,C,0,0,-2,0.25,821,1600002821
13,frailty,C,0,0,-2,0.25,822,1600002822
13,frailty,C,0,0,-2,0.25,823,1600002823
13,frailty,C,0,0,-2,0.25,824,1600002824
13,frailty,C,0,0,-2,0.25,825,1600002825
13,frailty,C,0,0,-2,0.25,826,1600002826
13,frailty,C,0,0,-2,0.25,827,1600002827
13,frailty,C,0,0,-2,0.25,828,1600002828
13,frailty,C,0,0,-2,0.25,829,1600002829
13,frailty,C,0,0,-2,0.25,830,1600002830
13,frailty,C,0,0,-2,0.25,831,1600002831
13,frailty,C,0,0,-2,0.25,832,1600002832
13,frailty,C,0,0,-2,0.25,833,1600002833
13,frailty,C,0,0,-2,0.25,834,1600002834
13,frailty,C,0,0,-2,0.25,835,1600002835
13,frailty,C,0,0,-2,0.25,836,1600002836
13,frailty,C,0,0,-2,0.25,837,1600002837
13,frailty,C,0,0,-2,0.25,838,1600002838
13,frailty,C,0,0,-2,0.25,839,1600002839
13,frailty,C,0,0,-2,0.25,840,1600002840
13,frailty,C,0,0,-2,0.25,841,1600002841
13,frailty,C,0,0,-2,0.25,842,1600002842
13,frailty,C,0,0,-2,0.25,843,1600002843
13,frailty,C,0,0,-2,0.25,844,1600002844
13,frailty,C,0,0,-2,0.25,845,1600002845
13,frailty,C,0,0,-2,0.25,846,1600002846
13,frailty,C,0,0,-2,0.25,847,1600002847
13,frailty,C,0,0,-2,0.25,848,1600002848
13,frailty,C,0,0,-2,0.25,849,1600002849
13,frailty,C,0,0,-2,0.25,850,1600002850
13,frailty,C,0,0,-2,0.25,851,1600002851
13,frailty,C,0,0,-2,0.25,852,1600002852
13,frailty,C,0,0,-2,0.25,853,1600002853
13,frailty,C,0,0,-2,0.25,854,1600002854
13,frailty,C,0,0,-2,0.25,855,1600002855
13,frailty,C,0,0,-2,0.25,856,1600002856
13,frailty,C,0,0,-2,0.25,857,1600002857
13,frailty,C,0,0,-2,0.25,858,1600002858
13,frailty,C,0,0,-2,0.25,859,1600002859
13,frailty,C,0,0,-2,0.25,860,1600002860
13,frailty,C,0,0,-2,0.25,861,1600002861
13,frailty,C,0,0,-2,0.25,862,1600002862
13,frailty,C,0,0,-2,0.25,863,1600002863
13,frailty,C,0,0,-2,0.25,864,1600002864
13,frailty,C,0,0,-2,0.25,865,1600002865
13,frailty,C,0,0,-2,0.25,866,1600002866
13,frailty,C,0,0,-2,0.25,867,1600002867
13,frailty,C,0,0,-2,0.25,868,1600002868
13,frailty,C,0,0,-2,0.25,869,1600002869
13,frailty,C,0,0,-2,0.25,870,1600002870
13,frailty,C,0,0,-2,0.25,871,1600002871
13,frailty,C,0,0,-2,0.25,872,1600002872
13,frailty,C,0,0,-2,0.25,873,1600002873
13,frailty,C,0,0,-2,0.25,874,1600002874
13,frailty,C,0,0,-2,0.25,875,1600002875
13,frailty,C,0,0,-2,0.25,876,1600002876
13,frailty,C,0,0,-2,0.25,877,1600002877
13,frailty,C,0,0,-2,0.25,878,1600002878
13,frailty,C,0,0,-2,0.25,879,1600002879
13,frailty,C,0,0,-2,0.25,880,1600002880
13,frailty,C,0,0,-2,0.25,881,1600002881
13,frailty,C,0,0,-2,0.25,882,1600002882
13,frailty,C,0,0,-2,0.25,883,1600002883
13,frailty,C,0,0,-2,0.25,884,1600002884
13,frailty,C,0,0,-2,0.25,885,1600002885
13,frailty,C,0,0,-2,0.25,886,1600002886
13,frailty,C,0,0,-2,0.25,887,1600002887
13,frailty,C,0,0,-2,0.25,888,1600002888
13,frailty,C,0,0,-2,0.25,889,1600002889
13,frailty,C,0,0,-2,0.25,890,1600002890
13,frailty,C,0,0,-2,0.25,891,1600002891
13,frailty,C,0,0,-2,0.25,892,1600002892
13,frailty,C,0,0,-2,0.25,893,1600002893
13,frailty,C,0,0,-2,0.25,894,1600002894
13,frailty,C,0,0,-2,0.25,895,1600002895
13,frailty,C,0,0,-2,0.25,896,1600002896
13,frailty,C,0,0,-2,0.25,897,1600002897
13,frailty,C,0,0,-2,0.25,898,1600002898
13,frailty,C,0,0,-2,0.25,899,1600002899
13,frailty,C,0,0,-2,0.25,900,1600002900
13,frailty,C,0,0,-2,0.25,901,1600002901
13,frailty,C,0,0,-2,0.25,902,1600002902
13,frailty,C,0,0,-2,0.25,903,1600002903
13,frailty,C,0,0,-2,0.25,904,1600002904
13,frailty,C,0,0,-2,0.25,905,1600002905
13,frailty,C,0,0,-2,0.25,906,1600002906
13,frailty,C,0,0,-2,0.25,907,1600002907
13,frailty,C,0,0,-2,0.25,908,1600002908
13,frailty,C,0,0,-2,0.25,909,1600002909
13,frailty,C,0,0,-2,0.25,910,1600002910
13,frailty,C,0,0,-2,0.25,911,1600002911
13,frailty,C,0,0,-2,0.25,912,1600002912
13,frailty,C,0,0,-2,0.25,913,1600002913
13,frailty,C,0,0,-2,0.25,914,1600002914
13,frailty,C,0,0,-2,0.25,915,1600002915
13,frailty,C,0,0,-2,0.25,916,1600002916
13,frailty,C,0,0,-2,0.25,917,1600002917
13,frailty,C,0,0,-2,0.25,918,1600002918
13,frailty,C,0,0,-2,0.25,919,1600002919
13,frailty,C,0,0,-2,0.25,920,1600002920
13,frailty,C,0,0,-2,0.25,921,1600002921
13,frailty,C,0,0,-2,0.25,922,1600002922
13,frailty,C,0,0,-2,0.25,923,1600002923
13,frailty,C,0,0,-2,0.25,924,1600002924
13,frailty,C,0,0,-2,0.25,925,1600002925
13,frailty,C,0,0,-2,0.25,926,1600002926
13,frailty,C,0,0,-2,0.25,927,1600002927
13,frailty,C,0,0,-2,0.25,928,1600002928
13,frailty,C,0,0,-2,0.25,929,1600002929
13,frailty,C,0,0,-2,0.25,930,1600002930
13,frailty,C,0,0,-2,0.25,931,1600002931
13,frailty,C,0,0,-2,0.25,932,1600002932
13,frailty,C,0,0,-2,0.25,933,1600002933
13,frailty,C,0,0,-2,0.25,934,1600002934
13,frailty,C,0,0,-2,0.25,935,1600002935
13,frailty,C,0,0,-2,0.25,936,1600002936
13,frailty,C,0,0,-2,0.25,937,1600002937
13,frailty,C,0,0,-2,0.25,938,1600002938
13,frailty,C,0,0,-2,0.25,939,1600002939
13,frailty,C,0,0,-2,0.25,940,1600002940
13,frailty,C,0,0,-2,0.25,941,1600002941
13,frailty,C,0,0,-2,0.25,942,1600002942
13,frailty,C,0,0,-2,0.25,943,1600002943
13,frailty,C,0,0,-2,0.25,944,1600002944
13,frailty,C,0,0,-2,0.25,945,1600002945
13,frailty,C,0,0,-2,0.25,946,1600002946
13,frailty,C,0,0,-2,0.25,947,1600002947
13,frailty,C,0,0,-2,0.25,948,1600002948
13,frailty,C,0,0,-2,0.25,949,1600002949
13,frailty,C,0,0,-2,0.25,950,1600002950
13,frailty,C,0,0,-2,0.25,951,1600002951
13,frailty,C,0,0,-2,0.25,952,1600002952
13,frailty,C,0,0,-2,0.25,953,1600002953
13,frailty,C,0,0,-2,0.25,954,1600002954
13,frailty,C,0,0,-2,0.25,955,1600002955
13,frailty,C,0,0,-2,0.25,956,1600002956
13,frailty,C,0,0,-2,0.25,957,1600002957
13,frailty,C,0,0,-2,0.25,958,1600002958
13,frailty,C,0,0,-2,0.25,959,1600002959
13,frailty,C,0,0,-2,0.25,960,1600002960
13,frailty,C,0,0,-2,0.25,961,1600002961
13,frailty,C,0,0,-2,0.25,962,1600002962
13,frailty,C,0,0,-2,0.25,963,1600002963
13,frailty,C,0,0,-2,0.25,964,1600002964
13,frailty,C,0,0,-2,0.25,965,1600002965
13,frailty,C,0,0,-2,0.25,966,1600002966
13,frailty,C,0,0,-2,0.25,967,1600002967
13,frailty,C,0,0,-2,0.25,968,1600002968
13,frailty,C,0,0,-2,0.25,969,1600002969
13,frailty,C,0,0,-2,0.25,970,1600002970
13,frailty,C,0,0,-2,0.25,971,1600002971
13,frailty,C,0,0,-2,0.25,972,1600002972
13,frailty,C,0,0,-2,0.25,973,1600002973
13,frailty,C,0,0,-2,0.25,974,1600002974
13,frailty,C,0,0,-2,0.25,975,1600002975
13,frailty,C,0,0,-2,0.25,976,1600002976
13,frailty,C,0,0,-2,0.25,977,1600002977
13,frailty,C,0,0,-2,0.25,978,1600002978
13,frailty,C,0,0,-2,0.25,979,1600002979
13,frailty,C,0,0,-2,0.25,980,1600002980
13,frailty,C,0,0,-2,0.25,981,1600002981
13,frailty,C,0,0,-2,0.25,982,1600002982
13,frailty,C,0,0,-2,0.25,983,1600002983
13,frailty,C,0,0,-2,0.25,984,1600002984
13,frailty,C,0,0,-2,0.25,985,1600002985
13,frailty,C,0,0,-2,0.25,986,1600002986
13,frailty,C,0,0,-2,0.25,987,1600002987
13,frailty,C,0,0,-2,0.25,988,1600002988
13,frailty,C,0,0,-2,0.25,989,1600002989
13,frailty,C,0,0,-2,0.25,990,1600002990
13,frailty,C,0,0,-2,0.25,991,1600002991
13,frailty,C,0,0,-2,0.25,992,1600002992
13,frailty,C,0,0,-2,0.25,993,1600002993
13,frailty,C,0,0,-2,0.25,994,1600002994
13,frailty,C,0,0,-2,0.25,995,1600002995
13,frailty,C,0,0,-2,0.25,996,1600002996
13,frailty,C,0,0,-2,0.25,997,1600002997
13,frailty,C,0,0,-2,0.25,998,1600002998
13,frailty,C,0,0,-2,0.25,999,1600002999
13,frailty,C,0,0,-2,0.25,1000,1600003000
14,frailty,C,0,0,-2,4,1,1600004001
14,frailty,C,0,0,-2,4,2,1600004002
14,frailty,C,0,0,-2,4,3,1600004003
14,frailty,C,0,0,-2,4,4,1600004004
14,frailty,C,0,0,-2,4,5,1600004005
14,frailty,C,0,0,-2,4,6,1600004006
14,frailty,C,0,0,-2,4,7,1600004007
14,frailty,C,0,0,-2,4,8,1600004008
14,frailty,C,0,0,-2,4,9,1600004009
14,frailty,C,0,0,-2,4,10,1600004010
14,frailty,C,0,0,-2,4,11,1600004011
14,frailty,C,0,0,-2,4,12,1600004012
14,frailty,C,0,0,-2,4,13,1600004013
14,frailty,C,0,0,-2,4,14,1600004014
14,frailty,C,0,0,-2,4,15,1600004015
14,frailty,C,0,0,-2,4,16,1600004016
14,frailty,C,0,0,-2,4,17,1600004017
14,frailty,C,0,0,-2,4,18,1600004018
14,frailty,C,0,0,-2,4,19,1600004019
14,frailty,C,0,0,-2,4,20,1600004020
14,frailty,C,0,0,-2,4,21,1600004021
14,frailty,C,0,0,-2,4,22,1600004022
14,frailty,C,0,0,-2,4,23,1600004023
14,frailty,C,0,0,-2,4,24,1600004024
14,frailty,C,0,0,-2,4,25,1600004025
14,frailty,C,0,0,-2,4,26,1600004026
14,frailty,C,0,0,-2,4,27,1600004027
14,frailty,C,0,0,-2,4,28,1600004028
14,frailty,C,0,0,-2,4,29,1600004029
14,frailty,C,0,0,-2,4,30,1600004030
14,frailty,C,0,0,-2,4,31,1600004031
14,frailty,C,0,0,-2,4,32,1600004032
14,frailty,C,0,0,-2,4,33,1600004033
14,frailty,C,0,0,-2,4,34,1600004034
14,frailty,C,0,0,-2,4,35,1600004035
14,frailty,C,0,0,-2,4,36,1600004036
14,frailty,C,0,0,-2,4,37,1600004037
14,frailty,C,0,0,-2,4,38,1600004038
14,frailty,C,0,0,-2,4,39,1600004039
14,frailty,C,0,0,-2,4,40,1600004040
14,frailty,C,0,0,-2,4,41,1600004041
14,frailty,C,0,0,-2,4,42,1600004042
14,frailty,C,0,0,-2,4,43,1600004043
14,frailty,C,0,0,-2,4,44,1600004044
14,frailty,C,0,0,-2,4,45,1600004045
14,frailty,C,0,0,-2,4,46,1600004046
14,frailty,C,0,0,-2,4,47,1600004047
14,frailty,C,0,0,-2,4,48,1600004048
14,frailty,C,0,0,-2,4,49,1600004049
14,frailty,C,0,0,-2,4,50,1600004050
14,frailty,C,0,0,-2,4,51,1600004051
14,frailty,C,0,0,-2,4,52,1600004052
14,frailty,C,0,0,-2,4,53,1600004053
14,frailty,C,0,0,-2,4,54,1600004054
14,frailty,C,0,0,-2,4,55,1600004055
14,frailty,C,0,0,-2,4,56,1600004056
14,frailty,C,0,0,-2,4,57,1600004057
14,frailty,C,0,0,-2,4,58,1600004058
14,frailty,C,0,0,-2,4,59,1600004059
14,frailty,C,0,0,-2,4,60,1600004060
14,frailty,C,0,0,-2,4,61,1600004061
14,frailty,C,0,0,-2,4,62,1600004062
14,frailty,C,0,0,-2,4,63,1600004063
14,frailty,C,0,0,-2,4,64,1600004064
14,frailty,C,0,0,-2,4,65,1600004065
14,frailty,C,0,0,-2,4,66,1600004066
14,frailty,C,0,0,-2,4,67,1600004067
14,frailty,C,0,0,-2,4,68,1600004068
14,frailty,C,0,0,-2,4,69,1600004069
14,frailty,C,0,0,-2,4,70,1600004070
14,frailty,C,0,0,-2,4,71,1600004071
14,frailty,C,0,0,-2,4,72,1600004072
14,frailty,C,0,0,-2,4,73,1600004073
14,frailty,C,0,0,-2,4,74,1600004074
14,frailty,C,0,0,-2,4,75,1600004075
14,frailty,C,0,0,-2,4,76,1600004076
14,frailty,C,0,0,-2,4,77,1600004077
14,frailty,C,0,0,-2,4,78,1600004078
14,frailty,C,0,0,-2,4,79,1600004079
14,frailty,C,0,0,-2,4,80,1600004080
14,frailty,C,0,0,-2,4,81,1600004081
14,frailty,C,0,0,-2,4,82,1600004082
14,frailty,C,0,0,-2,4,83,1600004083
14,frailty,C,0,0,-2,4,84,1600004084
14,frailty,C,0,0,-2,4,85,1600004085
14,frailty,C,0,0,-2,4,86,1600004086
14,frailty,C,0,0,-2,4,87,1600004087
14,frailty,C,0,0,-2,4,88,1600004088
14,frailty,C,0,0,-2,4,89,1600004089
14,frailty,C,0,0,-2,4,90,1600004090
14,frailty,C,0,0,-2,4,91,1600004091
14,frailty,C,0,0,-2,4,92,1600004092
14,frailty,C,0,0,-2,4,93,1600004093
14,frailty,C,0,0,-2,4,94,1600004094
14,frailty,C,0,0,-2,4,95,1600004095
14,frailty,C,0,0,-2,4,96,1600004096
14,frailty,C,0,0,-2,4,97,1600004097
14,frailty,C,0,0,-2,4,98,1600004098
14,frailty,C,0,0,-2,4,99,1600004099
14,frailty,C,0,0,-2,4,100,1600004100
14,frailty,C,0,0,-2,4,101,1600004101
14,frailty,C,0,0,-2,4,102,1600004102
14,frailty,C,0,0,-2,4,103,1600004103
14,frailty,C,0,0,-2,4,104,1600004104
14,frailty,C,0,0,-2,4,105,1600004105
14,frailty,C,0,0,-2,4,106,1600004106
14,frailty,C,0,0,-2,4,107,1600004107
14,frailty,C,0,0,-2,4,108,1600004108
14,frailty,C,0,0,-2,4,109,1600004109
14,frailty,C,0,0,-2,4,110,1600004110
14,frailty,C,0,0,-2,4,111,1600004111
14,frailty,C,0,0,-2,4,112,1600004112
14,frailty,C,0,0,-2,4,113,1600004113
14,frailty,C,0,0,-2,4,114,1600004114
14,frailty,C,0,0,-2,4,115,1600004115
14,frailty,C,0,0,-2,4,116,1600004116
14,frailty,C,0,0,-2,4,117,1600004117
14,frailty,C,0,0,-2,4,118,1600004118
14,frailty,C,0,0,-2,4,119,1600004119
14,frailty,C,0,0,-2,4,120,1600004120
14,frailty,C,0,0,-2,4,121,1600004121
14,frailty,C,0,0,-2,4,122,1600004122
14,frailty,C,0,0,-2,4,123,1600004123
14,frailty,C,0,0,-2,4,124,1600004124
14,frailty,C,0,0,-2,4,125,1600004125
14,frailty,C,0,0,-2,4,126,1600004126
14,frailty,C,0,0,-2,4,127,1600004127
14,frailty,C,0,0,-2,4,128,1600004128
14,frailty,C,0,0,-2,4,129,1600004129
14,frailty,C,0,0,-2,4,130,1600004130
14,frailty,C,0,0,-2,4,131,1600004131
14,frailty,C,0,0,-2,4,132,1600004132
14,frailty,C,0,0,-2,4,133,1600004133
14,frailty,C,0,0,-2,4,134,1600004134
14,frailty,C,0,0,-2,4,135,1600004135
14,frailty,C,0,0,-2,4,136,1600004136
14,frailty,C,0,0,-2,4,137,1600004137
14,frailty,C,0,0,-2,4,138,1600004138
14,frailty,C,0,0,-2,4,139,1600004139
14,frailty,C,0,0,-2,4,140,1600004140
14,frailty,C,0,0,-2,4,141,1600004141
14,frailty,C,0,0,-2,4,142,1600004142
14,frailty,C,0,0,-2,4,143,1600004143
14,frailty,C,0,0,-2,4,144,1600004144
14,frailty,C,0,0,-2,4,145,1600004145
14,frailty,C,0,0,-2,4,146,1600004146
14,frailty,C,0,0,-2,4,147,1600004147
14,frailty,C,0,0,-2,4,148,1600004148
14,frailty,C,0,0,-2,4,149,1600004149
14,frailty,C,0,0,-2,4,150,1600004150
14,frailty,C,0,0,-2,4,151,1600004151
14,frailty,C,0,0,-2,4,152,1600004152
14,frailty,C,0,0,-2,4,153,1600004153
14,frailty,C,0,0,-2,4,154,1600004154
14,frailty,C,0,0,-2,4,155,1600004155
14,frailty,C,0,0,-2,4,156,1600004156
14,frailty,C,0,0,-2,4,157,1600004157
14,frailty,C,0,0,-2,4,158,1600004158
14,frailty,C,0,0,-2,4,159,1600004159
14,frailty,C,0,0,-2,4,160,1600004160
14,frailty,C,0,0,-2,4,161,1600004161
14,frailty,C,0,0,-2,4,162,1600004162
14,frailty,C,0,0,-2,4,163,1600004163
14,frailty,C,0,0,-2,4,164,1600004164
14,frailty,C,0,0,-2,4,165,1600004165
14,frailty,C,0,0,-2,4,166,1600004166
14,frailty,C,0,0,-2,4,167,1600004167
14,frailty,C,0,0,-2,4,168,1600004168
14,frailty,C,0,0,-2,4,169,1600004169
14,frailty,C,0,0,-2,4,170,1600004170
14,frailty,C,0,0,-2,4,171,1600004171
14,frailty,C,0,0,-2,4,172,1600004172
14,frailty,C,0,0,-2,4,173,1600004173
14,frailty,C,0,0,-2,4,174,1600004174
14,frailty,C,0,0,-2,4,175,1600004175
14,frailty,C,0,0,-2,4,176,1600004176
14,frailty,C,0,0,-2,4,177,1600004177
14,frailty,C,0,0,-2,4,178,1600004178
14,frailty,C,0,0,-2,4,179,1600004179
14,frailty,C,0,0,-2,4,180,1600004180
14,frailty,C,0,0,-2,4,181,1600004181
14,frailty,C,0,0,-2,4,182,1600004182
14,frailty,C,0,0,-2,4,183,1600004183
14,frailty,C,0,0,-2,4,184,1600004184
14,frailty,C,0,0,-2,4,185,1600004185
14,frailty,C,0,0,-2,4,186,1600004186
14,frailty,C,0,0,-2,4,187,1600004187
14,frailty,C,0,0,-2,4,188,1600004188
14,frailty,C,0,0,-2,4,189,1600004189
14,frailty,C,0,0,-2,4,190,1600004190
14,frailty,C,0,0,-2,4,191,1600004191
14,frailty,C,0,0,-2,4,192,1600004192
14,frailty,C,0,0,-2,4,193,1600004193
14,frailty,C,0,0,-2,4,194,1600004194
14,frailty,C,0,0,-2,4,195,1600004195
14,frailty,C,0,0,-2,4,196,1600004196
14,frailty,C,0,0,-2,4,197,1600004197
14,frailty,C,0,0,-2,4,198,1600004198
14,frailty,C,0,0,-2,4,199,1600004199
14,frailty,C,0,0,-2,4,200,1600004200
14,frailty,C,0,0,-2,4,201,1600004201
14,frailty,C,0,0,-2,4,202,1600004202
14,frailty,C,0,0,-2,4,203,1600004203
14,frailty,C,0,0,-2,4,204,1600004204
14,frailty,C,0,0,-2,4,205,1600004205
14,frailty,C,0,0,-2,4,206,1600004206
14,frailty,C,0,0,-2,4,207,1600004207
14,frailty,C,0,0,-2,4,208,1600004208
14,frailty,C,0,0,-2,4,209,1600004209
14,frailty,C,0,0,-2,4,210,1600004210
14,frailty,C,0,0,-2,4,211,1600004211
14,frailty,C,0,0,-2,4,212,1600004212
14,frailty,C,0,0,-2,4,213,1600004213
14,frailty,C,0,0,-2,4,214,1600004214
14,frailty,C,0,0,-2,4,215,1600004215
14,frailty,C,0,0,-2,4,216,1600004216
14,frailty,C,0,0,-2,4,217,1600004217
14,frailty,C,0,0,-2,4,218,1600004218
14,frailty,C,0,0,-2,4,219,1600004219
14,frailty,C,0,0,-2,4,220,1600004220
14,frailty,C,0,0,-2,4,221,1600004221
14,frailty,C,0,0,-2,4,222,1600004222
14,frailty,C,0,0,-2,4,223,1600004223
14,frailty,C,0,0,-2,4,224,1600004224
14,frailty,C,0,0,-2,4,225,1600004225
14,frailty,C,0,0,-2,4,226,1600004226
14,frailty,C,0,0,-2,4,227,1600004227
14,frailty,C,0,0,-2,4,228,1600004228
14,frailty,C,0,0,-2,4,229,1600004229
14,frailty,C,0,0,-2,4,230,1600004230
14,frailty,C,0,0,-2,4,231,1600004231
14,frailty,C,0,0,-2,4,232,1600004232
14,frailty,C,0,0,-2,4,233,1600004233
14,frailty,C,0,0,-2,4,234,1600004234
14,frailty,C,0,0,-2,4,235,1600004235
14,frailty,C,0,0,-2,4,236,1600004236
14,frailty,C,0,0,-2,4,237,1600004237
14,frailty,C,0,0,-2,4,238,1600004238
14,frailty,C,0,0,-2,4,239,1600004239
14,frailty,C,0,0,-2,4,240,1600004240
14,frailty,C,0,0,-2,4,241,1600004241
14,frailty,C,0,0,-2,4,242,1600004242
14,frailty,C,0,0,-2,4,243,1600004243
14,frailty,C,0,0,-2,4,244,1600004244
14,frailty,C,0,0,-2,4,245,1600004245
14,frailty,C,0,0,-2,4,246,1600004246
14,frailty,C,0,0,-2,4,247,1600004247
14,frailty,C,0,0,-2,4,248,1600004248
14,frailty,C,0,0,-2,4,249,1600004249
14,frailty,C,0,0,-2,4,250,1600004250
14,frailty,C,0,0,-2,4,251,1600004251
14,frailty,C,0,0,-2,4,252,1600004252
14,frailty,C,0,0,-2,4,253,1600004253
14,frailty,C,0,0,-2,4,254,1600004254
14,frailty,C,0,0,-2,4,255,1600004255
14,frailty,C,0,0,-2,4,256,1600004256
14,frailty,C,0,0,-2,4,257,1600004257
14,frailty,C,0,0,-2,4,258,1600004258
14,frailty,C,0,0,-2,4,259,1600004259
14,frailty,C,0,0,-2,4,260,1600004260
14,frailty,C,0,0,-2,4,261,1600004261
14,frailty,C,0,0,-2,4,262,1600004262
14,frailty,C,0,0,-2,4,263,1600004263
14,frailty,C,0,0,-2,4,264,1600004264
14,frailty,C,0,0,-2,4,265,1600004265
14,frailty,C,0,0,-2,4,266,1600004266
14,frailty,C,0,0,-2,4,267,1600004267
14,frailty,C,0,0,-2,4,268,1600004268
14,frailty,C,0,0,-2,4,269,1600004269
14,frailty,C,0,0,-2,4,270,1600004270
14,frailty,C,0,0,-2,4,271,1600004271
14,frailty,C,0,0,-2,4,272,1600004272
14,frailty,C,0,0,-2,4,273,1600004273
14,frailty,C,0,0,-2,4,274,1600004274
14,frailty,C,0,0,-2,4,275,1600004275
14,frailty,C,0,0,-2,4,276,1600004276
14,frailty,C,0,0,-2,4,277,1600004277
14,frailty,C,0,0,-2,4,278,1600004278
14,frailty,C,0,0,-2,4,279,1600004279
14,frailty,C,0,0,-2,4,280,1600004280
14,frailty,C,0,0,-2,4,281,1600004281
14,frailty,C,0,0,-2,4,282,1600004282
14,frailty,C,0,0,-2,4,283,1600004283
14,frailty,C,0,0,-2,4,284,1600004284
14,frailty,C,0,0,-2,4,285,1600004285
14,frailty,C,0,0,-2,4,286,1600004286
14,frailty,C,0,0,-2,4,287,1600004287
14,frailty,C,0,0,-2,4,288,1600004288
14,frailty,C,0,0,-2,4,289,1600004289
14,frailty,C,0,0,-2,4,290,1600004290
14,frailty,C,0,0,-2,4,291,1600004291
14,frailty,C,0,0,-2,4,292,1600004292
14,frailty,C,0,0,-2,4,293,1600004293
14,frailty,C,0,0,-2,4,294,1600004294
14,frailty,C,0,0,-2,4,295,1600004295
14,frailty,C,0,0,-2,4,296,1600004296
14,frailty,C,0,0,-2,4,297,1600004297
14,frailty,C,0,0,-2,4,298,1600004298
14,frailty,C,0,0,-2,4,299,1600004299
14,frailty,C,0,0,-2,4,300,1600004300
14,frailty,C,0,0,-2,4,301,1600004301
14,frailty,C,0,0,-2,4,302,1600004302
14,frailty,C,0,0,-2,4,303,1600004303
14,frailty,C,0,0,-2,4,304,1600004304
14,frailty,C,0,0,-2,4,305,1600004305
14,frailty,C,0,0,-2,4,306,1600004306
14,frailty,C,0,0,-2,4,307,1600004307
14,frailty,C,0,0,-2,4,308,1600004308
14,frailty,C,0,0,-2,4,309,1600004309
14,frailty,C,0,0,-2,4,310,1600004310
14,frailty,C,0,0,-2,4,311,1600004311
14,frailty,C,0,0,-2,4,312,1600004312
14,frailty,C,0,0,-2,4,313,1600004313
14,frailty,C,0,0,-2,4,314,1600004314
14,frailty,C,0,0,-2,4,315,1600004315
14,frailty,C,0,0,-2,4,316,1600004316
14,frailty,C,0,0,-2,4,317,1600004317
14,frailty,C,0,0,-2,4,318,1600004318
14,frailty,C,0,0,-2,4,319,1600004319
14,frailty,C,0,0,-2,4,320,1600004320
14,frailty,C,0,0,-2,4,321,1600004321
14,frailty,C,0,0,-2,4,322,1600004322
14,frailty,C,0,0,-2,4,323,1600004323
14,frailty,C,0,0,-2,4,324,1600004324
14,frailty,C,0,0,-2,4,325,1600004325
14,frailty,C,0,0,-2,4,326,1600004326
14,frailty,C,0,0,-2,4,327,1600004327
14,frailty,C,0,0,-2,4,328,1600004328
14,frailty,C,0,0,-2,4,329,1600004329
14,frailty,C,0,0,-2,4,330,1600004330
14,frailty,C,0,0,-2,4,331,1600004331
14,frailty,C,0,0,-2,4,332,1600004332
14,frailty,C,0,0,-2,4,333,1600004333
14,frailty,C,0,0,-2,4,334,1600004334
14,frailty,C,0,0,-2,4,335,1600004335
14,frailty,C,0,0,-2,4,336,1600004336
14,frailty,C,0,0,-2,4,337,1600004337
14,frailty,C,0,0,-2,4,338,1600004338
14,frailty,C,0,0,-2,4,339,1600004339
14,frailty,C,0,0,-2,4,340,1600004340
14,frailty,C,0,0,-2,4,341,1600004341
14,frailty,C,0,0,-2,4,342,1600004342
14,frailty,C,0,0,-2,4,343,1600004343
14,frailty,C,0,0,-2,4,344,1600004344
14,frailty,C,0,0,-2,4,345,1600004345
14,frailty,C,0,0,-2,4,346,1600004346
14,frailty,C,0,0,-2,4,347,1600004347
14,frailty,C,0,0,-2,4,348,1600004348
14,frailty,C,0,0,-2,4,349,1600004349
14,frailty,C,0,0,-2,4,350,1600004350
14,frailty,C,0,0,-2,4,351,1600004351
14,frailty,C,0,0,-2,4,352,1600004352
14,frailty,C,0,0,-2,4,353,1600004353
14,frailty,C,0,0,-2,4,354,1600004354
14,frailty,C,0,0,-2,4,355,1600004355
14,frailty,C,0,0,-2,4,356,1600004356
14,frailty,C,0,0,-2,4,357,1600004357
14,frailty,C,0,0,-2,4,358,1600004358
14,frailty,C,0,0,-2,4,359,1600004359
14,frailty,C,0,0,-2,4,360,1600004360
14,frailty,C,0,0,-2,4,361,1600004361
14,frailty,C,0,0,-2,4,362,1600004362
14,frailty,C,0,0,-2,4,363,1600004363
14,frailty,C,0,0,-2,4,364,1600004364
14,frailty,C,0,0,-2,4,365,1600004365
14,frailty,C,0,0,-2,4,366,1600004366
14,frailty,C,0,0,-2,4,367,1600004367
14,frailty,C,0,0,-2,4,368,1600004368
14,frailty,C,0,0,-2,4,369,1600004369
14,frailty,C,0,0,-2,4,370,1600004370
14,frailty,C,0,0,-2,4,371,1600004371
14,frailty,C,0,0,-2,4,372,1600004372
14,frailty,C,0,0,-2,4,373,1600004373
14,frailty,C,0,0,-2,4,374,1600004374
14,frailty,C,0,0,-2,4,375,1600004375
14,frailty,C,0,0,-2,4,376,1600004376
14,frailty,C,0,0,-2,4,377,1600004377
14,frailty,C,0,0,-2,4,378,1600004378
14,frailty,C,0,0,-2,4,379,1600004379
14,frailty,C,0,0,-2,4,380,1600004380
14,frailty,C,0,0,-2,4,381,1600004381
14,frailty,C,0,0,-2,4,382,1600004382
14,frailty,C,0,0,-2,4,383,1600004383
14,frailty,C,0,0,-2,4,384,1600004384
14,frailty,C,0,0,-2,4,385,1600004385
14,frailty,C,0,0,-2,4,386,1600004386
14,frailty,C,0,0,-2,4,387,1600004387
14,frailty,C,0,0,-2,4,388,1600004388
14,frailty,C,0,0,-2,4,389,1600004389
14,frailty,C,0,0,-2,4,390,1600004390
14,frailty,C,0,0,-2,4,391,1600004391
14,frailty,C,0,0,-2,4,392,1600004392
14,frailty,C,0,0,-2,4,393,1600004393
14,frailty,C,0,0,-2,4,394,1600004394
14,frailty,C,0,0,-2,4,395,1600004395
14,frailty,C,0,0,-2,4,396,1600004396
14,frailty,C,0,0,-2,4,397,1600004397
14,frailty,C,0,0,-2,4,398,1600004398
14,frailty,C,0,0,-2,4,399,1600004399
14,frailty,C,0,0,-2,4,400,1600004400
14,frailty,C,0,0,-2,4,401,1600004401
14,frailty,C,0,0,-2,4,402,1600004402
14,frailty,C,0,0,-2,4,403,1600004403
14,frailty,C,0,0,-2,4,404,1600004404
14,frailty,C,0,0,-2,4,405,1600004405
14,frailty,C,0,0,-2,4,406,1600004406
14,frailty,C,0,0,-2,4,407,1600004407
14,frailty,C,0,0,-2,4,408,1600004408
14,frailty,C,0,0,-2,4,409,1600004409
14,frailty,C,0,0,-2,4,410,1600004410
14,frailty,C,0,0,-2,4,411,1600004411
14,frailty,C,0,0,-2,4,412,1600004412
14,frailty,C,0,0,-2,4,413,1600004413
14,frailty,C,0,0,-2,4,414,1600004414
14,frailty,C,0,0,-2,4,415,1600004415
14,frailty,C,0,0,-2,4,416,1600004416
14,frailty,C,0,0,-2,4,417,1600004417
14,frailty,C,0,0,-2,4,418,1600004418
14,frailty,C,0,0,-2,4,419,1600004419
14,frailty,C,0,0,-2,4,420,1600004420
14,frailty,C,0,0,-2,4,421,1600004421
14,frailty,C,0,0,-2,4,422,1600004422
14,frailty,C,0,0,-2,4,423,1600004423
14,frailty,C,0,0,-2,4,424,1600004424
14,frailty,C,0,0,-2,4,425,1600004425
14,frailty,C,0,0,-2,4,426,1600004426
14,frailty,C,0,0,-2,4,427,1600004427
14,frailty,C,0,0,-2,4,428,1600004428
14,frailty,C,0,0,-2,4,429,1600004429
14,frailty,C,0,0,-2,4,430,1600004430
14,frailty,C,0,0,-2,4,431,1600004431
14,frailty,C,0,0,-2,4,432,1600004432
14,frailty,C,0,0,-2,4,433,1600004433
14,frailty,C,0,0,-2,4,434,1600004434
14,frailty,C,0,0,-2,4,435,1600004435
14,frailty,C,0,0,-2,4,436,1600004436
14,frailty,C,0,0,-2,4,437,1600004437
14,frailty,C,0,0,-2,4,438,1600004438
14,frailty,C,0,0,-2,4,439,1600004439
14,frailty,C,0,0,-2,4,440,1600004440
14,frailty,C,0,0,-2,4,441,1600004441
14,frailty,C,0,0,-2,4,442,1600004442
14,frailty,C,0,0,-2,4,443,1600004443
14,frailty,C,0,0,-2,4,444,1600004444
14,frailty,C,0,0,-2,4,445,1600004445
14,frailty,C,0,0,-2,4,446,1600004446
14,frailty,C,0,0,-2,4,447,1600004447
14,frailty,C,0,0,-2,4,448,1600004448
14,frailty,C,0,0,-2,4,449,1600004449
14,frailty,C,0,0,-2,4,450,1600004450
14,frailty,C,0,0,-2,4,451,1600004451
14,frailty,C,0,0,-2,4,452,1600004452
14,frailty,C,0,0,-2,4,453,1600004453
14,frailty,C,0,0,-2,4,454,1600004454
14,frailty,C,0,0,-2,4,455,1600004455
14,frailty,C,0,0,-2,4,456,1600004456
14,frailty,C,0,0,-2,4,457,1600004457
14,frailty,C,0,0,-2,4,458,1600004458
14,frailty,C,0,0,-2,4,459,1600004459
14,frailty,C,0,0,-2,4,460,1600004460
14,frailty,C,0,0,-2,4,461,1600004461
14,frailty,C,0,0,-2,4,462,1600004462
14,frailty,C,0,0,-2,4,463,1600004463
14,frailty,C,0,0,-2,4,464,1600004464
14,frailty,C,0,0,-2,4,465,1600004465
14,frailty,C,0,0,-2,4,466,1600004466
14,frailty,C,0,0,-2,4,467,1600004467
14,frailty,C,0,0,-2,4,468,1600004468
14,frailty,C,0,0,-2,4,469,1600004469
14,frailty,C,0,0,-2,4,470,1600004470
14,frailty,C,0,0,-2,4,471,1600004471
14,frailty,C,0,0,-2,4,472,1600004472
14,frailty,C,0,0,-2,4,473,1600004473
14,frailty,C,0,0,-2,4,474,1600004474
14,frailty,C,0,0,-2,4,475,1600004475
14,frailty,C,0,0,-2,4,476,1600004476
14,frailty,C,0,0,-2,4,477,1600004477
14,frailty,C,0,0,-2,4,478,1600004478
14,frailty,C,0,0,-2,4,479,1600004479
14,frailty,C,0,0,-2,4,480,1600004480
14,frailty,C,0,0,-2,4,481,1600004481
14,frailty,C,0,0,-2,4,482,1600004482
14,frailty,C,0,0,-2,4,483,1600004483
14,frailty,C,0,0,-2,4,484,1600004484
14,frailty,C,0,0,-2,4,485,1600004485
14,frailty,C,0,0,-2,4,486,1600004486
14,frailty,C,0,0,-2,4,487,1600004487
14,frailty,C,0,0,-2,4,488,1600004488
14,frailty,C,0,0,-2,4,489,1600004489
14,frailty,C,0,0,-2,4,490,1600004490
14,frailty,C,0,0,-2,4,491,1600004491
14,frailty,C,0,0,-2,4,492,1600004492
14,frailty,C,0,0,-2,4,493,1600004493
14,frailty,C,0,0,-2,4,494,1600004494
14,frailty,C,0,0,-2,4,495,1600004495
14,frailty,C,0,0,-2,4,496,1600004496
14,frailty,C,0,0,-2,4,497,1600004497
14,frailty,C,0,0,-2,4,498,1600004498
14,frailty,C,0,0,-2,4,499,1600004499
14,frailty,C,0,0,-2,4,500,1600004500
14,frailty,C,0,0,-2,4,501,1600004501
14,frailty,C,0,0,-2,4,502,1600004502
14,frailty,C,0,0,-2,4,503,1600004503
14,frailty,C,0,0,-2,4,504,1600004504
14,frailty,C,0,0,-2,4,505,1600004505
14,frailty,C,0,0,-2,4,506,1600004506
14,frailty,C,0,0,-2,4,507,1600004507
14,frailty,C,0,0,-2,4,508,1600004508
14,frailty,C,0,0,-2,4,509,1600004509
14,frailty,C,0,0,-2,4,510,1600004510
14,frailty,C,0,0,-2,4,511,1600004511
14,frailty,C,0,0,-2,4,512,1600004512
14,frailty,C,0,0,-2,4,513,1600004513
14,frailty,C,0,0,-2,4,514,1600004514
14,frailty,C,0,0,-2,4,515,1600004515
14,frailty,C,0,0,-2,4,516,1600004516
14,frailty,C,0,0,-2,4,517,1600004517
14,frailty,C,0,0,-2,4,518,1600004518
14,frailty,C,0,0,-2,4,519,1600004519
14,frailty,C,0,0,-2,4,520,1600004520
14,frailty,C,0,0,-2,4,521,1600004521
14,frailty,C,0,0,-2,4,522,1600004522
14,frailty,C,0,0,-2,4,523,1600004523
14,frailty,C,0,0,-2,4,524,1600004524
14,frailty,C,0,0,-2,4,525,1600004525
14,frailty,C,0,0,-2,4,526,1600004526
14,frailty,C,0,0,-2,4,527,1600004527
14,frailty,C,0,0,-2,4,528,1600004528
14,frailty,C,0,0,-2,4,529,1600004529
14,frailty,C,0,0,-2,4,530,1600004530
14,frailty,C,0,0,-2,4,531,1600004531
14,frailty,C,0,0,-2,4,532,1600004532
14,frailty,C,0,0,-2,4,533,1600004533
14,frailty,C,0,0,-2,4,534,1600004534
14,frailty,C,0,0,-2,4,535,1600004535
14,frailty,C,0,0,-2,4,536,1600004536
14,frailty,C,0,0,-2,4,537,1600004537
14,frailty,C,0,0,-2,4,538,1600004538
14,frailty,C,0,0,-2,4,539,1600004539
14,frailty,C,0,0,-2,4,540,1600004540
14,frailty,C,0,0,-2,4,541,1600004541
14,frailty,C,0,0,-2,4,542,1600004542
14,frailty,C,0,0,-2,4,543,1600004543
14,frailty,C,0,0,-2,4,544,1600004544
14,frailty,C,0,0,-2,4,545,1600004545
14,frailty,C,0,0,-2,4,546,1600004546
14,frailty,C,0,0,-2,4,547,1600004547
14,frailty,C,0,0,-2,4,548,1600004548
14,frailty,C,0,0,-2,4,549,1600004549
14,frailty,C,0,0,-2,4,550,1600004550
14,frailty,C,0,0,-2,4,551,1600004551
14,frailty,C,0,0,-2,4,552,1600004552
14,frailty,C,0,0,-2,4,553,1600004553
14,frailty,C,0,0,-2,4,554,1600004554
14,frailty,C,0,0,-2,4,555,1600004555
14,frailty,C,0,0,-2,4,556,1600004556
14,frailty,C,0,0,-2,4,557,1600004557
14,frailty,C,0,0,-2,4,558,1600004558
14,frailty,C,0,0,-2,4,559,1600004559
14,frailty,C,0,0,-2,4,560,1600004560
14,frailty,C,0,0,-2,4,561,1600004561
14,frailty,C,0,0,-2,4,562,1600004562
14,frailty,C,0,0,-2,4,563,1600004563
14,frailty,C,0,0,-2,4,564,1600004564
14,frailty,C,0,0,-2,4,565,1600004565
14,frailty,C,0,0,-2,4,566,1600004566
14,frailty,C,0,0,-2,4,567,1600004567
14,frailty,C,0,0,-2,4,568,1600004568
14,frailty,C,0,0,-2,4,569,1600004569
14,frailty,C,0,0,-2,4,570,1600004570
14,frailty,C,0,0,-2,4,571,1600004571
14,frailty,C,0,0,-2,4,572,1600004572
14,frailty,C,0,0,-2,4,573,1600004573
14,frailty,C,0,0,-2,4,574,1600004574
14,frailty,C,0,0,-2,4,575,1600004575
14,frailty,C,0,0,-2,4,576,1600004576
14,frailty,C,0,0,-2,4,577,1600004577
14,frailty,C,0,0,-2,4,578,1600004578
14,frailty,C,0,0,-2,4,579,1600004579
14,frailty,C,0,0,-2,4,580,1600004580
14,frailty,C,0,0,-2,4,581,1600004581
14,frailty,C,0,0,-2,4,582,1600004582
14,frailty,C,0,0,-2,4,583,1600004583
14,frailty,C,0,0,-2,4,584,1600004584
14,frailty,C,0,0,-2,4,585,1600004585
14,frailty,C,0,0,-2,4,586,1600004586
14,frailty,C,0,0,-2,4,587,1600004587
14,frailty,C,0,0,-2,4,588,1600004588
14,frailty,C,0,0,-2,4,589,1600004589
14,frailty,C,0,0,-2,4,590,1600004590
14,frailty,C,0,0,-2,4,591,1600004591
14,frailty,C,0,0,-2,4,592,1600004592
14,frailty,C,0,0,-2,4,593,1600004593
14,frailty,C,0,0,-2,4,594,1600004594
14,frailty,C,0,0,-2,4,595,1600004595
14,frailty,C,0,0,-2,4,596,1600004596
14,frailty,C,0,0,-2,4,597,1600004597
14,frailty,C,0,0,-2,4,598,1600004598
14,frailty,C,0,0,-2,4,599,1600004599
14,frailty,C,0,0,-2,4,600,1600004600
14,frailty,C,0,0,-2,4,601,1600004601
14,frailty,C,0,0,-2,4,602,1600004602
14,frailty,C,0,0,-2,4,603,1600004603
14,frailty,C,0,0,-2,4,604,1600004604
14,frailty,C,0,0,-2,4,605,1600004605
14,frailty,C,0,0,-2,4,606,1600004606
14,frailty,C,0,0,-2,4,607,1600004607
14,frailty,C,0,0,-2,4,608,1600004608
14,frailty,C,0,0,-2,4,609,1600004609
14,frailty,C,0,0,-2,4,610,1600004610
14,frailty,C,0,0,-2,4,611,1600004611
14,frailty,C,0,0,-2,4,612,1600004612
14,frailty,C,0,0,-2,4,613,1600004613
14,frailty,C,0,0,-2,4,614,1600004614
14,frailty,C,0,0,-2,4,615,1600004615
14,frailty,C,0,0,-2,4,616,1600004616
14,frailty,C,0,0,-2,4,617,1600004617
14,frailty,C,0,0,-2,4,618,1600004618
14,frailty,C,0,0,-2,4,619,1600004619
14,frailty,C,0,0,-2,4,620,1600004620
14,frailty,C,0,0,-2,4,621,1600004621
14,frailty,C,0,0,-2,4,622,1600004622
14,frailty,C,0,0,-2,4,623,1600004623
14,frailty,C,0,0,-2,4,624,1600004624
14,frailty,C,0,0,-2,4,625,1600004625
14,frailty,C,0,0,-2,4,626,1600004626
14,frailty,C,0,0,-2,4,627,1600004627
14,frailty,C,0,0,-2,4,628,1600004628
14,frailty,C,0,0,-2,4,629,1600004629
14,frailty,C,0,0,-2,4,630,1600004630
14,frailty,C,0,0,-2,4,631,1600004631
14,frailty,C,0,0,-2,4,632,1600004632
14,frailty,C,0,0,-2,4,633,1600004633
14,frailty,C,0,0,-2,4,634,1600004634
14,frailty,C,0,0,-2,4,635,1600004635
14,frailty,C,0,0,-2,4,636,1600004636
14,frailty,C,0,0,-2,4,637,1600004637
14,frailty,C,0,0,-2,4,638,1600004638
14,frailty,C,0,0,-2,4,639,1600004639
14,frailty,C,0,0,-2,4,640,1600004640
14,frailty,C,0,0,-2,4,641,1600004641
14,frailty,C,0,0,-2,4,642,1600004642
14,frailty,C,0,0,-2,4,643,1600004643
14,frailty,C,0,0,-2,4,644,1600004644
14,frailty,C,0,0,-2,4,645,1600004645
14,frailty,C,0,0,-2,4,646,1600004646
14,frailty,C,0,0,-2,4,647,1600004647
14,frailty,C,0,0,-2,4,648,1600004648
14,frailty,C,0,0,-2,4,649,1600004649
14,frailty,C,0,0,-2,4,650,1600004650
14,frailty,C,0,0,-2,4,651,1600004651
14,frailty,C,0,0,-2,4,652,1600004652
14,frailty,C,0,0,-2,4,653,1600004653
14,frailty,C,0,0,-2,4,654,1600004654
14,frailty,C,0,0,-2,4,655,1600004655
14,frailty,C,0,0,-2,4,656,1600004656
14,frailty,C,0,0,-2,4,657,1600004657
14,frailty,C,0,0,-2,4,658,1600004658
14,frailty,C,0,0,-2,4,659,1600004659
14,frailty,C,0,0,-2,4,660,1600004660
14,frailty,C,0,0,-2,4,661,1600004661
14,frailty,C,0,0,-2,4,662,1600004662
14,frailty,C,0,0,-2,4,663,1600004663
14,frailty,C,0,0,-2,4,664,1600004664
14,frailty,C,0,0,-2,4,665,1600004665
14,frailty,C,0,0,-2,4,666,1600004666
14,frailty,C,0,0,-2,4,667,1600004667
14,frailty,C,0,0,-2,4,668,1600004668
14,frailty,C,0,0,-2,4,669,1600004669
14,frailty,C,0,0,-2,4,670,1600004670
14,frailty,C,0,0,-2,4,671,1600004671
14,frailty,C,0,0,-2,4,672,1600004672
14,frailty,C,0,0,-2,4,673,1600004673
14,frailty,C,0,0,-2,4,674,1600004674
14,frailty,C,0,0,-2,4,675,1600004675
14,frailty,C,0,0,-2,4,676,1600004676
14,frailty,C,0,0,-2,4,677,1600004677
14,frailty,C,0,0,-2,4,678,1600004678
14,frailty,C,0,0,-2,4,679,1600004679
14,frailty,C,0,0,-2,4,680,1600004680
14,frailty,C,0,0,-2,4,681,1600004681
14,frailty,C,0,0,-2,4,682,1600004682
14,frailty,C,0,0,-2,4,683,1600004683
14,frailty,C,0,0,-2,4,684,1600004684
14,frailty,C,0,0,-2,4,685,1600004685
14,frailty,C,0,0,-2,4,686,1600004686
14,frailty,C,0,0,-2,4,687,1600004687
14,frailty,C,0,0,-2,4,688,1600004688
14,frailty,C,0,0,-2,4,689,1600004689
14,frailty,C,0,0,-2,4,690,1600004690
14,frailty,C,0,0,-2,4,691,1600004691
14,frailty,C,0,0,-2,4,692,1600004692
14,frailty,C,0,0,-2,4,693,1600004693
14,frailty,C,0,0,-2,4,694,1600004694
14,frailty,C,0,0,-2,4,695,1600004695
14,frailty,C,0,0,-2,4,696,1600004696
14,frailty,C,0,0,-2,4,697,1600004697
14,frailty,C,0,0,-2,4,698,1600004698
14,frailty,C,0,0,-2,4,699,1600004699
14,frailty,C,0,0,-2,4,700,1600004700
14,frailty,C,0,0,-2,4,701,1600004701
14,frailty,C,0,0,-2,4,702,1600004702
14,frailty,C,0,0,-2,4,703,1600004703
14,frailty,C,0,0,-2,4,704,1600004704
14,frailty,C,0,0,-2,4,705,1600004705
14,frailty,C,0,0,-2,4,706,1600004706
14,frailty,C,0,0,-2,4,707,1600004707
14,frailty,C,0,0,-2,4,708,1600004708
14,frailty,C,0,0,-2,4,709,1600004709
14,frailty,C,0,0,-2,4,710,1600004710
14,frailty,C,0,0,-2,4,711,1600004711
14,frailty,C,0,0,-2,4,712,1600004712
14,frailty,C,0,0,-2,4,713,1600004713
14,frailty,C,0,0,-2,4,714,1600004714
14,frailty,C,0,0,-2,4,715,1600004715
14,frailty,C,0,0,-2,4,716,1600004716
14,frailty,C,0,0,-2,4,717,1600004717
14,frailty,C,0,0,-2,4,718,1600004718
14,frailty,C,0,0,-2,4,719,1600004719
14,frailty,C,0,0,-2,4,720,1600004720
14,frailty,C,0,0,-2,4,721,1600004721
14,frailty,C,0,0,-2,4,722,1600004722
14,frailty,C,0,0,-2,4,723,1600004723
14,frailty,C,0,0,-2,4,724,1600004724
14,frailty,C,0,0,-2,4,725,1600004725
14,frailty,C,0,0,-2,4,726,1600004726
14,frailty,C,0,0,-2,4,727,1600004727
14,frailty,C,0,0,-2,4,728,1600004728
14,frailty,C,0,0,-2,4,729,1600004729
14,frailty,C,0,0,-2,4,730,1600004730
14,frailty,C,0,0,-2,4,731,1600004731
14,frailty,C,0,0,-2,4,732,1600004732
14,frailty,C,0,0,-2,4,733,1600004733
14,frailty,C,0,0,-2,4,734,1600004734
14,frailty,C,0,0,-2,4,735,1600004735
14,frailty,C,0,0,-2,4,736,1600004736
14,frailty,C,0,0,-2,4,737,1600004737
14,frailty,C,0,0,-2,4,738,1600004738
14,frailty,C,0,0,-2,4,739,1600004739
14,frailty,C,0,0,-2,4,740,1600004740
14,frailty,C,0,0,-2,4,741,1600004741
14,frailty,C,0,0,-2,4,742,1600004742
14,frailty,C,0,0,-2,4,743,1600004743
14,frailty,C,0,0,-2,4,744,1600004744
14,frailty,C,0,0,-2,4,745,1600004745
14,frailty,C,0,0,-2,4,746,1600004746
14,frailty,C,0,0,-2,4,747,1600004747
14,frailty,C,0,0,-2,4,748,1600004748
14,frailty,C,0,0,-2,4,749,1600004749
14,frailty,C,0,0,-2,4,750,1600004750
14,frailty,C,0,0,-2,4,751,1600004751
14,frailty,C,0,0,-2,4,752,1600004752
14,frailty,C,0,0,-2,4,753,1600004753
14,frailty,C,0,0,-2,4,754,1600004754
14,frailty,C,0,0,-2,4,755,1600004755
14,frailty,C,0,0,-2,4,756,1600004756
14,frailty,C,0,0,-2,4,757,1600004757
14,frailty,C,0,0,-2,4,758,1600004758
14,frailty,C,0,0,-2,4,759,1600004759
14,frailty,C,0,0,-2,4,760,1600004760
14,frailty,C,0,0,-2,4,761,1600004761
14,frailty,C,0,0,-2,4,762,1600004762
14,frailty,C,0,0,-2,4,763,1600004763
14,frailty,C,0,0,-2,4,764,1600004764
14,frailty,C,0,0,-2,4,765,1600004765
14,frailty,C,0,0,-2,4,766,1600004766
14,frailty,C,0,0,-2,4,767,1600004767
14,frailty,C,0,0,-2,4,768,1600004768
14,frailty,C,0,0,-2,4,769,1600004769
14,frailty,C,0,0,-2,4,770,1600004770
14,frailty,C,0,0,-2,4,771,1600004771
14,frailty,C,0,0,-2,4,772,1600004772
14,frailty,C,0,0,-2,4,773,1600004773
14,frailty,C,0,0,-2,4,774,1600004774
14,frailty,C,0,0,-2,4,775,1600004775
14,frailty,C,0,0,-2,4,776,1600004776
14,frailty,C,0,0,-2,4,777,1600004777
14,frailty,C,0,0,-2,4,778,1600004778
14,frailty,C,0,0,-2,4,779,1600004779
14,frailty,C,0,0,-2,4,780,1600004780
14,frailty,C,0,0,-2,4,781,1600004781
14,frailty,C,0,0,-2,4,782,1600004782
14,frailty,C,0,0,-2,4,783,1600004783
14,frailty,C,0,0,-2,4,784,1600004784
14,frailty,C,0,0,-2,4,785,1600004785
14,frailty,C,0,0,-2,4,786,1600004786
14,frailty,C,0,0,-2,4,787,1600004787
14,frailty,C,0,0,-2,4,788,1600004788
14,frailty,C,0,0,-2,4,789,1600004789
14,frailty,C,0,0,-2,4,790,1600004790
14,frailty,C,0,0,-2,4,791,1600004791
14,frailty,C,0,0,-2,4,792,1600004792
14,frailty,C,0,0,-2,4,793,1600004793
14,frailty,C,0,0,-2,4,794,1600004794
14,frailty,C,0,0,-2,4,795,1600004795
14,frailty,C,0,0,-2,4,796,1600004796
14,frailty,C,0,0,-2,4,797,1600004797
14,frailty,C,0,0,-2,4,798,1600004798
14,frailty,C,0,0,-2,4,799,1600004799
14,frailty,C,0,0,-2,4,800,1600004800
14,frailty,C,0,0,-2,4,801,1600004801
14,frailty,C,0,0,-2,4,802,1600004802
14,frailty,C,0,0,-2,4,803,1600004803
14,frailty,C,0,0,-2,4,804,1600004804
14,frailty,C,0,0,-2,4,805,1600004805
14,frailty,C,0,0,-2,4,806,1600004806
14,frailty,C,0,0,-2,4,807,1600004807
14,frailty,C,0,0,-2,4,808,1600004808
14,frailty,C,0,0,-2,4,809,1600004809
14,frailty,C,0,0,-2,4,810,1600004810
14,frailty,C,0,0,-2,4,811,1600004811
14,frailty,C,0,0,-2,4,812,1600004812
14,frailty,C,0,0,-2,4,813,1600004813
14,frailty,C,0,0,-2,4,814,1600004814
14,frailty,C,0,0,-2,4,815,1600004815
14,frailty,C,0,0,-2,4,816,1600004816
14,frailty,C,0,0,-2,4,817,1600004817
14,frailty,C,0,0,-2,4,818,1600004818
14,frailty,C,0,0,-2,4,819,1600004819
14,frailty,C,0,0,-2,4,820,1600004820
14,frailty,C,0,0,-2,4,821,1600004821
14,frailty,C,0,0,-2,4,822,1600004822
14,frailty,C,0,0,-2,4,823,1600004823
14,frailty,C,0,0,-2,4,824,1600004824
14,frailty,C,0,0,-2,4,825,1600004825
14,frailty,C,0,0,-2,4,826,1600004826
14,frailty,C,0,0,-2,4,827,1600004827
14,frailty,C,0,0,-2,4,828,1600004828
14,frailty,C,0,0,-2,4,829,1600004829
14,frailty,C,0,0,-2,4,830,1600004830
14,frailty,C,0,0,-2,4,831,1600004831
14,frailty,C,0,0,-2,4,832,1600004832
14,frailty,C,0,0,-2,4,833,1600004833
14,frailty,C,0,0,-2,4,834,1600004834
14,frailty,C,0,0,-2,4,835,1600004835
14,frailty,C,0,0,-2,4,836,1600004836
14,frailty,C,0,0,-2,4,837,1600004837
14,frailty,C,0,0,-2,4,838,1600004838
14,frailty,C,0,0,-2,4,839,1600004839
14,frailty,C,0,0,-2,4,840,1600004840
14,frailty,C,0,0,-2,4,841,1600004841
14,frailty,C,0,0,-2,4,842,1600004842
14,frailty,C,0,0,-2,4,843,1600004843
14,frailty,C,0,0,-2,4,844,1600004844
14,frailty,C,0,0,-2,4,845,1600004845
14,frailty,C,0,0,-2,4,846,1600004846
14,frailty,C,0,0,-2,4,847,1600004847
14,frailty,C,0,0,-2,4,848,1600004848
14,frailty,C,0,0,-2,4,849,1600004849
14,frailty,C,0,0,-2,4,850,1600004850
14,frailty,C,0,0,-2,4,851,1600004851
14,frailty,C,0,0,-2,4,852,1600004852
14,frailty,C,0,0,-2,4,853,1600004853
14,frailty,C,0,0,-2,4,854,1600004854
14,frailty,C,0,0,-2,4,855,1600004855
14,frailty,C,0,0,-2,4,856,1600004856
14,frailty,C,0,0,-2,4,857,1600004857
14,frailty,C,0,0,-2,4,858,1600004858
14,frailty,C,0,0,-2,4,859,1600004859
14,frailty,C,0,0,-2,4,860,1600004860
14,frailty,C,0,0,-2,4,861,1600004861
14,frailty,C,0,0,-2,4,862,1600004862
14,frailty,C,0,0,-2,4,863,1600004863
14,frailty,C,0,0,-2,4,864,1600004864
14,frailty,C,0,0,-2,4,865,1600004865
14,frailty,C,0,0,-2,4,866,1600004866
14,frailty,C,0,0,-2,4,867,1600004867
14,frailty,C,0,0,-2,4,868,1600004868
14,frailty,C,0,0,-2,4,869,1600004869
14,frailty,C,0,0,-2,4,870,1600004870
14,frailty,C,0,0,-2,4,871,1600004871
14,frailty,C,0,0,-2,4,872,1600004872
14,frailty,C,0,0,-2,4,873,1600004873
14,frailty,C,0,0,-2,4,874,1600004874
14,frailty,C,0,0,-2,4,875,1600004875
14,frailty,C,0,0,-2,4,876,1600004876
14,frailty,C,0,0,-2,4,877,1600004877
14,frailty,C,0,0,-2,4,878,1600004878
14,frailty,C,0,0,-2,4,879,1600004879
14,frailty,C,0,0,-2,4,880,1600004880
14,frailty,C,0,0,-2,4,881,1600004881
14,frailty,C,0,0,-2,4,882,1600004882
14,frailty,C,0,0,-2,4,883,1600004883
14,frailty,C,0,0,-2,4,884,1600004884
14,frailty,C,0,0,-2,4,885,1600004885
14,frailty,C,0,0,-2,4,886,1600004886
14,frailty,C,0,0,-2,4,887,1600004887
14,frailty,C,0,0,-2,4,888,1600004888
14,frailty,C,0,0,-2,4,889,1600004889
14,frailty,C,0,0,-2,4,890,1600004890
14,frailty,C,0,0,-2,4,891,1600004891
14,frailty,C,0,0,-2,4,892,1600004892
14,frailty,C,0,0,-2,4,893,1600004893
14,frailty,C,0,0,-2,4,894,1600004894
14,frailty,C,0,0,-2,4,895,1600004895
14,frailty,C,0,0,-2,4,896,1600004896
14,frailty,C,0,0,-2,4,897,1600004897
14,frailty,C,0,0,-2,4,898,1600004898
14,frailty,C,0,0,-2,4,899,1600004899
14,frailty,C,0,0,-2,4,900,1600004900
14,frailty,C,0,0,-2,4,901,1600004901
14,frailty,C,0,0,-2,4,902,1600004902
14,frailty,C,0,0,-2,4,903,1600004903
14,frailty,C,0,0,-2,4,904,1600004904
14,frailty,C,0,0,-2,4,905,1600004905
14,frailty,C,0,0,-2,4,906,1600004906
14,frailty,C,0,0,-2,4,907,1600004907
14,frailty,C,0,0,-2,4,908,1600004908
14,frailty,C,0,0,-2,4,909,1600004909
14,frailty,C,0,0,-2,4,910,1600004910
14,frailty,C,0,0,-2,4,911,1600004911
14,frailty,C,0,0,-2,4,912,1600004912
14,frailty,C,0,0,-2,4,913,1600004913
14,frailty,C,0,0,-2,4,914,1600004914
14,frailty,C,0,0,-2,4,915,1600004915
14,frailty,C,0,0,-2,4,916,1600004916
14,frailty,C,0,0,-2,4,917,1600004917
14,frailty,C,0,0,-2,4,918,1600004918
14,frailty,C,0,0,-2,4,919,1600004919
14,frailty,C,0,0,-2,4,920,1600004920
14,frailty,C,0,0,-2,4,921,1600004921
14,frailty,C,0,0,-2,4,922,1600004922
14,frailty,C,0,0,-2,4,923,1600004923
14,frailty,C,0,0,-2,4,924,1600004924
14,frailty,C,0,0,-2,4,925,1600004925
14,frailty,C,0,0,-2,4,926,1600004926
14,frailty,C,0,0,-2,4,927,1600004927
14,frailty,C,0,0,-2,4,928,1600004928
14,frailty,C,0,0,-2,4,929,1600004929
14,frailty,C,0,0,-2,4,930,1600004930
14,frailty,C,0,0,-2,4,931,1600004931
14,frailty,C,0,0,-2,4,932,1600004932
14,frailty,C,0,0,-2,4,933,1600004933
14,frailty,C,0,0,-2,4,934,1600004934
14,frailty,C,0,0,-2,4,935,1600004935
14,frailty,C,0,0,-2,4,936,1600004936
14,frailty,C,0,0,-2,4,937,1600004937
14,frailty,C,0,0,-2,4,938,1600004938
14,frailty,C,0,0,-2,4,939,1600004939
14,frailty,C,0,0,-2,4,940,1600004940
14,frailty,C,0,0,-2,4,941,1600004941
14,frailty,C,0,0,-2,4,942,1600004942
14,frailty,C,0,0,-2,4,943,1600004943
14,frailty,C,0,0,-2,4,944,1600004944
14,frailty,C,0,0,-2,4,945,1600004945
14,frailty,C,0,0,-2,4,946,1600004946
14,frailty,C,0,0,-2,4,947,1600004947
14,frailty,C,0,0,-2,4,948,1600004948
14,frailty,C,0,0,-2,4,949,1600004949
14,frailty,C,0,0,-2,4,950,1600004950
14,frailty,C,0,0,-2,4,951,1600004951
14,frailty,C,0,0,-2,4,952,1600004952
14,frailty,C,0,0,-2,4,953,1600004953
14,frailty,C,0,0,-2,4,954,1600004954
14,frailty,C,0,0,-2,4,955,1600004955
14,frailty,C,0,0,-2,4,956,1600004956
14,frailty,C,0,0,-2,4,957,1600004957
14,frailty,C,0,0,-2,4,958,1600004958
14,frailty,C,0,0,-2,4,959,1600004959
14,frailty,C,0,0,-2,4,960,1600004960
14,frailty,C,0,0,-2,4,961,1600004961
14,frailty,C,0,0,-2,4,962,1600004962
14,frailty,C,0,0,-2,4,963,1600004963
14,frailty,C,0,0,-2,4,964,1600004964
14,frailty,C,0,0,-2,4,965,1600004965
14,frailty,C,0,0,-2,4,966,1600004966
14,frailty,C,0,0,-2,4,967,1600004967
14,frailty,C,0,0,-2,4,968,1600004968
14,frailty,C,0,0,-2,4,969,1600004969
14,frailty,C,0,0,-2,4,970,1600004970
14,frailty,C,0,0,-2,4,971,1600004971
14,frailty,C,0,0,-2,4,972,1600004972
14,frailty,C,0,0,-2,4,973,1600004973
14,frailty,C,0,0,-2,4,974,1600004974
14,frailty,C,0,0,-2,4,975,1600004975
14,frailty,C,0,0,-2,4,976,1600004976
14,frailty,C,0,0,-2,4,977,1600004977
14,frailty,C,0,0,-2,4,978,1600004978
14,frailty,C,0,0,-2,4,979,1600004979
14,frailty,C,0,0,-2,4,980,1600004980
14,frailty,C,0,0,-2,4,981,1600004981
14,frailty,C,0,0,-2,4,982,1600004982
14,frailty,C,0,0,-2,4,983,1600004983
14,frailty,C,0,0,-2,4,984,1600004984
14,frailty,C,0,0,-2,4,985,1600004985
14,frailty,C,0,0,-2,4,986,1600004986
14,frailty,C,0,0,-2,4,987,1600004987
14,frailty,C,0,0,-2,4,988,1600004988
14,frailty,C,0,0,-2,4,989,1600004989
14,frailty,C,0,0,-2,4,990,1600004990
14,frailty,C,0,0,-2,4,991,1600004991
14,frailty,C,0,0,-2,4,992,1600004992
14,frailty,C,0,0,-2,4,993,1600004993
14,frailty,C,0,0,-2,4,994,1600004994
14,frailty,C,0,0,-2,4,995,1600004995
14,frailty,C,0,0,-2,4,996,1600004996
14,frailty,C,0,0,-2,4,997,1600004997
14,frailty,C,0,0,-2,4,998,1600004998
14,frailty,C,0,0,-2,4,999,1600004999
14,frailty,C,0,0,-2,4,1000,1600005000
15,frailty,C,0,0,-2,10,1,1600006001
15,frailty,C,0,0,-2,10,2,1600006002
15,frailty,C,0,0,-2,10,3,1600006003
15,frailty,C,0,0,-2,10,4,1600006004
15,frailty,C,0,0,-2,10,5,1600006005
15,frailty,C,0,0,-2,10,6,1600006006
15,frailty,C,0,0,-2,10,7,1600006007
15,frailty,C,0,0,-2,10,8,1600006008
15,frailty,C,0,0,-2,10,9,1600006009
15,frailty,C,0,0,-2,10,10,1600006010
15,frailty,C,0,0,-2,10,11,1600006011
15,frailty,C,0,0,-2,10,12,1600006012
15,frailty,C,0,0,-2,10,13,1600006013
15,frailty,C,0,0,-2,10,14,1600006014
15,frailty,C,0,0,-2,10,15,1600006015
15,frailty,C,0,0,-2,10,16,1600006016
15,frailty,C,0,0,-2,10,17,1600006017
15,frailty,C,0,0,-2,10,18,1600006018
15,frailty,C,0,0,-2,10,19,1600006019
15,frailty,C,0,0,-2,10,20,1600006020
15,frailty,C,0,0,-2,10,21,1600006021
15,frailty,C,0,0,-2,10,22,1600006022
15,frailty,C,0,0,-2,10,23,1600006023
15,frailty,C,0,0,-2,10,24,1600006024
15,frailty,C,0,0,-2,10,25,1600006025
15,frailty,C,0,0,-2,10,26,1600006026
15,frailty,C,0,0,-2,10,27,1600006027
15,frailty,C,0,0,-2,10,28,1600006028
15,frailty,C,0,0,-2,10,29,1600006029
15,frailty,C,0,0,-2,10,30,1600006030
15,frailty,C,0,0,-2,10,31,1600006031
15,frailty,C,0,0,-2,10,32,1600006032
15,frailty,C,0,0,-2,10,33,1600006033
15,frailty,C,0,0,-2,10,34,1600006034
15,frailty,C,0,0,-2,10,35,1600006035
15,frailty,C,0,0,-2,10,36,1600006036
15,frailty,C,0,0,-2,10,37,1600006037
15,frailty,C,0,0,-2,10,38,1600006038
15,frailty,C,0,0,-2,10,39,1600006039
15,frailty,C,0,0,-2,10,40,1600006040
15,frailty,C,0,0,-2,10,41,1600006041
15,frailty,C,0,0,-2,10,42,1600006042
15,frailty,C,0,0,-2,10,43,1600006043
15,frailty,C,0,0,-2,10,44,1600006044
15,frailty,C,0,0,-2,10,45,1600006045
15,frailty,C,0,0,-2,10,46,1600006046
15,frailty,C,0,0,-2,10,47,1600006047
15,frailty,C,0,0,-2,10,48,1600006048
15,frailty,C,0,0,-2,10,49,1600006049
15,frailty,C,0,0,-2,10,50,1600006050
15,frailty,C,0,0,-2,10,51,1600006051
15,frailty,C,0,0,-2,10,52,1600006052
15,frailty,C,0,0,-2,10,53,1600006053
15,frailty,C,0,0,-2,10,54,1600006054
15,frailty,C,0,0,-2,10,55,1600006055
15,frailty,C,0,0,-2,10,56,1600006056
15,frailty,C,0,0,-2,10,57,1600006057
15,frailty,C,0,0,-2,10,58,1600006058
15,frailty,C,0,0,-2,10,59,1600006059
15,frailty,C,0,0,-2,10,60,1600006060
15,frailty,C,0,0,-2,10,61,1600006061
15,frailty,C,0,0,-2,10,62,1600006062
15,frailty,C,0,0,-2,10,63,1600006063
15,frailty,C,0,0,-2,10,64,1600006064
15,frailty,C,0,0,-2,10,65,1600006065
15,frailty,C,0,0,-2,10,66,1600006066
15,frailty,C,0,0,-2,10,67,1600006067
15,frailty,C,0,0,-2,10,68,1600006068
15,frailty,C,0,0,-2,10,69,1600006069
15,frailty,C,0,0,-2,10,70,1600006070
15,frailty,C,0,0,-2,10,71,1600006071
15,frailty,C,0,0,-2,10,72,1600006072
15,frailty,C,0,0,-2,10,73,1600006073
15,frailty,C,0,0,-2,10,74,1600006074
15,frailty,C,0,0,-2,10,75,1600006075
15,frailty,C,0,0,-2,10,76,1600006076
15,frailty,C,0,0,-2,10,77,1600006077
15,frailty,C,0,0,-2,10,78,1600006078
15,frailty,C,0,0,-2,10,79,1600006079
15,frailty,C,0,0,-2,10,80,1600006080
15,frailty,C,0,0,-2,10,81,1600006081
15,frailty,C,0,0,-2,10,82,1600006082
15,frailty,C,0,0,-2,10,83,1600006083
15,frailty,C,0,0,-2,10,84,1600006084
15,frailty,C,0,0,-2,10,85,1600006085
15,frailty,C,0,0,-2,10,86,1600006086
15,frailty,C,0,0,-2,10,87,1600006087
15,frailty,C,0,0,-2,10,88,1600006088
15,frailty,C,0,0,-2,10,89,1600006089
15,frailty,C,0,0,-2,10,90,1600006090
15,frailty,C,0,0,-2,10,91,1600006091
15,frailty,C,0,0,-2,10,92,1600006092
15,frailty,C,0,0,-2,10,93,1600006093
15,frailty,C,0,0,-2,10,94,1600006094
15,frailty,C,0,0,-2,10,95,1600006095
15,frailty,C,0,0,-2,10,96,1600006096
15,frailty,C,0,0,-2,10,97,1600006097
15,frailty,C,0,0,-2,10,98,1600006098
15,frailty,C,0,0,-2,10,99,1600006099
15,frailty,C,0,0,-2,10,100,1600006100
15,frailty,C,0,0,-2,10,101,1600006101
15,frailty,C,0,0,-2,10,102,1600006102
15,frailty,C,0,0,-2,10,103,1600006103
15,frailty,C,0,0,-2,10,104,1600006104
15,frailty,C,0,0,-2,10,105,1600006105
15,frailty,C,0,0,-2,10,106,1600006106
15,frailty,C,0,0,-2,10,107,1600006107
15,frailty,C,0,0,-2,10,108,1600006108
15,frailty,C,0,0,-2,10,109,1600006109
15,frailty,C,0,0,-2,10,110,1600006110
15,frailty,C,0,0,-2,10,111,1600006111
15,frailty,C,0,0,-2,10,112,1600006112
15,frailty,C,0,0,-2,10,113,1600006113
15,frailty,C,0,0,-2,10,114,1600006114
15,frailty,C,0,0,-2,10,115,1600006115
15,frailty,C,0,0,-2,10,116,1600006116
15,frailty,C,0,0,-2,10,117,1600006117
15,frailty,C,0,0,-2,10,118,1600006118
15,frailty,C,0,0,-2,10,119,1600006119
15,frailty,C,0,0,-2,10,120,1600006120
15,frailty,C,0,0,-2,10,121,1600006121
15,frailty,C,0,0,-2,10,122,1600006122
15,frailty,C,0,0,-2,10,123,1600006123
15,frailty,C,0,0,-2,10,124,1600006124
15,frailty,C,0,0,-2,10,125,1600006125
15,frailty,C,0,0,-2,10,126,1600006126
15,frailty,C,0,0,-2,10,127,1600006127
15,frailty,C,0,0,-2,10,128,1600006128
15,frailty,C,0,0,-2,10,129,1600006129
15,frailty,C,0,0,-2,10,130,1600006130
15,frailty,C,0,0,-2,10,131,1600006131
15,frailty,C,0,0,-2,10,132,1600006132
15,frailty,C,0,0,-2,10,133,1600006133
15,frailty,C,0,0,-2,10,134,1600006134
15,frailty,C,0,0,-2,10,135,1600006135
15,frailty,C,0,0,-2,10,136,1600006136
15,frailty,C,0,0,-2,10,137,1600006137
15,frailty,C,0,0,-2,10,138,1600006138
15,frailty,C,0,0,-2,10,139,1600006139
15,frailty,C,0,0,-2,10,140,1600006140
15,frailty,C,0,0,-2,10,141,1600006141
15,frailty,C,0,0,-2,10,142,1600006142
15,frailty,C,0,0,-2,10,143,1600006143
15,frailty,C,0,0,-2,10,144,1600006144
15,frailty,C,0,0,-2,10,145,1600006145
15,frailty,C,0,0,-2,10,146,1600006146
15,frailty,C,0,0,-2,10,147,1600006147
15,frailty,C,0,0,-2,10,148,1600006148
15,frailty,C,0,0,-2,10,149,1600006149
15,frailty,C,0,0,-2,10,150,1600006150
15,frailty,C,0,0,-2,10,151,1600006151
15,frailty,C,0,0,-2,10,152,1600006152
15,frailty,C,0,0,-2,10,153,1600006153
15,frailty,C,0,0,-2,10,154,1600006154
15,frailty,C,0,0,-2,10,155,1600006155
15,frailty,C,0,0,-2,10,156,1600006156
15,frailty,C,0,0,-2,10,157,1600006157
15,frailty,C,0,0,-2,10,158,1600006158
15,frailty,C,0,0,-2,10,159,1600006159
15,frailty,C,0,0,-2,10,160,1600006160
15,frailty,C,0,0,-2,10,161,1600006161
15,frailty,C,0,0,-2,10,162,1600006162
15,frailty,C,0,0,-2,10,163,1600006163
15,frailty,C,0,0,-2,10,164,1600006164
15,frailty,C,0,0,-2,10,165,1600006165
15,frailty,C,0,0,-2,10,166,1600006166
15,frailty,C,0,0,-2,10,167,1600006167
15,frailty,C,0,0,-2,10,168,1600006168
15,frailty,C,0,0,-2,10,169,1600006169
15,frailty,C,0,0,-2,10,170,1600006170
15,frailty,C,0,0,-2,10,171,1600006171
15,frailty,C,0,0,-2,10,172,1600006172
15,frailty,C,0,0,-2,10,173,1600006173
15,frailty,C,0,0,-2,10,174,1600006174
15,frailty,C,0,0,-2,10,175,1600006175
15,frailty,C,0,0,-2,10,176,1600006176
15,frailty,C,0,0,-2,10,177,1600006177
15,frailty,C,0,0,-2,10,178,1600006178
15,frailty,C,0,0,-2,10,179,1600006179
15,frailty,C,0,0,-2,10,180,1600006180
15,frailty,C,0,0,-2,10,181,1600006181
15,frailty,C,0,0,-2,10,182,1600006182
15,frailty,C,0,0,-2,10,183,1600006183
15,frailty,C,0,0,-2,10,184,1600006184
15,frailty,C,0,0,-2,10,185,1600006185
15,frailty,C,0,0,-2,10,186,1600006186
15,frailty,C,0,0,-2,10,187,1600006187
15,frailty,C,0,0,-2,10,188,1600006188
15,frailty,C,0,0,-2,10,189,1600006189
15,frailty,C,0,0,-2,10,190,1600006190
15,frailty,C,0,0,-2,10,191,1600006191
15,frailty,C,0,0,-2,10,192,1600006192
15,frailty,C,0,0,-2,10,193,1600006193
15,frailty,C,0,0,-2,10,194,1600006194
15,frailty,C,0,0,-2,10,195,1600006195
15,frailty,C,0,0,-2,10,196,1600006196
15,frailty,C,0,0,-2,10,197,1600006197
15,frailty,C,0,0,-2,10,198,1600006198
15,frailty,C,0,0,-2,10,199,1600006199
15,frailty,C,0,0,-2,10,200,1600006200
15,frailty,C,0,0,-2,10,201,1600006201
15,frailty,C,0,0,-2,10,202,1600006202
15,frailty,C,0,0,-2,10,203,1600006203
15,frailty,C,0,0,-2,10,204,1600006204
15,frailty,C,0,0,-2,10,205,1600006205
15,frailty,C,0,0,-2,10,206,1600006206
15,frailty,C,0,0,-2,10,207,1600006207
15,frailty,C,0,0,-2,10,208,1600006208
15,frailty,C,0,0,-2,10,209,1600006209
15,frailty,C,0,0,-2,10,210,1600006210
15,frailty,C,0,0,-2,10,211,1600006211
15,frailty,C,0,0,-2,10,212,1600006212
15,frailty,C,0,0,-2,10,213,1600006213
15,frailty,C,0,0,-2,10,214,1600006214
15,frailty,C,0,0,-2,10,215,1600006215
15,frailty,C,0,0,-2,10,216,1600006216
15,frailty,C,0,0,-2,10,217,1600006217
15,frailty,C,0,0,-2,10,218,1600006218
15,frailty,C,0,0,-2,10,219,1600006219
15,frailty,C,0,0,-2,10,220,1600006220
15,frailty,C,0,0,-2,10,221,1600006221
15,frailty,C,0,0,-2,10,222,1600006222
15,frailty,C,0,0,-2,10,223,1600006223
15,frailty,C,0,0,-2,10,224,1600006224
15,frailty,C,0,0,-2,10,225,1600006225
15,frailty,C,0,0,-2,10,226,1600006226
15,frailty,C,0,0,-2,10,227,1600006227
15,frailty,C,0,0,-2,10,228,1600006228
15,frailty,C,0,0,-2,10,229,1600006229
15,frailty,C,0,0,-2,10,230,1600006230
15,frailty,C,0,0,-2,10,231,1600006231
15,frailty,C,0,0,-2,10,232,1600006232
15,frailty,C,0,0,-2,10,233,1600006233
15,frailty,C,0,0,-2,10,234,1600006234
15,frailty,C,0,0,-2,10,235,1600006235
15,frailty,C,0,0,-2,10,236,1600006236
15,frailty,C,0,0,-2,10,237,1600006237
15,frailty,C,0,0,-2,10,238,1600006238
15,frailty,C,0,0,-2,10,239,1600006239
15,frailty,C,0,0,-2,10,240,1600006240
15,frailty,C,0,0,-2,10,241,1600006241
15,frailty,C,0,0,-2,10,242,1600006242
15,frailty,C,0,0,-2,10,243,1600006243
15,frailty,C,0,0,-2,10,244,1600006244
15,frailty,C,0,0,-2,10,245,1600006245
15,frailty,C,0,0,-2,10,246,1600006246
15,frailty,C,0,0,-2,10,247,1600006247
15,frailty,C,0,0,-2,10,248,1600006248
15,frailty,C,0,0,-2,10,249,1600006249
15,frailty,C,0,0,-2,10,250,1600006250
15,frailty,C,0,0,-2,10,251,1600006251
15,frailty,C,0,0,-2,10,252,1600006252
15,frailty,C,0,0,-2,10,253,1600006253
15,frailty,C,0,0,-2,10,254,1600006254
15,frailty,C,0,0,-2,10,255,1600006255
15,frailty,C,0,0,-2,10,256,1600006256
15,frailty,C,0,0,-2,10,257,1600006257
15,frailty,C,0,0,-2,10,258,1600006258
15,frailty,C,0,0,-2,10,259,1600006259
15,frailty,C,0,0,-2,10,260,1600006260
15,frailty,C,0,0,-2,10,261,1600006261
15,frailty,C,0,0,-2,10,262,1600006262
15,frailty,C,0,0,-2,10,263,1600006263
15,frailty,C,0,0,-2,10,264,1600006264
15,frailty,C,0,0,-2,10,265,1600006265
15,frailty,C,0,0,-2,10,266,1600006266
15,frailty,C,0,0,-2,10,267,1600006267
15,frailty,C,0,0,-2,10,268,1600006268
15,frailty,C,0,0,-2,10,269,1600006269
15,frailty,C,0,0,-2,10,270,1600006270
15,frailty,C,0,0,-2,10,271,1600006271
15,frailty,C,0,0,-2,10,272,1600006272
15,frailty,C,0,0,-2,10,273,1600006273
15,frailty,C,0,0,-2,10,274,1600006274
15,frailty,C,0,0,-2,10,275,1600006275
15,frailty,C,0,0,-2,10,276,1600006276
15,frailty,C,0,0,-2,10,277,1600006277
15,frailty,C,0,0,-2,10,278,1600006278
15,frailty,C,0,0,-2,10,279,1600006279
15,frailty,C,0,0,-2,10,280,1600006280
15,frailty,C,0,0,-2,10,281,1600006281
15,frailty,C,0,0,-2,10,282,1600006282
15,frailty,C,0,0,-2,10,283,1600006283
15,frailty,C,0,0,-2,10,284,1600006284
15,frailty,C,0,0,-2,10,285,1600006285
15,frailty,C,0,0,-2,10,286,1600006286
15,frailty,C,0,0,-2,10,287,1600006287
15,frailty,C,0,0,-2,10,288,1600006288
15,frailty,C,0,0,-2,10,289,1600006289
15,frailty,C,0,0,-2,10,290,1600006290
15,frailty,C,0,0,-2,10,291,1600006291
15,frailty,C,0,0,-2,10,292,1600006292
15,frailty,C,0,0,-2,10,293,1600006293
15,frailty,C,0,0,-2,10,294,1600006294
15,frailty,C,0,0,-2,10,295,1600006295
15,frailty,C,0,0,-2,10,296,1600006296
15,frailty,C,0,0,-2,10,297,1600006297
15,frailty,C,0,0,-2,10,298,1600006298
15,frailty,C,0,0,-2,10,299,1600006299
15,frailty,C,0,0,-2,10,300,1600006300
15,frailty,C,0,0,-2,10,301,1600006301
15,frailty,C,0,0,-2,10,302,1600006302
15,frailty,C,0,0,-2,10,303,1600006303
15,frailty,C,0,0,-2,10,304,1600006304
15,frailty,C,0,0,-2,10,305,1600006305
15,frailty,C,0,0,-2,10,306,1600006306
15,frailty,C,0,0,-2,10,307,1600006307
15,frailty,C,0,0,-2,10,308,1600006308
15,frailty,C,0,0,-2,10,309,1600006309
15,frailty,C,0,0,-2,10,310,1600006310
15,frailty,C,0,0,-2,10,311,1600006311
15,frailty,C,0,0,-2,10,312,1600006312
15,frailty,C,0,0,-2,10,313,1600006313
15,frailty,C,0,0,-2,10,314,1600006314
15,frailty,C,0,0,-2,10,315,1600006315
15,frailty,C,0,0,-2,10,316,1600006316
15,frailty,C,0,0,-2,10,317,1600006317
15,frailty,C,0,0,-2,10,318,1600006318
15,frailty,C,0,0,-2,10,319,1600006319
15,frailty,C,0,0,-2,10,320,1600006320
15,frailty,C,0,0,-2,10,321,1600006321
15,frailty,C,0,0,-2,10,322,1600006322
15,frailty,C,0,0,-2,10,323,1600006323
15,frailty,C,0,0,-2,10,324,1600006324
15,frailty,C,0,0,-2,10,325,1600006325
15,frailty,C,0,0,-2,10,326,1600006326
15,frailty,C,0,0,-2,10,327,1600006327
15,frailty,C,0,0,-2,10,328,1600006328
15,frailty,C,0,0,-2,10,329,1600006329
15,frailty,C,0,0,-2,10,330,1600006330
15,frailty,C,0,0,-2,10,331,1600006331
15,frailty,C,0,0,-2,10,332,1600006332
15,frailty,C,0,0,-2,10,333,1600006333
15,frailty,C,0,0,-2,10,334,1600006334
15,frailty,C,0,0,-2,10,335,1600006335
15,frailty,C,0,0,-2,10,336,1600006336
15,frailty,C,0,0,-2,10,337,1600006337
15,frailty,C,0,0,-2,10,338,1600006338
15,frailty,C,0,0,-2,10,339,1600006339
15,frailty,C,0,0,-2,10,340,1600006340
15,frailty,C,0,0,-2,10,341,1600006341
15,frailty,C,0,0,-2,10,342,1600006342
15,frailty,C,0,0,-2,10,343,1600006343
15,frailty,C,0,0,-2,10,344,1600006344
15,frailty,C,0,0,-2,10,345,1600006345
15,frailty,C,0,0,-2,10,346,1600006346
15,frailty,C,0,0,-2,10,347,1600006347
15,frailty,C,0,0,-2,10,348,1600006348
15,frailty,C,0,0,-2,10,349,1600006349
15,frailty,C,0,0,-2,10,350,1600006350
15,frailty,C,0,0,-2,10,351,1600006351
15,frailty,C,0,0,-2,10,352,1600006352
15,frailty,C,0,0,-2,10,353,1600006353
15,frailty,C,0,0,-2,10,354,1600006354
15,frailty,C,0,0,-2,10,355,1600006355
15,frailty,C,0,0,-2,10,356,1600006356
15,frailty,C,0,0,-2,10,357,1600006357
15,frailty,C,0,0,-2,10,358,1600006358
15,frailty,C,0,0,-2,10,359,1600006359
15,frailty,C,0,0,-2,10,360,1600006360
15,frailty,C,0,0,-2,10,361,1600006361
15,frailty,C,0,0,-2,10,362,1600006362
15,frailty,C,0,0,-2,10,363,1600006363
15,frailty,C,0,0,-2,10,364,1600006364
15,frailty,C,0,0,-2,10,365,1600006365
15,frailty,C,0,0,-2,10,366,1600006366
15,frailty,C,0,0,-2,10,367,1600006367
15,frailty,C,0,0,-2,10,368,1600006368
15,frailty,C,0,0,-2,10,369,1600006369
15,frailty,C,0,0,-2,10,370,1600006370
15,frailty,C,0,0,-2,10,371,1600006371
15,frailty,C,0,0,-2,10,372,1600006372
15,frailty,C,0,0,-2,10,373,1600006373
15,frailty,C,0,0,-2,10,374,1600006374
15,frailty,C,0,0,-2,10,375,1600006375
15,frailty,C,0,0,-2,10,376,1600006376
15,frailty,C,0,0,-2,10,377,1600006377
15,frailty,C,0,0,-2,10,378,1600006378
15,frailty,C,0,0,-2,10,379,1600006379
15,frailty,C,0,0,-2,10,380,1600006380
15,frailty,C,0,0,-2,10,381,1600006381
15,frailty,C,0,0,-2,10,382,1600006382
15,frailty,C,0,0,-2,10,383,1600006383
15,frailty,C,0,0,-2,10,384,1600006384
15,frailty,C,0,0,-2,10,385,1600006385
15,frailty,C,0,0,-2,10,386,1600006386
15,frailty,C,0,0,-2,10,387,1600006387
15,frailty,C,0,0,-2,10,388,1600006388
15,frailty,C,0,0,-2,10,389,1600006389
15,frailty,C,0,0,-2,10,390,1600006390
15,frailty,C,0,0,-2,10,391,1600006391
15,frailty,C,0,0,-2,10,392,1600006392
15,frailty,C,0,0,-2,10,393,1600006393
15,frailty,C,0,0,-2,10,394,1600006394
15,frailty,C,0,0,-2,10,395,1600006395
15,frailty,C,0,0,-2,10,396,1600006396
15,frailty,C,0,0,-2,10,397,1600006397
15,frailty,C,0,0,-2,10,398,1600006398
15,frailty,C,0,0,-2,10,399,1600006399
15,frailty,C,0,0,-2,10,400,1600006400
15,frailty,C,0,0,-2,10,401,1600006401
15,frailty,C,0,0,-2,10,402,1600006402
15,frailty,C,0,0,-2,10,403,1600006403
15,frailty,C,0,0,-2,10,404,1600006404
15,frailty,C,0,0,-2,10,405,1600006405
15,frailty,C,0,0,-2,10,406,1600006406
15,frailty,C,0,0,-2,10,407,1600006407
15,frailty,C,0,0,-2,10,408,1600006408
15,frailty,C,0,0,-2,10,409,1600006409
15,frailty,C,0,0,-2,10,410,1600006410
15,frailty,C,0,0,-2,10,411,1600006411
15,frailty,C,0,0,-2,10,412,1600006412
15,frailty,C,0,0,-2,10,413,1600006413
15,frailty,C,0,0,-2,10,414,1600006414
15,frailty,C,0,0,-2,10,415,1600006415
15,frailty,C,0,0,-2,10,416,1600006416
15,frailty,C,0,0,-2,10,417,1600006417
15,frailty,C,0,0,-2,10,418,1600006418
15,frailty,C,0,0,-2,10,419,1600006419
15,frailty,C,0,0,-2,10,420,1600006420
15,frailty,C,0,0,-2,10,421,1600006421
15,frailty,C,0,0,-2,10,422,1600006422
15,frailty,C,0,0,-2,10,423,1600006423
15,frailty,C,0,0,-2,10,424,1600006424
15,frailty,C,0,0,-2,10,425,1600006425
15,frailty,C,0,0,-2,10,426,1600006426
15,frailty,C,0,0,-2,10,427,1600006427
15,frailty,C,0,0,-2,10,428,1600006428
15,frailty,C,0,0,-2,10,429,1600006429
15,frailty,C,0,0,-2,10,430,1600006430
15,frailty,C,0,0,-2,10,431,1600006431
15,frailty,C,0,0,-2,10,432,1600006432
15,frailty,C,0,0,-2,10,433,1600006433
15,frailty,C,0,0,-2,10,434,1600006434
15,frailty,C,0,0,-2,10,435,1600006435
15,frailty,C,0,0,-2,10,436,1600006436
15,frailty,C,0,0,-2,10,437,1600006437
15,frailty,C,0,0,-2,10,438,1600006438
15,frailty,C,0,0,-2,10,439,1600006439
15,frailty,C,0,0,-2,10,440,1600006440
15,frailty,C,0,0,-2,10,441,1600006441
15,frailty,C,0,0,-2,10,442,1600006442
15,frailty,C,0,0,-2,10,443,1600006443
15,frailty,C,0,0,-2,10,444,1600006444
15,frailty,C,0,0,-2,10,445,1600006445
15,frailty,C,0,0,-2,10,446,1600006446
15,frailty,C,0,0,-2,10,447,1600006447
15,frailty,C,0,0,-2,10,448,1600006448
15,frailty,C,0,0,-2,10,449,1600006449
15,frailty,C,0,0,-2,10,450,1600006450
15,frailty,C,0,0,-2,10,451,1600006451
15,frailty,C,0,0,-2,10,452,1600006452
15,frailty,C,0,0,-2,10,453,1600006453
15,frailty,C,0,0,-2,10,454,1600006454
15,frailty,C,0,0,-2,10,455,1600006455
15,frailty,C,0,0,-2,10,456,1600006456
15,frailty,C,0,0,-2,10,457,1600006457
15,frailty,C,0,0,-2,10,458,1600006458
15,frailty,C,0,0,-2,10,459,1600006459
15,frailty,C,0,0,-2,10,460,1600006460
15,frailty,C,0,0,-2,10,461,1600006461
15,frailty,C,0,0,-2,10,462,1600006462
15,frailty,C,0,0,-2,10,463,1600006463
15,frailty,C,0,0,-2,10,464,1600006464
15,frailty,C,0,0,-2,10,465,1600006465
15,frailty,C,0,0,-2,10,466,1600006466
15,frailty,C,0,0,-2,10,467,1600006467
15,frailty,C,0,0,-2,10,468,1600006468
15,frailty,C,0,0,-2,10,469,1600006469
15,frailty,C,0,0,-2,10,470,1600006470
15,frailty,C,0,0,-2,10,471,1600006471
15,frailty,C,0,0,-2,10,472,1600006472
15,frailty,C,0,0,-2,10,473,1600006473
15,frailty,C,0,0,-2,10,474,1600006474
15,frailty,C,0,0,-2,10,475,1600006475
15,frailty,C,0,0,-2,10,476,1600006476
15,frailty,C,0,0,-2,10,477,1600006477
15,frailty,C,0,0,-2,10,478,1600006478
15,frailty,C,0,0,-2,10,479,1600006479
15,frailty,C,0,0,-2,10,480,1600006480
15,frailty,C,0,0,-2,10,481,1600006481
15,frailty,C,0,0,-2,10,482,1600006482
15,frailty,C,0,0,-2,10,483,1600006483
15,frailty,C,0,0,-2,10,484,1600006484
15,frailty,C,0,0,-2,10,485,1600006485
15,frailty,C,0,0,-2,10,486,1600006486
15,frailty,C,0,0,-2,10,487,1600006487
15,frailty,C,0,0,-2,10,488,1600006488
15,frailty,C,0,0,-2,10,489,1600006489
15,frailty,C,0,0,-2,10,490,1600006490
15,frailty,C,0,0,-2,10,491,1600006491
15,frailty,C,0,0,-2,10,492,1600006492
15,frailty,C,0,0,-2,10,493,1600006493
15,frailty,C,0,0,-2,10,494,1600006494
15,frailty,C,0,0,-2,10,495,1600006495
15,frailty,C,0,0,-2,10,496,1600006496
15,frailty,C,0,0,-2,10,497,1600006497
15,frailty,C,0,0,-2,10,498,1600006498
15,frailty,C,0,0,-2,10,499,1600006499
15,frailty,C,0,0,-2,10,500,1600006500
15,frailty,C,0,0,-2,10,501,1600006501
15,frailty,C,0,0,-2,10,502,1600006502
15,frailty,C,0,0,-2,10,503,1600006503
15,frailty,C,0,0,-2,10,504,1600006504
15,frailty,C,0,0,-2,10,505,1600006505
15,frailty,C,0,0,-2,10,506,1600006506
15,frailty,C,0,0,-2,10,507,1600006507
15,frailty,C,0,0,-2,10,508,1600006508
15,frailty,C,0,0,-2,10,509,1600006509
15,frailty,C,0,0,-2,10,510,1600006510
15,frailty,C,0,0,-2,10,511,1600006511
15,frailty,C,0,0,-2,10,512,1600006512
15,frailty,C,0,0,-2,10,513,1600006513
15,frailty,C,0,0,-2,10,514,1600006514
15,frailty,C,0,0,-2,10,515,1600006515
15,frailty,C,0,0,-2,10,516,1600006516
15,frailty,C,0,0,-2,10,517,1600006517
15,frailty,C,0,0,-2,10,518,1600006518
15,frailty,C,0,0,-2,10,519,1600006519
15,frailty,C,0,0,-2,10,520,1600006520
15,frailty,C,0,0,-2,10,521,1600006521
15,frailty,C,0,0,-2,10,522,1600006522
15,frailty,C,0,0,-2,10,523,1600006523
15,frailty,C,0,0,-2,10,524,1600006524
15,frailty,C,0,0,-2,10,525,1600006525
15,frailty,C,0,0,-2,10,526,1600006526
15,frailty,C,0,0,-2,10,527,1600006527
15,frailty,C,0,0,-2,10,528,1600006528
15,frailty,C,0,0,-2,10,529,1600006529
15,frailty,C,0,0,-2,10,530,1600006530
15,frailty,C,0,0,-2,10,531,1600006531
15,frailty,C,0,0,-2,10,532,1600006532
15,frailty,C,0,0,-2,10,533,1600006533
15,frailty,C,0,0,-2,10,534,1600006534
15,frailty,C,0,0,-2,10,535,1600006535
15,frailty,C,0,0,-2,10,536,1600006536
15,frailty,C,0,0,-2,10,537,1600006537
15,frailty,C,0,0,-2,10,538,1600006538
15,frailty,C,0,0,-2,10,539,1600006539
15,frailty,C,0,0,-2,10,540,1600006540
15,frailty,C,0,0,-2,10,541,1600006541
15,frailty,C,0,0,-2,10,542,1600006542
15,frailty,C,0,0,-2,10,543,1600006543
15,frailty,C,0,0,-2,10,544,1600006544
15,frailty,C,0,0,-2,10,545,1600006545
15,frailty,C,0,0,-2,10,546,1600006546
15,frailty,C,0,0,-2,10,547,1600006547
15,frailty,C,0,0,-2,10,548,1600006548
15,frailty,C,0,0,-2,10,549,1600006549
15,frailty,C,0,0,-2,10,550,1600006550
15,frailty,C,0,0,-2,10,551,1600006551
15,frailty,C,0,0,-2,10,552,1600006552
15,frailty,C,0,0,-2,10,553,1600006553
15,frailty,C,0,0,-2,10,554,1600006554
15,frailty,C,0,0,-2,10,555,1600006555
15,frailty,C,0,0,-2,10,556,1600006556
15,frailty,C,0,0,-2,10,557,1600006557
15,frailty,C,0,0,-2,10,558,1600006558
15,frailty,C,0,0,-2,10,559,1600006559
15,frailty,C,0,0,-2,10,560,1600006560
15,frailty,C,0,0,-2,10,561,1600006561
15,frailty,C,0,0,-2,10,562,1600006562
15,frailty,C,0,0,-2,10,563,1600006563
15,frailty,C,0,0,-2,10,564,1600006564
15,frailty,C,0,0,-2,10,565,1600006565
15,frailty,C,0,0,-2,10,566,1600006566
15,frailty,C,0,0,-2,10,567,1600006567
15,frailty,C,0,0,-2,10,568,1600006568
15,frailty,C,0,0,-2,10,569,1600006569
15,frailty,C,0,0,-2,10,570,1600006570
15,frailty,C,0,0,-2,10,571,1600006571
15,frailty,C,0,0,-2,10,572,1600006572
15,frailty,C,0,0,-2,10,573,1600006573
15,frailty,C,0,0,-2,10,574,1600006574
15,frailty,C,0,0,-2,10,575,1600006575
15,frailty,C,0,0,-2,10,576,1600006576
15,frailty,C,0,0,-2,10,577,1600006577
15,frailty,C,0,0,-2,10,578,1600006578
15,frailty,C,0,0,-2,10,579,1600006579
15,frailty,C,0,0,-2,10,580,1600006580
15,frailty,C,0,0,-2,10,581,1600006581
15,frailty,C,0,0,-2,10,582,1600006582
15,frailty,C,0,0,-2,10,583,1600006583
15,frailty,C,0,0,-2,10,584,1600006584
15,frailty,C,0,0,-2,10,585,1600006585
15,frailty,C,0,0,-2,10,586,1600006586
15,frailty,C,0,0,-2,10,587,1600006587
15,frailty,C,0,0,-2,10,588,1600006588
15,frailty,C,0,0,-2,10,589,1600006589
15,frailty,C,0,0,-2,10,590,1600006590
15,frailty,C,0,0,-2,10,591,1600006591
15,frailty,C,0,0,-2,10,592,1600006592
15,frailty,C,0,0,-2,10,593,1600006593
15,frailty,C,0,0,-2,10,594,1600006594
15,frailty,C,0,0,-2,10,595,1600006595
15,frailty,C,0,0,-2,10,596,1600006596
15,frailty,C,0,0,-2,10,597,1600006597
15,frailty,C,0,0,-2,10,598,1600006598
15,frailty,C,0,0,-2,10,599,1600006599
15,frailty,C,0,0,-2,10,600,1600006600
15,frailty,C,0,0,-2,10,601,1600006601
15,frailty,C,0,0,-2,10,602,1600006602
15,frailty,C,0,0,-2,10,603,1600006603
15,frailty,C,0,0,-2,10,604,1600006604
15,frailty,C,0,0,-2,10,605,1600006605
15,frailty,C,0,0,-2,10,606,1600006606
15,frailty,C,0,0,-2,10,607,1600006607
15,frailty,C,0,0,-2,10,608,1600006608
15,frailty,C,0,0,-2,10,609,1600006609
15,frailty,C,0,0,-2,10,610,1600006610
15,frailty,C,0,0,-2,10,611,1600006611
15,frailty,C,0,0,-2,10,612,1600006612
15,frailty,C,0,0,-2,10,613,1600006613
15,frailty,C,0,0,-2,10,614,1600006614
15,frailty,C,0,0,-2,10,615,1600006615
15,frailty,C,0,0,-2,10,616,1600006616
15,frailty,C,0,0,-2,10,617,1600006617
15,frailty,C,0,0,-2,10,618,1600006618
15,frailty,C,0,0,-2,10,619,1600006619
15,frailty,C,0,0,-2,10,620,1600006620
15,frailty,C,0,0,-2,10,621,1600006621
15,frailty,C,0,0,-2,10,622,1600006622
15,frailty,C,0,0,-2,10,623,1600006623
15,frailty,C,0,0,-2,10,624,1600006624
15,frailty,C,0,0,-2,10,625,1600006625
15,frailty,C,0,0,-2,10,626,1600006626
15,frailty,C,0,0,-2,10,627,1600006627
15,frailty,C,0,0,-2,10,628,1600006628
15,frailty,C,0,0,-2,10,629,1600006629
15,frailty,C,0,0,-2,10,630,1600006630
15,frailty,C,0,0,-2,10,631,1600006631
15,frailty,C,0,0,-2,10,632,1600006632
15,frailty,C,0,0,-2,10,633,1600006633
15,frailty,C,0,0,-2,10,634,1600006634
15,frailty,C,0,0,-2,10,635,1600006635
15,frailty,C,0,0,-2,10,636,1600006636
15,frailty,C,0,0,-2,10,637,1600006637
15,frailty,C,0,0,-2,10,638,1600006638
15,frailty,C,0,0,-2,10,639,1600006639
15,frailty,C,0,0,-2,10,640,1600006640
15,frailty,C,0,0,-2,10,641,1600006641
15,frailty,C,0,0,-2,10,642,1600006642
15,frailty,C,0,0,-2,10,643,1600006643
15,frailty,C,0,0,-2,10,644,1600006644
15,frailty,C,0,0,-2,10,645,1600006645
15,frailty,C,0,0,-2,10,646,1600006646
15,frailty,C,0,0,-2,10,647,1600006647
15,frailty,C,0,0,-2,10,648,1600006648
15,frailty,C,0,0,-2,10,649,1600006649
15,frailty,C,0,0,-2,10,650,1600006650
15,frailty,C,0,0,-2,10,651,1600006651
15,frailty,C,0,0,-2,10,652,1600006652
15,frailty,C,0,0,-2,10,653,1600006653
15,frailty,C,0,0,-2,10,654,1600006654
15,frailty,C,0,0,-2,10,655,1600006655
15,frailty,C,0,0,-2,10,656,1600006656
15,frailty,C,0,0,-2,10,657,1600006657
15,frailty,C,0,0,-2,10,658,1600006658
15,frailty,C,0,0,-2,10,659,1600006659
15,frailty,C,0,0,-2,10,660,1600006660
15,frailty,C,0,0,-2,10,661,1600006661
15,frailty,C,0,0,-2,10,662,1600006662
15,frailty,C,0,0,-2,10,663,1600006663
15,frailty,C,0,0,-2,10,664,1600006664
15,frailty,C,0,0,-2,10,665,1600006665
15,frailty,C,0,0,-2,10,666,1600006666
15,frailty,C,0,0,-2,10,667,1600006667
15,frailty,C,0,0,-2,10,668,1600006668
15,frailty,C,0,0,-2,10,669,1600006669
15,frailty,C,0,0,-2,10,670,1600006670
15,frailty,C,0,0,-2,10,671,1600006671
15,frailty,C,0,0,-2,10,672,1600006672
15,frailty,C,0,0,-2,10,673,1600006673
15,frailty,C,0,0,-2,10,674,1600006674
15,frailty,C,0,0,-2,10,675,1600006675
15,frailty,C,0,0,-2,10,676,1600006676
15,frailty,C,0,0,-2,10,677,1600006677
15,frailty,C,0,0,-2,10,678,1600006678
15,frailty,C,0,0,-2,10,679,1600006679
15,frailty,C,0,0,-2,10,680,1600006680
15,frailty,C,0,0,-2,10,681,1600006681
15,frailty,C,0,0,-2,10,682,1600006682
15,frailty,C,0,0,-2,10,683,1600006683
15,frailty,C,0,0,-2,10,684,1600006684
15,frailty,C,0,0,-2,10,685,1600006685
15,frailty,C,0,0,-2,10,686,1600006686
15,frailty,C,0,0,-2,10,687,1600006687
15,frailty,C,0,0,-2,10,688,1600006688
15,frailty,C,0,0,-2,10,689,1600006689
15,frailty,C,0,0,-2,10,690,1600006690
15,frailty,C,0,0,-2,10,691,1600006691
15,frailty,C,0,0,-2,10,692,1600006692
15,frailty,C,0,0,-2,10,693,1600006693
15,frailty,C,0,0,-2,10,694,1600006694
15,frailty,C,0,0,-2,10,695,1600006695
15,frailty,C,0,0,-2,10,696,1600006696
15,frailty,C,0,0,-2,10,697,1600006697
15,frailty,C,0,0,-2,10,698,1600006698
15,frailty,C,0,0,-2,10,699,1600006699
15,frailty,C,0,0,-2,10,700,1600006700
15,frailty,C,0,0,-2,10,701,1600006701
15,frailty,C,0,0,-2,10,702,1600006702
15,frailty,C,0,0,-2,10,703,1600006703
15,frailty,C,0,0,-2,10,704,1600006704
15,frailty,C,0,0,-2,10,705,1600006705
15,frailty,C,0,0,-2,10,706,1600006706
15,frailty,C,0,0,-2,10,707,1600006707
15,frailty,C,0,0,-2,10,708,1600006708
15,frailty,C,0,0,-2,10,709,1600006709
15,frailty,C,0,0,-2,10,710,1600006710
15,frailty,C,0,0,-2,10,711,1600006711
15,frailty,C,0,0,-2,10,712,1600006712
15,frailty,C,0,0,-2,10,713,1600006713
15,frailty,C,0,0,-2,10,714,1600006714
15,frailty,C,0,0,-2,10,715,1600006715
15,frailty,C,0,0,-2,10,716,1600006716
15,frailty,C,0,0,-2,10,717,1600006717
15,frailty,C,0,0,-2,10,718,1600006718
15,frailty,C,0,0,-2,10,719,1600006719
15,frailty,C,0,0,-2,10,720,1600006720
15,frailty,C,0,0,-2,10,721,1600006721
15,frailty,C,0,0,-2,10,722,1600006722
15,frailty,C,0,0,-2,10,723,1600006723
15,frailty,C,0,0,-2,10,724,1600006724
15,frailty,C,0,0,-2,10,725,1600006725
15,frailty,C,0,0,-2,10,726,1600006726
15,frailty,C,0,0,-2,10,727,1600006727
15,frailty,C,0,0,-2,10,728,1600006728
15,frailty,C,0,0,-2,10,729,1600006729
15,frailty,C,0,0,-2,10,730,1600006730
15,frailty,C,0,0,-2,10,731,1600006731
15,frailty,C,0,0,-2,10,732,1600006732
15,frailty,C,0,0,-2,10,733,1600006733
15,frailty,C,0,0,-2,10,734,1600006734
15,frailty,C,0,0,-2,10,735,1600006735
15,frailty,C,0,0,-2,10,736,1600006736
15,frailty,C,0,0,-2,10,737,1600006737
15,frailty,C,0,0,-2,10,738,1600006738
15,frailty,C,0,0,-2,10,739,1600006739
15,frailty,C,0,0,-2,10,740,1600006740
15,frailty,C,0,0,-2,10,741,1600006741
15,frailty,C,0,0,-2,10,742,1600006742
15,frailty,C,0,0,-2,10,743,1600006743
15,frailty,C,0,0,-2,10,744,1600006744
15,frailty,C,0,0,-2,10,745,1600006745
15,frailty,C,0,0,-2,10,746,1600006746
15,frailty,C,0,0,-2,10,747,1600006747
15,frailty,C,0,0,-2,10,748,1600006748
15,frailty,C,0,0,-2,10,749,1600006749
15,frailty,C,0,0,-2,10,750,1600006750
15,frailty,C,0,0,-2,10,751,1600006751
15,frailty,C,0,0,-2,10,752,1600006752
15,frailty,C,0,0,-2,10,753,1600006753
15,frailty,C,0,0,-2,10,754,1600006754
15,frailty,C,0,0,-2,10,755,1600006755
15,frailty,C,0,0,-2,10,756,1600006756
15,frailty,C,0,0,-2,10,757,1600006757
15,frailty,C,0,0,-2,10,758,1600006758
15,frailty,C,0,0,-2,10,759,1600006759
15,frailty,C,0,0,-2,10,760,1600006760
15,frailty,C,0,0,-2,10,761,1600006761
15,frailty,C,0,0,-2,10,762,1600006762
15,frailty,C,0,0,-2,10,763,1600006763
15,frailty,C,0,0,-2,10,764,1600006764
15,frailty,C,0,0,-2,10,765,1600006765
15,frailty,C,0,0,-2,10,766,1600006766
15,frailty,C,0,0,-2,10,767,1600006767
15,frailty,C,0,0,-2,10,768,1600006768
15,frailty,C,0,0,-2,10,769,1600006769
15,frailty,C,0,0,-2,10,770,1600006770
15,frailty,C,0,0,-2,10,771,1600006771
15,frailty,C,0,0,-2,10,772,1600006772
15,frailty,C,0,0,-2,10,773,1600006773
15,frailty,C,0,0,-2,10,774,1600006774
15,frailty,C,0,0,-2,10,775,1600006775
15,frailty,C,0,0,-2,10,776,1600006776
15,frailty,C,0,0,-2,10,777,1600006777
15,frailty,C,0,0,-2,10,778,1600006778
15,frailty,C,0,0,-2,10,779,1600006779
15,frailty,C,0,0,-2,10,780,1600006780
15,frailty,C,0,0,-2,10,781,1600006781
15,frailty,C,0,0,-2,10,782,1600006782
15,frailty,C,0,0,-2,10,783,1600006783
15,frailty,C,0,0,-2,10,784,1600006784
15,frailty,C,0,0,-2,10,785,1600006785
15,frailty,C,0,0,-2,10,786,1600006786
15,frailty,C,0,0,-2,10,787,1600006787
15,frailty,C,0,0,-2,10,788,1600006788
15,frailty,C,0,0,-2,10,789,1600006789
15,frailty,C,0,0,-2,10,790,1600006790
15,frailty,C,0,0,-2,10,791,1600006791
15,frailty,C,0,0,-2,10,792,1600006792
15,frailty,C,0,0,-2,10,793,1600006793
15,frailty,C,0,0,-2,10,794,1600006794
15,frailty,C,0,0,-2,10,795,1600006795
15,frailty,C,0,0,-2,10,796,1600006796
15,frailty,C,0,0,-2,10,797,1600006797
15,frailty,C,0,0,-2,10,798,1600006798
15,frailty,C,0,0,-2,10,799,1600006799
15,frailty,C,0,0,-2,10,800,1600006800
15,frailty,C,0,0,-2,10,801,1600006801
15,frailty,C,0,0,-2,10,802,1600006802
15,frailty,C,0,0,-2,10,803,1600006803
15,frailty,C,0,0,-2,10,804,1600006804
15,frailty,C,0,0,-2,10,805,1600006805
15,frailty,C,0,0,-2,10,806,1600006806
15,frailty,C,0,0,-2,10,807,1600006807
15,frailty,C,0,0,-2,10,808,1600006808
15,frailty,C,0,0,-2,10,809,1600006809
15,frailty,C,0,0,-2,10,810,1600006810
15,frailty,C,0,0,-2,10,811,1600006811
15,frailty,C,0,0,-2,10,812,1600006812
15,frailty,C,0,0,-2,10,813,1600006813
15,frailty,C,0,0,-2,10,814,1600006814
15,frailty,C,0,0,-2,10,815,1600006815
15,frailty,C,0,0,-2,10,816,1600006816
15,frailty,C,0,0,-2,10,817,1600006817
15,frailty,C,0,0,-2,10,818,1600006818
15,frailty,C,0,0,-2,10,819,1600006819
15,frailty,C,0,0,-2,10,820,1600006820
15,frailty,C,0,0,-2,10,821,1600006821
15,frailty,C,0,0,-2,10,822,1600006822
15,frailty,C,0,0,-2,10,823,1600006823
15,frailty,C,0,0,-2,10,824,1600006824
15,frailty,C,0,0,-2,10,825,1600006825
15,frailty,C,0,0,-2,10,826,1600006826
15,frailty,C,0,0,-2,10,827,1600006827
15,frailty,C,0,0,-2,10,828,1600006828
15,frailty,C,0,0,-2,10,829,1600006829
15,frailty,C,0,0,-2,10,830,1600006830
15,frailty,C,0,0,-2,10,831,1600006831
15,frailty,C,0,0,-2,10,832,1600006832
15,frailty,C,0,0,-2,10,833,1600006833
15,frailty,C,0,0,-2,10,834,1600006834
15,frailty,C,0,0,-2,10,835,1600006835
15,frailty,C,0,0,-2,10,836,1600006836
15,frailty,C,0,0,-2,10,837,1600006837
15,frailty,C,0,0,-2,10,838,1600006838
15,frailty,C,0,0,-2,10,839,1600006839
15,frailty,C,0,0,-2,10,840,1600006840
15,frailty,C,0,0,-2,10,841,1600006841
15,frailty,C,0,0,-2,10,842,1600006842
15,frailty,C,0,0,-2,10,843,1600006843
15,frailty,C,0,0,-2,10,844,1600006844
15,frailty,C,0,0,-2,10,845,1600006845
15,frailty,C,0,0,-2,10,846,1600006846
15,frailty,C,0,0,-2,10,847,1600006847
15,frailty,C,0,0,-2,10,848,1600006848
15,frailty,C,0,0,-2,10,849,1600006849
15,frailty,C,0,0,-2,10,850,1600006850
15,frailty,C,0,0,-2,10,851,1600006851
15,frailty,C,0,0,-2,10,852,1600006852
15,frailty,C,0,0,-2,10,853,1600006853
15,frailty,C,0,0,-2,10,854,1600006854
15,frailty,C,0,0,-2,10,855,1600006855
15,frailty,C,0,0,-2,10,856,1600006856
15,frailty,C,0,0,-2,10,857,1600006857
15,frailty,C,0,0,-2,10,858,1600006858
15,frailty,C,0,0,-2,10,859,1600006859
15,frailty,C,0,0,-2,10,860,1600006860
15,frailty,C,0,0,-2,10,861,1600006861
15,frailty,C,0,0,-2,10,862,1600006862
15,frailty,C,0,0,-2,10,863,1600006863
15,frailty,C,0,0,-2,10,864,1600006864
15,frailty,C,0,0,-2,10,865,1600006865
15,frailty,C,0,0,-2,10,866,1600006866
15,frailty,C,0,0,-2,10,867,1600006867
15,frailty,C,0,0,-2,10,868,1600006868
15,frailty,C,0,0,-2,10,869,1600006869
15,frailty,C,0,0,-2,10,870,1600006870
15,frailty,C,0,0,-2,10,871,1600006871
15,frailty,C,0,0,-2,10,872,1600006872
15,frailty,C,0,0,-2,10,873,1600006873
15,frailty,C,0,0,-2,10,874,1600006874
15,frailty,C,0,0,-2,10,875,1600006875
15,frailty,C,0,0,-2,10,876,1600006876
15,frailty,C,0,0,-2,10,877,1600006877
15,frailty,C,0,0,-2,10,878,1600006878
15,frailty,C,0,0,-2,10,879,1600006879
15,frailty,C,0,0,-2,10,880,1600006880
15,frailty,C,0,0,-2,10,881,1600006881
15,frailty,C,0,0,-2,10,882,1600006882
15,frailty,C,0,0,-2,10,883,1600006883
15,frailty,C,0,0,-2,10,884,1600006884
15,frailty,C,0,0,-2,10,885,1600006885
15,frailty,C,0,0,-2,10,886,1600006886
15,frailty,C,0,0,-2,10,887,1600006887
15,frailty,C,0,0,-2,10,888,1600006888
15,frailty,C,0,0,-2,10,889,1600006889
15,frailty,C,0,0,-2,10,890,1600006890
15,frailty,C,0,0,-2,10,891,1600006891
15,frailty,C,0,0,-2,10,892,1600006892
15,frailty,C,0,0,-2,10,893,1600006893
15,frailty,C,0,0,-2,10,894,1600006894
15,frailty,C,0,0,-2,10,895,1600006895
15,frailty,C,0,0,-2,10,896,1600006896
15,frailty,C,0,0,-2,10,897,1600006897
15,frailty,C,0,0,-2,10,898,1600006898
15,frailty,C,0,0,-2,10,899,1600006899
15,frailty,C,0,0,-2,10,900,1600006900
15,frailty,C,0,0,-2,10,901,1600006901
15,frailty,C,0,0,-2,10,902,1600006902
15,frailty,C,0,0,-2,10,903,1600006903
15,frailty,C,0,0,-2,10,904,1600006904
15,frailty,C,0,0,-2,10,905,1600006905
15,frailty,C,0,0,-2,10,906,1600006906
15,frailty,C,0,0,-2,10,907,1600006907
15,frailty,C,0,0,-2,10,908,1600006908
15,frailty,C,0,0,-2,10,909,1600006909
15,frailty,C,0,0,-2,10,910,1600006910
15,frailty,C,0,0,-2,10,911,1600006911
15,frailty,C,0,0,-2,10,912,1600006912
15,frailty,C,0,0,-2,10,913,1600006913
15,frailty,C,0,0,-2,10,914,1600006914
15,frailty,C,0,0,-2,10,915,1600006915
15,frailty,C,0,0,-2,10,916,1600006916
15,frailty,C,0,0,-2,10,917,1600006917
15,frailty,C,0,0,-2,10,918,1600006918
15,frailty,C,0,0,-2,10,919,1600006919
15,frailty,C,0,0,-2,10,920,1600006920
15,frailty,C,0,0,-2,10,921,1600006921
15,frailty,C,0,0,-2,10,922,1600006922
15,frailty,C,0,0,-2,10,923,1600006923
15,frailty,C,0,0,-2,10,924,1600006924
15,frailty,C,0,0,-2,10,925,1600006925
15,frailty,C,0,0,-2,10,926,1600006926
15,frailty,C,0,0,-2,10,927,1600006927
15,frailty,C,0,0,-2,10,928,1600006928
15,frailty,C,0,0,-2,10,929,1600006929
15,frailty,C,0,0,-2,10,930,1600006930
15,frailty,C,0,0,-2,10,931,1600006931
15,frailty,C,0,0,-2,10,932,1600006932
15,frailty,C,0,0,-2,10,933,1600006933
15,frailty,C,0,0,-2,10,934,1600006934
15,frailty,C,0,0,-2,10,935,1600006935
15,frailty,C,0,0,-2,10,936,1600006936
15,frailty,C,0,0,-2,10,937,1600006937
15,frailty,C,0,0,-2,10,938,1600006938
15,frailty,C,0,0,-2,10,939,1600006939
15,frailty,C,0,0,-2,10,940,1600006940
15,frailty,C,0,0,-2,10,941,1600006941
15,frailty,C,0,0,-2,10,942,1600006942
15,frailty,C,0,0,-2,10,943,1600006943
15,frailty,C,0,0,-2,10,944,1600006944
15,frailty,C,0,0,-2,10,945,1600006945
15,frailty,C,0,0,-2,10,946,1600006946
15,frailty,C,0,0,-2,10,947,1600006947
15,frailty,C,0,0,-2,10,948,1600006948
15,frailty,C,0,0,-2,10,949,1600006949
15,frailty,C,0,0,-2,10,950,1600006950
15,frailty,C,0,0,-2,10,951,1600006951
15,frailty,C,0,0,-2,10,952,1600006952
15,frailty,C,0,0,-2,10,953,1600006953
15,frailty,C,0,0,-2,10,954,1600006954
15,frailty,C,0,0,-2,10,955,1600006955
15,frailty,C,0,0,-2,10,956,1600006956
15,frailty,C,0,0,-2,10,957,1600006957
15,frailty,C,0,0,-2,10,958,1600006958
15,frailty,C,0,0,-2,10,959,1600006959
15,frailty,C,0,0,-2,10,960,1600006960
15,frailty,C,0,0,-2,10,961,1600006961
15,frailty,C,0,0,-2,10,962,1600006962
15,frailty,C,0,0,-2,10,963,1600006963
15,frailty,C,0,0,-2,10,964,1600006964
15,frailty,C,0,0,-2,10,965,1600006965
15,frailty,C,0,0,-2,10,966,1600006966
15,frailty,C,0,0,-2,10,967,1600006967
15,frailty,C,0,0,-2,10,968,1600006968
15,frailty,C,0,0,-2,10,969,1600006969
15,frailty,C,0,0,-2,10,970,1600006970
15,frailty,C,0,0,-2,10,971,1600006971
15,frailty,C,0,0,-2,10,972,1600006972
15,frailty,C,0,0,-2,10,973,1600006973
15,frailty,C,0,0,-2,10,974,1600006974
15,frailty,C,0,0,-2,10,975,1600006975
15,frailty,C,0,0,-2,10,976,1600006976
15,frailty,C,0,0,-2,10,977,1600006977
15,frailty,C,0,0,-2,10,978,1600006978
15,frailty,C,0,0,-2,10,979,1600006979
15,frailty,C,0,0,-2,10,980,1600006980
15,frailty,C,0,0,-2,10,981,1600006981
15,frailty,C,0,0,-2,10,982,1600006982
15,frailty,C,0,0,-2,10,983,1600006983
15,frailty,C,0,0,-2,10,984,1600006984
15,frailty,C,0,0,-2,10,985,1600006985
15,frailty,C,0,0,-2,10,986,1600006986
15,frailty,C,0,0,-2,10,987,1600006987
15,frailty,C,0,0,-2,10,988,1600006988
15,frailty,C,0,0,-2,10,989,1600006989
15,frailty,C,0,0,-2,10,990,1600006990
15,frailty,C,0,0,-2,10,991,1600006991
15,frailty,C,0,0,-2,10,992,1600006992
15,frailty,C,0,0,-2,10,993,1600006993
15,frailty,C,0,0,-2,10,994,1600006994
15,frailty,C,0,0,-2,10,995,1600006995
15,frailty,C,0,0,-2,10,996,1600006996
15,frailty,C,0,0,-2,10,997,1600006997
15,frailty,C,0,0,-2,10,998,1600006998
15,frailty,C,0,0,-2,10,999,1600006999
15,frailty,C,0,0,-2,10,1000,1600007000
16,frailty,C,0,0,0,0.25,1,1600008001
16,frailty,C,0,0,0,0.25,2,1600008002
16,frailty,C,0,0,0,0.25,3,1600008003
16,frailty,C,0,0,0,0.25,4,1600008004
16,frailty,C,0,0,0,0.25,5,1600008005
16,frailty,C,0,0,0,0.25,6,1600008006
16,frailty,C,0,0,0,0.25,7,1600008007
16,frailty,C,0,0,0,0.25,8,1600008008
16,frailty,C,0,0,0,0.25,9,1600008009
16,frailty,C,0,0,0,0.25,10,1600008010
16,frailty,C,0,0,0,0.25,11,1600008011
16,frailty,C,0,0,0,0.25,12,1600008012
16,frailty,C,0,0,0,0.25,13,1600008013
16,frailty,C,0,0,0,0.25,14,1600008014
16,frailty,C,0,0,0,0.25,15,1600008015
16,frailty,C,0,0,0,0.25,16,1600008016
16,frailty,C,0,0,0,0.25,17,1600008017
16,frailty,C,0,0,0,0.25,18,1600008018
16,frailty,C,0,0,0,0.25,19,1600008019
16,frailty,C,0,0,0,0.25,20,1600008020
16,frailty,C,0,0,0,0.25,21,1600008021
16,frailty,C,0,0,0,0.25,22,1600008022
16,frailty,C,0,0,0,0.25,23,1600008023
16,frailty,C,0,0,0,0.25,24,1600008024
16,frailty,C,0,0,0,0.25,25,1600008025
16,frailty,C,0,0,0,0.25,26,1600008026
16,frailty,C,0,0,0,0.25,27,1600008027
16,frailty,C,0,0,0,0.25,28,1600008028
16,frailty,C,0,0,0,0.25,29,1600008029
16,frailty,C,0,0,0,0.25,30,1600008030
16,frailty,C,0,0,0,0.25,31,1600008031
16,frailty,C,0,0,0,0.25,32,1600008032
16,frailty,C,0,0,0,0.25,33,1600008033
16,frailty,C,0,0,0,0.25,34,1600008034
16,frailty,C,0,0,0,0.25,35,1600008035
16,frailty,C,0,0,0,0.25,36,1600008036
16,frailty,C,0,0,0,0.25,37,1600008037
16,frailty,C,0,0,0,0.25,38,1600008038
16,frailty,C,0,0,0,0.25,39,1600008039
16,frailty,C,0,0,0,0.25,40,1600008040
16,frailty,C,0,0,0,0.25,41,1600008041
16,frailty,C,0,0,0,0.25,42,1600008042
16,frailty,C,0,0,0,0.25,43,1600008043
16,frailty,C,0,0,0,0.25,44,1600008044
16,frailty,C,0,0,0,0.25,45,1600008045
16,frailty,C,0,0,0,0.25,46,1600008046
16,frailty,C,0,0,0,0.25,47,1600008047
16,frailty,C,0,0,0,0.25,48,1600008048
16,frailty,C,0,0,0,0.25,49,1600008049
16,frailty,C,0,0,0,0.25,50,1600008050
16,frailty,C,0,0,0,0.25,51,1600008051
16,frailty,C,0,0,0,0.25,52,1600008052
16,frailty,C,0,0,0,0.25,53,1600008053
16,frailty,C,0,0,0,0.25,54,1600008054
16,frailty,C,0,0,0,0.25,55,1600008055
16,frailty,C,0,0,0,0.25,56,1600008056
16,frailty,C,0,0,0,0.25,57,1600008057
16,frailty,C,0,0,0,0.25,58,1600008058
16,frailty,C,0,0,0,0.25,59,1600008059
16,frailty,C,0,0,0,0.25,60,1600008060
16,frailty,C,0,0,0,0.25,61,1600008061
16,frailty,C,0,0,0,0.25,62,1600008062
16,frailty,C,0,0,0,0.25,63,1600008063
16,frailty,C,0,0,0,0.25,64,1600008064
16,frailty,C,0,0,0,0.25,65,1600008065
16,frailty,C,0,0,0,0.25,66,1600008066
16,frailty,C,0,0,0,0.25,67,1600008067
16,frailty,C,0,0,0,0.25,68,1600008068
16,frailty,C,0,0,0,0.25,69,1600008069
16,frailty,C,0,0,0,0.25,70,1600008070
16,frailty,C,0,0,0,0.25,71,1600008071
16,frailty,C,0,0,0,0.25,72,1600008072
16,frailty,C,0,0,0,0.25,73,1600008073
16,frailty,C,0,0,0,0.25,74,1600008074
16,frailty,C,0,0,0,0.25,75,1600008075
16,frailty,C,0,0,0,0.25,76,1600008076
16,frailty,C,0,0,0,0.25,77,1600008077
16,frailty,C,0,0,0,0.25,78,1600008078
16,frailty,C,0,0,0,0.25,79,1600008079
16,frailty,C,0,0,0,0.25,80,1600008080
16,frailty,C,0,0,0,0.25,81,1600008081
16,frailty,C,0,0,0,0.25,82,1600008082
16,frailty,C,0,0,0,0.25,83,1600008083
16,frailty,C,0,0,0,0.25,84,1600008084
16,frailty,C,0,0,0,0.25,85,1600008085
16,frailty,C,0,0,0,0.25,86,1600008086
16,frailty,C,0,0,0,0.25,87,1600008087
16,frailty,C,0,0,0,0.25,88,1600008088
16,frailty,C,0,0,0,0.25,89,1600008089
16,frailty,C,0,0,0,0.25,90,1600008090
16,frailty,C,0,0,0,0.25,91,1600008091
16,frailty,C,0,0,0,0.25,92,1600008092
16,frailty,C,0,0,0,0.25,93,1600008093
16,frailty,C,0,0,0,0.25,94,1600008094
16,frailty,C,0,0,0,0.25,95,1600008095
16,frailty,C,0,0,0,0.25,96,1600008096
16,frailty,C,0,0,0,0.25,97,1600008097
16,frailty,C,0,0,0,0.25,98,1600008098
16,frailty,C,0,0,0,0.25,99,1600008099
16,frailty,C,0,0,0,0.25,100,1600008100
16,frailty,C,0,0,0,0.25,101,1600008101
16,frailty,C,0,0,0,0.25,102,1600008102
16,frailty,C,0,0,0,0.25,103,1600008103
16,frailty,C,0,0,0,0.25,104,1600008104
16,frailty,C,0,0,0,0.25,105,1600008105
16,frailty,C,0,0,0,0.25,106,1600008106
16,frailty,C,0,0,0,0.25,107,1600008107
16,frailty,C,0,0,0,0.25,108,1600008108
16,frailty,C,0,0,0,0.25,109,1600008109
16,frailty,C,0,0,0,0.25,110,1600008110
16,frailty,C,0,0,0,0.25,111,1600008111
16,frailty,C,0,0,0,0.25,112,1600008112
16,frailty,C,0,0,0,0.25,113,1600008113
16,frailty,C,0,0,0,0.25,114,1600008114
16,frailty,C,0,0,0,0.25,115,1600008115
16,frailty,C,0,0,0,0.25,116,1600008116
16,frailty,C,0,0,0,0.25,117,1600008117
16,frailty,C,0,0,0,0.25,118,1600008118
16,frailty,C,0,0,0,0.25,119,1600008119
16,frailty,C,0,0,0,0.25,120,1600008120
16,frailty,C,0,0,0,0.25,121,1600008121
16,frailty,C,0,0,0,0.25,122,1600008122
16,frailty,C,0,0,0,0.25,123,1600008123
16,frailty,C,0,0,0,0.25,124,1600008124
16,frailty,C,0,0,0,0.25,125,1600008125
16,frailty,C,0,0,0,0.25,126,1600008126
16,frailty,C,0,0,0,0.25,127,1600008127
16,frailty,C,0,0,0,0.25,128,1600008128
16,frailty,C,0,0,0,0.25,129,1600008129
16,frailty,C,0,0,0,0.25,130,1600008130
16,frailty,C,0,0,0,0.25,131,1600008131
16,frailty,C,0,0,0,0.25,132,1600008132
16,frailty,C,0,0,0,0.25,133,1600008133
16,frailty,C,0,0,0,0.25,134,1600008134
16,frailty,C,0,0,0,0.25,135,1600008135
16,frailty,C,0,0,0,0.25,136,1600008136
16,frailty,C,0,0,0,0.25,137,1600008137
16,frailty,C,0,0,0,0.25,138,1600008138
16,frailty,C,0,0,0,0.25,139,1600008139
16,frailty,C,0,0,0,0.25,140,1600008140
16,frailty,C,0,0,0,0.25,141,1600008141
16,frailty,C,0,0,0,0.25,142,1600008142
16,frailty,C,0,0,0,0.25,143,1600008143
16,frailty,C,0,0,0,0.25,144,1600008144
16,frailty,C,0,0,0,0.25,145,1600008145
16,frailty,C,0,0,0,0.25,146,1600008146
16,frailty,C,0,0,0,0.25,147,1600008147
16,frailty,C,0,0,0,0.25,148,1600008148
16,frailty,C,0,0,0,0.25,149,1600008149
16,frailty,C,0,0,0,0.25,150,1600008150
16,frailty,C,0,0,0,0.25,151,1600008151
16,frailty,C,0,0,0,0.25,152,1600008152
16,frailty,C,0,0,0,0.25,153,1600008153
16,frailty,C,0,0,0,0.25,154,1600008154
16,frailty,C,0,0,0,0.25,155,1600008155
16,frailty,C,0,0,0,0.25,156,1600008156
16,frailty,C,0,0,0,0.25,157,1600008157
16,frailty,C,0,0,0,0.25,158,1600008158
16,frailty,C,0,0,0,0.25,159,1600008159
16,frailty,C,0,0,0,0.25,160,1600008160
16,frailty,C,0,0,0,0.25,161,1600008161
16,frailty,C,0,0,0,0.25,162,1600008162
16,frailty,C,0,0,0,0.25,163,1600008163
16,frailty,C,0,0,0,0.25,164,1600008164
16,frailty,C,0,0,0,0.25,165,1600008165
16,frailty,C,0,0,0,0.25,166,1600008166
16,frailty,C,0,0,0,0.25,167,1600008167
16,frailty,C,0,0,0,0.25,168,1600008168
16,frailty,C,0,0,0,0.25,169,1600008169
16,frailty,C,0,0,0,0.25,170,1600008170
16,frailty,C,0,0,0,0.25,171,1600008171
16,frailty,C,0,0,0,0.25,172,1600008172
16,frailty,C,0,0,0,0.25,173,1600008173
16,frailty,C,0,0,0,0.25,174,1600008174
16,frailty,C,0,0,0,0.25,175,1600008175
16,frailty,C,0,0,0,0.25,176,1600008176
16,frailty,C,0,0,0,0.25,177,1600008177
16,frailty,C,0,0,0,0.25,178,1600008178
16,frailty,C,0,0,0,0.25,179,1600008179
16,frailty,C,0,0,0,0.25,180,1600008180
16,frailty,C,0,0,0,0.25,181,1600008181
16,frailty,C,0,0,0,0.25,182,1600008182
16,frailty,C,0,0,0,0.25,183,1600008183
16,frailty,C,0,0,0,0.25,184,1600008184
16,frailty,C,0,0,0,0.25,185,1600008185
16,frailty,C,0,0,0,0.25,186,1600008186
16,frailty,C,0,0,0,0.25,187,1600008187
16,frailty,C,0,0,0,0.25,188,1600008188
16,frailty,C,0,0,0,0.25,189,1600008189
16,frailty,C,0,0,0,0.25,190,1600008190
16,frailty,C,0,0,0,0.25,191,1600008191
16,frailty,C,0,0,0,0.25,192,1600008192
16,frailty,C,0,0,0,0.25,193,1600008193
16,frailty,C,0,0,0,0.25,194,1600008194
16,frailty,C,0,0,0,0.25,195,1600008195
16,frailty,C,0,0,0,0.25,196,1600008196
16,frailty,C,0,0,0,0.25,197,1600008197
16,frailty,C,0,0,0,0.25,198,1600008198
16,frailty,C,0,0,0,0.25,199,1600008199
16,frailty,C,0,0,0,0.25,200,1600008200
16,frailty,C,0,0,0,0.25,201,1600008201
16,frailty,C,0,0,0,0.25,202,1600008202
16,frailty,C,0,0,0,0.25,203,1600008203
16,frailty,C,0,0,0,0.25,204,1600008204
16,frailty,C,0,0,0,0.25,205,1600008205
16,frailty,C,0,0,0,0.25,206,1600008206
16,frailty,C,0,0,0,0.25,207,1600008207
16,frailty,C,0,0,0,0.25,208,1600008208
16,frailty,C,0,0,0,0.25,209,1600008209
16,frailty,C,0,0,0,0.25,210,1600008210
16,frailty,C,0,0,0,0.25,211,1600008211
16,frailty,C,0,0,0,0.25,212,1600008212
16,frailty,C,0,0,0,0.25,213,1600008213
16,frailty,C,0,0,0,0.25,214,1600008214
16,frailty,C,0,0,0,0.25,215,1600008215
16,frailty,C,0,0,0,0.25,216,1600008216
16,frailty,C,0,0,0,0.25,217,1600008217
16,frailty,C,0,0,0,0.25,218,1600008218
16,frailty,C,0,0,0,0.25,219,1600008219
16,frailty,C,0,0,0,0.25,220,1600008220
16,frailty,C,0,0,0,0.25,221,1600008221
16,frailty,C,0,0,0,0.25,222,1600008222
16,frailty,C,0,0,0,0.25,223,1600008223
16,frailty,C,0,0,0,0.25,224,1600008224
16,frailty,C,0,0,0,0.25,225,1600008225
16,frailty,C,0,0,0,0.25,226,1600008226
16,frailty,C,0,0,0,0.25,227,1600008227
16,frailty,C,0,0,0,0.25,228,1600008228
16,frailty,C,0,0,0,0.25,229,1600008229
16,frailty,C,0,0,0,0.25,230,1600008230
16,frailty,C,0,0,0,0.25,231,1600008231
16,frailty,C,0,0,0,0.25,232,1600008232
16,frailty,C,0,0,0,0.25,233,1600008233
16,frailty,C,0,0,0,0.25,234,1600008234
16,frailty,C,0,0,0,0.25,235,1600008235
16,frailty,C,0,0,0,0.25,236,1600008236
16,frailty,C,0,0,0,0.25,237,1600008237
16,frailty,C,0,0,0,0.25,238,1600008238
16,frailty,C,0,0,0,0.25,239,1600008239
16,frailty,C,0,0,0,0.25,240,1600008240
16,frailty,C,0,0,0,0.25,241,1600008241
16,frailty,C,0,0,0,0.25,242,1600008242
16,frailty,C,0,0,0,0.25,243,1600008243
16,frailty,C,0,0,0,0.25,244,1600008244
16,frailty,C,0,0,0,0.25,245,1600008245
16,frailty,C,0,0,0,0.25,246,1600008246
16,frailty,C,0,0,0,0.25,247,1600008247
16,frailty,C,0,0,0,0.25,248,1600008248
16,frailty,C,0,0,0,0.25,249,1600008249
16,frailty,C,0,0,0,0.25,250,1600008250
16,frailty,C,0,0,0,0.25,251,1600008251
16,frailty,C,0,0,0,0.25,252,1600008252
16,frailty,C,0,0,0,0.25,253,1600008253
16,frailty,C,0,0,0,0.25,254,1600008254
16,frailty,C,0,0,0,0.25,255,1600008255
16,frailty,C,0,0,0,0.25,256,1600008256
16,frailty,C,0,0,0,0.25,257,1600008257
16,frailty,C,0,0,0,0.25,258,1600008258
16,frailty,C,0,0,0,0.25,259,1600008259
16,frailty,C,0,0,0,0.25,260,1600008260
16,frailty,C,0,0,0,0.25,261,1600008261
16,frailty,C,0,0,0,0.25,262,1600008262
16,frailty,C,0,0,0,0.25,263,1600008263
16,frailty,C,0,0,0,0.25,264,1600008264
16,frailty,C,0,0,0,0.25,265,1600008265
16,frailty,C,0,0,0,0.25,266,1600008266
16,frailty,C,0,0,0,0.25,267,1600008267
16,frailty,C,0,0,0,0.25,268,1600008268
16,frailty,C,0,0,0,0.25,269,1600008269
16,frailty,C,0,0,0,0.25,270,1600008270
16,frailty,C,0,0,0,0.25,271,1600008271
16,frailty,C,0,0,0,0.25,272,1600008272
16,frailty,C,0,0,0,0.25,273,1600008273
16,frailty,C,0,0,0,0.25,274,1600008274
16,frailty,C,0,0,0,0.25,275,1600008275
16,frailty,C,0,0,0,0.25,276,1600008276
16,frailty,C,0,0,0,0.25,277,1600008277
16,frailty,C,0,0,0,0.25,278,1600008278
16,frailty,C,0,0,0,0.25,279,1600008279
16,frailty,C,0,0,0,0.25,280,1600008280
16,frailty,C,0,0,0,0.25,281,1600008281
16,frailty,C,0,0,0,0.25,282,1600008282
16,frailty,C,0,0,0,0.25,283,1600008283
16,frailty,C,0,0,0,0.25,284,1600008284
16,frailty,C,0,0,0,0.25,285,1600008285
16,frailty,C,0,0,0,0.25,286,1600008286
16,frailty,C,0,0,0,0.25,287,1600008287
16,frailty,C,0,0,0,0.25,288,1600008288
16,frailty,C,0,0,0,0.25,289,1600008289
16,frailty,C,0,0,0,0.25,290,1600008290
16,frailty,C,0,0,0,0.25,291,1600008291
16,frailty,C,0,0,0,0.25,292,1600008292
16,frailty,C,0,0,0,0.25,293,1600008293
16,frailty,C,0,0,0,0.25,294,1600008294
16,frailty,C,0,0,0,0.25,295,1600008295
16,frailty,C,0,0,0,0.25,296,1600008296
16,frailty,C,0,0,0,0.25,297,1600008297
16,frailty,C,0,0,0,0.25,298,1600008298
16,frailty,C,0,0,0,0.25,299,1600008299
16,frailty,C,0,0,0,0.25,300,1600008300
16,frailty,C,0,0,0,0.25,301,1600008301
16,frailty,C,0,0,0,0.25,302,1600008302
16,frailty,C,0,0,0,0.25,303,1600008303
16,frailty,C,0,0,0,0.25,304,1600008304
16,frailty,C,0,0,0,0.25,305,1600008305
16,frailty,C,0,0,0,0.25,306,1600008306
16,frailty,C,0,0,0,0.25,307,1600008307
16,frailty,C,0,0,0,0.25,308,1600008308
16,frailty,C,0,0,0,0.25,309,1600008309
16,frailty,C,0,0,0,0.25,310,1600008310
16,frailty,C,0,0,0,0.25,311,1600008311
16,frailty,C,0,0,0,0.25,312,1600008312
16,frailty,C,0,0,0,0.25,313,1600008313
16,frailty,C,0,0,0,0.25,314,1600008314
16,frailty,C,0,0,0,0.25,315,1600008315
16,frailty,C,0,0,0,0.25,316,1600008316
16,frailty,C,0,0,0,0.25,317,1600008317
16,frailty,C,0,0,0,0.25,318,1600008318
16,frailty,C,0,0,0,0.25,319,1600008319
16,frailty,C,0,0,0,0.25,320,1600008320
16,frailty,C,0,0,0,0.25,321,1600008321
16,frailty,C,0,0,0,0.25,322,1600008322
16,frailty,C,0,0,0,0.25,323,1600008323
16,frailty,C,0,0,0,0.25,324,1600008324
16,frailty,C,0,0,0,0.25,325,1600008325
16,frailty,C,0,0,0,0.25,326,1600008326
16,frailty,C,0,0,0,0.25,327,1600008327
16,frailty,C,0,0,0,0.25,328,1600008328
16,frailty,C,0,0,0,0.25,329,1600008329
16,frailty,C,0,0,0,0.25,330,1600008330
16,frailty,C,0,0,0,0.25,331,1600008331
16,frailty,C,0,0,0,0.25,332,1600008332
16,frailty,C,0,0,0,0.25,333,1600008333
16,frailty,C,0,0,0,0.25,334,1600008334
16,frailty,C,0,0,0,0.25,335,1600008335
16,frailty,C,0,0,0,0.25,336,1600008336
16,frailty,C,0,0,0,0.25,337,1600008337
16,frailty,C,0,0,0,0.25,338,1600008338
16,frailty,C,0,0,0,0.25,339,1600008339
16,frailty,C,0,0,0,0.25,340,1600008340
16,frailty,C,0,0,0,0.25,341,1600008341
16,frailty,C,0,0,0,0.25,342,1600008342
16,frailty,C,0,0,0,0.25,343,1600008343
16,frailty,C,0,0,0,0.25,344,1600008344
16,frailty,C,0,0,0,0.25,345,1600008345
16,frailty,C,0,0,0,0.25,346,1600008346
16,frailty,C,0,0,0,0.25,347,1600008347
16,frailty,C,0,0,0,0.25,348,1600008348
16,frailty,C,0,0,0,0.25,349,1600008349
16,frailty,C,0,0,0,0.25,350,1600008350
16,frailty,C,0,0,0,0.25,351,1600008351
16,frailty,C,0,0,0,0.25,352,1600008352
16,frailty,C,0,0,0,0.25,353,1600008353
16,frailty,C,0,0,0,0.25,354,1600008354
16,frailty,C,0,0,0,0.25,355,1600008355
16,frailty,C,0,0,0,0.25,356,1600008356
16,frailty,C,0,0,0,0.25,357,1600008357
16,frailty,C,0,0,0,0.25,358,1600008358
16,frailty,C,0,0,0,0.25,359,1600008359
16,frailty,C,0,0,0,0.25,360,1600008360
16,frailty,C,0,0,0,0.25,361,1600008361
16,frailty,C,0,0,0,0.25,362,1600008362
16,frailty,C,0,0,0,0.25,363,1600008363
16,frailty,C,0,0,0,0.25,364,1600008364
16,frailty,C,0,0,0,0.25,365,1600008365
16,frailty,C,0,0,0,0.25,366,1600008366
16,frailty,C,0,0,0,0.25,367,1600008367
16,frailty,C,0,0,0,0.25,368,1600008368
16,frailty,C,0,0,0,0.25,369,1600008369
16,frailty,C,0,0,0,0.25,370,1600008370
16,frailty,C,0,0,0,0.25,371,1600008371
16,frailty,C,0,0,0,0.25,372,1600008372
16,frailty,C,0,0,0,0.25,373,1600008373
16,frailty,C,0,0,0,0.25,374,1600008374
16,frailty,C,0,0,0,0.25,375,1600008375
16,frailty,C,0,0,0,0.25,376,1600008376
16,frailty,C,0,0,0,0.25,377,1600008377
16,frailty,C,0,0,0,0.25,378,1600008378
16,frailty,C,0,0,0,0.25,379,1600008379
16,frailty,C,0,0,0,0.25,380,1600008380
16,frailty,C,0,0,0,0.25,381,1600008381
16,frailty,C,0,0,0,0.25,382,1600008382
16,frailty,C,0,0,0,0.25,383,1600008383
16,frailty,C,0,0,0,0.25,384,1600008384
16,frailty,C,0,0,0,0.25,385,1600008385
16,frailty,C,0,0,0,0.25,386,1600008386
16,frailty,C,0,0,0,0.25,387,1600008387
16,frailty,C,0,0,0,0.25,388,1600008388
16,frailty,C,0,0,0,0.25,389,1600008389
16,frailty,C,0,0,0,0.25,390,1600008390
16,frailty,C,0,0,0,0.25,391,1600008391
16,frailty,C,0,0,0,0.25,392,1600008392
16,frailty,C,0,0,0,0.25,393,1600008393
16,frailty,C,0,0,0,0.25,394,1600008394
16,frailty,C,0,0,0,0.25,395,1600008395
16,frailty,C,0,0,0,0.25,396,1600008396
16,frailty,C,0,0,0,0.25,397,1600008397
16,frailty,C,0,0,0,0.25,398,1600008398
16,frailty,C,0,0,0,0.25,399,1600008399
16,frailty,C,0,0,0,0.25,400,1600008400
16,frailty,C,0,0,0,0.25,401,1600008401
16,frailty,C,0,0,0,0.25,402,1600008402
16,frailty,C,0,0,0,0.25,403,1600008403
16,frailty,C,0,0,0,0.25,404,1600008404
16,frailty,C,0,0,0,0.25,405,1600008405
16,frailty,C,0,0,0,0.25,406,1600008406
16,frailty,C,0,0,0,0.25,407,1600008407
16,frailty,C,0,0,0,0.25,408,1600008408
16,frailty,C,0,0,0,0.25,409,1600008409
16,frailty,C,0,0,0,0.25,410,1600008410
16,frailty,C,0,0,0,0.25,411,1600008411
16,frailty,C,0,0,0,0.25,412,1600008412
16,frailty,C,0,0,0,0.25,413,1600008413
16,frailty,C,0,0,0,0.25,414,1600008414
16,frailty,C,0,0,0,0.25,415,1600008415
16,frailty,C,0,0,0,0.25,416,1600008416
16,frailty,C,0,0,0,0.25,417,1600008417
16,frailty,C,0,0,0,0.25,418,1600008418
16,frailty,C,0,0,0,0.25,419,1600008419
16,frailty,C,0,0,0,0.25,420,1600008420
16,frailty,C,0,0,0,0.25,421,1600008421
16,frailty,C,0,0,0,0.25,422,1600008422
16,frailty,C,0,0,0,0.25,423,1600008423
16,frailty,C,0,0,0,0.25,424,1600008424
16,frailty,C,0,0,0,0.25,425,1600008425
16,frailty,C,0,0,0,0.25,426,1600008426
16,frailty,C,0,0,0,0.25,427,1600008427
16,frailty,C,0,0,0,0.25,428,1600008428
16,frailty,C,0,0,0,0.25,429,1600008429
16,frailty,C,0,0,0,0.25,430,1600008430
16,frailty,C,0,0,0,0.25,431,1600008431
16,frailty,C,0,0,0,0.25,432,1600008432
16,frailty,C,0,0,0,0.25,433,1600008433
16,frailty,C,0,0,0,0.25,434,1600008434
16,frailty,C,0,0,0,0.25,435,1600008435
16,frailty,C,0,0,0,0.25,436,1600008436
16,frailty,C,0,0,0,0.25,437,1600008437
16,frailty,C,0,0,0,0.25,438,1600008438
16,frailty,C,0,0,0,0.25,439,1600008439
16,frailty,C,0,0,0,0.25,440,1600008440
16,frailty,C,0,0,0,0.25,441,1600008441
16,frailty,C,0,0,0,0.25,442,1600008442
16,frailty,C,0,0,0,0.25,443,1600008443
16,frailty,C,0,0,0,0.25,444,1600008444
16,frailty,C,0,0,0,0.25,445,1600008445
16,frailty,C,0,0,0,0.25,446,1600008446
16,frailty,C,0,0,0,0.25,447,1600008447
16,frailty,C,0,0,0,0.25,448,1600008448
16,frailty,C,0,0,0,0.25,449,1600008449
16,frailty,C,0,0,0,0.25,450,1600008450
16,frailty,C,0,0,0,0.25,451,1600008451
16,frailty,C,0,0,0,0.25,452,1600008452
16,frailty,C,0,0,0,0.25,453,1600008453
16,frailty,C,0,0,0,0.25,454,1600008454
16,frailty,C,0,0,0,0.25,455,1600008455
16,frailty,C,0,0,0,0.25,456,1600008456
16,frailty,C,0,0,0,0.25,457,1600008457
16,frailty,C,0,0,0,0.25,458,1600008458
16,frailty,C,0,0,0,0.25,459,1600008459
16,frailty,C,0,0,0,0.25,460,1600008460
16,frailty,C,0,0,0,0.25,461,1600008461
16,frailty,C,0,0,0,0.25,462,1600008462
16,frailty,C,0,0,0,0.25,463,1600008463
16,frailty,C,0,0,0,0.25,464,1600008464
16,frailty,C,0,0,0,0.25,465,1600008465
16,frailty,C,0,0,0,0.25,466,1600008466
16,frailty,C,0,0,0,0.25,467,1600008467
16,frailty,C,0,0,0,0.25,468,1600008468
16,frailty,C,0,0,0,0.25,469,1600008469
16,frailty,C,0,0,0,0.25,470,1600008470
16,frailty,C,0,0,0,0.25,471,1600008471
16,frailty,C,0,0,0,0.25,472,1600008472
16,frailty,C,0,0,0,0.25,473,1600008473
16,frailty,C,0,0,0,0.25,474,1600008474
16,frailty,C,0,0,0,0.25,475,1600008475
16,frailty,C,0,0,0,0.25,476,1600008476
16,frailty,C,0,0,0,0.25,477,1600008477
16,frailty,C,0,0,0,0.25,478,1600008478
16,frailty,C,0,0,0,0.25,479,1600008479
16,frailty,C,0,0,0,0.25,480,1600008480
16,frailty,C,0,0,0,0.25,481,1600008481
16,frailty,C,0,0,0,0.25,482,1600008482
16,frailty,C,0,0,0,0.25,483,1600008483
16,frailty,C,0,0,0,0.25,484,1600008484
16,frailty,C,0,0,0,0.25,485,1600008485
16,frailty,C,0,0,0,0.25,486,1600008486
16,frailty,C,0,0,0,0.25,487,1600008487
16,frailty,C,0,0,0,0.25,488,1600008488
16,frailty,C,0,0,0,0.25,489,1600008489
16,frailty,C,0,0,0,0.25,490,1600008490
16,frailty,C,0,0,0,0.25,491,1600008491
16,frailty,C,0,0,0,0.25,492,1600008492
16,frailty,C,0,0,0,0.25,493,1600008493
16,frailty,C,0,0,0,0.25,494,1600008494
16,frailty,C,0,0,0,0.25,495,1600008495
16,frailty,C,0,0,0,0.25,496,1600008496
16,frailty,C,0,0,0,0.25,497,1600008497
16,frailty,C,0,0,0,0.25,498,1600008498
16,frailty,C,0,0,0,0.25,499,1600008499
16,frailty,C,0,0,0,0.25,500,1600008500
16,frailty,C,0,0,0,0.25,501,1600008501
16,frailty,C,0,0,0,0.25,502,1600008502
16,frailty,C,0,0,0,0.25,503,1600008503
16,frailty,C,0,0,0,0.25,504,1600008504
16,frailty,C,0,0,0,0.25,505,1600008505
16,frailty,C,0,0,0,0.25,506,1600008506
16,frailty,C,0,0,0,0.25,507,1600008507
16,frailty,C,0,0,0,0.25,508,1600008508
16,frailty,C,0,0,0,0.25,509,1600008509
16,frailty,C,0,0,0,0.25,510,1600008510
16,frailty,C,0,0,0,0.25,511,1600008511
16,frailty,C,0,0,0,0.25,512,1600008512
16,frailty,C,0,0,0,0.25,513,1600008513
16,frailty,C,0,0,0,0.25,514,1600008514
16,frailty,C,0,0,0,0.25,515,1600008515
16,frailty,C,0,0,0,0.25,516,1600008516
16,frailty,C,0,0,0,0.25,517,1600008517
16,frailty,C,0,0,0,0.25,518,1600008518
16,frailty,C,0,0,0,0.25,519,1600008519
16,frailty,C,0,0,0,0.25,520,1600008520
16,frailty,C,0,0,0,0.25,521,1600008521
16,frailty,C,0,0,0,0.25,522,1600008522
16,frailty,C,0,0,0,0.25,523,1600008523
16,frailty,C,0,0,0,0.25,524,1600008524
16,frailty,C,0,0,0,0.25,525,1600008525
16,frailty,C,0,0,0,0.25,526,1600008526
16,frailty,C,0,0,0,0.25,527,1600008527
16,frailty,C,0,0,0,0.25,528,1600008528
16,frailty,C,0,0,0,0.25,529,1600008529
16,frailty,C,0,0,0,0.25,530,1600008530
16,frailty,C,0,0,0,0.25,531,1600008531
16,frailty,C,0,0,0,0.25,532,1600008532
16,frailty,C,0,0,0,0.25,533,1600008533
16,frailty,C,0,0,0,0.25,534,1600008534
16,frailty,C,0,0,0,0.25,535,1600008535
16,frailty,C,0,0,0,0.25,536,1600008536
16,frailty,C,0,0,0,0.25,537,1600008537
16,frailty,C,0,0,0,0.25,538,1600008538
16,frailty,C,0,0,0,0.25,539,1600008539
16,frailty,C,0,0,0,0.25,540,1600008540
16,frailty,C,0,0,0,0.25,541,1600008541
16,frailty,C,0,0,0,0.25,542,1600008542
16,frailty,C,0,0,0,0.25,543,1600008543
16,frailty,C,0,0,0,0.25,544,1600008544
16,frailty,C,0,0,0,0.25,545,1600008545
16,frailty,C,0,0,0,0.25,546,1600008546
16,frailty,C,0,0,0,0.25,547,1600008547
16,frailty,C,0,0,0,0.25,548,1600008548
16,frailty,C,0,0,0,0.25,549,1600008549
16,frailty,C,0,0,0,0.25,550,1600008550
16,frailty,C,0,0,0,0.25,551,1600008551
16,frailty,C,0,0,0,0.25,552,1600008552
16,frailty,C,0,0,0,0.25,553,1600008553
16,frailty,C,0,0,0,0.25,554,1600008554
16,frailty,C,0,0,0,0.25,555,1600008555
16,frailty,C,0,0,0,0.25,556,1600008556
16,frailty,C,0,0,0,0.25,557,1600008557
16,frailty,C,0,0,0,0.25,558,1600008558
16,frailty,C,0,0,0,0.25,559,1600008559
16,frailty,C,0,0,0,0.25,560,1600008560
16,frailty,C,0,0,0,0.25,561,1600008561
16,frailty,C,0,0,0,0.25,562,1600008562
16,frailty,C,0,0,0,0.25,563,1600008563
16,frailty,C,0,0,0,0.25,564,1600008564
16,frailty,C,0,0,0,0.25,565,1600008565
16,frailty,C,0,0,0,0.25,566,1600008566
16,frailty,C,0,0,0,0.25,567,1600008567
16,frailty,C,0,0,0,0.25,568,1600008568
16,frailty,C,0,0,0,0.25,569,1600008569
16,frailty,C,0,0,0,0.25,570,1600008570
16,frailty,C,0,0,0,0.25,571,1600008571
16,frailty,C,0,0,0,0.25,572,1600008572
16,frailty,C,0,0,0,0.25,573,1600008573
16,frailty,C,0,0,0,0.25,574,1600008574
16,frailty,C,0,0,0,0.25,575,1600008575
16,frailty,C,0,0,0,0.25,576,1600008576
16,frailty,C,0,0,0,0.25,577,1600008577
16,frailty,C,0,0,0,0.25,578,1600008578
16,frailty,C,0,0,0,0.25,579,1600008579
16,frailty,C,0,0,0,0.25,580,1600008580
16,frailty,C,0,0,0,0.25,581,1600008581
16,frailty,C,0,0,0,0.25,582,1600008582
16,frailty,C,0,0,0,0.25,583,1600008583
16,frailty,C,0,0,0,0.25,584,1600008584
16,frailty,C,0,0,0,0.25,585,1600008585
16,frailty,C,0,0,0,0.25,586,1600008586
16,frailty,C,0,0,0,0.25,587,1600008587
16,frailty,C,0,0,0,0.25,588,1600008588
16,frailty,C,0,0,0,0.25,589,1600008589
16,frailty,C,0,0,0,0.25,590,1600008590
16,frailty,C,0,0,0,0.25,591,1600008591
16,frailty,C,0,0,0,0.25,592,1600008592
16,frailty,C,0,0,0,0.25,593,1600008593
16,frailty,C,0,0,0,0.25,594,1600008594
16,frailty,C,0,0,0,0.25,595,1600008595
16,frailty,C,0,0,0,0.25,596,1600008596
16,frailty,C,0,0,0,0.25,597,1600008597
16,frailty,C,0,0,0,0.25,598,1600008598
16,frailty,C,0,0,0,0.25,599,1600008599
16,frailty,C,0,0,0,0.25,600,1600008600
16,frailty,C,0,0,0,0.25,601,1600008601
16,frailty,C,0,0,0,0.25,602,1600008602
16,frailty,C,0,0,0,0.25,603,1600008603
16,frailty,C,0,0,0,0.25,604,1600008604
16,frailty,C,0,0,0,0.25,605,1600008605
16,frailty,C,0,0,0,0.25,606,1600008606
16,frailty,C,0,0,0,0.25,607,1600008607
16,frailty,C,0,0,0,0.25,608,1600008608
16,frailty,C,0,0,0,0.25,609,1600008609
16,frailty,C,0,0,0,0.25,610,1600008610
16,frailty,C,0,0,0,0.25,611,1600008611
16,frailty,C,0,0,0,0.25,612,1600008612
16,frailty,C,0,0,0,0.25,613,1600008613
16,frailty,C,0,0,0,0.25,614,1600008614
16,frailty,C,0,0,0,0.25,615,1600008615
16,frailty,C,0,0,0,0.25,616,1600008616
16,frailty,C,0,0,0,0.25,617,1600008617
16,frailty,C,0,0,0,0.25,618,1600008618
16,frailty,C,0,0,0,0.25,619,1600008619
16,frailty,C,0,0,0,0.25,620,1600008620
16,frailty,C,0,0,0,0.25,621,1600008621
16,frailty,C,0,0,0,0.25,622,1600008622
16,frailty,C,0,0,0,0.25,623,1600008623
16,frailty,C,0,0,0,0.25,624,1600008624
16,frailty,C,0,0,0,0.25,625,1600008625
16,frailty,C,0,0,0,0.25,626,1600008626
16,frailty,C,0,0,0,0.25,627,1600008627
16,frailty,C,0,0,0,0.25,628,1600008628
16,frailty,C,0,0,0,0.25,629,1600008629
16,frailty,C,0,0,0,0.25,630,1600008630
16,frailty,C,0,0,0,0.25,631,1600008631
16,frailty,C,0,0,0,0.25,632,1600008632
16,frailty,C,0,0,0,0.25,633,1600008633
16,frailty,C,0,0,0,0.25,634,1600008634
16,frailty,C,0,0,0,0.25,635,1600008635
16,frailty,C,0,0,0,0.25,636,1600008636
16,frailty,C,0,0,0,0.25,637,1600008637
16,frailty,C,0,0,0,0.25,638,1600008638
16,frailty,C,0,0,0,0.25,639,1600008639
16,frailty,C,0,0,0,0.25,640,1600008640
16,frailty,C,0,0,0,0.25,641,1600008641
16,frailty,C,0,0,0,0.25,642,1600008642
16,frailty,C,0,0,0,0.25,643,1600008643
16,frailty,C,0,0,0,0.25,644,1600008644
16,frailty,C,0,0,0,0.25,645,1600008645
16,frailty,C,0,0,0,0.25,646,1600008646
16,frailty,C,0,0,0,0.25,647,1600008647
16,frailty,C,0,0,0,0.25,648,1600008648
16,frailty,C,0,0,0,0.25,649,1600008649
16,frailty,C,0,0,0,0.25,650,1600008650
16,frailty,C,0,0,0,0.25,651,1600008651
16,frailty,C,0,0,0,0.25,652,1600008652
16,frailty,C,0,0,0,0.25,653,1600008653
16,frailty,C,0,0,0,0.25,654,1600008654
16,frailty,C,0,0,0,0.25,655,1600008655
16,frailty,C,0,0,0,0.25,656,1600008656
16,frailty,C,0,0,0,0.25,657,1600008657
16,frailty,C,0,0,0,0.25,658,1600008658
16,frailty,C,0,0,0,0.25,659,1600008659
16,frailty,C,0,0,0,0.25,660,1600008660
16,frailty,C,0,0,0,0.25,661,1600008661
16,frailty,C,0,0,0,0.25,662,1600008662
16,frailty,C,0,0,0,0.25,663,1600008663
16,frailty,C,0,0,0,0.25,664,1600008664
16,frailty,C,0,0,0,0.25,665,1600008665
16,frailty,C,0,0,0,0.25,666,1600008666
16,frailty,C,0,0,0,0.25,667,1600008667
16,frailty,C,0,0,0,0.25,668,1600008668
16,frailty,C,0,0,0,0.25,669,1600008669
16,frailty,C,0,0,0,0.25,670,1600008670
16,frailty,C,0,0,0,0.25,671,1600008671
16,frailty,C,0,0,0,0.25,672,1600008672
16,frailty,C,0,0,0,0.25,673,1600008673
16,frailty,C,0,0,0,0.25,674,1600008674
16,frailty,C,0,0,0,0.25,675,1600008675
16,frailty,C,0,0,0,0.25,676,1600008676
16,frailty,C,0,0,0,0.25,677,1600008677
16,frailty,C,0,0,0,0.25,678,1600008678
16,frailty,C,0,0,0,0.25,679,1600008679
16,frailty,C,0,0,0,0.25,680,1600008680
16,frailty,C,0,0,0,0.25,681,1600008681
16,frailty,C,0,0,0,0.25,682,1600008682
16,frailty,C,0,0,0,0.25,683,1600008683
16,frailty,C,0,0,0,0.25,684,1600008684
16,frailty,C,0,0,0,0.25,685,1600008685
16,frailty,C,0,0,0,0.25,686,1600008686
16,frailty,C,0,0,0,0.25,687,1600008687
16,frailty,C,0,0,0,0.25,688,1600008688
16,frailty,C,0,0,0,0.25,689,1600008689
16,frailty,C,0,0,0,0.25,690,1600008690
16,frailty,C,0,0,0,0.25,691,1600008691
16,frailty,C,0,0,0,0.25,692,1600008692
16,frailty,C,0,0,0,0.25,693,1600008693
16,frailty,C,0,0,0,0.25,694,1600008694
16,frailty,C,0,0,0,0.25,695,1600008695
16,frailty,C,0,0,0,0.25,696,1600008696
16,frailty,C,0,0,0,0.25,697,1600008697
16,frailty,C,0,0,0,0.25,698,1600008698
16,frailty,C,0,0,0,0.25,699,1600008699
16,frailty,C,0,0,0,0.25,700,1600008700
16,frailty,C,0,0,0,0.25,701,1600008701
16,frailty,C,0,0,0,0.25,702,1600008702
16,frailty,C,0,0,0,0.25,703,1600008703
16,frailty,C,0,0,0,0.25,704,1600008704
16,frailty,C,0,0,0,0.25,705,1600008705
16,frailty,C,0,0,0,0.25,706,1600008706
16,frailty,C,0,0,0,0.25,707,1600008707
16,frailty,C,0,0,0,0.25,708,1600008708
16,frailty,C,0,0,0,0.25,709,1600008709
16,frailty,C,0,0,0,0.25,710,1600008710
16,frailty,C,0,0,0,0.25,711,1600008711
16,frailty,C,0,0,0,0.25,712,1600008712
16,frailty,C,0,0,0,0.25,713,1600008713
16,frailty,C,0,0,0,0.25,714,1600008714
16,frailty,C,0,0,0,0.25,715,1600008715
16,frailty,C,0,0,0,0.25,716,1600008716
16,frailty,C,0,0,0,0.25,717,1600008717
16,frailty,C,0,0,0,0.25,718,1600008718
16,frailty,C,0,0,0,0.25,719,1600008719
16,frailty,C,0,0,0,0.25,720,1600008720
16,frailty,C,0,0,0,0.25,721,1600008721
16,frailty,C,0,0,0,0.25,722,1600008722
16,frailty,C,0,0,0,0.25,723,1600008723
16,frailty,C,0,0,0,0.25,724,1600008724
16,frailty,C,0,0,0,0.25,725,1600008725
16,frailty,C,0,0,0,0.25,726,1600008726
16,frailty,C,0,0,0,0.25,727,1600008727
16,frailty,C,0,0,0,0.25,728,1600008728
16,frailty,C,0,0,0,0.25,729,1600008729
16,frailty,C,0,0,0,0.25,730,1600008730
16,frailty,C,0,0,0,0.25,731,1600008731
16,frailty,C,0,0,0,0.25,732,1600008732
16,frailty,C,0,0,0,0.25,733,1600008733
16,frailty,C,0,0,0,0.25,734,1600008734
16,frailty,C,0,0,0,0.25,735,1600008735
16,frailty,C,0,0,0,0.25,736,1600008736
16,frailty,C,0,0,0,0.25,737,1600008737
16,frailty,C,0,0,0,0.25,738,1600008738
16,frailty,C,0,0,0,0.25,739,1600008739
16,frailty,C,0,0,0,0.25,740,1600008740
16,frailty,C,0,0,0,0.25,741,1600008741
16,frailty,C,0,0,0,0.25,742,1600008742
16,frailty,C,0,0,0,0.25,743,1600008743
16,frailty,C,0,0,0,0.25,744,1600008744
16,frailty,C,0,0,0,0.25,745,1600008745
16,frailty,C,0,0,0,0.25,746,1600008746
16,frailty,C,0,0,0,0.25,747,1600008747
16,frailty,C,0,0,0,0.25,748,1600008748
16,frailty,C,0,0,0,0.25,749,1600008749
16,frailty,C,0,0,0,0.25,750,1600008750
16,frailty,C,0,0,0,0.25,751,1600008751
16,frailty,C,0,0,0,0.25,752,1600008752
16,frailty,C,0,0,0,0.25,753,1600008753
16,frailty,C,0,0,0,0.25,754,1600008754
16,frailty,C,0,0,0,0.25,755,1600008755
16,frailty,C,0,0,0,0.25,756,1600008756
16,frailty,C,0,0,0,0.25,757,1600008757
16,frailty,C,0,0,0,0.25,758,1600008758
16,frailty,C,0,0,0,0.25,759,1600008759
16,frailty,C,0,0,0,0.25,760,1600008760
16,frailty,C,0,0,0,0.25,761,1600008761
16,frailty,C,0,0,0,0.25,762,1600008762
16,frailty,C,0,0,0,0.25,763,1600008763
16,frailty,C,0,0,0,0.25,764,1600008764
16,frailty,C,0,0,0,0.25,765,1600008765
16,frailty,C,0,0,0,0.25,766,1600008766
16,frailty,C,0,0,0,0.25,767,1600008767
16,frailty,C,0,0,0,0.25,768,1600008768
16,frailty,C,0,0,0,0.25,769,1600008769
16,frailty,C,0,0,0,0.25,770,1600008770
16,frailty,C,0,0,0,0.25,771,1600008771
16,frailty,C,0,0,0,0.25,772,1600008772
16,frailty,C,0,0,0,0.25,773,1600008773
16,frailty,C,0,0,0,0.25,774,1600008774
16,frailty,C,0,0,0,0.25,775,1600008775
16,frailty,C,0,0,0,0.25,776,1600008776
16,frailty,C,0,0,0,0.25,777,1600008777
16,frailty,C,0,0,0,0.25,778,1600008778
16,frailty,C,0,0,0,0.25,779,1600008779
16,frailty,C,0,0,0,0.25,780,1600008780
16,frailty,C,0,0,0,0.25,781,1600008781
16,frailty,C,0,0,0,0.25,782,1600008782
16,frailty,C,0,0,0,0.25,783,1600008783
16,frailty,C,0,0,0,0.25,784,1600008784
16,frailty,C,0,0,0,0.25,785,1600008785
16,frailty,C,0,0,0,0.25,786,1600008786
16,frailty,C,0,0,0,0.25,787,1600008787
16,frailty,C,0,0,0,0.25,788,1600008788
16,frailty,C,0,0,0,0.25,789,1600008789
16,frailty,C,0,0,0,0.25,790,1600008790
16,frailty,C,0,0,0,0.25,791,1600008791
16,frailty,C,0,0,0,0.25,792,1600008792
16,frailty,C,0,0,0,0.25,793,1600008793
16,frailty,C,0,0,0,0.25,794,1600008794
16,frailty,C,0,0,0,0.25,795,1600008795
16,frailty,C,0,0,0,0.25,796,1600008796
16,frailty,C,0,0,0,0.25,797,1600008797
16,frailty,C,0,0,0,0.25,798,1600008798
16,frailty,C,0,0,0,0.25,799,1600008799
16,frailty,C,0,0,0,0.25,800,1600008800
16,frailty,C,0,0,0,0.25,801,1600008801
16,frailty,C,0,0,0,0.25,802,1600008802
16,frailty,C,0,0,0,0.25,803,1600008803
16,frailty,C,0,0,0,0.25,804,1600008804
16,frailty,C,0,0,0,0.25,805,1600008805
16,frailty,C,0,0,0,0.25,806,1600008806
16,frailty,C,0,0,0,0.25,807,1600008807
16,frailty,C,0,0,0,0.25,808,1600008808
16,frailty,C,0,0,0,0.25,809,1600008809
16,frailty,C,0,0,0,0.25,810,1600008810
16,frailty,C,0,0,0,0.25,811,1600008811
16,frailty,C,0,0,0,0.25,812,1600008812
16,frailty,C,0,0,0,0.25,813,1600008813
16,frailty,C,0,0,0,0.25,814,1600008814
16,frailty,C,0,0,0,0.25,815,1600008815
16,frailty,C,0,0,0,0.25,816,1600008816
16,frailty,C,0,0,0,0.25,817,1600008817
16,frailty,C,0,0,0,0.25,818,1600008818
16,frailty,C,0,0,0,0.25,819,1600008819
16,frailty,C,0,0,0,0.25,820,1600008820
16,frailty,C,0,0,0,0.25,821,1600008821
16,frailty,C,0,0,0,0.25,822,1600008822
16,frailty,C,0,0,0,0.25,823,1600008823
16,frailty,C,0,0,0,0.25,824,1600008824
16,frailty,C,0,0,0,0.25,825,1600008825
16,frailty,C,0,0,0,0.25,826,1600008826
16,frailty,C,0,0,0,0.25,827,1600008827
16,frailty,C,0,0,0,0.25,828,1600008828
16,frailty,C,0,0,0,0.25,829,1600008829
16,frailty,C,0,0,0,0.25,830,1600008830
16,frailty,C,0,0,0,0.25,831,1600008831
16,frailty,C,0,0,0,0.25,832,1600008832
16,frailty,C,0,0,0,0.25,833,1600008833
16,frailty,C,0,0,0,0.25,834,1600008834
16,frailty,C,0,0,0,0.25,835,1600008835
16,frailty,C,0,0,0,0.25,836,1600008836
16,frailty,C,0,0,0,0.25,837,1600008837
16,frailty,C,0,0,0,0.25,838,1600008838
16,frailty,C,0,0,0,0.25,839,1600008839
16,frailty,C,0,0,0,0.25,840,1600008840
16,frailty,C,0,0,0,0.25,841,1600008841
16,frailty,C,0,0,0,0.25,842,1600008842
16,frailty,C,0,0,0,0.25,843,1600008843
16,frailty,C,0,0,0,0.25,844,1600008844
16,frailty,C,0,0,0,0.25,845,1600008845
16,frailty,C,0,0,0,0.25,846,1600008846
16,frailty,C,0,0,0,0.25,847,1600008847
16,frailty,C,0,0,0,0.25,848,1600008848
16,frailty,C,0,0,0,0.25,849,1600008849
16,frailty,C,0,0,0,0.25,850,1600008850
16,frailty,C,0,0,0,0.25,851,1600008851
16,frailty,C,0,0,0,0.25,852,1600008852
16,frailty,C,0,0,0,0.25,853,1600008853
16,frailty,C,0,0,0,0.25,854,1600008854
16,frailty,C,0,0,0,0.25,855,1600008855
16,frailty,C,0,0,0,0.25,856,1600008856
16,frailty,C,0,0,0,0.25,857,1600008857
16,frailty,C,0,0,0,0.25,858,1600008858
16,frailty,C,0,0,0,0.25,859,1600008859
16,frailty,C,0,0,0,0.25,860,1600008860
16,frailty,C,0,0,0,0.25,861,1600008861
16,frailty,C,0,0,0,0.25,862,1600008862
16,frailty,C,0,0,0,0.25,863,1600008863
16,frailty,C,0,0,0,0.25,864,1600008864
16,frailty,C,0,0,0,0.25,865,1600008865
16,frailty,C,0,0,0,0.25,866,1600008866
16,frailty,C,0,0,0,0.25,867,1600008867
16,frailty,C,0,0,0,0.25,868,1600008868
16,frailty,C,0,0,0,0.25,869,1600008869
16,frailty,C,0,0,0,0.25,870,1600008870
16,frailty,C,0,0,0,0.25,871,1600008871
16,frailty,C,0,0,0,0.25,872,1600008872
16,frailty,C,0,0,0,0.25,873,1600008873
16,frailty,C,0,0,0,0.25,874,1600008874
16,frailty,C,0,0,0,0.25,875,1600008875
16,frailty,C,0,0,0,0.25,876,1600008876
16,frailty,C,0,0,0,0.25,877,1600008877
16,frailty,C,0,0,0,0.25,878,1600008878
16,frailty,C,0,0,0,0.25,879,1600008879
16,frailty,C,0,0,0,0.25,880,1600008880
16,frailty,C,0,0,0,0.25,881,1600008881
16,frailty,C,0,0,0,0.25,882,1600008882
16,frailty,C,0,0,0,0.25,883,1600008883
16,frailty,C,0,0,0,0.25,884,1600008884
16,frailty,C,0,0,0,0.25,885,1600008885
16,frailty,C,0,0,0,0.25,886,1600008886
16,frailty,C,0,0,0,0.25,887,1600008887
16,frailty,C,0,0,0,0.25,888,1600008888
16,frailty,C,0,0,0,0.25,889,1600008889
16,frailty,C,0,0,0,0.25,890,1600008890
16,frailty,C,0,0,0,0.25,891,1600008891
16,frailty,C,0,0,0,0.25,892,1600008892
16,frailty,C,0,0,0,0.25,893,1600008893
16,frailty,C,0,0,0,0.25,894,1600008894
16,frailty,C,0,0,0,0.25,895,1600008895
16,frailty,C,0,0,0,0.25,896,1600008896
16,frailty,C,0,0,0,0.25,897,1600008897
16,frailty,C,0,0,0,0.25,898,1600008898
16,frailty,C,0,0,0,0.25,899,1600008899
16,frailty,C,0,0,0,0.25,900,1600008900
16,frailty,C,0,0,0,0.25,901,1600008901
16,frailty,C,0,0,0,0.25,902,1600008902
16,frailty,C,0,0,0,0.25,903,1600008903
16,frailty,C,0,0,0,0.25,904,1600008904
16,frailty,C,0,0,0,0.25,905,1600008905
16,frailty,C,0,0,0,0.25,906,1600008906
16,frailty,C,0,0,0,0.25,907,1600008907
16,frailty,C,0,0,0,0.25,908,1600008908
16,frailty,C,0,0,0,0.25,909,1600008909
16,frailty,C,0,0,0,0.25,910,1600008910
16,frailty,C,0,0,0,0.25,911,1600008911
16,frailty,C,0,0,0,0.25,912,1600008912
16,frailty,C,0,0,0,0.25,913,1600008913
16,frailty,C,0,0,0,0.25,914,1600008914
16,frailty,C,0,0,0,0.25,915,1600008915
16,frailty,C,0,0,0,0.25,916,1600008916
16,frailty,C,0,0,0,0.25,917,1600008917
16,frailty,C,0,0,0,0.25,918,1600008918
16,frailty,C,0,0,0,0.25,919,1600008919
16,frailty,C,0,0,0,0.25,920,1600008920
16,frailty,C,0,0,0,0.25,921,1600008921
16,frailty,C,0,0,0,0.25,922,1600008922
16,frailty,C,0,0,0,0.25,923,1600008923
16,frailty,C,0,0,0,0.25,924,1600008924
16,frailty,C,0,0,0,0.25,925,1600008925
16,frailty,C,0,0,0,0.25,926,1600008926
16,frailty,C,0,0,0,0.25,927,1600008927
16,frailty,C,0,0,0,0.25,928,1600008928
16,frailty,C,0,0,0,0.25,929,1600008929
16,frailty,C,0,0,0,0.25,930,1600008930
16,frailty,C,0,0,0,0.25,931,1600008931
16,frailty,C,0,0,0,0.25,932,1600008932
16,frailty,C,0,0,0,0.25,933,1600008933
16,frailty,C,0,0,0,0.25,934,1600008934
16,frailty,C,0,0,0,0.25,935,1600008935
16,frailty,C,0,0,0,0.25,936,1600008936
16,frailty,C,0,0,0,0.25,937,1600008937
16,frailty,C,0,0,0,0.25,938,1600008938
16,frailty,C,0,0,0,0.25,939,1600008939
16,frailty,C,0,0,0,0.25,940,1600008940
16,frailty,C,0,0,0,0.25,941,1600008941
16,frailty,C,0,0,0,0.25,942,1600008942
16,frailty,C,0,0,0,0.25,943,1600008943
16,frailty,C,0,0,0,0.25,944,1600008944
16,frailty,C,0,0,0,0.25,945,1600008945
16,frailty,C,0,0,0,0.25,946,1600008946
16,frailty,C,0,0,0,0.25,947,1600008947
16,frailty,C,0,0,0,0.25,948,1600008948
16,frailty,C,0,0,0,0.25,949,1600008949
16,frailty,C,0,0,0,0.25,950,1600008950
16,frailty,C,0,0,0,0.25,951,1600008951
16,frailty,C,0,0,0,0.25,952,1600008952
16,frailty,C,0,0,0,0.25,953,1600008953
16,frailty,C,0,0,0,0.25,954,1600008954
16,frailty,C,0,0,0,0.25,955,1600008955
16,frailty,C,0,0,0,0.25,956,1600008956
16,frailty,C,0,0,0,0.25,957,1600008957
16,frailty,C,0,0,0,0.25,958,1600008958
16,frailty,C,0,0,0,0.25,959,1600008959
16,frailty,C,0,0,0,0.25,960,1600008960
16,frailty,C,0,0,0,0.25,961,1600008961
16,frailty,C,0,0,0,0.25,962,1600008962
16,frailty,C,0,0,0,0.25,963,1600008963
16,frailty,C,0,0,0,0.25,964,1600008964
16,frailty,C,0,0,0,0.25,965,1600008965
16,frailty,C,0,0,0,0.25,966,1600008966
16,frailty,C,0,0,0,0.25,967,1600008967
16,frailty,C,0,0,0,0.25,968,1600008968
16,frailty,C,0,0,0,0.25,969,1600008969
16,frailty,C,0,0,0,0.25,970,1600008970
16,frailty,C,0,0,0,0.25,971,1600008971
16,frailty,C,0,0,0,0.25,972,1600008972
16,frailty,C,0,0,0,0.25,973,1600008973
16,frailty,C,0,0,0,0.25,974,1600008974
16,frailty,C,0,0,0,0.25,975,1600008975
16,frailty,C,0,0,0,0.25,976,1600008976
16,frailty,C,0,0,0,0.25,977,1600008977
16,frailty,C,0,0,0,0.25,978,1600008978
16,frailty,C,0,0,0,0.25,979,1600008979
16,frailty,C,0,0,0,0.25,980,1600008980
16,frailty,C,0,0,0,0.25,981,1600008981
16,frailty,C,0,0,0,0.25,982,1600008982
16,frailty,C,0,0,0,0.25,983,1600008983
16,frailty,C,0,0,0,0.25,984,1600008984
16,frailty,C,0,0,0,0.25,985,1600008985
16,frailty,C,0,0,0,0.25,986,1600008986
16,frailty,C,0,0,0,0.25,987,1600008987
16,frailty,C,0,0,0,0.25,988,1600008988
16,frailty,C,0,0,0,0.25,989,1600008989
16,frailty,C,0,0,0,0.25,990,1600008990
16,frailty,C,0,0,0,0.25,991,1600008991
16,frailty,C,0,0,0,0.25,992,1600008992
16,frailty,C,0,0,0,0.25,993,1600008993
16,frailty,C,0,0,0,0.25,994,1600008994
16,frailty,C,0,0,0,0.25,995,1600008995
16,frailty,C,0,0,0,0.25,996,1600008996
16,frailty,C,0,0,0,0.25,997,1600008997
16,frailty,C,0,0,0,0.25,998,1600008998
16,frailty,C,0,0,0,0.25,999,1600008999
16,frailty,C,0,0,0,0.25,1000,1600009000
17,frailty,C,0,0,0,4,1,1600010001
17,frailty,C,0,0,0,4,2,1600010002
17,frailty,C,0,0,0,4,3,1600010003
17,frailty,C,0,0,0,4,4,1600010004
17,frailty,C,0,0,0,4,5,1600010005
17,frailty,C,0,0,0,4,6,1600010006
17,frailty,C,0,0,0,4,7,1600010007
17,frailty,C,0,0,0,4,8,1600010008
17,frailty,C,0,0,0,4,9,1600010009
17,frailty,C,0,0,0,4,10,1600010010
17,frailty,C,0,0,0,4,11,1600010011
17,frailty,C,0,0,0,4,12,1600010012
17,frailty,C,0,0,0,4,13,1600010013
17,frailty,C,0,0,0,4,14,1600010014
17,frailty,C,0,0,0,4,15,1600010015
17,frailty,C,0,0,0,4,16,1600010016
17,frailty,C,0,0,0,4,17,1600010017
17,frailty,C,0,0,0,4,18,1600010018
17,frailty,C,0,0,0,4,19,1600010019
17,frailty,C,0,0,0,4,20,1600010020
17,frailty,C,0,0,0,4,21,1600010021
17,frailty,C,0,0,0,4,22,1600010022
17,frailty,C,0,0,0,4,23,1600010023
17,frailty,C,0,0,0,4,24,1600010024
17,frailty,C,0,0,0,4,25,1600010025
17,frailty,C,0,0,0,4,26,1600010026
17,frailty,C,0,0,0,4,27,1600010027
17,frailty,C,0,0,0,4,28,1600010028
17,frailty,C,0,0,0,4,29,1600010029
17,frailty,C,0,0,0,4,30,1600010030
17,frailty,C,0,0,0,4,31,1600010031
17,frailty,C,0,0,0,4,32,1600010032
17,frailty,C,0,0,0,4,33,1600010033
17,frailty,C,0,0,0,4,34,1600010034
17,frailty,C,0,0,0,4,35,1600010035
17,frailty,C,0,0,0,4,36,1600010036
17,frailty,C,0,0,0,4,37,1600010037
17,frailty,C,0,0,0,4,38,1600010038
17,frailty,C,0,0,0,4,39,1600010039
17,frailty,C,0,0,0,4,40,1600010040
17,frailty,C,0,0,0,4,41,1600010041
17,frailty,C,0,0,0,4,42,1600010042
17,frailty,C,0,0,0,4,43,1600010043
17,frailty,C,0,0,0,4,44,1600010044
17,frailty,C,0,0,0,4,45,1600010045
17,frailty,C,0,0,0,4,46,1600010046
17,frailty,C,0,0,0,4,47,1600010047
17,frailty,C,0,0,0,4,48,1600010048
17,frailty,C,0,0,0,4,49,1600010049
17,frailty,C,0,0,0,4,50,1600010050
17,frailty,C,0,0,0,4,51,1600010051
17,frailty,C,0,0,0,4,52,1600010052
17,frailty,C,0,0,0,4,53,1600010053
17,frailty,C,0,0,0,4,54,1600010054
17,frailty,C,0,0,0,4,55,1600010055
17,frailty,C,0,0,0,4,56,1600010056
17,frailty,C,0,0,0,4,57,1600010057
17,frailty,C,0,0,0,4,58,1600010058
17,frailty,C,0,0,0,4,59,1600010059
17,frailty,C,0,0,0,4,60,1600010060
17,frailty,C,0,0,0,4,61,1600010061
17,frailty,C,0,0,0,4,62,1600010062
17,frailty,C,0,0,0,4,63,1600010063
17,frailty,C,0,0,0,4,64,1600010064
17,frailty,C,0,0,0,4,65,1600010065
17,frailty,C,0,0,0,4,66,1600010066
17,frailty,C,0,0,0,4,67,1600010067
17,frailty,C,0,0,0,4,68,1600010068
17,frailty,C,0,0,0,4,69,1600010069
17,frailty,C,0,0,0,4,70,1600010070
17,frailty,C,0,0,0,4,71,1600010071
17,frailty,C,0,0,0,4,72,1600010072
17,frailty,C,0,0,0,4,73,1600010073
17,frailty,C,0,0,0,4,74,1600010074
17,frailty,C,0,0,0,4,75,1600010075
17,frailty,C,0,0,0,4,76,1600010076
17,frailty,C,0,0,0,4,77,1600010077
17,frailty,C,0,0,0,4,78,1600010078
17,frailty,C,0,0,0,4,79,1600010079
17,frailty,C,0,0,0,4,80,1600010080
17,frailty,C,0,0,0,4,81,1600010081
17,frailty,C,0,0,0,4,82,1600010082
17,frailty,C,0,0,0,4,83,1600010083
17,frailty,C,0,0,0,4,84,1600010084
17,frailty,C,0,0,0,4,85,1600010085
17,frailty,C,0,0,0,4,86,1600010086
17,frailty,C,0,0,0,4,87,1600010087
17,frailty,C,0,0,0,4,88,1600010088
17,frailty,C,0,0,0,4,89,1600010089
17,frailty,C,0,0,0,4,90,1600010090
17,frailty,C,0,0,0,4,91,1600010091
17,frailty,C,0,0,0,4,92,1600010092
17,frailty,C,0,0,0,4,93,1600010093
17,frailty,C,0,0,0,4,94,1600010094
17,frailty,C,0,0,0,4,95,1600010095
17,frailty,C,0,0,0,4,96,1600010096
17,frailty,C,0,0,0,4,97,1600010097
17,frailty,C,0,0,0,4,98,1600010098
17,frailty,C,0,0,0,4,99,1600010099
17,frailty,C,0,0,0,4,100,1600010100
17,frailty,C,0,0,0,4,101,1600010101
17,frailty,C,0,0,0,4,102,1600010102
17,frailty,C,0,0,0,4,103,1600010103
17,frailty,C,0,0,0,4,104,1600010104
17,frailty,C,0,0,0,4,105,1600010105
17,frailty,C,0,0,0,4,106,1600010106
17,frailty,C,0,0,0,4,107,1600010107
17,frailty,C,0,0,0,4,108,1600010108
17,frailty,C,0,0,0,4,109,1600010109
17,frailty,C,0,0,0,4,110,1600010110
17,frailty,C,0,0,0,4,111,1600010111
17,frailty,C,0,0,0,4,112,1600010112
17,frailty,C,0,0,0,4,113,1600010113
17,frailty,C,0,0,0,4,114,1600010114
17,frailty,C,0,0,0,4,115,1600010115
17,frailty,C,0,0,0,4,116,1600010116
17,frailty,C,0,0,0,4,117,1600010117
17,frailty,C,0,0,0,4,118,1600010118
17,frailty,C,0,0,0,4,119,1600010119
17,frailty,C,0,0,0,4,120,1600010120
17,frailty,C,0,0,0,4,121,1600010121
17,frailty,C,0,0,0,4,122,1600010122
17,frailty,C,0,0,0,4,123,1600010123
17,frailty,C,0,0,0,4,124,1600010124
17,frailty,C,0,0,0,4,125,1600010125
17,frailty,C,0,0,0,4,126,1600010126
17,frailty,C,0,0,0,4,127,1600010127
17,frailty,C,0,0,0,4,128,1600010128
17,frailty,C,0,0,0,4,129,1600010129
17,frailty,C,0,0,0,4,130,1600010130
17,frailty,C,0,0,0,4,131,1600010131
17,frailty,C,0,0,0,4,132,1600010132
17,frailty,C,0,0,0,4,133,1600010133
17,frailty,C,0,0,0,4,134,1600010134
17,frailty,C,0,0,0,4,135,1600010135
17,frailty,C,0,0,0,4,136,1600010136
17,frailty,C,0,0,0,4,137,1600010137
17,frailty,C,0,0,0,4,138,1600010138
17,frailty,C,0,0,0,4,139,1600010139
17,frailty,C,0,0,0,4,140,1600010140
17,frailty,C,0,0,0,4,141,1600010141
17,frailty,C,0,0,0,4,142,1600010142
17,frailty,C,0,0,0,4,143,1600010143
17,frailty,C,0,0,0,4,144,1600010144
17,frailty,C,0,0,0,4,145,1600010145
17,frailty,C,0,0,0,4,146,1600010146
17,frailty,C,0,0,0,4,147,1600010147
17,frailty,C,0,0,0,4,148,1600010148
17,frailty,C,0,0,0,4,149,1600010149
17,frailty,C,0,0,0,4,150,1600010150
17,frailty,C,0,0,0,4,151,1600010151
17,frailty,C,0,0,0,4,152,1600010152
17,frailty,C,0,0,0,4,153,1600010153
17,frailty,C,0,0,0,4,154,1600010154
17,frailty,C,0,0,0,4,155,1600010155
17,frailty,C,0,0,0,4,156,1600010156
17,frailty,C,0,0,0,4,157,1600010157
17,frailty,C,0,0,0,4,158,1600010158
17,frailty,C,0,0,0,4,159,1600010159
17,frailty,C,0,0,0,4,160,1600010160
17,frailty,C,0,0,0,4,161,1600010161
17,frailty,C,0,0,0,4,162,1600010162
17,frailty,C,0,0,0,4,163,1600010163
17,frailty,C,0,0,0,4,164,1600010164
17,frailty,C,0,0,0,4,165,1600010165
17,frailty,C,0,0,0,4,166,1600010166
17,frailty,C,0,0,0,4,167,1600010167
17,frailty,C,0,0,0,4,168,1600010168
17,frailty,C,0,0,0,4,169,1600010169
17,frailty,C,0,0,0,4,170,1600010170
17,frailty,C,0,0,0,4,171,1600010171
17,frailty,C,0,0,0,4,172,1600010172
17,frailty,C,0,0,0,4,173,1600010173
17,frailty,C,0,0,0,4,174,1600010174
17,frailty,C,0,0,0,4,175,1600010175
17,frailty,C,0,0,0,4,176,1600010176
17,frailty,C,0,0,0,4,177,1600010177
17,frailty,C,0,0,0,4,178,1600010178
17,frailty,C,0,0,0,4,179,1600010179
17,frailty,C,0,0,0,4,180,1600010180
17,frailty,C,0,0,0,4,181,1600010181
17,frailty,C,0,0,0,4,182,1600010182
17,frailty,C,0,0,0,4,183,1600010183
17,frailty,C,0,0,0,4,184,1600010184
17,frailty,C,0,0,0,4,185,1600010185
17,frailty,C,0,0,0,4,186,1600010186
17,frailty,C,0,0,0,4,187,1600010187
17,frailty,C,0,0,0,4,188,1600010188
17,frailty,C,0,0,0,4,189,1600010189
17,frailty,C,0,0,0,4,190,1600010190
17,frailty,C,0,0,0,4,191,1600010191
17,frailty,C,0,0,0,4,192,1600010192
17,frailty,C,0,0,0,4,193,1600010193
17,frailty,C,0,0,0,4,194,1600010194
17,frailty,C,0,0,0,4,195,1600010195
17,frailty,C,0,0,0,4,196,1600010196
17,frailty,C,0,0,0,4,197,1600010197
17,frailty,C,0,0,0,4,198,1600010198
17,frailty,C,0,0,0,4,199,1600010199
17,frailty,C,0,0,0,4,200,1600010200
17,frailty,C,0,0,0,4,201,1600010201
17,frailty,C,0,0,0,4,202,1600010202
17,frailty,C,0,0,0,4,203,1600010203
17,frailty,C,0,0,0,4,204,1600010204
17,frailty,C,0,0,0,4,205,1600010205
17,frailty,C,0,0,0,4,206,1600010206
17,frailty,C,0,0,0,4,207,1600010207
17,frailty,C,0,0,0,4,208,1600010208
17,frailty,C,0,0,0,4,209,1600010209
17,frailty,C,0,0,0,4,210,1600010210
17,frailty,C,0,0,0,4,211,1600010211
17,frailty,C,0,0,0,4,212,1600010212
17,frailty,C,0,0,0,4,213,1600010213
17,frailty,C,0,0,0,4,214,1600010214
17,frailty,C,0,0,0,4,215,1600010215
17,frailty,C,0,0,0,4,216,1600010216
17,frailty,C,0,0,0,4,217,1600010217
17,frailty,C,0,0,0,4,218,1600010218
17,frailty,C,0,0,0,4,219,1600010219
17,frailty,C,0,0,0,4,220,1600010220
17,frailty,C,0,0,0,4,221,1600010221
17,frailty,C,0,0,0,4,222,1600010222
17,frailty,C,0,0,0,4,223,1600010223
17,frailty,C,0,0,0,4,224,1600010224
17,frailty,C,0,0,0,4,225,1600010225
17,frailty,C,0,0,0,4,226,1600010226
17,frailty,C,0,0,0,4,227,1600010227
17,frailty,C,0,0,0,4,228,1600010228
17,frailty,C,0,0,0,4,229,1600010229
17,frailty,C,0,0,0,4,230,1600010230
17,frailty,C,0,0,0,4,231,1600010231
17,frailty,C,0,0,0,4,232,1600010232
17,frailty,C,0,0,0,4,233,1600010233
17,frailty,C,0,0,0,4,234,1600010234
17,frailty,C,0,0,0,4,235,1600010235
17,frailty,C,0,0,0,4,236,1600010236
17,frailty,C,0,0,0,4,237,1600010237
17,frailty,C,0,0,0,4,238,1600010238
17,frailty,C,0,0,0,4,239,1600010239
17,frailty,C,0,0,0,4,240,1600010240
17,frailty,C,0,0,0,4,241,1600010241
17,frailty,C,0,0,0,4,242,1600010242
17,frailty,C,0,0,0,4,243,1600010243
17,frailty,C,0,0,0,4,244,1600010244
17,frailty,C,0,0,0,4,245,1600010245
17,frailty,C,0,0,0,4,246,1600010246
17,frailty,C,0,0,0,4,247,1600010247
17,frailty,C,0,0,0,4,248,1600010248
17,frailty,C,0,0,0,4,249,1600010249
17,frailty,C,0,0,0,4,250,1600010250
17,frailty,C,0,0,0,4,251,1600010251
17,frailty,C,0,0,0,4,252,1600010252
17,frailty,C,0,0,0,4,253,1600010253
17,frailty,C,0,0,0,4,254,1600010254
17,frailty,C,0,0,0,4,255,1600010255
17,frailty,C,0,0,0,4,256,1600010256
17,frailty,C,0,0,0,4,257,1600010257
17,frailty,C,0,0,0,4,258,1600010258
17,frailty,C,0,0,0,4,259,1600010259
17,frailty,C,0,0,0,4,260,1600010260
17,frailty,C,0,0,0,4,261,1600010261
17,frailty,C,0,0,0,4,262,1600010262
17,frailty,C,0,0,0,4,263,1600010263
17,frailty,C,0,0,0,4,264,1600010264
17,frailty,C,0,0,0,4,265,1600010265
17,frailty,C,0,0,0,4,266,1600010266
17,frailty,C,0,0,0,4,267,1600010267
17,frailty,C,0,0,0,4,268,1600010268
17,frailty,C,0,0,0,4,269,1600010269
17,frailty,C,0,0,0,4,270,1600010270
17,frailty,C,0,0,0,4,271,1600010271
17,frailty,C,0,0,0,4,272,1600010272
17,frailty,C,0,0,0,4,273,1600010273
17,frailty,C,0,0,0,4,274,1600010274
17,frailty,C,0,0,0,4,275,1600010275
17,frailty,C,0,0,0,4,276,1600010276
17,frailty,C,0,0,0,4,277,1600010277
17,frailty,C,0,0,0,4,278,1600010278
17,frailty,C,0,0,0,4,279,1600010279
17,frailty,C,0,0,0,4,280,1600010280
17,frailty,C,0,0,0,4,281,1600010281
17,frailty,C,0,0,0,4,282,1600010282
17,frailty,C,0,0,0,4,283,1600010283
17,frailty,C,0,0,0,4,284,1600010284
17,frailty,C,0,0,0,4,285,1600010285
17,frailty,C,0,0,0,4,286,1600010286
17,frailty,C,0,0,0,4,287,1600010287
17,frailty,C,0,0,0,4,288,1600010288
17,frailty,C,0,0,0,4,289,1600010289
17,frailty,C,0,0,0,4,290,1600010290
17,frailty,C,0,0,0,4,291,1600010291
17,frailty,C,0,0,0,4,292,1600010292
17,frailty,C,0,0,0,4,293,1600010293
17,frailty,C,0,0,0,4,294,1600010294
17,frailty,C,0,0,0,4,295,1600010295
17,frailty,C,0,0,0,4,296,1600010296
17,frailty,C,0,0,0,4,297,1600010297
17,frailty,C,0,0,0,4,298,1600010298
17,frailty,C,0,0,0,4,299,1600010299
17,frailty,C,0,0,0,4,300,1600010300
17,frailty,C,0,0,0,4,301,1600010301
17,frailty,C,0,0,0,4,302,1600010302
17,frailty,C,0,0,0,4,303,1600010303
17,frailty,C,0,0,0,4,304,1600010304
17,frailty,C,0,0,0,4,305,1600010305
17,frailty,C,0,0,0,4,306,1600010306
17,frailty,C,0,0,0,4,307,1600010307
17,frailty,C,0,0,0,4,308,1600010308
17,frailty,C,0,0,0,4,309,1600010309
17,frailty,C,0,0,0,4,310,1600010310
17,frailty,C,0,0,0,4,311,1600010311
17,frailty,C,0,0,0,4,312,1600010312
17,frailty,C,0,0,0,4,313,1600010313
17,frailty,C,0,0,0,4,314,1600010314
17,frailty,C,0,0,0,4,315,1600010315
17,frailty,C,0,0,0,4,316,1600010316
17,frailty,C,0,0,0,4,317,1600010317
17,frailty,C,0,0,0,4,318,1600010318
17,frailty,C,0,0,0,4,319,1600010319
17,frailty,C,0,0,0,4,320,1600010320
17,frailty,C,0,0,0,4,321,1600010321
17,frailty,C,0,0,0,4,322,1600010322
17,frailty,C,0,0,0,4,323,1600010323
17,frailty,C,0,0,0,4,324,1600010324
17,frailty,C,0,0,0,4,325,1600010325
17,frailty,C,0,0,0,4,326,1600010326
17,frailty,C,0,0,0,4,327,1600010327
17,frailty,C,0,0,0,4,328,1600010328
17,frailty,C,0,0,0,4,329,1600010329
17,frailty,C,0,0,0,4,330,1600010330
17,frailty,C,0,0,0,4,331,1600010331
17,frailty,C,0,0,0,4,332,1600010332
17,frailty,C,0,0,0,4,333,1600010333
17,frailty,C,0,0,0,4,334,1600010334
17,frailty,C,0,0,0,4,335,1600010335
17,frailty,C,0,0,0,4,336,1600010336
17,frailty,C,0,0,0,4,337,1600010337
17,frailty,C,0,0,0,4,338,1600010338
17,frailty,C,0,0,0,4,339,1600010339
17,frailty,C,0,0,0,4,340,1600010340
17,frailty,C,0,0,0,4,341,1600010341
17,frailty,C,0,0,0,4,342,1600010342
17,frailty,C,0,0,0,4,343,1600010343
17,frailty,C,0,0,0,4,344,1600010344
17,frailty,C,0,0,0,4,345,1600010345
17,frailty,C,0,0,0,4,346,1600010346
17,frailty,C,0,0,0,4,347,1600010347
17,frailty,C,0,0,0,4,348,1600010348
17,frailty,C,0,0,0,4,349,1600010349
17,frailty,C,0,0,0,4,350,1600010350
17,frailty,C,0,0,0,4,351,1600010351
17,frailty,C,0,0,0,4,352,1600010352
17,frailty,C,0,0,0,4,353,1600010353
17,frailty,C,0,0,0,4,354,1600010354
17,frailty,C,0,0,0,4,355,1600010355
17,frailty,C,0,0,0,4,356,1600010356
17,frailty,C,0,0,0,4,357,1600010357
17,frailty,C,0,0,0,4,358,1600010358
17,frailty,C,0,0,0,4,359,1600010359
17,frailty,C,0,0,0,4,360,1600010360
17,frailty,C,0,0,0,4,361,1600010361
17,frailty,C,0,0,0,4,362,1600010362
17,frailty,C,0,0,0,4,363,1600010363
17,frailty,C,0,0,0,4,364,1600010364
17,frailty,C,0,0,0,4,365,1600010365
17,frailty,C,0,0,0,4,366,1600010366
17,frailty,C,0,0,0,4,367,1600010367
17,frailty,C,0,0,0,4,368,1600010368
17,frailty,C,0,0,0,4,369,1600010369
17,frailty,C,0,0,0,4,370,1600010370
17,frailty,C,0,0,0,4,371,1600010371
17,frailty,C,0,0,0,4,372,1600010372
17,frailty,C,0,0,0,4,373,1600010373
17,frailty,C,0,0,0,4,374,1600010374
17,frailty,C,0,0,0,4,375,1600010375
17,frailty,C,0,0,0,4,376,1600010376
17,frailty,C,0,0,0,4,377,1600010377
17,frailty,C,0,0,0,4,378,1600010378
17,frailty,C,0,0,0,4,379,1600010379
17,frailty,C,0,0,0,4,380,1600010380
17,frailty,C,0,0,0,4,381,1600010381
17,frailty,C,0,0,0,4,382,1600010382
17,frailty,C,0,0,0,4,383,1600010383
17,frailty,C,0,0,0,4,384,1600010384
17,frailty,C,0,0,0,4,385,1600010385
17,frailty,C,0,0,0,4,386,1600010386
17,frailty,C,0,0,0,4,387,1600010387
17,frailty,C,0,0,0,4,388,1600010388
17,frailty,C,0,0,0,4,389,1600010389
17,frailty,C,0,0,0,4,390,1600010390
17,frailty,C,0,0,0,4,391,1600010391
17,frailty,C,0,0,0,4,392,1600010392
17,frailty,C,0,0,0,4,393,1600010393
17,frailty,C,0,0,0,4,394,1600010394
17,frailty,C,0,0,0,4,395,1600010395
17,frailty,C,0,0,0,4,396,1600010396
17,frailty,C,0,0,0,4,397,1600010397
17,frailty,C,0,0,0,4,398,1600010398
17,frailty,C,0,0,0,4,399,1600010399
17,frailty,C,0,0,0,4,400,1600010400
17,frailty,C,0,0,0,4,401,1600010401
17,frailty,C,0,0,0,4,402,1600010402
17,frailty,C,0,0,0,4,403,1600010403
17,frailty,C,0,0,0,4,404,1600010404
17,frailty,C,0,0,0,4,405,1600010405
17,frailty,C,0,0,0,4,406,1600010406
17,frailty,C,0,0,0,4,407,1600010407
17,frailty,C,0,0,0,4,408,1600010408
17,frailty,C,0,0,0,4,409,1600010409
17,frailty,C,0,0,0,4,410,1600010410
17,frailty,C,0,0,0,4,411,1600010411
17,frailty,C,0,0,0,4,412,1600010412
17,frailty,C,0,0,0,4,413,1600010413
17,frailty,C,0,0,0,4,414,1600010414
17,frailty,C,0,0,0,4,415,1600010415
17,frailty,C,0,0,0,4,416,1600010416
17,frailty,C,0,0,0,4,417,1600010417
17,frailty,C,0,0,0,4,418,1600010418
17,frailty,C,0,0,0,4,419,1600010419
17,frailty,C,0,0,0,4,420,1600010420
17,frailty,C,0,0,0,4,421,1600010421
17,frailty,C,0,0,0,4,422,1600010422
17,frailty,C,0,0,0,4,423,1600010423
17,frailty,C,0,0,0,4,424,1600010424
17,frailty,C,0,0,0,4,425,1600010425
17,frailty,C,0,0,0,4,426,1600010426
17,frailty,C,0,0,0,4,427,1600010427
17,frailty,C,0,0,0,4,428,1600010428
17,frailty,C,0,0,0,4,429,1600010429
17,frailty,C,0,0,0,4,430,1600010430
17,frailty,C,0,0,0,4,431,1600010431
17,frailty,C,0,0,0,4,432,1600010432
17,frailty,C,0,0,0,4,433,1600010433
17,frailty,C,0,0,0,4,434,1600010434
17,frailty,C,0,0,0,4,435,1600010435
17,frailty,C,0,0,0,4,436,1600010436
17,frailty,C,0,0,0,4,437,1600010437
17,frailty,C,0,0,0,4,438,1600010438
17,frailty,C,0,0,0,4,439,1600010439
17,frailty,C,0,0,0,4,440,1600010440
17,frailty,C,0,0,0,4,441,1600010441
17,frailty,C,0,0,0,4,442,1600010442
17,frailty,C,0,0,0,4,443,1600010443
17,frailty,C,0,0,0,4,444,1600010444
17,frailty,C,0,0,0,4,445,1600010445
17,frailty,C,0,0,0,4,446,1600010446
17,frailty,C,0,0,0,4,447,1600010447
17,frailty,C,0,0,0,4,448,1600010448
17,frailty,C,0,0,0,4,449,1600010449
17,frailty,C,0,0,0,4,450,1600010450
17,frailty,C,0,0,0,4,451,1600010451
17,frailty,C,0,0,0,4,452,1600010452
17,frailty,C,0,0,0,4,453,1600010453
17,frailty,C,0,0,0,4,454,1600010454
17,frailty,C,0,0,0,4,455,1600010455
17,frailty,C,0,0,0,4,456,1600010456
17,frailty,C,0,0,0,4,457,1600010457
17,frailty,C,0,0,0,4,458,1600010458
17,frailty,C,0,0,0,4,459,1600010459
17,frailty,C,0,0,0,4,460,1600010460
17,frailty,C,0,0,0,4,461,1600010461
17,frailty,C,0,0,0,4,462,1600010462
17,frailty,C,0,0,0,4,463,1600010463
17,frailty,C,0,0,0,4,464,1600010464
17,frailty,C,0,0,0,4,465,1600010465
17,frailty,C,0,0,0,4,466,1600010466
17,frailty,C,0,0,0,4,467,1600010467
17,frailty,C,0,0,0,4,468,1600010468
17,frailty,C,0,0,0,4,469,1600010469
17,frailty,C,0,0,0,4,470,1600010470
17,frailty,C,0,0,0,4,471,1600010471
17,frailty,C,0,0,0,4,472,1600010472
17,frailty,C,0,0,0,4,473,1600010473
17,frailty,C,0,0,0,4,474,1600010474
17,frailty,C,0,0,0,4,475,1600010475
17,frailty,C,0,0,0,4,476,1600010476
17,frailty,C,0,0,0,4,477,1600010477
17,frailty,C,0,0,0,4,478,1600010478
17,frailty,C,0,0,0,4,479,1600010479
17,frailty,C,0,0,0,4,480,1600010480
17,frailty,C,0,0,0,4,481,1600010481
17,frailty,C,0,0,0,4,482,1600010482
17,frailty,C,0,0,0,4,483,1600010483
17,frailty,C,0,0,0,4,484,1600010484
17,frailty,C,0,0,0,4,485,1600010485
17,frailty,C,0,0,0,4,486,1600010486
17,frailty,C,0,0,0,4,487,1600010487
17,frailty,C,0,0,0,4,488,1600010488
17,frailty,C,0,0,0,4,489,1600010489
17,frailty,C,0,0,0,4,490,1600010490
17,frailty,C,0,0,0,4,491,1600010491
17,frailty,C,0,0,0,4,492,1600010492
17,frailty,C,0,0,0,4,493,1600010493
17,frailty,C,0,0,0,4,494,1600010494
17,frailty,C,0,0,0,4,495,1600010495
17,frailty,C,0,0,0,4,496,1600010496
17,frailty,C,0,0,0,4,497,1600010497
17,frailty,C,0,0,0,4,498,1600010498
17,frailty,C,0,0,0,4,499,1600010499
17,frailty,C,0,0,0,4,500,1600010500
17,frailty,C,0,0,0,4,501,1600010501
17,frailty,C,0,0,0,4,502,1600010502
17,frailty,C,0,0,0,4,503,1600010503
17,frailty,C,0,0,0,4,504,1600010504
17,frailty,C,0,0,0,4,505,1600010505
17,frailty,C,0,0,0,4,506,1600010506
17,frailty,C,0,0,0,4,507,1600010507
17,frailty,C,0,0,0,4,508,1600010508
17,frailty,C,0,0,0,4,509,1600010509
17,frailty,C,0,0,0,4,510,1600010510
17,frailty,C,0,0,0,4,511,1600010511
17,frailty,C,0,0,0,4,512,1600010512
17,frailty,C,0,0,0,4,513,1600010513
17,frailty,C,0,0,0,4,514,1600010514
17,frailty,C,0,0,0,4,515,1600010515
17,frailty,C,0,0,0,4,516,1600010516
17,frailty,C,0,0,0,4,517,1600010517
17,frailty,C,0,0,0,4,518,1600010518
17,frailty,C,0,0,0,4,519,1600010519
17,frailty,C,0,0,0,4,520,1600010520
17,frailty,C,0,0,0,4,521,1600010521
17,frailty,C,0,0,0,4,522,1600010522
17,frailty,C,0,0,0,4,523,1600010523
17,frailty,C,0,0,0,4,524,1600010524
17,frailty,C,0,0,0,4,525,1600010525
17,frailty,C,0,0,0,4,526,1600010526
17,frailty,C,0,0,0,4,527,1600010527
17,frailty,C,0,0,0,4,528,1600010528
17,frailty,C,0,0,0,4,529,1600010529
17,frailty,C,0,0,0,4,530,1600010530
17,frailty,C,0,0,0,4,531,1600010531
17,frailty,C,0,0,0,4,532,1600010532
17,frailty,C,0,0,0,4,533,1600010533
17,frailty,C,0,0,0,4,534,1600010534
17,frailty,C,0,0,0,4,535,1600010535
17,frailty,C,0,0,0,4,536,1600010536
17,frailty,C,0,0,0,4,537,1600010537
17,frailty,C,0,0,0,4,538,1600010538
17,frailty,C,0,0,0,4,539,1600010539
17,frailty,C,0,0,0,4,540,1600010540
17,frailty,C,0,0,0,4,541,1600010541
17,frailty,C,0,0,0,4,542,1600010542
17,frailty,C,0,0,0,4,543,1600010543
17,frailty,C,0,0,0,4,544,1600010544
17,frailty,C,0,0,0,4,545,1600010545
17,frailty,C,0,0,0,4,546,1600010546
17,frailty,C,0,0,0,4,547,1600010547
17,frailty,C,0,0,0,4,548,1600010548
17,frailty,C,0,0,0,4,549,1600010549
17,frailty,C,0,0,0,4,550,1600010550
17,frailty,C,0,0,0,4,551,1600010551
17,frailty,C,0,0,0,4,552,1600010552
17,frailty,C,0,0,0,4,553,1600010553
17,frailty,C,0,0,0,4,554,1600010554
17,frailty,C,0,0,0,4,555,1600010555
17,frailty,C,0,0,0,4,556,1600010556
17,frailty,C,0,0,0,4,557,1600010557
17,frailty,C,0,0,0,4,558,1600010558
17,frailty,C,0,0,0,4,559,1600010559
17,frailty,C,0,0,0,4,560,1600010560
17,frailty,C,0,0,0,4,561,1600010561
17,frailty,C,0,0,0,4,562,1600010562
17,frailty,C,0,0,0,4,563,1600010563
17,frailty,C,0,0,0,4,564,1600010564
17,frailty,C,0,0,0,4,565,1600010565
17,frailty,C,0,0,0,4,566,1600010566
17,frailty,C,0,0,0,4,567,1600010567
17,frailty,C,0,0,0,4,568,1600010568
17,frailty,C,0,0,0,4,569,1600010569
17,frailty,C,0,0,0,4,570,1600010570
17,frailty,C,0,0,0,4,571,1600010571
17,frailty,C,0,0,0,4,572,1600010572
17,frailty,C,0,0,0,4,573,1600010573
17,frailty,C,0,0,0,4,574,1600010574
17,frailty,C,0,0,0,4,575,1600010575
17,frailty,C,0,0,0,4,576,1600010576
17,frailty,C,0,0,0,4,577,1600010577
17,frailty,C,0,0,0,4,578,1600010578
17,frailty,C,0,0,0,4,579,1600010579
17,frailty,C,0,0,0,4,580,1600010580
17,frailty,C,0,0,0,4,581,1600010581
17,frailty,C,0,0,0,4,582,1600010582
17,frailty,C,0,0,0,4,583,1600010583
17,frailty,C,0,0,0,4,584,1600010584
17,frailty,C,0,0,0,4,585,1600010585
17,frailty,C,0,0,0,4,586,1600010586
17,frailty,C,0,0,0,4,587,1600010587
17,frailty,C,0,0,0,4,588,1600010588
17,frailty,C,0,0,0,4,589,1600010589
17,frailty,C,0,0,0,4,590,1600010590
17,frailty,C,0,0,0,4,591,1600010591
17,frailty,C,0,0,0,4,592,1600010592
17,frailty,C,0,0,0,4,593,1600010593
17,frailty,C,0,0,0,4,594,1600010594
17,frailty,C,0,0,0,4,595,1600010595
17,frailty,C,0,0,0,4,596,1600010596
17,frailty,C,0,0,0,4,597,1600010597
17,frailty,C,0,0,0,4,598,1600010598
17,frailty,C,0,0,0,4,599,1600010599
17,frailty,C,0,0,0,4,600,1600010600
17,frailty,C,0,0,0,4,601,1600010601
17,frailty,C,0,0,0,4,602,1600010602
17,frailty,C,0,0,0,4,603,1600010603
17,frailty,C,0,0,0,4,604,1600010604
17,frailty,C,0,0,0,4,605,1600010605
17,frailty,C,0,0,0,4,606,1600010606
17,frailty,C,0,0,0,4,607,1600010607
17,frailty,C,0,0,0,4,608,1600010608
17,frailty,C,0,0,0,4,609,1600010609
17,frailty,C,0,0,0,4,610,1600010610
17,frailty,C,0,0,0,4,611,1600010611
17,frailty,C,0,0,0,4,612,1600010612
17,frailty,C,0,0,0,4,613,1600010613
17,frailty,C,0,0,0,4,614,1600010614
17,frailty,C,0,0,0,4,615,1600010615
17,frailty,C,0,0,0,4,616,1600010616
17,frailty,C,0,0,0,4,617,1600010617
17,frailty,C,0,0,0,4,618,1600010618
17,frailty,C,0,0,0,4,619,1600010619
17,frailty,C,0,0,0,4,620,1600010620
17,frailty,C,0,0,0,4,621,1600010621
17,frailty,C,0,0,0,4,622,1600010622
17,frailty,C,0,0,0,4,623,1600010623
17,frailty,C,0,0,0,4,624,1600010624
17,frailty,C,0,0,0,4,625,1600010625
17,frailty,C,0,0,0,4,626,1600010626
17,frailty,C,0,0,0,4,627,1600010627
17,frailty,C,0,0,0,4,628,1600010628
17,frailty,C,0,0,0,4,629,1600010629
17,frailty,C,0,0,0,4,630,1600010630
17,frailty,C,0,0,0,4,631,1600010631
17,frailty,C,0,0,0,4,632,1600010632
17,frailty,C,0,0,0,4,633,1600010633
17,frailty,C,0,0,0,4,634,1600010634
17,frailty,C,0,0,0,4,635,1600010635
17,frailty,C,0,0,0,4,636,1600010636
17,frailty,C,0,0,0,4,637,1600010637
17,frailty,C,0,0,0,4,638,1600010638
17,frailty,C,0,0,0,4,639,1600010639
17,frailty,C,0,0,0,4,640,1600010640
17,frailty,C,0,0,0,4,641,1600010641
17,frailty,C,0,0,0,4,642,1600010642
17,frailty,C,0,0,0,4,643,1600010643
17,frailty,C,0,0,0,4,644,1600010644
17,frailty,C,0,0,0,4,645,1600010645
17,frailty,C,0,0,0,4,646,1600010646
17,frailty,C,0,0,0,4,647,1600010647
17,frailty,C,0,0,0,4,648,1600010648
17,frailty,C,0,0,0,4,649,1600010649
17,frailty,C,0,0,0,4,650,1600010650
17,frailty,C,0,0,0,4,651,1600010651
17,frailty,C,0,0,0,4,652,1600010652
17,frailty,C,0,0,0,4,653,1600010653
17,frailty,C,0,0,0,4,654,1600010654
17,frailty,C,0,0,0,4,655,1600010655
17,frailty,C,0,0,0,4,656,1600010656
17,frailty,C,0,0,0,4,657,1600010657
17,frailty,C,0,0,0,4,658,1600010658
17,frailty,C,0,0,0,4,659,1600010659
17,frailty,C,0,0,0,4,660,1600010660
17,frailty,C,0,0,0,4,661,1600010661
17,frailty,C,0,0,0,4,662,1600010662
17,frailty,C,0,0,0,4,663,1600010663
17,frailty,C,0,0,0,4,664,1600010664
17,frailty,C,0,0,0,4,665,1600010665
17,frailty,C,0,0,0,4,666,1600010666
17,frailty,C,0,0,0,4,667,1600010667
17,frailty,C,0,0,0,4,668,1600010668
17,frailty,C,0,0,0,4,669,1600010669
17,frailty,C,0,0,0,4,670,1600010670
17,frailty,C,0,0,0,4,671,1600010671
17,frailty,C,0,0,0,4,672,1600010672
17,frailty,C,0,0,0,4,673,1600010673
17,frailty,C,0,0,0,4,674,1600010674
17,frailty,C,0,0,0,4,675,1600010675
17,frailty,C,0,0,0,4,676,1600010676
17,frailty,C,0,0,0,4,677,1600010677
17,frailty,C,0,0,0,4,678,1600010678
17,frailty,C,0,0,0,4,679,1600010679
17,frailty,C,0,0,0,4,680,1600010680
17,frailty,C,0,0,0,4,681,1600010681
17,frailty,C,0,0,0,4,682,1600010682
17,frailty,C,0,0,0,4,683,1600010683
17,frailty,C,0,0,0,4,684,1600010684
17,frailty,C,0,0,0,4,685,1600010685
17,frailty,C,0,0,0,4,686,1600010686
17,frailty,C,0,0,0,4,687,1600010687
17,frailty,C,0,0,0,4,688,1600010688
17,frailty,C,0,0,0,4,689,1600010689
17,frailty,C,0,0,0,4,690,1600010690
17,frailty,C,0,0,0,4,691,1600010691
17,frailty,C,0,0,0,4,692,1600010692
17,frailty,C,0,0,0,4,693,1600010693
17,frailty,C,0,0,0,4,694,1600010694
17,frailty,C,0,0,0,4,695,1600010695
17,frailty,C,0,0,0,4,696,1600010696
17,frailty,C,0,0,0,4,697,1600010697
17,frailty,C,0,0,0,4,698,1600010698
17,frailty,C,0,0,0,4,699,1600010699
17,frailty,C,0,0,0,4,700,1600010700
17,frailty,C,0,0,0,4,701,1600010701
17,frailty,C,0,0,0,4,702,1600010702
17,frailty,C,0,0,0,4,703,1600010703
17,frailty,C,0,0,0,4,704,1600010704
17,frailty,C,0,0,0,4,705,1600010705
17,frailty,C,0,0,0,4,706,1600010706
17,frailty,C,0,0,0,4,707,1600010707
17,frailty,C,0,0,0,4,708,1600010708
17,frailty,C,0,0,0,4,709,1600010709
17,frailty,C,0,0,0,4,710,1600010710
17,frailty,C,0,0,0,4,711,1600010711
17,frailty,C,0,0,0,4,712,1600010712
17,frailty,C,0,0,0,4,713,1600010713
17,frailty,C,0,0,0,4,714,1600010714
17,frailty,C,0,0,0,4,715,1600010715
17,frailty,C,0,0,0,4,716,1600010716
17,frailty,C,0,0,0,4,717,1600010717
17,frailty,C,0,0,0,4,718,1600010718
17,frailty,C,0,0,0,4,719,1600010719
17,frailty,C,0,0,0,4,720,1600010720
17,frailty,C,0,0,0,4,721,1600010721
17,frailty,C,0,0,0,4,722,1600010722
17,frailty,C,0,0,0,4,723,1600010723
17,frailty,C,0,0,0,4,724,1600010724
17,frailty,C,0,0,0,4,725,1600010725
17,frailty,C,0,0,0,4,726,1600010726
17,frailty,C,0,0,0,4,727,1600010727
17,frailty,C,0,0,0,4,728,1600010728
17,frailty,C,0,0,0,4,729,1600010729
17,frailty,C,0,0,0,4,730,1600010730
17,frailty,C,0,0,0,4,731,1600010731
17,frailty,C,0,0,0,4,732,1600010732
17,frailty,C,0,0,0,4,733,1600010733
17,frailty,C,0,0,0,4,734,1600010734
17,frailty,C,0,0,0,4,735,1600010735
17,frailty,C,0,0,0,4,736,1600010736
17,frailty,C,0,0,0,4,737,1600010737
17,frailty,C,0,0,0,4,738,1600010738
17,frailty,C,0,0,0,4,739,1600010739
17,frailty,C,0,0,0,4,740,1600010740
17,frailty,C,0,0,0,4,741,1600010741
17,frailty,C,0,0,0,4,742,1600010742
17,frailty,C,0,0,0,4,743,1600010743
17,frailty,C,0,0,0,4,744,1600010744
17,frailty,C,0,0,0,4,745,1600010745
17,frailty,C,0,0,0,4,746,1600010746
17,frailty,C,0,0,0,4,747,1600010747
17,frailty,C,0,0,0,4,748,1600010748
17,frailty,C,0,0,0,4,749,1600010749
17,frailty,C,0,0,0,4,750,1600010750
17,frailty,C,0,0,0,4,751,1600010751
17,frailty,C,0,0,0,4,752,1600010752
17,frailty,C,0,0,0,4,753,1600010753
17,frailty,C,0,0,0,4,754,1600010754
17,frailty,C,0,0,0,4,755,1600010755
17,frailty,C,0,0,0,4,756,1600010756
17,frailty,C,0,0,0,4,757,1600010757
17,frailty,C,0,0,0,4,758,1600010758
17,frailty,C,0,0,0,4,759,1600010759
17,frailty,C,0,0,0,4,760,1600010760
17,frailty,C,0,0,0,4,761,1600010761
17,frailty,C,0,0,0,4,762,1600010762
17,frailty,C,0,0,0,4,763,1600010763
17,frailty,C,0,0,0,4,764,1600010764
17,frailty,C,0,0,0,4,765,1600010765
17,frailty,C,0,0,0,4,766,1600010766
17,frailty,C,0,0,0,4,767,1600010767
17,frailty,C,0,0,0,4,768,1600010768
17,frailty,C,0,0,0,4,769,1600010769
17,frailty,C,0,0,0,4,770,1600010770
17,frailty,C,0,0,0,4,771,1600010771
17,frailty,C,0,0,0,4,772,1600010772
17,frailty,C,0,0,0,4,773,1600010773
17,frailty,C,0,0,0,4,774,1600010774
17,frailty,C,0,0,0,4,775,1600010775
17,frailty,C,0,0,0,4,776,1600010776
17,frailty,C,0,0,0,4,777,1600010777
17,frailty,C,0,0,0,4,778,1600010778
17,frailty,C,0,0,0,4,779,1600010779
17,frailty,C,0,0,0,4,780,1600010780
17,frailty,C,0,0,0,4,781,1600010781
17,frailty,C,0,0,0,4,782,1600010782
17,frailty,C,0,0,0,4,783,1600010783
17,frailty,C,0,0,0,4,784,1600010784
17,frailty,C,0,0,0,4,785,1600010785
17,frailty,C,0,0,0,4,786,1600010786
17,frailty,C,0,0,0,4,787,1600010787
17,frailty,C,0,0,0,4,788,1600010788
17,frailty,C,0,0,0,4,789,1600010789
17,frailty,C,0,0,0,4,790,1600010790
17,frailty,C,0,0,0,4,791,1600010791
17,frailty,C,0,0,0,4,792,1600010792
17,frailty,C,0,0,0,4,793,1600010793
17,frailty,C,0,0,0,4,794,1600010794
17,frailty,C,0,0,0,4,795,1600010795
17,frailty,C,0,0,0,4,796,1600010796
17,frailty,C,0,0,0,4,797,1600010797
17,frailty,C,0,0,0,4,798,1600010798
17,frailty,C,0,0,0,4,799,1600010799
17,frailty,C,0,0,0,4,800,1600010800
17,frailty,C,0,0,0,4,801,1600010801
17,frailty,C,0,0,0,4,802,1600010802
17,frailty,C,0,0,0,4,803,1600010803
17,frailty,C,0,0,0,4,804,1600010804
17,frailty,C,0,0,0,4,805,1600010805
17,frailty,C,0,0,0,4,806,1600010806
17,frailty,C,0,0,0,4,807,1600010807
17,frailty,C,0,0,0,4,808,1600010808
17,frailty,C,0,0,0,4,809,1600010809
17,frailty,C,0,0,0,4,810,1600010810
17,frailty,C,0,0,0,4,811,1600010811
17,frailty,C,0,0,0,4,812,1600010812
17,frailty,C,0,0,0,4,813,1600010813
17,frailty,C,0,0,0,4,814,1600010814
17,frailty,C,0,0,0,4,815,1600010815
17,frailty,C,0,0,0,4,816,1600010816
17,frailty,C,0,0,0,4,817,1600010817
17,frailty,C,0,0,0,4,818,1600010818
17,frailty,C,0,0,0,4,819,1600010819
17,frailty,C,0,0,0,4,820,1600010820
17,frailty,C,0,0,0,4,821,1600010821
17,frailty,C,0,0,0,4,822,1600010822
17,frailty,C,0,0,0,4,823,1600010823
17,frailty,C,0,0,0,4,824,1600010824
17,frailty,C,0,0,0,4,825,1600010825
17,frailty,C,0,0,0,4,826,1600010826
17,frailty,C,0,0,0,4,827,1600010827
17,frailty,C,0,0,0,4,828,1600010828
17,frailty,C,0,0,0,4,829,1600010829
17,frailty,C,0,0,0,4,830,1600010830
17,frailty,C,0,0,0,4,831,1600010831
17,frailty,C,0,0,0,4,832,1600010832
17,frailty,C,0,0,0,4,833,1600010833
17,frailty,C,0,0,0,4,834,1600010834
17,frailty,C,0,0,0,4,835,1600010835
17,frailty,C,0,0,0,4,836,1600010836
17,frailty,C,0,0,0,4,837,1600010837
17,frailty,C,0,0,0,4,838,1600010838
17,frailty,C,0,0,0,4,839,1600010839
17,frailty,C,0,0,0,4,840,1600010840
17,frailty,C,0,0,0,4,841,1600010841
17,frailty,C,0,0,0,4,842,1600010842
17,frailty,C,0,0,0,4,843,1600010843
17,frailty,C,0,0,0,4,844,1600010844
17,frailty,C,0,0,0,4,845,1600010845
17,frailty,C,0,0,0,4,846,1600010846
17,frailty,C,0,0,0,4,847,1600010847
17,frailty,C,0,0,0,4,848,1600010848
17,frailty,C,0,0,0,4,849,1600010849
17,frailty,C,0,0,0,4,850,1600010850
17,frailty,C,0,0,0,4,851,1600010851
17,frailty,C,0,0,0,4,852,1600010852
17,frailty,C,0,0,0,4,853,1600010853
17,frailty,C,0,0,0,4,854,1600010854
17,frailty,C,0,0,0,4,855,1600010855
17,frailty,C,0,0,0,4,856,1600010856
17,frailty,C,0,0,0,4,857,1600010857
17,frailty,C,0,0,0,4,858,1600010858
17,frailty,C,0,0,0,4,859,1600010859
17,frailty,C,0,0,0,4,860,1600010860
17,frailty,C,0,0,0,4,861,1600010861
17,frailty,C,0,0,0,4,862,1600010862
17,frailty,C,0,0,0,4,863,1600010863
17,frailty,C,0,0,0,4,864,1600010864
17,frailty,C,0,0,0,4,865,1600010865
17,frailty,C,0,0,0,4,866,1600010866
17,frailty,C,0,0,0,4,867,1600010867
17,frailty,C,0,0,0,4,868,1600010868
17,frailty,C,0,0,0,4,869,1600010869
17,frailty,C,0,0,0,4,870,1600010870
17,frailty,C,0,0,0,4,871,1600010871
17,frailty,C,0,0,0,4,872,1600010872
17,frailty,C,0,0,0,4,873,1600010873
17,frailty,C,0,0,0,4,874,1600010874
17,frailty,C,0,0,0,4,875,1600010875
17,frailty,C,0,0,0,4,876,1600010876
17,frailty,C,0,0,0,4,877,1600010877
17,frailty,C,0,0,0,4,878,1600010878
17,frailty,C,0,0,0,4,879,1600010879
17,frailty,C,0,0,0,4,880,1600010880
17,frailty,C,0,0,0,4,881,1600010881
17,frailty,C,0,0,0,4,882,1600010882
17,frailty,C,0,0,0,4,883,1600010883
17,frailty,C,0,0,0,4,884,1600010884
17,frailty,C,0,0,0,4,885,1600010885
17,frailty,C,0,0,0,4,886,1600010886
17,frailty,C,0,0,0,4,887,1600010887
17,frailty,C,0,0,0,4,888,1600010888
17,frailty,C,0,0,0,4,889,1600010889
17,frailty,C,0,0,0,4,890,1600010890
17,frailty,C,0,0,0,4,891,1600010891
17,frailty,C,0,0,0,4,892,1600010892
17,frailty,C,0,0,0,4,893,1600010893
17,frailty,C,0,0,0,4,894,1600010894
17,frailty,C,0,0,0,4,895,1600010895
17,frailty,C,0,0,0,4,896,1600010896
17,frailty,C,0,0,0,4,897,1600010897
17,frailty,C,0,0,0,4,898,1600010898
17,frailty,C,0,0,0,4,899,1600010899
17,frailty,C,0,0,0,4,900,1600010900
17,frailty,C,0,0,0,4,901,1600010901
17,frailty,C,0,0,0,4,902,1600010902
17,frailty,C,0,0,0,4,903,1600010903
17,frailty,C,0,0,0,4,904,1600010904
17,frailty,C,0,0,0,4,905,1600010905
17,frailty,C,0,0,0,4,906,1600010906
17,frailty,C,0,0,0,4,907,1600010907
17,frailty,C,0,0,0,4,908,1600010908
17,frailty,C,0,0,0,4,909,1600010909
17,frailty,C,0,0,0,4,910,1600010910
17,frailty,C,0,0,0,4,911,1600010911
17,frailty,C,0,0,0,4,912,1600010912
17,frailty,C,0,0,0,4,913,1600010913
17,frailty,C,0,0,0,4,914,1600010914
17,frailty,C,0,0,0,4,915,1600010915
17,frailty,C,0,0,0,4,916,1600010916
17,frailty,C,0,0,0,4,917,1600010917
17,frailty,C,0,0,0,4,918,1600010918
17,frailty,C,0,0,0,4,919,1600010919
17,frailty,C,0,0,0,4,920,1600010920
17,frailty,C,0,0,0,4,921,1600010921
17,frailty,C,0,0,0,4,922,1600010922
17,frailty,C,0,0,0,4,923,1600010923
17,frailty,C,0,0,0,4,924,1600010924
17,frailty,C,0,0,0,4,925,1600010925
17,frailty,C,0,0,0,4,926,1600010926
17,frailty,C,0,0,0,4,927,1600010927
17,frailty,C,0,0,0,4,928,1600010928
17,frailty,C,0,0,0,4,929,1600010929
17,frailty,C,0,0,0,4,930,1600010930
17,frailty,C,0,0,0,4,931,1600010931
17,frailty,C,0,0,0,4,932,1600010932
17,frailty,C,0,0,0,4,933,1600010933
17,frailty,C,0,0,0,4,934,1600010934
17,frailty,C,0,0,0,4,935,1600010935
17,frailty,C,0,0,0,4,936,1600010936
17,frailty,C,0,0,0,4,937,1600010937
17,frailty,C,0,0,0,4,938,1600010938
17,frailty,C,0,0,0,4,939,1600010939
17,frailty,C,0,0,0,4,940,1600010940
17,frailty,C,0,0,0,4,941,1600010941
17,frailty,C,0,0,0,4,942,1600010942
17,frailty,C,0,0,0,4,943,1600010943
17,frailty,C,0,0,0,4,944,1600010944
17,frailty,C,0,0,0,4,945,1600010945
17,frailty,C,0,0,0,4,946,1600010946
17,frailty,C,0,0,0,4,947,1600010947
17,frailty,C,0,0,0,4,948,1600010948
17,frailty,C,0,0,0,4,949,1600010949
17,frailty,C,0,0,0,4,950,1600010950
17,frailty,C,0,0,0,4,951,1600010951
17,frailty,C,0,0,0,4,952,1600010952
17,frailty,C,0,0,0,4,953,1600010953
17,frailty,C,0,0,0,4,954,1600010954
17,frailty,C,0,0,0,4,955,1600010955
17,frailty,C,0,0,0,4,956,1600010956
17,frailty,C,0,0,0,4,957,1600010957
17,frailty,C,0,0,0,4,958,1600010958
17,frailty,C,0,0,0,4,959,1600010959
17,frailty,C,0,0,0,4,960,1600010960
17,frailty,C,0,0,0,4,961,1600010961
17,frailty,C,0,0,0,4,962,1600010962
17,frailty,C,0,0,0,4,963,1600010963
17,frailty,C,0,0,0,4,964,1600010964
17,frailty,C,0,0,0,4,965,1600010965
17,frailty,C,0,0,0,4,966,1600010966
17,frailty,C,0,0,0,4,967,1600010967
17,frailty,C,0,0,0,4,968,1600010968
17,frailty,C,0,0,0,4,969,1600010969
17,frailty,C,0,0,0,4,970,1600010970
17,frailty,C,0,0,0,4,971,1600010971
17,frailty,C,0,0,0,4,972,1600010972
17,frailty,C,0,0,0,4,973,1600010973
17,frailty,C,0,0,0,4,974,1600010974
17,frailty,C,0,0,0,4,975,1600010975
17,frailty,C,0,0,0,4,976,1600010976
17,frailty,C,0,0,0,4,977,1600010977
17,frailty,C,0,0,0,4,978,1600010978
17,frailty,C,0,0,0,4,979,1600010979
17,frailty,C,0,0,0,4,980,1600010980
17,frailty,C,0,0,0,4,981,1600010981
17,frailty,C,0,0,0,4,982,1600010982
17,frailty,C,0,0,0,4,983,1600010983
17,frailty,C,0,0,0,4,984,1600010984
17,frailty,C,0,0,0,4,985,1600010985
17,frailty,C,0,0,0,4,986,1600010986
17,frailty,C,0,0,0,4,987,1600010987
17,frailty,C,0,0,0,4,988,1600010988
17,frailty,C,0,0,0,4,989,1600010989
17,frailty,C,0,0,0,4,990,1600010990
17,frailty,C,0,0,0,4,991,1600010991
17,frailty,C,0,0,0,4,992,1600010992
17,frailty,C,0,0,0,4,993,1600010993
17,frailty,C,0,0,0,4,994,1600010994
17,frailty,C,0,0,0,4,995,1600010995
17,frailty,C,0,0,0,4,996,1600010996
17,frailty,C,0,0,0,4,997,1600010997
17,frailty,C,0,0,0,4,998,1600010998
17,frailty,C,0,0,0,4,999,1600010999
17,frailty,C,0,0,0,4,1000,1600011000
18,frailty,C,0,0,0,10,1,1600012001
18,frailty,C,0,0,0,10,2,1600012002
18,frailty,C,0,0,0,10,3,1600012003
18,frailty,C,0,0,0,10,4,1600012004
18,frailty,C,0,0,0,10,5,1600012005
18,frailty,C,0,0,0,10,6,1600012006
18,frailty,C,0,0,0,10,7,1600012007
18,frailty,C,0,0,0,10,8,1600012008
18,frailty,C,0,0,0,10,9,1600012009
18,frailty,C,0,0,0,10,10,1600012010
18,frailty,C,0,0,0,10,11,1600012011
18,frailty,C,0,0,0,10,12,1600012012
18,frailty,C,0,0,0,10,13,1600012013
18,frailty,C,0,0,0,10,14,1600012014
18,frailty,C,0,0,0,10,15,1600012015
18,frailty,C,0,0,0,10,16,1600012016
18,frailty,C,0,0,0,10,17,1600012017
18,frailty,C,0,0,0,10,18,1600012018
18,frailty,C,0,0,0,10,19,1600012019
18,frailty,C,0,0,0,10,20,1600012020
18,frailty,C,0,0,0,10,21,1600012021
18,frailty,C,0,0,0,10,22,1600012022
18,frailty,C,0,0,0,10,23,1600012023
18,frailty,C,0,0,0,10,24,1600012024
18,frailty,C,0,0,0,10,25,1600012025
18,frailty,C,0,0,0,10,26,1600012026
18,frailty,C,0,0,0,10,27,1600012027
18,frailty,C,0,0,0,10,28,1600012028
18,frailty,C,0,0,0,10,29,1600012029
18,frailty,C,0,0,0,10,30,1600012030
18,frailty,C,0,0,0,10,31,1600012031
18,frailty,C,0,0,0,10,32,1600012032
18,frailty,C,0,0,0,10,33,1600012033
18,frailty,C,0,0,0,10,34,1600012034
18,frailty,C,0,0,0,10,35,1600012035
18,frailty,C,0,0,0,10,36,1600012036
18,frailty,C,0,0,0,10,37,1600012037
18,frailty,C,0,0,0,10,38,1600012038
18,frailty,C,0,0,0,10,39,1600012039
18,frailty,C,0,0,0,10,40,1600012040
18,frailty,C,0,0,0,10,41,1600012041
18,frailty,C,0,0,0,10,42,1600012042
18,frailty,C,0,0,0,10,43,1600012043
18,frailty,C,0,0,0,10,44,1600012044
18,frailty,C,0,0,0,10,45,1600012045
18,frailty,C,0,0,0,10,46,1600012046
18,frailty,C,0,0,0,10,47,1600012047
18,frailty,C,0,0,0,10,48,1600012048
18,frailty,C,0,0,0,10,49,1600012049
18,frailty,C,0,0,0,10,50,1600012050
18,frailty,C,0,0,0,10,51,1600012051
18,frailty,C,0,0,0,10,52,1600012052
18,frailty,C,0,0,0,10,53,1600012053
18,frailty,C,0,0,0,10,54,1600012054
18,frailty,C,0,0,0,10,55,1600012055
18,frailty,C,0,0,0,10,56,1600012056
18,frailty,C,0,0,0,10,57,1600012057
18,frailty,C,0,0,0,10,58,1600012058
18,frailty,C,0,0,0,10,59,1600012059
18,frailty,C,0,0,0,10,60,1600012060
18,frailty,C,0,0,0,10,61,1600012061
18,frailty,C,0,0,0,10,62,1600012062
18,frailty,C,0,0,0,10,63,1600012063
18,frailty,C,0,0,0,10,64,1600012064
18,frailty,C,0,0,0,10,65,1600012065
18,frailty,C,0,0,0,10,66,1600012066
18,frailty,C,0,0,0,10,67,1600012067
18,frailty,C,0,0,0,10,68,1600012068
18,frailty,C,0,0,0,10,69,1600012069
18,frailty,C,0,0,0,10,70,1600012070
18,frailty,C,0,0,0,10,71,1600012071
18,frailty,C,0,0,0,10,72,1600012072
18,frailty,C,0,0,0,10,73,1600012073
18,frailty,C,0,0,0,10,74,1600012074
18,frailty,C,0,0,0,10,75,1600012075
18,frailty,C,0,0,0,10,76,1600012076
18,frailty,C,0,0,0,10,77,1600012077
18,frailty,C,0,0,0,10,78,1600012078
18,frailty,C,0,0,0,10,79,1600012079
18,frailty,C,0,0,0,10,80,1600012080
18,frailty,C,0,0,0,10,81,1600012081
18,frailty,C,0,0,0,10,82,1600012082
18,frailty,C,0,0,0,10,83,1600012083
18,frailty,C,0,0,0,10,84,1600012084
18,frailty,C,0,0,0,10,85,1600012085
18,frailty,C,0,0,0,10,86,1600012086
18,frailty,C,0,0,0,10,87,1600012087
18,frailty,C,0,0,0,10,88,1600012088
18,frailty,C,0,0,0,10,89,1600012089
18,frailty,C,0,0,0,10,90,1600012090
18,frailty,C,0,0,0,10,91,1600012091
18,frailty,C,0,0,0,10,92,1600012092
18,frailty,C,0,0,0,10,93,1600012093
18,frailty,C,0,0,0,10,94,1600012094
18,frailty,C,0,0,0,10,95,1600012095
18,frailty,C,0,0,0,10,96,1600012096
18,frailty,C,0,0,0,10,97,1600012097
18,frailty,C,0,0,0,10,98,1600012098
18,frailty,C,0,0,0,10,99,1600012099
18,frailty,C,0,0,0,10,100,1600012100
18,frailty,C,0,0,0,10,101,1600012101
18,frailty,C,0,0,0,10,102,1600012102
18,frailty,C,0,0,0,10,103,1600012103
18,frailty,C,0,0,0,10,104,1600012104
18,frailty,C,0,0,0,10,105,1600012105
18,frailty,C,0,0,0,10,106,1600012106
18,frailty,C,0,0,0,10,107,1600012107
18,frailty,C,0,0,0,10,108,1600012108
18,frailty,C,0,0,0,10,109,1600012109
18,frailty,C,0,0,0,10,110,1600012110
18,frailty,C,0,0,0,10,111,1600012111
18,frailty,C,0,0,0,10,112,1600012112
18,frailty,C,0,0,0,10,113,1600012113
18,frailty,C,0,0,0,10,114,1600012114
18,frailty,C,0,0,0,10,115,1600012115
18,frailty,C,0,0,0,10,116,1600012116
18,frailty,C,0,0,0,10,117,1600012117
18,frailty,C,0,0,0,10,118,1600012118
18,frailty,C,0,0,0,10,119,1600012119
18,frailty,C,0,0,0,10,120,1600012120
18,frailty,C,0,0,0,10,121,1600012121
18,frailty,C,0,0,0,10,122,1600012122
18,frailty,C,0,0,0,10,123,1600012123
18,frailty,C,0,0,0,10,124,1600012124
18,frailty,C,0,0,0,10,125,1600012125
18,frailty,C,0,0,0,10,126,1600012126
18,frailty,C,0,0,0,10,127,1600012127
18,frailty,C,0,0,0,10,128,1600012128
18,frailty,C,0,0,0,10,129,1600012129
18,frailty,C,0,0,0,10,130,1600012130
18,frailty,C,0,0,0,10,131,1600012131
18,frailty,C,0,0,0,10,132,1600012132
18,frailty,C,0,0,0,10,133,1600012133
18,frailty,C,0,0,0,10,134,1600012134
18,frailty,C,0,0,0,10,135,1600012135
18,frailty,C,0,0,0,10,136,1600012136
18,frailty,C,0,0,0,10,137,1600012137
18,frailty,C,0,0,0,10,138,1600012138
18,frailty,C,0,0,0,10,139,1600012139
18,frailty,C,0,0,0,10,140,1600012140
18,frailty,C,0,0,0,10,141,1600012141
18,frailty,C,0,0,0,10,142,1600012142
18,frailty,C,0,0,0,10,143,1600012143
18,frailty,C,0,0,0,10,144,1600012144
18,frailty,C,0,0,0,10,145,1600012145
18,frailty,C,0,0,0,10,146,1600012146
18,frailty,C,0,0,0,10,147,1600012147
18,frailty,C,0,0,0,10,148,1600012148
18,frailty,C,0,0,0,10,149,1600012149
18,frailty,C,0,0,0,10,150,1600012150
18,frailty,C,0,0,0,10,151,1600012151
18,frailty,C,0,0,0,10,152,1600012152
18,frailty,C,0,0,0,10,153,1600012153
18,frailty,C,0,0,0,10,154,1600012154
18,frailty,C,0,0,0,10,155,1600012155
18,frailty,C,0,0,0,10,156,1600012156
18,frailty,C,0,0,0,10,157,1600012157
18,frailty,C,0,0,0,10,158,1600012158
18,frailty,C,0,0,0,10,159,1600012159
18,frailty,C,0,0,0,10,160,1600012160
18,frailty,C,0,0,0,10,161,1600012161
18,frailty,C,0,0,0,10,162,1600012162
18,frailty,C,0,0,0,10,163,1600012163
18,frailty,C,0,0,0,10,164,1600012164
18,frailty,C,0,0,0,10,165,1600012165
18,frailty,C,0,0,0,10,166,1600012166
18,frailty,C,0,0,0,10,167,1600012167
18,frailty,C,0,0,0,10,168,1600012168
18,frailty,C,0,0,0,10,169,1600012169
18,frailty,C,0,0,0,10,170,1600012170
18,frailty,C,0,0,0,10,171,1600012171
18,frailty,C,0,0,0,10,172,1600012172
18,frailty,C,0,0,0,10,173,1600012173
18,frailty,C,0,0,0,10,174,1600012174
18,frailty,C,0,0,0,10,175,1600012175
18,frailty,C,0,0,0,10,176,1600012176
18,frailty,C,0,0,0,10,177,1600012177
18,frailty,C,0,0,0,10,178,1600012178
18,frailty,C,0,0,0,10,179,1600012179
18,frailty,C,0,0,0,10,180,1600012180
18,frailty,C,0,0,0,10,181,1600012181
18,frailty,C,0,0,0,10,182,1600012182
18,frailty,C,0,0,0,10,183,1600012183
18,frailty,C,0,0,0,10,184,1600012184
18,frailty,C,0,0,0,10,185,1600012185
18,frailty,C,0,0,0,10,186,1600012186
18,frailty,C,0,0,0,10,187,1600012187
18,frailty,C,0,0,0,10,188,1600012188
18,frailty,C,0,0,0,10,189,1600012189
18,frailty,C,0,0,0,10,190,1600012190
18,frailty,C,0,0,0,10,191,1600012191
18,frailty,C,0,0,0,10,192,1600012192
18,frailty,C,0,0,0,10,193,1600012193
18,frailty,C,0,0,0,10,194,1600012194
18,frailty,C,0,0,0,10,195,1600012195
18,frailty,C,0,0,0,10,196,1600012196
18,frailty,C,0,0,0,10,197,1600012197
18,frailty,C,0,0,0,10,198,1600012198
18,frailty,C,0,0,0,10,199,1600012199
18,frailty,C,0,0,0,10,200,1600012200
18,frailty,C,0,0,0,10,201,1600012201
18,frailty,C,0,0,0,10,202,1600012202
18,frailty,C,0,0,0,10,203,1600012203
18,frailty,C,0,0,0,10,204,1600012204
18,frailty,C,0,0,0,10,205,1600012205
18,frailty,C,0,0,0,10,206,1600012206
18,frailty,C,0,0,0,10,207,1600012207
18,frailty,C,0,0,0,10,208,1600012208
18,frailty,C,0,0,0,10,209,1600012209
18,frailty,C,0,0,0,10,210,1600012210
18,frailty,C,0,0,0,10,211,1600012211
18,frailty,C,0,0,0,10,212,1600012212
18,frailty,C,0,0,0,10,213,1600012213
18,frailty,C,0,0,0,10,214,1600012214
18,frailty,C,0,0,0,10,215,1600012215
18,frailty,C,0,0,0,10,216,1600012216
18,frailty,C,0,0,0,10,217,1600012217
18,frailty,C,0,0,0,10,218,1600012218
18,frailty,C,0,0,0,10,219,1600012219
18,frailty,C,0,0,0,10,220,1600012220
18,frailty,C,0,0,0,10,221,1600012221
18,frailty,C,0,0,0,10,222,1600012222
18,frailty,C,0,0,0,10,223,1600012223
18,frailty,C,0,0,0,10,224,1600012224
18,frailty,C,0,0,0,10,225,1600012225
18,frailty,C,0,0,0,10,226,1600012226
18,frailty,C,0,0,0,10,227,1600012227
18,frailty,C,0,0,0,10,228,1600012228
18,frailty,C,0,0,0,10,229,1600012229
18,frailty,C,0,0,0,10,230,1600012230
18,frailty,C,0,0,0,10,231,1600012231
18,frailty,C,0,0,0,10,232,1600012232
18,frailty,C,0,0,0,10,233,1600012233
18,frailty,C,0,0,0,10,234,1600012234
18,frailty,C,0,0,0,10,235,1600012235
18,frailty,C,0,0,0,10,236,1600012236
18,frailty,C,0,0,0,10,237,1600012237
18,frailty,C,0,0,0,10,238,1600012238
18,frailty,C,0,0,0,10,239,1600012239
18,frailty,C,0,0,0,10,240,1600012240
18,frailty,C,0,0,0,10,241,1600012241
18,frailty,C,0,0,0,10,242,1600012242
18,frailty,C,0,0,0,10,243,1600012243
18,frailty,C,0,0,0,10,244,1600012244
18,frailty,C,0,0,0,10,245,1600012245
18,frailty,C,0,0,0,10,246,1600012246
18,frailty,C,0,0,0,10,247,1600012247
18,frailty,C,0,0,0,10,248,1600012248
18,frailty,C,0,0,0,10,249,1600012249
18,frailty,C,0,0,0,10,250,1600012250
18,frailty,C,0,0,0,10,251,1600012251
18,frailty,C,0,0,0,10,252,1600012252
18,frailty,C,0,0,0,10,253,1600012253
18,frailty,C,0,0,0,10,254,1600012254
18,frailty,C,0,0,0,10,255,1600012255
18,frailty,C,0,0,0,10,256,1600012256
18,frailty,C,0,0,0,10,257,1600012257
18,frailty,C,0,0,0,10,258,1600012258
18,frailty,C,0,0,0,10,259,1600012259
18,frailty,C,0,0,0,10,260,1600012260
18,frailty,C,0,0,0,10,261,1600012261
18,frailty,C,0,0,0,10,262,1600012262
18,frailty,C,0,0,0,10,263,1600012263
18,frailty,C,0,0,0,10,264,1600012264
18,frailty,C,0,0,0,10,265,1600012265
18,frailty,C,0,0,0,10,266,1600012266
18,frailty,C,0,0,0,10,267,1600012267
18,frailty,C,0,0,0,10,268,1600012268
18,frailty,C,0,0,0,10,269,1600012269
18,frailty,C,0,0,0,10,270,1600012270
18,frailty,C,0,0,0,10,271,1600012271
18,frailty,C,0,0,0,10,272,1600012272
18,frailty,C,0,0,0,10,273,1600012273
18,frailty,C,0,0,0,10,274,1600012274
18,frailty,C,0,0,0,10,275,1600012275
18,frailty,C,0,0,0,10,276,1600012276
18,frailty,C,0,0,0,10,277,1600012277
18,frailty,C,0,0,0,10,278,1600012278
18,frailty,C,0,0,0,10,279,1600012279
18,frailty,C,0,0,0,10,280,1600012280
18,frailty,C,0,0,0,10,281,1600012281
18,frailty,C,0,0,0,10,282,1600012282
18,frailty,C,0,0,0,10,283,1600012283
18,frailty,C,0,0,0,10,284,1600012284
18,frailty,C,0,0,0,10,285,1600012285
18,frailty,C,0,0,0,10,286,1600012286
18,frailty,C,0,0,0,10,287,1600012287
18,frailty,C,0,0,0,10,288,1600012288
18,frailty,C,0,0,0,10,289,1600012289
18,frailty,C,0,0,0,10,290,1600012290
18,frailty,C,0,0,0,10,291,1600012291
18,frailty,C,0,0,0,10,292,1600012292
18,frailty,C,0,0,0,10,293,1600012293
18,frailty,C,0,0,0,10,294,1600012294
18,frailty,C,0,0,0,10,295,1600012295
18,frailty,C,0,0,0,10,296,1600012296
18,frailty,C,0,0,0,10,297,1600012297
18,frailty,C,0,0,0,10,298,1600012298
18,frailty,C,0,0,0,10,299,1600012299
18,frailty,C,0,0,0,10,300,1600012300
18,frailty,C,0,0,0,10,301,1600012301
18,frailty,C,0,0,0,10,302,1600012302
18,frailty,C,0,0,0,10,303,1600012303
18,frailty,C,0,0,0,10,304,1600012304
18,frailty,C,0,0,0,10,305,1600012305
18,frailty,C,0,0,0,10,306,1600012306
18,frailty,C,0,0,0,10,307,1600012307
18,frailty,C,0,0,0,10,308,1600012308
18,frailty,C,0,0,0,10,309,1600012309
18,frailty,C,0,0,0,10,310,1600012310
18,frailty,C,0,0,0,10,311,1600012311
18,frailty,C,0,0,0,10,312,1600012312
18,frailty,C,0,0,0,10,313,1600012313
18,frailty,C,0,0,0,10,314,1600012314
18,frailty,C,0,0,0,10,315,1600012315
18,frailty,C,0,0,0,10,316,1600012316
18,frailty,C,0,0,0,10,317,1600012317
18,frailty,C,0,0,0,10,318,1600012318
18,frailty,C,0,0,0,10,319,1600012319
18,frailty,C,0,0,0,10,320,1600012320
18,frailty,C,0,0,0,10,321,1600012321
18,frailty,C,0,0,0,10,322,1600012322
18,frailty,C,0,0,0,10,323,1600012323
18,frailty,C,0,0,0,10,324,1600012324
18,frailty,C,0,0,0,10,325,1600012325
18,frailty,C,0,0,0,10,326,1600012326
18,frailty,C,0,0,0,10,327,1600012327
18,frailty,C,0,0,0,10,328,1600012328
18,frailty,C,0,0,0,10,329,1600012329
18,frailty,C,0,0,0,10,330,1600012330
18,frailty,C,0,0,0,10,331,1600012331
18,frailty,C,0,0,0,10,332,1600012332
18,frailty,C,0,0,0,10,333,1600012333
18,frailty,C,0,0,0,10,334,1600012334
18,frailty,C,0,0,0,10,335,1600012335
18,frailty,C,0,0,0,10,336,1600012336
18,frailty,C,0,0,0,10,337,1600012337
18,frailty,C,0,0,0,10,338,1600012338
18,frailty,C,0,0,0,10,339,1600012339
18,frailty,C,0,0,0,10,340,1600012340
18,frailty,C,0,0,0,10,341,1600012341
18,frailty,C,0,0,0,10,342,1600012342
18,frailty,C,0,0,0,10,343,1600012343
18,frailty,C,0,0,0,10,344,1600012344
18,frailty,C,0,0,0,10,345,1600012345
18,frailty,C,0,0,0,10,346,1600012346
18,frailty,C,0,0,0,10,347,1600012347
18,frailty,C,0,0,0,10,348,1600012348
18,frailty,C,0,0,0,10,349,1600012349
18,frailty,C,0,0,0,10,350,1600012350
18,frailty,C,0,0,0,10,351,1600012351
18,frailty,C,0,0,0,10,352,1600012352
18,frailty,C,0,0,0,10,353,1600012353
18,frailty,C,0,0,0,10,354,1600012354
18,frailty,C,0,0,0,10,355,1600012355
18,frailty,C,0,0,0,10,356,1600012356
18,frailty,C,0,0,0,10,357,1600012357
18,frailty,C,0,0,0,10,358,1600012358
18,frailty,C,0,0,0,10,359,1600012359
18,frailty,C,0,0,0,10,360,1600012360
18,frailty,C,0,0,0,10,361,1600012361
18,frailty,C,0,0,0,10,362,1600012362
18,frailty,C,0,0,0,10,363,1600012363
18,frailty,C,0,0,0,10,364,1600012364
18,frailty,C,0,0,0,10,365,1600012365
18,frailty,C,0,0,0,10,366,1600012366
18,frailty,C,0,0,0,10,367,1600012367
18,frailty,C,0,0,0,10,368,1600012368
18,frailty,C,0,0,0,10,369,1600012369
18,frailty,C,0,0,0,10,370,1600012370
18,frailty,C,0,0,0,10,371,1600012371
18,frailty,C,0,0,0,10,372,1600012372
18,frailty,C,0,0,0,10,373,1600012373
18,frailty,C,0,0,0,10,374,1600012374
18,frailty,C,0,0,0,10,375,1600012375
18,frailty,C,0,0,0,10,376,1600012376
18,frailty,C,0,0,0,10,377,1600012377
18,frailty,C,0,0,0,10,378,1600012378
18,frailty,C,0,0,0,10,379,1600012379
18,frailty,C,0,0,0,10,380,1600012380
18,frailty,C,0,0,0,10,381,1600012381
18,frailty,C,0,0,0,10,382,1600012382
18,frailty,C,0,0,0,10,383,1600012383
18,frailty,C,0,0,0,10,384,1600012384
18,frailty,C,0,0,0,10,385,1600012385
18,frailty,C,0,0,0,10,386,1600012386
18,frailty,C,0,0,0,10,387,1600012387
18,frailty,C,0,0,0,10,388,1600012388
18,frailty,C,0,0,0,10,389,1600012389
18,frailty,C,0,0,0,10,390,1600012390
18,frailty,C,0,0,0,10,391,1600012391
18,frailty,C,0,0,0,10,392,1600012392
18,frailty,C,0,0,0,10,393,1600012393
18,frailty,C,0,0,0,10,394,1600012394
18,frailty,C,0,0,0,10,395,1600012395
18,frailty,C,0,0,0,10,396,1600012396
18,frailty,C,0,0,0,10,397,1600012397
18,frailty,C,0,0,0,10,398,1600012398
18,frailty,C,0,0,0,10,399,1600012399
18,frailty,C,0,0,0,10,400,1600012400
18,frailty,C,0,0,0,10,401,1600012401
18,frailty,C,0,0,0,10,402,1600012402
18,frailty,C,0,0,0,10,403,1600012403
18,frailty,C,0,0,0,10,404,1600012404
18,frailty,C,0,0,0,10,405,1600012405
18,frailty,C,0,0,0,10,406,1600012406
18,frailty,C,0,0,0,10,407,1600012407
18,frailty,C,0,0,0,10,408,1600012408
18,frailty,C,0,0,0,10,409,1600012409
18,frailty,C,0,0,0,10,410,1600012410
18,frailty,C,0,0,0,10,411,1600012411
18,frailty,C,0,0,0,10,412,1600012412
18,frailty,C,0,0,0,10,413,1600012413
18,frailty,C,0,0,0,10,414,1600012414
18,frailty,C,0,0,0,10,415,1600012415
18,frailty,C,0,0,0,10,416,1600012416
18,frailty,C,0,0,0,10,417,1600012417
18,frailty,C,0,0,0,10,418,1600012418
18,frailty,C,0,0,0,10,419,1600012419
18,frailty,C,0,0,0,10,420,1600012420
18,frailty,C,0,0,0,10,421,1600012421
18,frailty,C,0,0,0,10,422,1600012422
18,frailty,C,0,0,0,10,423,1600012423
18,frailty,C,0,0,0,10,424,1600012424
18,frailty,C,0,0,0,10,425,1600012425
18,frailty,C,0,0,0,10,426,1600012426
18,frailty,C,0,0,0,10,427,1600012427
18,frailty,C,0,0,0,10,428,1600012428
18,frailty,C,0,0,0,10,429,1600012429
18,frailty,C,0,0,0,10,430,1600012430
18,frailty,C,0,0,0,10,431,1600012431
18,frailty,C,0,0,0,10,432,1600012432
18,frailty,C,0,0,0,10,433,1600012433
18,frailty,C,0,0,0,10,434,1600012434
18,frailty,C,0,0,0,10,435,1600012435
18,frailty,C,0,0,0,10,436,1600012436
18,frailty,C,0,0,0,10,437,1600012437
18,frailty,C,0,0,0,10,438,1600012438
18,frailty,C,0,0,0,10,439,1600012439
18,frailty,C,0,0,0,10,440,1600012440
18,frailty,C,0,0,0,10,441,1600012441
18,frailty,C,0,0,0,10,442,1600012442
18,frailty,C,0,0,0,10,443,1600012443
18,frailty,C,0,0,0,10,444,1600012444
18,frailty,C,0,0,0,10,445,1600012445
18,frailty,C,0,0,0,10,446,1600012446
18,frailty,C,0,0,0,10,447,1600012447
18,frailty,C,0,0,0,10,448,1600012448
18,frailty,C,0,0,0,10,449,1600012449
18,frailty,C,0,0,0,10,450,1600012450
18,frailty,C,0,0,0,10,451,1600012451
18,frailty,C,0,0,0,10,452,1600012452
18,frailty,C,0,0,0,10,453,1600012453
18,frailty,C,0,0,0,10,454,1600012454
18,frailty,C,0,0,0,10,455,1600012455
18,frailty,C,0,0,0,10,456,1600012456
18,frailty,C,0,0,0,10,457,1600012457
18,frailty,C,0,0,0,10,458,1600012458
18,frailty,C,0,0,0,10,459,1600012459
18,frailty,C,0,0,0,10,460,1600012460
18,frailty,C,0,0,0,10,461,1600012461
18,frailty,C,0,0,0,10,462,1600012462
18,frailty,C,0,0,0,10,463,1600012463
18,frailty,C,0,0,0,10,464,1600012464
18,frailty,C,0,0,0,10,465,1600012465
18,frailty,C,0,0,0,10,466,1600012466
18,frailty,C,0,0,0,10,467,1600012467
18,frailty,C,0,0,0,10,468,1600012468
18,frailty,C,0,0,0,10,469,1600012469
18,frailty,C,0,0,0,10,470,1600012470
18,frailty,C,0,0,0,10,471,1600012471
18,frailty,C,0,0,0,10,472,1600012472
18,frailty,C,0,0,0,10,473,1600012473
18,frailty,C,0,0,0,10,474,1600012474
18,frailty,C,0,0,0,10,475,1600012475
18,frailty,C,0,0,0,10,476,1600012476
18,frailty,C,0,0,0,10,477,1600012477
18,frailty,C,0,0,0,10,478,1600012478
18,frailty,C,0,0,0,10,479,1600012479
18,frailty,C,0,0,0,10,480,1600012480
18,frailty,C,0,0,0,10,481,1600012481
18,frailty,C,0,0,0,10,482,1600012482
18,frailty,C,0,0,0,10,483,1600012483
18,frailty,C,0,0,0,10,484,1600012484
18,frailty,C,0,0,0,10,485,1600012485
18,frailty,C,0,0,0,10,486,1600012486
18,frailty,C,0,0,0,10,487,1600012487
18,frailty,C,0,0,0,10,488,1600012488
18,frailty,C,0,0,0,10,489,1600012489
18,frailty,C,0,0,0,10,490,1600012490
18,frailty,C,0,0,0,10,491,1600012491
18,frailty,C,0,0,0,10,492,1600012492
18,frailty,C,0,0,0,10,493,1600012493
18,frailty,C,0,0,0,10,494,1600012494
18,frailty,C,0,0,0,10,495,1600012495
18,frailty,C,0,0,0,10,496,1600012496
18,frailty,C,0,0,0,10,497,1600012497
18,frailty,C,0,0,0,10,498,1600012498
18,frailty,C,0,0,0,10,499,1600012499
18,frailty,C,0,0,0,10,500,1600012500
18,frailty,C,0,0,0,10,501,1600012501
18,frailty,C,0,0,0,10,502,1600012502
18,frailty,C,0,0,0,10,503,1600012503
18,frailty,C,0,0,0,10,504,1600012504
18,frailty,C,0,0,0,10,505,1600012505
18,frailty,C,0,0,0,10,506,1600012506
18,frailty,C,0,0,0,10,507,1600012507
18,frailty,C,0,0,0,10,508,1600012508
18,frailty,C,0,0,0,10,509,1600012509
18,frailty,C,0,0,0,10,510,1600012510
18,frailty,C,0,0,0,10,511,1600012511
18,frailty,C,0,0,0,10,512,1600012512
18,frailty,C,0,0,0,10,513,1600012513
18,frailty,C,0,0,0,10,514,1600012514
18,frailty,C,0,0,0,10,515,1600012515
18,frailty,C,0,0,0,10,516,1600012516
18,frailty,C,0,0,0,10,517,1600012517
18,frailty,C,0,0,0,10,518,1600012518
18,frailty,C,0,0,0,10,519,1600012519
18,frailty,C,0,0,0,10,520,1600012520
18,frailty,C,0,0,0,10,521,1600012521
18,frailty,C,0,0,0,10,522,1600012522
18,frailty,C,0,0,0,10,523,1600012523
18,frailty,C,0,0,0,10,524,1600012524
18,frailty,C,0,0,0,10,525,1600012525
18,frailty,C,0,0,0,10,526,1600012526
18,frailty,C,0,0,0,10,527,1600012527
18,frailty,C,0,0,0,10,528,1600012528
18,frailty,C,0,0,0,10,529,1600012529
18,frailty,C,0,0,0,10,530,1600012530
18,frailty,C,0,0,0,10,531,1600012531
18,frailty,C,0,0,0,10,532,1600012532
18,frailty,C,0,0,0,10,533,1600012533
18,frailty,C,0,0,0,10,534,1600012534
18,frailty,C,0,0,0,10,535,1600012535
18,frailty,C,0,0,0,10,536,1600012536
18,frailty,C,0,0,0,10,537,1600012537
18,frailty,C,0,0,0,10,538,1600012538
18,frailty,C,0,0,0,10,539,1600012539
18,frailty,C,0,0,0,10,540,1600012540
18,frailty,C,0,0,0,10,541,1600012541
18,frailty,C,0,0,0,10,542,1600012542
18,frailty,C,0,0,0,10,543,1600012543
18,frailty,C,0,0,0,10,544,1600012544
18,frailty,C,0,0,0,10,545,1600012545
18,frailty,C,0,0,0,10,546,1600012546
18,frailty,C,0,0,0,10,547,1600012547
18,frailty,C,0,0,0,10,548,1600012548
18,frailty,C,0,0,0,10,549,1600012549
18,frailty,C,0,0,0,10,550,1600012550
18,frailty,C,0,0,0,10,551,1600012551
18,frailty,C,0,0,0,10,552,1600012552
18,frailty,C,0,0,0,10,553,1600012553
18,frailty,C,0,0,0,10,554,1600012554
18,frailty,C,0,0,0,10,555,1600012555
18,frailty,C,0,0,0,10,556,1600012556
18,frailty,C,0,0,0,10,557,1600012557
18,frailty,C,0,0,0,10,558,1600012558
18,frailty,C,0,0,0,10,559,1600012559
18,frailty,C,0,0,0,10,560,1600012560
18,frailty,C,0,0,0,10,561,1600012561
18,frailty,C,0,0,0,10,562,1600012562
18,frailty,C,0,0,0,10,563,1600012563
18,frailty,C,0,0,0,10,564,1600012564
18,frailty,C,0,0,0,10,565,1600012565
18,frailty,C,0,0,0,10,566,1600012566
18,frailty,C,0,0,0,10,567,1600012567
18,frailty,C,0,0,0,10,568,1600012568
18,frailty,C,0,0,0,10,569,1600012569
18,frailty,C,0,0,0,10,570,1600012570
18,frailty,C,0,0,0,10,571,1600012571
18,frailty,C,0,0,0,10,572,1600012572
18,frailty,C,0,0,0,10,573,1600012573
18,frailty,C,0,0,0,10,574,1600012574
18,frailty,C,0,0,0,10,575,1600012575
18,frailty,C,0,0,0,10,576,1600012576
18,frailty,C,0,0,0,10,577,1600012577
18,frailty,C,0,0,0,10,578,1600012578
18,frailty,C,0,0,0,10,579,1600012579
18,frailty,C,0,0,0,10,580,1600012580
18,frailty,C,0,0,0,10,581,1600012581
18,frailty,C,0,0,0,10,582,1600012582
18,frailty,C,0,0,0,10,583,1600012583
18,frailty,C,0,0,0,10,584,1600012584
18,frailty,C,0,0,0,10,585,1600012585
18,frailty,C,0,0,0,10,586,1600012586
18,frailty,C,0,0,0,10,587,1600012587
18,frailty,C,0,0,0,10,588,1600012588
18,frailty,C,0,0,0,10,589,1600012589
18,frailty,C,0,0,0,10,590,1600012590
18,frailty,C,0,0,0,10,591,1600012591
18,frailty,C,0,0,0,10,592,1600012592
18,frailty,C,0,0,0,10,593,1600012593
18,frailty,C,0,0,0,10,594,1600012594
18,frailty,C,0,0,0,10,595,1600012595
18,frailty,C,0,0,0,10,596,1600012596
18,frailty,C,0,0,0,10,597,1600012597
18,frailty,C,0,0,0,10,598,1600012598
18,frailty,C,0,0,0,10,599,1600012599
18,frailty,C,0,0,0,10,600,1600012600
18,frailty,C,0,0,0,10,601,1600012601
18,frailty,C,0,0,0,10,602,1600012602
18,frailty,C,0,0,0,10,603,1600012603
18,frailty,C,0,0,0,10,604,1600012604
18,frailty,C,0,0,0,10,605,1600012605
18,frailty,C,0,0,0,10,606,1600012606
18,frailty,C,0,0,0,10,607,1600012607
18,frailty,C,0,0,0,10,608,1600012608
18,frailty,C,0,0,0,10,609,1600012609
18,frailty,C,0,0,0,10,610,1600012610
18,frailty,C,0,0,0,10,611,1600012611
18,frailty,C,0,0,0,10,612,1600012612
18,frailty,C,0,0,0,10,613,1600012613
18,frailty,C,0,0,0,10,614,1600012614
18,frailty,C,0,0,0,10,615,1600012615
18,frailty,C,0,0,0,10,616,1600012616
18,frailty,C,0,0,0,10,617,1600012617
18,frailty,C,0,0,0,10,618,1600012618
18,frailty,C,0,0,0,10,619,1600012619
18,frailty,C,0,0,0,10,620,1600012620
18,frailty,C,0,0,0,10,621,1600012621
18,frailty,C,0,0,0,10,622,1600012622
18,frailty,C,0,0,0,10,623,1600012623
18,frailty,C,0,0,0,10,624,1600012624
18,frailty,C,0,0,0,10,625,1600012625
18,frailty,C,0,0,0,10,626,1600012626
18,frailty,C,0,0,0,10,627,1600012627
18,frailty,C,0,0,0,10,628,1600012628
18,frailty,C,0,0,0,10,629,1600012629
18,frailty,C,0,0,0,10,630,1600012630
18,frailty,C,0,0,0,10,631,1600012631
18,frailty,C,0,0,0,10,632,1600012632
18,frailty,C,0,0,0,10,633,1600012633
18,frailty,C,0,0,0,10,634,1600012634
18,frailty,C,0,0,0,10,635,1600012635
18,frailty,C,0,0,0,10,636,1600012636
18,frailty,C,0,0,0,10,637,1600012637
18,frailty,C,0,0,0,10,638,1600012638
18,frailty,C,0,0,0,10,639,1600012639
18,frailty,C,0,0,0,10,640,1600012640
18,frailty,C,0,0,0,10,641,1600012641
18,frailty,C,0,0,0,10,642,1600012642
18,frailty,C,0,0,0,10,643,1600012643
18,frailty,C,0,0,0,10,644,1600012644
18,frailty,C,0,0,0,10,645,1600012645
18,frailty,C,0,0,0,10,646,1600012646
18,frailty,C,0,0,0,10,647,1600012647
18,frailty,C,0,0,0,10,648,1600012648
18,frailty,C,0,0,0,10,649,1600012649
18,frailty,C,0,0,0,10,650,1600012650
18,frailty,C,0,0,0,10,651,1600012651
18,frailty,C,0,0,0,10,652,1600012652
18,frailty,C,0,0,0,10,653,1600012653
18,frailty,C,0,0,0,10,654,1600012654
18,frailty,C,0,0,0,10,655,1600012655
18,frailty,C,0,0,0,10,656,1600012656
18,frailty,C,0,0,0,10,657,1600012657
18,frailty,C,0,0,0,10,658,1600012658
18,frailty,C,0,0,0,10,659,1600012659
18,frailty,C,0,0,0,10,660,1600012660
18,frailty,C,0,0,0,10,661,1600012661
18,frailty,C,0,0,0,10,662,1600012662
18,frailty,C,0,0,0,10,663,1600012663
18,frailty,C,0,0,0,10,664,1600012664
18,frailty,C,0,0,0,10,665,1600012665
18,frailty,C,0,0,0,10,666,1600012666
18,frailty,C,0,0,0,10,667,1600012667
18,frailty,C,0,0,0,10,668,1600012668
18,frailty,C,0,0,0,10,669,1600012669
18,frailty,C,0,0,0,10,670,1600012670
18,frailty,C,0,0,0,10,671,1600012671
18,frailty,C,0,0,0,10,672,1600012672
18,frailty,C,0,0,0,10,673,1600012673
18,frailty,C,0,0,0,10,674,1600012674
18,frailty,C,0,0,0,10,675,1600012675
18,frailty,C,0,0,0,10,676,1600012676
18,frailty,C,0,0,0,10,677,1600012677
18,frailty,C,0,0,0,10,678,1600012678
18,frailty,C,0,0,0,10,679,1600012679
18,frailty,C,0,0,0,10,680,1600012680
18,frailty,C,0,0,0,10,681,1600012681
18,frailty,C,0,0,0,10,682,1600012682
18,frailty,C,0,0,0,10,683,1600012683
18,frailty,C,0,0,0,10,684,1600012684
18,frailty,C,0,0,0,10,685,1600012685
18,frailty,C,0,0,0,10,686,1600012686
18,frailty,C,0,0,0,10,687,1600012687
18,frailty,C,0,0,0,10,688,1600012688
18,frailty,C,0,0,0,10,689,1600012689
18,frailty,C,0,0,0,10,690,1600012690
18,frailty,C,0,0,0,10,691,1600012691
18,frailty,C,0,0,0,10,692,1600012692
18,frailty,C,0,0,0,10,693,1600012693
18,frailty,C,0,0,0,10,694,1600012694
18,frailty,C,0,0,0,10,695,1600012695
18,frailty,C,0,0,0,10,696,1600012696
18,frailty,C,0,0,0,10,697,1600012697
18,frailty,C,0,0,0,10,698,1600012698
18,frailty,C,0,0,0,10,699,1600012699
18,frailty,C,0,0,0,10,700,1600012700
18,frailty,C,0,0,0,10,701,1600012701
18,frailty,C,0,0,0,10,702,1600012702
18,frailty,C,0,0,0,10,703,1600012703
18,frailty,C,0,0,0,10,704,1600012704
18,frailty,C,0,0,0,10,705,1600012705
18,frailty,C,0,0,0,10,706,1600012706
18,frailty,C,0,0,0,10,707,1600012707
18,frailty,C,0,0,0,10,708,1600012708
18,frailty,C,0,0,0,10,709,1600012709
18,frailty,C,0,0,0,10,710,1600012710
18,frailty,C,0,0,0,10,711,1600012711
18,frailty,C,0,0,0,10,712,1600012712
18,frailty,C,0,0,0,10,713,1600012713
18,frailty,C,0,0,0,10,714,1600012714
18,frailty,C,0,0,0,10,715,1600012715
18,frailty,C,0,0,0,10,716,1600012716
18,frailty,C,0,0,0,10,717,1600012717
18,frailty,C,0,0,0,10,718,1600012718
18,frailty,C,0,0,0,10,719,1600012719
18,frailty,C,0,0,0,10,720,1600012720
18,frailty,C,0,0,0,10,721,1600012721
18,frailty,C,0,0,0,10,722,1600012722
18,frailty,C,0,0,0,10,723,1600012723
18,frailty,C,0,0,0,10,724,1600012724
18,frailty,C,0,0,0,10,725,1600012725
18,frailty,C,0,0,0,10,726,1600012726
18,frailty,C,0,0,0,10,727,1600012727
18,frailty,C,0,0,0,10,728,1600012728
18,frailty,C,0,0,0,10,729,1600012729
18,frailty,C,0,0,0,10,730,1600012730
18,frailty,C,0,0,0,10,731,1600012731
18,frailty,C,0,0,0,10,732,1600012732
18,frailty,C,0,0,0,10,733,1600012733
18,frailty,C,0,0,0,10,734,1600012734
18,frailty,C,0,0,0,10,735,1600012735
18,frailty,C,0,0,0,10,736,1600012736
18,frailty,C,0,0,0,10,737,1600012737
18,frailty,C,0,0,0,10,738,1600012738
18,frailty,C,0,0,0,10,739,1600012739
18,frailty,C,0,0,0,10,740,1600012740
18,frailty,C,0,0,0,10,741,1600012741
18,frailty,C,0,0,0,10,742,1600012742
18,frailty,C,0,0,0,10,743,1600012743
18,frailty,C,0,0,0,10,744,1600012744
18,frailty,C,0,0,0,10,745,1600012745
18,frailty,C,0,0,0,10,746,1600012746
18,frailty,C,0,0,0,10,747,1600012747
18,frailty,C,0,0,0,10,748,1600012748
18,frailty,C,0,0,0,10,749,1600012749
18,frailty,C,0,0,0,10,750,1600012750
18,frailty,C,0,0,0,10,751,1600012751
18,frailty,C,0,0,0,10,752,1600012752
18,frailty,C,0,0,0,10,753,1600012753
18,frailty,C,0,0,0,10,754,1600012754
18,frailty,C,0,0,0,10,755,1600012755
18,frailty,C,0,0,0,10,756,1600012756
18,frailty,C,0,0,0,10,757,1600012757
18,frailty,C,0,0,0,10,758,1600012758
18,frailty,C,0,0,0,10,759,1600012759
18,frailty,C,0,0,0,10,760,1600012760
18,frailty,C,0,0,0,10,761,1600012761
18,frailty,C,0,0,0,10,762,1600012762
18,frailty,C,0,0,0,10,763,1600012763
18,frailty,C,0,0,0,10,764,1600012764
18,frailty,C,0,0,0,10,765,1600012765
18,frailty,C,0,0,0,10,766,1600012766
18,frailty,C,0,0,0,10,767,1600012767
18,frailty,C,0,0,0,10,768,1600012768
18,frailty,C,0,0,0,10,769,1600012769
18,frailty,C,0,0,0,10,770,1600012770
18,frailty,C,0,0,0,10,771,1600012771
18,frailty,C,0,0,0,10,772,1600012772
18,frailty,C,0,0,0,10,773,1600012773
18,frailty,C,0,0,0,10,774,1600012774
18,frailty,C,0,0,0,10,775,1600012775
18,frailty,C,0,0,0,10,776,1600012776
18,frailty,C,0,0,0,10,777,1600012777
18,frailty,C,0,0,0,10,778,1600012778
18,frailty,C,0,0,0,10,779,1600012779
18,frailty,C,0,0,0,10,780,1600012780
18,frailty,C,0,0,0,10,781,1600012781
18,frailty,C,0,0,0,10,782,1600012782
18,frailty,C,0,0,0,10,783,1600012783
18,frailty,C,0,0,0,10,784,1600012784
18,frailty,C,0,0,0,10,785,1600012785
18,frailty,C,0,0,0,10,786,1600012786
18,frailty,C,0,0,0,10,787,1600012787
18,frailty,C,0,0,0,10,788,1600012788
18,frailty,C,0,0,0,10,789,1600012789
18,frailty,C,0,0,0,10,790,1600012790
18,frailty,C,0,0,0,10,791,1600012791
18,frailty,C,0,0,0,10,792,1600012792
18,frailty,C,0,0,0,10,793,1600012793
18,frailty,C,0,0,0,10,794,1600012794
18,frailty,C,0,0,0,10,795,1600012795
18,frailty,C,0,0,0,10,796,1600012796
18,frailty,C,0,0,0,10,797,1600012797
18,frailty,C,0,0,0,10,798,1600012798
18,frailty,C,0,0,0,10,799,1600012799
18,frailty,C,0,0,0,10,800,1600012800
18,frailty,C,0,0,0,10,801,1600012801
18,frailty,C,0,0,0,10,802,1600012802
18,frailty,C,0,0,0,10,803,1600012803
18,frailty,C,0,0,0,10,804,1600012804
18,frailty,C,0,0,0,10,805,1600012805
18,frailty,C,0,0,0,10,806,1600012806
18,frailty,C,0,0,0,10,807,1600012807
18,frailty,C,0,0,0,10,808,1600012808
18,frailty,C,0,0,0,10,809,1600012809
18,frailty,C,0,0,0,10,810,1600012810
18,frailty,C,0,0,0,10,811,1600012811
18,frailty,C,0,0,0,10,812,1600012812
18,frailty,C,0,0,0,10,813,1600012813
18,frailty,C,0,0,0,10,814,1600012814
18,frailty,C,0,0,0,10,815,1600012815
18,frailty,C,0,0,0,10,816,1600012816
18,frailty,C,0,0,0,10,817,1600012817
18,frailty,C,0,0,0,10,818,1600012818
18,frailty,C,0,0,0,10,819,1600012819
18,frailty,C,0,0,0,10,820,1600012820
18,frailty,C,0,0,0,10,821,1600012821
18,frailty,C,0,0,0,10,822,1600012822
18,frailty,C,0,0,0,10,823,1600012823
18,frailty,C,0,0,0,10,824,1600012824
18,frailty,C,0,0,0,10,825,1600012825
18,frailty,C,0,0,0,10,826,1600012826
18,frailty,C,0,0,0,10,827,1600012827
18,frailty,C,0,0,0,10,828,1600012828
18,frailty,C,0,0,0,10,829,1600012829
18,frailty,C,0,0,0,10,830,1600012830
18,frailty,C,0,0,0,10,831,1600012831
18,frailty,C,0,0,0,10,832,1600012832
18,frailty,C,0,0,0,10,833,1600012833
18,frailty,C,0,0,0,10,834,1600012834
18,frailty,C,0,0,0,10,835,1600012835
18,frailty,C,0,0,0,10,836,1600012836
18,frailty,C,0,0,0,10,837,1600012837
18,frailty,C,0,0,0,10,838,1600012838
18,frailty,C,0,0,0,10,839,1600012839
18,frailty,C,0,0,0,10,840,1600012840
18,frailty,C,0,0,0,10,841,1600012841
18,frailty,C,0,0,0,10,842,1600012842
18,frailty,C,0,0,0,10,843,1600012843
18,frailty,C,0,0,0,10,844,1600012844
18,frailty,C,0,0,0,10,845,1600012845
18,frailty,C,0,0,0,10,846,1600012846
18,frailty,C,0,0,0,10,847,1600012847
18,frailty,C,0,0,0,10,848,1600012848
18,frailty,C,0,0,0,10,849,1600012849
18,frailty,C,0,0,0,10,850,1600012850
18,frailty,C,0,0,0,10,851,1600012851
18,frailty,C,0,0,0,10,852,1600012852
18,frailty,C,0,0,0,10,853,1600012853
18,frailty,C,0,0,0,10,854,1600012854
18,frailty,C,0,0,0,10,855,1600012855
18,frailty,C,0,0,0,10,856,1600012856
18,frailty,C,0,0,0,10,857,1600012857
18,frailty,C,0,0,0,10,858,1600012858
18,frailty,C,0,0,0,10,859,1600012859
18,frailty,C,0,0,0,10,860,1600012860
18,frailty,C,0,0,0,10,861,1600012861
18,frailty,C,0,0,0,10,862,1600012862
18,frailty,C,0,0,0,10,863,1600012863
18,frailty,C,0,0,0,10,864,1600012864
18,frailty,C,0,0,0,10,865,1600012865
18,frailty,C,0,0,0,10,866,1600012866
18,frailty,C,0,0,0,10,867,1600012867
18,frailty,C,0,0,0,10,868,1600012868
18,frailty,C,0,0,0,10,869,1600012869
18,frailty,C,0,0,0,10,870,1600012870
18,frailty,C,0,0,0,10,871,1600012871
18,frailty,C,0,0,0,10,872,1600012872
18,frailty,C,0,0,0,10,873,1600012873
18,frailty,C,0,0,0,10,874,1600012874
18,frailty,C,0,0,0,10,875,1600012875
18,frailty,C,0,0,0,10,876,1600012876
18,frailty,C,0,0,0,10,877,1600012877
18,frailty,C,0,0,0,10,878,1600012878
18,frailty,C,0,0,0,10,879,1600012879
18,frailty,C,0,0,0,10,880,1600012880
18,frailty,C,0,0,0,10,881,1600012881
18,frailty,C,0,0,0,10,882,1600012882
18,frailty,C,0,0,0,10,883,1600012883
18,frailty,C,0,0,0,10,884,1600012884
18,frailty,C,0,0,0,10,885,1600012885
18,frailty,C,0,0,0,10,886,1600012886
18,frailty,C,0,0,0,10,887,1600012887
18,frailty,C,0,0,0,10,888,1600012888
18,frailty,C,0,0,0,10,889,1600012889
18,frailty,C,0,0,0,10,890,1600012890
18,frailty,C,0,0,0,10,891,1600012891
18,frailty,C,0,0,0,10,892,1600012892
18,frailty,C,0,0,0,10,893,1600012893
18,frailty,C,0,0,0,10,894,1600012894
18,frailty,C,0,0,0,10,895,1600012895
18,frailty,C,0,0,0,10,896,1600012896
18,frailty,C,0,0,0,10,897,1600012897
18,frailty,C,0,0,0,10,898,1600012898
18,frailty,C,0,0,0,10,899,1600012899
18,frailty,C,0,0,0,10,900,1600012900
18,frailty,C,0,0,0,10,901,1600012901
18,frailty,C,0,0,0,10,902,1600012902
18,frailty,C,0,0,0,10,903,1600012903
18,frailty,C,0,0,0,10,904,1600012904
18,frailty,C,0,0,0,10,905,1600012905
18,frailty,C,0,0,0,10,906,1600012906
18,frailty,C,0,0,0,10,907,1600012907
18,frailty,C,0,0,0,10,908,1600012908
18,frailty,C,0,0,0,10,909,1600012909
18,frailty,C,0,0,0,10,910,1600012910
18,frailty,C,0,0,0,10,911,1600012911
18,frailty,C,0,0,0,10,912,1600012912
18,frailty,C,0,0,0,10,913,1600012913
18,frailty,C,0,0,0,10,914,1600012914
18,frailty,C,0,0,0,10,915,1600012915
18,frailty,C,0,0,0,10,916,1600012916
18,frailty,C,0,0,0,10,917,1600012917
18,frailty,C,0,0,0,10,918,1600012918
18,frailty,C,0,0,0,10,919,1600012919
18,frailty,C,0,0,0,10,920,1600012920
18,frailty,C,0,0,0,10,921,1600012921
18,frailty,C,0,0,0,10,922,1600012922
18,frailty,C,0,0,0,10,923,1600012923
18,frailty,C,0,0,0,10,924,1600012924
18,frailty,C,0,0,0,10,925,1600012925
18,frailty,C,0,0,0,10,926,1600012926
18,frailty,C,0,0,0,10,927,1600012927
18,frailty,C,0,0,0,10,928,1600012928
18,frailty,C,0,0,0,10,929,1600012929
18,frailty,C,0,0,0,10,930,1600012930
18,frailty,C,0,0,0,10,931,1600012931
18,frailty,C,0,0,0,10,932,1600012932
18,frailty,C,0,0,0,10,933,1600012933
18,frailty,C,0,0,0,10,934,1600012934
18,frailty,C,0,0,0,10,935,1600012935
18,frailty,C,0,0,0,10,936,1600012936
18,frailty,C,0,0,0,10,937,1600012937
18,frailty,C,0,0,0,10,938,1600012938
18,frailty,C,0,0,0,10,939,1600012939
18,frailty,C,0,0,0,10,940,1600012940
18,frailty,C,0,0,0,10,941,1600012941
18,frailty,C,0,0,0,10,942,1600012942
18,frailty,C,0,0,0,10,943,1600012943
18,frailty,C,0,0,0,10,944,1600012944
18,frailty,C,0,0,0,10,945,1600012945
18,frailty,C,0,0,0,10,946,1600012946
18,frailty,C,0,0,0,10,947,1600012947
18,frailty,C,0,0,0,10,948,1600012948
18,frailty,C,0,0,0,10,949,1600012949
18,frailty,C,0,0,0,10,950,1600012950
18,frailty,C,0,0,0,10,951,1600012951
18,frailty,C,0,0,0,10,952,1600012952
18,frailty,C,0,0,0,10,953,1600012953
18,frailty,C,0,0,0,10,954,1600012954
18,frailty,C,0,0,0,10,955,1600012955
18,frailty,C,0,0,0,10,956,1600012956
18,frailty,C,0,0,0,10,957,1600012957
18,frailty,C,0,0,0,10,958,1600012958
18,frailty,C,0,0,0,10,959,1600012959
18,frailty,C,0,0,0,10,960,1600012960
18,frailty,C,0,0,0,10,961,1600012961
18,frailty,C,0,0,0,10,962,1600012962
18,frailty,C,0,0,0,10,963,1600012963
18,frailty,C,0,0,0,10,964,1600012964
18,frailty,C,0,0,0,10,965,1600012965
18,frailty,C,0,0,0,10,966,1600012966
18,frailty,C,0,0,0,10,967,1600012967
18,frailty,C,0,0,0,10,968,1600012968
18,frailty,C,0,0,0,10,969,1600012969
18,frailty,C,0,0,0,10,970,1600012970
18,frailty,C,0,0,0,10,971,1600012971
18,frailty,C,0,0,0,10,972,1600012972
18,frailty,C,0,0,0,10,973,1600012973
18,frailty,C,0,0,0,10,974,1600012974
18,frailty,C,0,0,0,10,975,1600012975
18,frailty,C,0,0,0,10,976,1600012976
18,frailty,C,0,0,0,10,977,1600012977
18,frailty,C,0,0,0,10,978,1600012978
18,frailty,C,0,0,0,10,979,1600012979
18,frailty,C,0,0,0,10,980,1600012980
18,frailty,C,0,0,0,10,981,1600012981
18,frailty,C,0,0,0,10,982,1600012982
18,frailty,C,0,0,0,10,983,1600012983
18,frailty,C,0,0,0,10,984,1600012984
18,frailty,C,0,0,0,10,985,1600012985
18,frailty,C,0,0,0,10,986,1600012986
18,frailty,C,0,0,0,10,987,1600012987
18,frailty,C,0,0,0,10,988,1600012988
18,frailty,C,0,0,0,10,989,1600012989
18,frailty,C,0,0,0,10,990,1600012990
18,frailty,C,0,0,0,10,991,1600012991
18,frailty,C,0,0,0,10,992,1600012992
18,frailty,C,0,0,0,10,993,1600012993
18,frailty,C,0,0,0,10,994,1600012994
18,frailty,C,0,0,0,10,995,1600012995
18,frailty,C,0,0,0,10,996,1600012996
18,frailty,C,0,0,0,10,997,1600012997
18,frailty,C,0,0,0,10,998,1600012998
18,frailty,C,0,0,0,10,999,1600012999
18,frailty,C,0,0,0,10,1000,1600013000
19,frailty,C,0,0.5,-2,0.25,1,1600014001
19,frailty,C,0,0.5,-2,0.25,2,1600014002
19,frailty,C,0,0.5,-2,0.25,3,1600014003
19,frailty,C,0,0.5,-2,0.25,4,1600014004
19,frailty,C,0,0.5,-2,0.25,5,1600014005
19,frailty,C,0,0.5,-2,0.25,6,1600014006
19,frailty,C,0,0.5,-2,0.25,7,1600014007
19,frailty,C,0,0.5,-2,0.25,8,1600014008
19,frailty,C,0,0.5,-2,0.25,9,1600014009
19,frailty,C,0,0.5,-2,0.25,10,1600014010
19,frailty,C,0,0.5,-2,0.25,11,1600014011
19,frailty,C,0,0.5,-2,0.25,12,1600014012
19,frailty,C,0,0.5,-2,0.25,13,1600014013
19,frailty,C,0,0.5,-2,0.25,14,1600014014
19,frailty,C,0,0.5,-2,0.25,15,1600014015
19,frailty,C,0,0.5,-2,0.25,16,1600014016
19,frailty,C,0,0.5,-2,0.25,17,1600014017
19,frailty,C,0,0.5,-2,0.25,18,1600014018
19,frailty,C,0,0.5,-2,0.25,19,1600014019
19,frailty,C,0,0.5,-2,0.25,20,1600014020
19,frailty,C,0,0.5,-2,0.25,21,1600014021
19,frailty,C,0,0.5,-2,0.25,22,1600014022
19,frailty,C,0,0.5,-2,0.25,23,1600014023
19,frailty,C,0,0.5,-2,0.25,24,1600014024
19,frailty,C,0,0.5,-2,0.25,25,1600014025
19,frailty,C,0,0.5,-2,0.25,26,1600014026
19,frailty,C,0,0.5,-2,0.25,27,1600014027
19,frailty,C,0,0.5,-2,0.25,28,1600014028
19,frailty,C,0,0.5,-2,0.25,29,1600014029
19,frailty,C,0,0.5,-2,0.25,30,1600014030
19,frailty,C,0,0.5,-2,0.25,31,1600014031
19,frailty,C,0,0.5,-2,0.25,32,1600014032
19,frailty,C,0,0.5,-2,0.25,33,1600014033
19,frailty,C,0,0.5,-2,0.25,34,1600014034
19,frailty,C,0,0.5,-2,0.25,35,1600014035
19,frailty,C,0,0.5,-2,0.25,36,1600014036
19,frailty,C,0,0.5,-2,0.25,37,1600014037
19,frailty,C,0,0.5,-2,0.25,38,1600014038
19,frailty,C,0,0.5,-2,0.25,39,1600014039
19,frailty,C,0,0.5,-2,0.25,40,1600014040
19,frailty,C,0,0.5,-2,0.25,41,1600014041
19,frailty,C,0,0.5,-2,0.25,42,1600014042
19,frailty,C,0,0.5,-2,0.25,43,1600014043
19,frailty,C,0,0.5,-2,0.25,44,1600014044
19,frailty,C,0,0.5,-2,0.25,45,1600014045
19,frailty,C,0,0.5,-2,0.25,46,1600014046
19,frailty,C,0,0.5,-2,0.25,47,1600014047
19,frailty,C,0,0.5,-2,0.25,48,1600014048
19,frailty,C,0,0.5,-2,0.25,49,1600014049
19,frailty,C,0,0.5,-2,0.25,50,1600014050
19,frailty,C,0,0.5,-2,0.25,51,1600014051
19,frailty,C,0,0.5,-2,0.25,52,1600014052
19,frailty,C,0,0.5,-2,0.25,53,1600014053
19,frailty,C,0,0.5,-2,0.25,54,1600014054
19,frailty,C,0,0.5,-2,0.25,55,1600014055
19,frailty,C,0,0.5,-2,0.25,56,1600014056
19,frailty,C,0,0.5,-2,0.25,57,1600014057
19,frailty,C,0,0.5,-2,0.25,58,1600014058
19,frailty,C,0,0.5,-2,0.25,59,1600014059
19,frailty,C,0,0.5,-2,0.25,60,1600014060
19,frailty,C,0,0.5,-2,0.25,61,1600014061
19,frailty,C,0,0.5,-2,0.25,62,1600014062
19,frailty,C,0,0.5,-2,0.25,63,1600014063
19,frailty,C,0,0.5,-2,0.25,64,1600014064
19,frailty,C,0,0.5,-2,0.25,65,1600014065
19,frailty,C,0,0.5,-2,0.25,66,1600014066
19,frailty,C,0,0.5,-2,0.25,67,1600014067
19,frailty,C,0,0.5,-2,0.25,68,1600014068
19,frailty,C,0,0.5,-2,0.25,69,1600014069
19,frailty,C,0,0.5,-2,0.25,70,1600014070
19,frailty,C,0,0.5,-2,0.25,71,1600014071
19,frailty,C,0,0.5,-2,0.25,72,1600014072
19,frailty,C,0,0.5,-2,0.25,73,1600014073
19,frailty,C,0,0.5,-2,0.25,74,1600014074
19,frailty,C,0,0.5,-2,0.25,75,1600014075
19,frailty,C,0,0.5,-2,0.25,76,1600014076
19,frailty,C,0,0.5,-2,0.25,77,1600014077
19,frailty,C,0,0.5,-2,0.25,78,1600014078
19,frailty,C,0,0.5,-2,0.25,79,1600014079
19,frailty,C,0,0.5,-2,0.25,80,1600014080
19,frailty,C,0,0.5,-2,0.25,81,1600014081
19,frailty,C,0,0.5,-2,0.25,82,1600014082
19,frailty,C,0,0.5,-2,0.25,83,1600014083
19,frailty,C,0,0.5,-2,0.25,84,1600014084
19,frailty,C,0,0.5,-2,0.25,85,1600014085
19,frailty,C,0,0.5,-2,0.25,86,1600014086
19,frailty,C,0,0.5,-2,0.25,87,1600014087
19,frailty,C,0,0.5,-2,0.25,88,1600014088
19,frailty,C,0,0.5,-2,0.25,89,1600014089
19,frailty,C,0,0.5,-2,0.25,90,1600014090
19,frailty,C,0,0.5,-2,0.25,91,1600014091
19,frailty,C,0,0.5,-2,0.25,92,1600014092
19,frailty,C,0,0.5,-2,0.25,93,1600014093
19,frailty,C,0,0.5,-2,0.25,94,1600014094
19,frailty,C,0,0.5,-2,0.25,95,1600014095
19,frailty,C,0,0.5,-2,0.25,96,1600014096
19,frailty,C,0,0.5,-2,0.25,97,1600014097
19,frailty,C,0,0.5,-2,0.25,98,1600014098
19,frailty,C,0,0.5,-2,0.25,99,1600014099
19,frailty,C,0,0.5,-2,0.25,100,1600014100
19,frailty,C,0,0.5,-2,0.25,101,1600014101
19,frailty,C,0,0.5,-2,0.25,102,1600014102
19,frailty,C,0,0.5,-2,0.25,103,1600014103
19,frailty,C,0,0.5,-2,0.25,104,1600014104
19,frailty,C,0,0.5,-2,0.25,105,1600014105
19,frailty,C,0,0.5,-2,0.25,106,1600014106
19,frailty,C,0,0.5,-2,0.25,107,1600014107
19,frailty,C,0,0.5,-2,0.25,108,1600014108
19,frailty,C,0,0.5,-2,0.25,109,1600014109
19,frailty,C,0,0.5,-2,0.25,110,1600014110
19,frailty,C,0,0.5,-2,0.25,111,1600014111
19,frailty,C,0,0.5,-2,0.25,112,1600014112
19,frailty,C,0,0.5,-2,0.25,113,1600014113
19,frailty,C,0,0.5,-2,0.25,114,1600014114
19,frailty,C,0,0.5,-2,0.25,115,1600014115
19,frailty,C,0,0.5,-2,0.25,116,1600014116
19,frailty,C,0,0.5,-2,0.25,117,1600014117
19,frailty,C,0,0.5,-2,0.25,118,1600014118
19,frailty,C,0,0.5,-2,0.25,119,1600014119
19,frailty,C,0,0.5,-2,0.25,120,1600014120
19,frailty,C,0,0.5,-2,0.25,121,1600014121
19,frailty,C,0,0.5,-2,0.25,122,1600014122
19,frailty,C,0,0.5,-2,0.25,123,1600014123
19,frailty,C,0,0.5,-2,0.25,124,1600014124
19,frailty,C,0,0.5,-2,0.25,125,1600014125
19,frailty,C,0,0.5,-2,0.25,126,1600014126
19,frailty,C,0,0.5,-2,0.25,127,1600014127
19,frailty,C,0,0.5,-2,0.25,128,1600014128
19,frailty,C,0,0.5,-2,0.25,129,1600014129
19,frailty,C,0,0.5,-2,0.25,130,1600014130
19,frailty,C,0,0.5,-2,0.25,131,1600014131
19,frailty,C,0,0.5,-2,0.25,132,1600014132
19,frailty,C,0,0.5,-2,0.25,133,1600014133
19,frailty,C,0,0.5,-2,0.25,134,1600014134
19,frailty,C,0,0.5,-2,0.25,135,1600014135
19,frailty,C,0,0.5,-2,0.25,136,1600014136
19,frailty,C,0,0.5,-2,0.25,137,1600014137
19,frailty,C,0,0.5,-2,0.25,138,1600014138
19,frailty,C,0,0.5,-2,0.25,139,1600014139
19,frailty,C,0,0.5,-2,0.25,140,1600014140
19,frailty,C,0,0.5,-2,0.25,141,1600014141
19,frailty,C,0,0.5,-2,0.25,142,1600014142
19,frailty,C,0,0.5,-2,0.25,143,1600014143
19,frailty,C,0,0.5,-2,0.25,144,1600014144
19,frailty,C,0,0.5,-2,0.25,145,1600014145
19,frailty,C,0,0.5,-2,0.25,146,1600014146
19,frailty,C,0,0.5,-2,0.25,147,1600014147
19,frailty,C,0,0.5,-2,0.25,148,1600014148
19,frailty,C,0,0.5,-2,0.25,149,1600014149
19,frailty,C,0,0.5,-2,0.25,150,1600014150
19,frailty,C,0,0.5,-2,0.25,151,1600014151
19,frailty,C,0,0.5,-2,0.25,152,1600014152
19,frailty,C,0,0.5,-2,0.25,153,1600014153
19,frailty,C,0,0.5,-2,0.25,154,1600014154
19,frailty,C,0,0.5,-2,0.25,155,1600014155
19,frailty,C,0,0.5,-2,0.25,156,1600014156
19,frailty,C,0,0.5,-2,0.25,157,1600014157
19,frailty,C,0,0.5,-2,0.25,158,1600014158
19,frailty,C,0,0.5,-2,0.25,159,1600014159
19,frailty,C,0,0.5,-2,0.25,160,1600014160
19,frailty,C,0,0.5,-2,0.25,161,1600014161
19,frailty,C,0,0.5,-2,0.25,162,1600014162
19,frailty,C,0,0.5,-2,0.25,163,1600014163
19,frailty,C,0,0.5,-2,0.25,164,1600014164
19,frailty,C,0,0.5,-2,0.25,165,1600014165
19,frailty,C,0,0.5,-2,0.25,166,1600014166
19,frailty,C,0,0.5,-2,0.25,167,1600014167
19,frailty,C,0,0.5,-2,0.25,168,1600014168
19,frailty,C,0,0.5,-2,0.25,169,1600014169
19,frailty,C,0,0.5,-2,0.25,170,1600014170
19,frailty,C,0,0.5,-2,0.25,171,1600014171
19,frailty,C,0,0.5,-2,0.25,172,1600014172
19,frailty,C,0,0.5,-2,0.25,173,1600014173
19,frailty,C,0,0.5,-2,0.25,174,1600014174
19,frailty,C,0,0.5,-2,0.25,175,1600014175
19,frailty,C,0,0.5,-2,0.25,176,1600014176
19,frailty,C,0,0.5,-2,0.25,177,1600014177
19,frailty,C,0,0.5,-2,0.25,178,1600014178
19,frailty,C,0,0.5,-2,0.25,179,1600014179
19,frailty,C,0,0.5,-2,0.25,180,1600014180
19,frailty,C,0,0.5,-2,0.25,181,1600014181
19,frailty,C,0,0.5,-2,0.25,182,1600014182
19,frailty,C,0,0.5,-2,0.25,183,1600014183
19,frailty,C,0,0.5,-2,0.25,184,1600014184
19,frailty,C,0,0.5,-2,0.25,185,1600014185
19,frailty,C,0,0.5,-2,0.25,186,1600014186
19,frailty,C,0,0.5,-2,0.25,187,1600014187
19,frailty,C,0,0.5,-2,0.25,188,1600014188
19,frailty,C,0,0.5,-2,0.25,189,1600014189
19,frailty,C,0,0.5,-2,0.25,190,1600014190
19,frailty,C,0,0.5,-2,0.25,191,1600014191
19,frailty,C,0,0.5,-2,0.25,192,1600014192
19,frailty,C,0,0.5,-2,0.25,193,1600014193
19,frailty,C,0,0.5,-2,0.25,194,1600014194
19,frailty,C,0,0.5,-2,0.25,195,1600014195
19,frailty,C,0,0.5,-2,0.25,196,1600014196
19,frailty,C,0,0.5,-2,0.25,197,1600014197
19,frailty,C,0,0.5,-2,0.25,198,1600014198
19,frailty,C,0,0.5,-2,0.25,199,1600014199
19,frailty,C,0,0.5,-2,0.25,200,1600014200
19,frailty,C,0,0.5,-2,0.25,201,1600014201
19,frailty,C,0,0.5,-2,0.25,202,1600014202
19,frailty,C,0,0.5,-2,0.25,203,1600014203
19,frailty,C,0,0.5,-2,0.25,204,1600014204
19,frailty,C,0,0.5,-2,0.25,205,1600014205
19,frailty,C,0,0.5,-2,0.25,206,1600014206
19,frailty,C,0,0.5,-2,0.25,207,1600014207
19,frailty,C,0,0.5,-2,0.25,208,1600014208
19,frailty,C,0,0.5,-2,0.25,209,1600014209
19,frailty,C,0,0.5,-2,0.25,210,1600014210
19,frailty,C,0,0.5,-2,0.25,211,1600014211
19,frailty,C,0,0.5,-2,0.25,212,1600014212
19,frailty,C,0,0.5,-2,0.25,213,1600014213
19,frailty,C,0,0.5,-2,0.25,214,1600014214
19,frailty,C,0,0.5,-2,0.25,215,1600014215
19,frailty,C,0,0.5,-2,0.25,216,1600014216
19,frailty,C,0,0.5,-2,0.25,217,1600014217
19,frailty,C,0,0.5,-2,0.25,218,1600014218
19,frailty,C,0,0.5,-2,0.25,219,1600014219
19,frailty,C,0,0.5,-2,0.25,220,1600014220
19,frailty,C,0,0.5,-2,0.25,221,1600014221
19,frailty,C,0,0.5,-2,0.25,222,1600014222
19,frailty,C,0,0.5,-2,0.25,223,1600014223
19,frailty,C,0,0.5,-2,0.25,224,1600014224
19,frailty,C,0,0.5,-2,0.25,225,1600014225
19,frailty,C,0,0.5,-2,0.25,226,1600014226
19,frailty,C,0,0.5,-2,0.25,227,1600014227
19,frailty,C,0,0.5,-2,0.25,228,1600014228
19,frailty,C,0,0.5,-2,0.25,229,1600014229
19,frailty,C,0,0.5,-2,0.25,230,1600014230
19,frailty,C,0,0.5,-2,0.25,231,1600014231
19,frailty,C,0,0.5,-2,0.25,232,1600014232
19,frailty,C,0,0.5,-2,0.25,233,1600014233
19,frailty,C,0,0.5,-2,0.25,234,1600014234
19,frailty,C,0,0.5,-2,0.25,235,1600014235
19,frailty,C,0,0.5,-2,0.25,236,1600014236
19,frailty,C,0,0.5,-2,0.25,237,1600014237
19,frailty,C,0,0.5,-2,0.25,238,1600014238
19,frailty,C,0,0.5,-2,0.25,239,1600014239
19,frailty,C,0,0.5,-2,0.25,240,1600014240
19,frailty,C,0,0.5,-2,0.25,241,1600014241
19,frailty,C,0,0.5,-2,0.25,242,1600014242
19,frailty,C,0,0.5,-2,0.25,243,1600014243
19,frailty,C,0,0.5,-2,0.25,244,1600014244
19,frailty,C,0,0.5,-2,0.25,245,1600014245
19,frailty,C,0,0.5,-2,0.25,246,1600014246
19,frailty,C,0,0.5,-2,0.25,247,1600014247
19,frailty,C,0,0.5,-2,0.25,248,1600014248
19,frailty,C,0,0.5,-2,0.25,249,1600014249
19,frailty,C,0,0.5,-2,0.25,250,1600014250
19,frailty,C,0,0.5,-2,0.25,251,1600014251
19,frailty,C,0,0.5,-2,0.25,252,1600014252
19,frailty,C,0,0.5,-2,0.25,253,1600014253
19,frailty,C,0,0.5,-2,0.25,254,1600014254
19,frailty,C,0,0.5,-2,0.25,255,1600014255
19,frailty,C,0,0.5,-2,0.25,256,1600014256
19,frailty,C,0,0.5,-2,0.25,257,1600014257
19,frailty,C,0,0.5,-2,0.25,258,1600014258
19,frailty,C,0,0.5,-2,0.25,259,1600014259
19,frailty,C,0,0.5,-2,0.25,260,1600014260
19,frailty,C,0,0.5,-2,0.25,261,1600014261
19,frailty,C,0,0.5,-2,0.25,262,1600014262
19,frailty,C,0,0.5,-2,0.25,263,1600014263
19,frailty,C,0,0.5,-2,0.25,264,1600014264
19,frailty,C,0,0.5,-2,0.25,265,1600014265
19,frailty,C,0,0.5,-2,0.25,266,1600014266
19,frailty,C,0,0.5,-2,0.25,267,1600014267
19,frailty,C,0,0.5,-2,0.25,268,1600014268
19,frailty,C,0,0.5,-2,0.25,269,1600014269
19,frailty,C,0,0.5,-2,0.25,270,1600014270
19,frailty,C,0,0.5,-2,0.25,271,1600014271
19,frailty,C,0,0.5,-2,0.25,272,1600014272
19,frailty,C,0,0.5,-2,0.25,273,1600014273
19,frailty,C,0,0.5,-2,0.25,274,1600014274
19,frailty,C,0,0.5,-2,0.25,275,1600014275
19,frailty,C,0,0.5,-2,0.25,276,1600014276
19,frailty,C,0,0.5,-2,0.25,277,1600014277
19,frailty,C,0,0.5,-2,0.25,278,1600014278
19,frailty,C,0,0.5,-2,0.25,279,1600014279
19,frailty,C,0,0.5,-2,0.25,280,1600014280
19,frailty,C,0,0.5,-2,0.25,281,1600014281
19,frailty,C,0,0.5,-2,0.25,282,1600014282
19,frailty,C,0,0.5,-2,0.25,283,1600014283
19,frailty,C,0,0.5,-2,0.25,284,1600014284
19,frailty,C,0,0.5,-2,0.25,285,1600014285
19,frailty,C,0,0.5,-2,0.25,286,1600014286
19,frailty,C,0,0.5,-2,0.25,287,1600014287
19,frailty,C,0,0.5,-2,0.25,288,1600014288
19,frailty,C,0,0.5,-2,0.25,289,1600014289
19,frailty,C,0,0.5,-2,0.25,290,1600014290
19,frailty,C,0,0.5,-2,0.25,291,1600014291
19,frailty,C,0,0.5,-2,0.25,292,1600014292
19,frailty,C,0,0.5,-2,0.25,293,1600014293
19,frailty,C,0,0.5,-2,0.25,294,1600014294
19,frailty,C,0,0.5,-2,0.25,295,1600014295
19,frailty,C,0,0.5,-2,0.25,296,1600014296
19,frailty,C,0,0.5,-2,0.25,297,1600014297
19,frailty,C,0,0.5,-2,0.25,298,1600014298
19,frailty,C,0,0.5,-2,0.25,299,1600014299
19,frailty,C,0,0.5,-2,0.25,300,1600014300
19,frailty,C,0,0.5,-2,0.25,301,1600014301
19,frailty,C,0,0.5,-2,0.25,302,1600014302
19,frailty,C,0,0.5,-2,0.25,303,1600014303
19,frailty,C,0,0.5,-2,0.25,304,1600014304
19,frailty,C,0,0.5,-2,0.25,305,1600014305
19,frailty,C,0,0.5,-2,0.25,306,1600014306
19,frailty,C,0,0.5,-2,0.25,307,1600014307
19,frailty,C,0,0.5,-2,0.25,308,1600014308
19,frailty,C,0,0.5,-2,0.25,309,1600014309
19,frailty,C,0,0.5,-2,0.25,310,1600014310
19,frailty,C,0,0.5,-2,0.25,311,1600014311
19,frailty,C,0,0.5,-2,0.25,312,1600014312
19,frailty,C,0,0.5,-2,0.25,313,1600014313
19,frailty,C,0,0.5,-2,0.25,314,1600014314
19,frailty,C,0,0.5,-2,0.25,315,1600014315
19,frailty,C,0,0.5,-2,0.25,316,1600014316
19,frailty,C,0,0.5,-2,0.25,317,1600014317
19,frailty,C,0,0.5,-2,0.25,318,1600014318
19,frailty,C,0,0.5,-2,0.25,319,1600014319
19,frailty,C,0,0.5,-2,0.25,320,1600014320
19,frailty,C,0,0.5,-2,0.25,321,1600014321
19,frailty,C,0,0.5,-2,0.25,322,1600014322
19,frailty,C,0,0.5,-2,0.25,323,1600014323
19,frailty,C,0,0.5,-2,0.25,324,1600014324
19,frailty,C,0,0.5,-2,0.25,325,1600014325
19,frailty,C,0,0.5,-2,0.25,326,1600014326
19,frailty,C,0,0.5,-2,0.25,327,1600014327
19,frailty,C,0,0.5,-2,0.25,328,1600014328
19,frailty,C,0,0.5,-2,0.25,329,1600014329
19,frailty,C,0,0.5,-2,0.25,330,1600014330
19,frailty,C,0,0.5,-2,0.25,331,1600014331
19,frailty,C,0,0.5,-2,0.25,332,1600014332
19,frailty,C,0,0.5,-2,0.25,333,1600014333
19,frailty,C,0,0.5,-2,0.25,334,1600014334
19,frailty,C,0,0.5,-2,0.25,335,1600014335
19,frailty,C,0,0.5,-2,0.25,336,1600014336
19,frailty,C,0,0.5,-2,0.25,337,1600014337
19,frailty,C,0,0.5,-2,0.25,338,1600014338
19,frailty,C,0,0.5,-2,0.25,339,1600014339
19,frailty,C,0,0.5,-2,0.25,340,1600014340
19,frailty,C,0,0.5,-2,0.25,341,1600014341
19,frailty,C,0,0.5,-2,0.25,342,1600014342
19,frailty,C,0,0.5,-2,0.25,343,1600014343
19,frailty,C,0,0.5,-2,0.25,344,1600014344
19,frailty,C,0,0.5,-2,0.25,345,1600014345
19,frailty,C,0,0.5,-2,0.25,346,1600014346
19,frailty,C,0,0.5,-2,0.25,347,1600014347
19,frailty,C,0,0.5,-2,0.25,348,1600014348
19,frailty,C,0,0.5,-2,0.25,349,1600014349
19,frailty,C,0,0.5,-2,0.25,350,1600014350
19,frailty,C,0,0.5,-2,0.25,351,1600014351
19,frailty,C,0,0.5,-2,0.25,352,1600014352
19,frailty,C,0,0.5,-2,0.25,353,1600014353
19,frailty,C,0,0.5,-2,0.25,354,1600014354
19,frailty,C,0,0.5,-2,0.25,355,1600014355
19,frailty,C,0,0.5,-2,0.25,356,1600014356
19,frailty,C,0,0.5,-2,0.25,357,1600014357
19,frailty,C,0,0.5,-2,0.25,358,1600014358
19,frailty,C,0,0.5,-2,0.25,359,1600014359
19,frailty,C,0,0.5,-2,0.25,360,1600014360
19,frailty,C,0,0.5,-2,0.25,361,1600014361
19,frailty,C,0,0.5,-2,0.25,362,1600014362
19,frailty,C,0,0.5,-2,0.25,363,1600014363
19,frailty,C,0,0.5,-2,0.25,364,1600014364
19,frailty,C,0,0.5,-2,0.25,365,1600014365
19,frailty,C,0,0.5,-2,0.25,366,1600014366
19,frailty,C,0,0.5,-2,0.25,367,1600014367
19,frailty,C,0,0.5,-2,0.25,368,1600014368
19,frailty,C,0,0.5,-2,0.25,369,1600014369
19,frailty,C,0,0.5,-2,0.25,370,1600014370
19,frailty,C,0,0.5,-2,0.25,371,1600014371
19,frailty,C,0,0.5,-2,0.25,372,1600014372
19,frailty,C,0,0.5,-2,0.25,373,1600014373
19,frailty,C,0,0.5,-2,0.25,374,1600014374
19,frailty,C,0,0.5,-2,0.25,375,1600014375
19,frailty,C,0,0.5,-2,0.25,376,1600014376
19,frailty,C,0,0.5,-2,0.25,377,1600014377
19,frailty,C,0,0.5,-2,0.25,378,1600014378
19,frailty,C,0,0.5,-2,0.25,379,1600014379
19,frailty,C,0,0.5,-2,0.25,380,1600014380
19,frailty,C,0,0.5,-2,0.25,381,1600014381
19,frailty,C,0,0.5,-2,0.25,382,1600014382
19,frailty,C,0,0.5,-2,0.25,383,1600014383
19,frailty,C,0,0.5,-2,0.25,384,1600014384
19,frailty,C,0,0.5,-2,0.25,385,1600014385
19,frailty,C,0,0.5,-2,0.25,386,1600014386
19,frailty,C,0,0.5,-2,0.25,387,1600014387
19,frailty,C,0,0.5,-2,0.25,388,1600014388
19,frailty,C,0,0.5,-2,0.25,389,1600014389
19,frailty,C,0,0.5,-2,0.25,390,1600014390
19,frailty,C,0,0.5,-2,0.25,391,1600014391
19,frailty,C,0,0.5,-2,0.25,392,1600014392
19,frailty,C,0,0.5,-2,0.25,393,1600014393
19,frailty,C,0,0.5,-2,0.25,394,1600014394
19,frailty,C,0,0.5,-2,0.25,395,1600014395
19,frailty,C,0,0.5,-2,0.25,396,1600014396
19,frailty,C,0,0.5,-2,0.25,397,1600014397
19,frailty,C,0,0.5,-2,0.25,398,1600014398
19,frailty,C,0,0.5,-2,0.25,399,1600014399
19,frailty,C,0,0.5,-2,0.25,400,1600014400
19,frailty,C,0,0.5,-2,0.25,401,1600014401
19,frailty,C,0,0.5,-2,0.25,402,1600014402
19,frailty,C,0,0.5,-2,0.25,403,1600014403
19,frailty,C,0,0.5,-2,0.25,404,1600014404
19,frailty,C,0,0.5,-2,0.25,405,1600014405
19,frailty,C,0,0.5,-2,0.25,406,1600014406
19,frailty,C,0,0.5,-2,0.25,407,1600014407
19,frailty,C,0,0.5,-2,0.25,408,1600014408
19,frailty,C,0,0.5,-2,0.25,409,1600014409
19,frailty,C,0,0.5,-2,0.25,410,1600014410
19,frailty,C,0,0.5,-2,0.25,411,1600014411
19,frailty,C,0,0.5,-2,0.25,412,1600014412
19,frailty,C,0,0.5,-2,0.25,413,1600014413
19,frailty,C,0,0.5,-2,0.25,414,1600014414
19,frailty,C,0,0.5,-2,0.25,415,1600014415
19,frailty,C,0,0.5,-2,0.25,416,1600014416
19,frailty,C,0,0.5,-2,0.25,417,1600014417
19,frailty,C,0,0.5,-2,0.25,418,1600014418
19,frailty,C,0,0.5,-2,0.25,419,1600014419
19,frailty,C,0,0.5,-2,0.25,420,1600014420
19,frailty,C,0,0.5,-2,0.25,421,1600014421
19,frailty,C,0,0.5,-2,0.25,422,1600014422
19,frailty,C,0,0.5,-2,0.25,423,1600014423
19,frailty,C,0,0.5,-2,0.25,424,1600014424
19,frailty,C,0,0.5,-2,0.25,425,1600014425
19,frailty,C,0,0.5,-2,0.25,426,1600014426
19,frailty,C,0,0.5,-2,0.25,427,1600014427
19,frailty,C,0,0.5,-2,0.25,428,1600014428
19,frailty,C,0,0.5,-2,0.25,429,1600014429
19,frailty,C,0,0.5,-2,0.25,430,1600014430
19,frailty,C,0,0.5,-2,0.25,431,1600014431
19,frailty,C,0,0.5,-2,0.25,432,1600014432
19,frailty,C,0,0.5,-2,0.25,433,1600014433
19,frailty,C,0,0.5,-2,0.25,434,1600014434
19,frailty,C,0,0.5,-2,0.25,435,1600014435
19,frailty,C,0,0.5,-2,0.25,436,1600014436
19,frailty,C,0,0.5,-2,0.25,437,1600014437
19,frailty,C,0,0.5,-2,0.25,438,1600014438
19,frailty,C,0,0.5,-2,0.25,439,1600014439
19,frailty,C,0,0.5,-2,0.25,440,1600014440
19,frailty,C,0,0.5,-2,0.25,441,1600014441
19,frailty,C,0,0.5,-2,0.25,442,1600014442
19,frailty,C,0,0.5,-2,0.25,443,1600014443
19,frailty,C,0,0.5,-2,0.25,444,1600014444
19,frailty,C,0,0.5,-2,0.25,445,1600014445
19,frailty,C,0,0.5,-2,0.25,446,1600014446
19,frailty,C,0,0.5,-2,0.25,447,1600014447
19,frailty,C,0,0.5,-2,0.25,448,1600014448
19,frailty,C,0,0.5,-2,0.25,449,1600014449
19,frailty,C,0,0.5,-2,0.25,450,1600014450
19,frailty,C,0,0.5,-2,0.25,451,1600014451
19,frailty,C,0,0.5,-2,0.25,452,1600014452
19,frailty,C,0,0.5,-2,0.25,453,1600014453
19,frailty,C,0,0.5,-2,0.25,454,1600014454
19,frailty,C,0,0.5,-2,0.25,455,1600014455
19,frailty,C,0,0.5,-2,0.25,456,1600014456
19,frailty,C,0,0.5,-2,0.25,457,1600014457
19,frailty,C,0,0.5,-2,0.25,458,1600014458
19,frailty,C,0,0.5,-2,0.25,459,1600014459
19,frailty,C,0,0.5,-2,0.25,460,1600014460
19,frailty,C,0,0.5,-2,0.25,461,1600014461
19,frailty,C,0,0.5,-2,0.25,462,1600014462
19,frailty,C,0,0.5,-2,0.25,463,1600014463
19,frailty,C,0,0.5,-2,0.25,464,1600014464
19,frailty,C,0,0.5,-2,0.25,465,1600014465
19,frailty,C,0,0.5,-2,0.25,466,1600014466
19,frailty,C,0,0.5,-2,0.25,467,1600014467
19,frailty,C,0,0.5,-2,0.25,468,1600014468
19,frailty,C,0,0.5,-2,0.25,469,1600014469
19,frailty,C,0,0.5,-2,0.25,470,1600014470
19,frailty,C,0,0.5,-2,0.25,471,1600014471
19,frailty,C,0,0.5,-2,0.25,472,1600014472
19,frailty,C,0,0.5,-2,0.25,473,1600014473
19,frailty,C,0,0.5,-2,0.25,474,1600014474
19,frailty,C,0,0.5,-2,0.25,475,1600014475
19,frailty,C,0,0.5,-2,0.25,476,1600014476
19,frailty,C,0,0.5,-2,0.25,477,1600014477
19,frailty,C,0,0.5,-2,0.25,478,1600014478
19,frailty,C,0,0.5,-2,0.25,479,1600014479
19,frailty,C,0,0.5,-2,0.25,480,1600014480
19,frailty,C,0,0.5,-2,0.25,481,1600014481
19,frailty,C,0,0.5,-2,0.25,482,1600014482
19,frailty,C,0,0.5,-2,0.25,483,1600014483
19,frailty,C,0,0.5,-2,0.25,484,1600014484
19,frailty,C,0,0.5,-2,0.25,485,1600014485
19,frailty,C,0,0.5,-2,0.25,486,1600014486
19,frailty,C,0,0.5,-2,0.25,487,1600014487
19,frailty,C,0,0.5,-2,0.25,488,1600014488
19,frailty,C,0,0.5,-2,0.25,489,1600014489
19,frailty,C,0,0.5,-2,0.25,490,1600014490
19,frailty,C,0,0.5,-2,0.25,491,1600014491
19,frailty,C,0,0.5,-2,0.25,492,1600014492
19,frailty,C,0,0.5,-2,0.25,493,1600014493
19,frailty,C,0,0.5,-2,0.25,494,1600014494
19,frailty,C,0,0.5,-2,0.25,495,1600014495
19,frailty,C,0,0.5,-2,0.25,496,1600014496
19,frailty,C,0,0.5,-2,0.25,497,1600014497
19,frailty,C,0,0.5,-2,0.25,498,1600014498
19,frailty,C,0,0.5,-2,0.25,499,1600014499
19,frailty,C,0,0.5,-2,0.25,500,1600014500
19,frailty,C,0,0.5,-2,0.25,501,1600014501
19,frailty,C,0,0.5,-2,0.25,502,1600014502
19,frailty,C,0,0.5,-2,0.25,503,1600014503
19,frailty,C,0,0.5,-2,0.25,504,1600014504
19,frailty,C,0,0.5,-2,0.25,505,1600014505
19,frailty,C,0,0.5,-2,0.25,506,1600014506
19,frailty,C,0,0.5,-2,0.25,507,1600014507
19,frailty,C,0,0.5,-2,0.25,508,1600014508
19,frailty,C,0,0.5,-2,0.25,509,1600014509
19,frailty,C,0,0.5,-2,0.25,510,1600014510
19,frailty,C,0,0.5,-2,0.25,511,1600014511
19,frailty,C,0,0.5,-2,0.25,512,1600014512
19,frailty,C,0,0.5,-2,0.25,513,1600014513
19,frailty,C,0,0.5,-2,0.25,514,1600014514
19,frailty,C,0,0.5,-2,0.25,515,1600014515
19,frailty,C,0,0.5,-2,0.25,516,1600014516
19,frailty,C,0,0.5,-2,0.25,517,1600014517
19,frailty,C,0,0.5,-2,0.25,518,1600014518
19,frailty,C,0,0.5,-2,0.25,519,1600014519
19,frailty,C,0,0.5,-2,0.25,520,1600014520
19,frailty,C,0,0.5,-2,0.25,521,1600014521
19,frailty,C,0,0.5,-2,0.25,522,1600014522
19,frailty,C,0,0.5,-2,0.25,523,1600014523
19,frailty,C,0,0.5,-2,0.25,524,1600014524
19,frailty,C,0,0.5,-2,0.25,525,1600014525
19,frailty,C,0,0.5,-2,0.25,526,1600014526
19,frailty,C,0,0.5,-2,0.25,527,1600014527
19,frailty,C,0,0.5,-2,0.25,528,1600014528
19,frailty,C,0,0.5,-2,0.25,529,1600014529
19,frailty,C,0,0.5,-2,0.25,530,1600014530
19,frailty,C,0,0.5,-2,0.25,531,1600014531
19,frailty,C,0,0.5,-2,0.25,532,1600014532
19,frailty,C,0,0.5,-2,0.25,533,1600014533
19,frailty,C,0,0.5,-2,0.25,534,1600014534
19,frailty,C,0,0.5,-2,0.25,535,1600014535
19,frailty,C,0,0.5,-2,0.25,536,1600014536
19,frailty,C,0,0.5,-2,0.25,537,1600014537
19,frailty,C,0,0.5,-2,0.25,538,1600014538
19,frailty,C,0,0.5,-2,0.25,539,1600014539
19,frailty,C,0,0.5,-2,0.25,540,1600014540
19,frailty,C,0,0.5,-2,0.25,541,1600014541
19,frailty,C,0,0.5,-2,0.25,542,1600014542
19,frailty,C,0,0.5,-2,0.25,543,1600014543
19,frailty,C,0,0.5,-2,0.25,544,1600014544
19,frailty,C,0,0.5,-2,0.25,545,1600014545
19,frailty,C,0,0.5,-2,0.25,546,1600014546
19,frailty,C,0,0.5,-2,0.25,547,1600014547
19,frailty,C,0,0.5,-2,0.25,548,1600014548
19,frailty,C,0,0.5,-2,0.25,549,1600014549
19,frailty,C,0,0.5,-2,0.25,550,1600014550
19,frailty,C,0,0.5,-2,0.25,551,1600014551
19,frailty,C,0,0.5,-2,0.25,552,1600014552
19,frailty,C,0,0.5,-2,0.25,553,1600014553
19,frailty,C,0,0.5,-2,0.25,554,1600014554
19,frailty,C,0,0.5,-2,0.25,555,1600014555
19,frailty,C,0,0.5,-2,0.25,556,1600014556
19,frailty,C,0,0.5,-2,0.25,557,1600014557
19,frailty,C,0,0.5,-2,0.25,558,1600014558
19,frailty,C,0,0.5,-2,0.25,559,1600014559
19,frailty,C,0,0.5,-2,0.25,560,1600014560
19,frailty,C,0,0.5,-2,0.25,561,1600014561
19,frailty,C,0,0.5,-2,0.25,562,1600014562
19,frailty,C,0,0.5,-2,0.25,563,1600014563
19,frailty,C,0,0.5,-2,0.25,564,1600014564
19,frailty,C,0,0.5,-2,0.25,565,1600014565
19,frailty,C,0,0.5,-2,0.25,566,1600014566
19,frailty,C,0,0.5,-2,0.25,567,1600014567
19,frailty,C,0,0.5,-2,0.25,568,1600014568
19,frailty,C,0,0.5,-2,0.25,569,1600014569
19,frailty,C,0,0.5,-2,0.25,570,1600014570
19,frailty,C,0,0.5,-2,0.25,571,1600014571
19,frailty,C,0,0.5,-2,0.25,572,1600014572
19,frailty,C,0,0.5,-2,0.25,573,1600014573
19,frailty,C,0,0.5,-2,0.25,574,1600014574
19,frailty,C,0,0.5,-2,0.25,575,1600014575
19,frailty,C,0,0.5,-2,0.25,576,1600014576
19,frailty,C,0,0.5,-2,0.25,577,1600014577
19,frailty,C,0,0.5,-2,0.25,578,1600014578
19,frailty,C,0,0.5,-2,0.25,579,1600014579
19,frailty,C,0,0.5,-2,0.25,580,1600014580
19,frailty,C,0,0.5,-2,0.25,581,1600014581
19,frailty,C,0,0.5,-2,0.25,582,1600014582
19,frailty,C,0,0.5,-2,0.25,583,1600014583
19,frailty,C,0,0.5,-2,0.25,584,1600014584
19,frailty,C,0,0.5,-2,0.25,585,1600014585
19,frailty,C,0,0.5,-2,0.25,586,1600014586
19,frailty,C,0,0.5,-2,0.25,587,1600014587
19,frailty,C,0,0.5,-2,0.25,588,1600014588
19,frailty,C,0,0.5,-2,0.25,589,1600014589
19,frailty,C,0,0.5,-2,0.25,590,1600014590
19,frailty,C,0,0.5,-2,0.25,591,1600014591
19,frailty,C,0,0.5,-2,0.25,592,1600014592
19,frailty,C,0,0.5,-2,0.25,593,1600014593
19,frailty,C,0,0.5,-2,0.25,594,1600014594
19,frailty,C,0,0.5,-2,0.25,595,1600014595
19,frailty,C,0,0.5,-2,0.25,596,1600014596
19,frailty,C,0,0.5,-2,0.25,597,1600014597
19,frailty,C,0,0.5,-2,0.25,598,1600014598
19,frailty,C,0,0.5,-2,0.25,599,1600014599
19,frailty,C,0,0.5,-2,0.25,600,1600014600
19,frailty,C,0,0.5,-2,0.25,601,1600014601
19,frailty,C,0,0.5,-2,0.25,602,1600014602
19,frailty,C,0,0.5,-2,0.25,603,1600014603
19,frailty,C,0,0.5,-2,0.25,604,1600014604
19,frailty,C,0,0.5,-2,0.25,605,1600014605
19,frailty,C,0,0.5,-2,0.25,606,1600014606
19,frailty,C,0,0.5,-2,0.25,607,1600014607
19,frailty,C,0,0.5,-2,0.25,608,1600014608
19,frailty,C,0,0.5,-2,0.25,609,1600014609
19,frailty,C,0,0.5,-2,0.25,610,1600014610
19,frailty,C,0,0.5,-2,0.25,611,1600014611
19,frailty,C,0,0.5,-2,0.25,612,1600014612
19,frailty,C,0,0.5,-2,0.25,613,1600014613
19,frailty,C,0,0.5,-2,0.25,614,1600014614
19,frailty,C,0,0.5,-2,0.25,615,1600014615
19,frailty,C,0,0.5,-2,0.25,616,1600014616
19,frailty,C,0,0.5,-2,0.25,617,1600014617
19,frailty,C,0,0.5,-2,0.25,618,1600014618
19,frailty,C,0,0.5,-2,0.25,619,1600014619
19,frailty,C,0,0.5,-2,0.25,620,1600014620
19,frailty,C,0,0.5,-2,0.25,621,1600014621
19,frailty,C,0,0.5,-2,0.25,622,1600014622
19,frailty,C,0,0.5,-2,0.25,623,1600014623
19,frailty,C,0,0.5,-2,0.25,624,1600014624
19,frailty,C,0,0.5,-2,0.25,625,1600014625
19,frailty,C,0,0.5,-2,0.25,626,1600014626
19,frailty,C,0,0.5,-2,0.25,627,1600014627
19,frailty,C,0,0.5,-2,0.25,628,1600014628
19,frailty,C,0,0.5,-2,0.25,629,1600014629
19,frailty,C,0,0.5,-2,0.25,630,1600014630
19,frailty,C,0,0.5,-2,0.25,631,1600014631
19,frailty,C,0,0.5,-2,0.25,632,1600014632
19,frailty,C,0,0.5,-2,0.25,633,1600014633
19,frailty,C,0,0.5,-2,0.25,634,1600014634
19,frailty,C,0,0.5,-2,0.25,635,1600014635
19,frailty,C,0,0.5,-2,0.25,636,1600014636
19,frailty,C,0,0.5,-2,0.25,637,1600014637
19,frailty,C,0,0.5,-2,0.25,638,1600014638
19,frailty,C,0,0.5,-2,0.25,639,1600014639
19,frailty,C,0,0.5,-2,0.25,640,1600014640
19,frailty,C,0,0.5,-2,0.25,641,1600014641
19,frailty,C,0,0.5,-2,0.25,642,1600014642
19,frailty,C,0,0.5,-2,0.25,643,1600014643
19,frailty,C,0,0.5,-2,0.25,644,1600014644
19,frailty,C,0,0.5,-2,0.25,645,1600014645
19,frailty,C,0,0.5,-2,0.25,646,1600014646
19,frailty,C,0,0.5,-2,0.25,647,1600014647
19,frailty,C,0,0.5,-2,0.25,648,1600014648
19,frailty,C,0,0.5,-2,0.25,649,1600014649
19,frailty,C,0,0.5,-2,0.25,650,1600014650
19,frailty,C,0,0.5,-2,0.25,651,1600014651
19,frailty,C,0,0.5,-2,0.25,652,1600014652
19,frailty,C,0,0.5,-2,0.25,653,1600014653
19,frailty,C,0,0.5,-2,0.25,654,1600014654
19,frailty,C,0,0.5,-2,0.25,655,1600014655
19,frailty,C,0,0.5,-2,0.25,656,1600014656
19,frailty,C,0,0.5,-2,0.25,657,1600014657
19,frailty,C,0,0.5,-2,0.25,658,1600014658
19,frailty,C,0,0.5,-2,0.25,659,1600014659
19,frailty,C,0,0.5,-2,0.25,660,1600014660
19,frailty,C,0,0.5,-2,0.25,661,1600014661
19,frailty,C,0,0.5,-2,0.25,662,1600014662
19,frailty,C,0,0.5,-2,0.25,663,1600014663
19,frailty,C,0,0.5,-2,0.25,664,1600014664
19,frailty,C,0,0.5,-2,0.25,665,1600014665
19,frailty,C,0,0.5,-2,0.25,666,1600014666
19,frailty,C,0,0.5,-2,0.25,667,1600014667
19,frailty,C,0,0.5,-2,0.25,668,1600014668
19,frailty,C,0,0.5,-2,0.25,669,1600014669
19,frailty,C,0,0.5,-2,0.25,670,1600014670
19,frailty,C,0,0.5,-2,0.25,671,1600014671
19,frailty,C,0,0.5,-2,0.25,672,1600014672
19,frailty,C,0,0.5,-2,0.25,673,1600014673
19,frailty,C,0,0.5,-2,0.25,674,1600014674
19,frailty,C,0,0.5,-2,0.25,675,1600014675
19,frailty,C,0,0.5,-2,0.25,676,1600014676
19,frailty,C,0,0.5,-2,0.25,677,1600014677
19,frailty,C,0,0.5,-2,0.25,678,1600014678
19,frailty,C,0,0.5,-2,0.25,679,1600014679
19,frailty,C,0,0.5,-2,0.25,680,1600014680
19,frailty,C,0,0.5,-2,0.25,681,1600014681
19,frailty,C,0,0.5,-2,0.25,682,1600014682
19,frailty,C,0,0.5,-2,0.25,683,1600014683
19,frailty,C,0,0.5,-2,0.25,684,1600014684
19,frailty,C,0,0.5,-2,0.25,685,1600014685
19,frailty,C,0,0.5,-2,0.25,686,1600014686
19,frailty,C,0,0.5,-2,0.25,687,1600014687
19,frailty,C,0,0.5,-2,0.25,688,1600014688
19,frailty,C,0,0.5,-2,0.25,689,1600014689
19,frailty,C,0,0.5,-2,0.25,690,1600014690
19,frailty,C,0,0.5,-2,0.25,691,1600014691
19,frailty,C,0,0.5,-2,0.25,692,1600014692
19,frailty,C,0,0.5,-2,0.25,693,1600014693
19,frailty,C,0,0.5,-2,0.25,694,1600014694
19,frailty,C,0,0.5,-2,0.25,695,1600014695
19,frailty,C,0,0.5,-2,0.25,696,1600014696
19,frailty,C,0,0.5,-2,0.25,697,1600014697
19,frailty,C,0,0.5,-2,0.25,698,1600014698
19,frailty,C,0,0.5,-2,0.25,699,1600014699
19,frailty,C,0,0.5,-2,0.25,700,1600014700
19,frailty,C,0,0.5,-2,0.25,701,1600014701
19,frailty,C,0,0.5,-2,0.25,702,1600014702
19,frailty,C,0,0.5,-2,0.25,703,1600014703
19,frailty,C,0,0.5,-2,0.25,704,1600014704
19,frailty,C,0,0.5,-2,0.25,705,1600014705
19,frailty,C,0,0.5,-2,0.25,706,1600014706
19,frailty,C,0,0.5,-2,0.25,707,1600014707
19,frailty,C,0,0.5,-2,0.25,708,1600014708
19,frailty,C,0,0.5,-2,0.25,709,1600014709
19,frailty,C,0,0.5,-2,0.25,710,1600014710
19,frailty,C,0,0.5,-2,0.25,711,1600014711
19,frailty,C,0,0.5,-2,0.25,712,1600014712
19,frailty,C,0,0.5,-2,0.25,713,1600014713
19,frailty,C,0,0.5,-2,0.25,714,1600014714
19,frailty,C,0,0.5,-2,0.25,715,1600014715
19,frailty,C,0,0.5,-2,0.25,716,1600014716
19,frailty,C,0,0.5,-2,0.25,717,1600014717
19,frailty,C,0,0.5,-2,0.25,718,1600014718
19,frailty,C,0,0.5,-2,0.25,719,1600014719
19,frailty,C,0,0.5,-2,0.25,720,1600014720
19,frailty,C,0,0.5,-2,0.25,721,1600014721
19,frailty,C,0,0.5,-2,0.25,722,1600014722
19,frailty,C,0,0.5,-2,0.25,723,1600014723
19,frailty,C,0,0.5,-2,0.25,724,1600014724
19,frailty,C,0,0.5,-2,0.25,725,1600014725
19,frailty,C,0,0.5,-2,0.25,726,1600014726
19,frailty,C,0,0.5,-2,0.25,727,1600014727
19,frailty,C,0,0.5,-2,0.25,728,1600014728
19,frailty,C,0,0.5,-2,0.25,729,1600014729
19,frailty,C,0,0.5,-2,0.25,730,1600014730
19,frailty,C,0,0.5,-2,0.25,731,1600014731
19,frailty,C,0,0.5,-2,0.25,732,1600014732
19,frailty,C,0,0.5,-2,0.25,733,1600014733
19,frailty,C,0,0.5,-2,0.25,734,1600014734
19,frailty,C,0,0.5,-2,0.25,735,1600014735
19,frailty,C,0,0.5,-2,0.25,736,1600014736
19,frailty,C,0,0.5,-2,0.25,737,1600014737
19,frailty,C,0,0.5,-2,0.25,738,1600014738
19,frailty,C,0,0.5,-2,0.25,739,1600014739
19,frailty,C,0,0.5,-2,0.25,740,1600014740
19,frailty,C,0,0.5,-2,0.25,741,1600014741
19,frailty,C,0,0.5,-2,0.25,742,1600014742
19,frailty,C,0,0.5,-2,0.25,743,1600014743
19,frailty,C,0,0.5,-2,0.25,744,1600014744
19,frailty,C,0,0.5,-2,0.25,745,1600014745
19,frailty,C,0,0.5,-2,0.25,746,1600014746
19,frailty,C,0,0.5,-2,0.25,747,1600014747
19,frailty,C,0,0.5,-2,0.25,748,1600014748
19,frailty,C,0,0.5,-2,0.25,749,1600014749
19,frailty,C,0,0.5,-2,0.25,750,1600014750
19,frailty,C,0,0.5,-2,0.25,751,1600014751
19,frailty,C,0,0.5,-2,0.25,752,1600014752
19,frailty,C,0,0.5,-2,0.25,753,1600014753
19,frailty,C,0,0.5,-2,0.25,754,1600014754
19,frailty,C,0,0.5,-2,0.25,755,1600014755
19,frailty,C,0,0.5,-2,0.25,756,1600014756
19,frailty,C,0,0.5,-2,0.25,757,1600014757
19,frailty,C,0,0.5,-2,0.25,758,1600014758
19,frailty,C,0,0.5,-2,0.25,759,1600014759
19,frailty,C,0,0.5,-2,0.25,760,1600014760
19,frailty,C,0,0.5,-2,0.25,761,1600014761
19,frailty,C,0,0.5,-2,0.25,762,1600014762
19,frailty,C,0,0.5,-2,0.25,763,1600014763
19,frailty,C,0,0.5,-2,0.25,764,1600014764
19,frailty,C,0,0.5,-2,0.25,765,1600014765
19,frailty,C,0,0.5,-2,0.25,766,1600014766
19,frailty,C,0,0.5,-2,0.25,767,1600014767
19,frailty,C,0,0.5,-2,0.25,768,1600014768
19,frailty,C,0,0.5,-2,0.25,769,1600014769
19,frailty,C,0,0.5,-2,0.25,770,1600014770
19,frailty,C,0,0.5,-2,0.25,771,1600014771
19,frailty,C,0,0.5,-2,0.25,772,1600014772
19,frailty,C,0,0.5,-2,0.25,773,1600014773
19,frailty,C,0,0.5,-2,0.25,774,1600014774
19,frailty,C,0,0.5,-2,0.25,775,1600014775
19,frailty,C,0,0.5,-2,0.25,776,1600014776
19,frailty,C,0,0.5,-2,0.25,777,1600014777
19,frailty,C,0,0.5,-2,0.25,778,1600014778
19,frailty,C,0,0.5,-2,0.25,779,1600014779
19,frailty,C,0,0.5,-2,0.25,780,1600014780
19,frailty,C,0,0.5,-2,0.25,781,1600014781
19,frailty,C,0,0.5,-2,0.25,782,1600014782
19,frailty,C,0,0.5,-2,0.25,783,1600014783
19,frailty,C,0,0.5,-2,0.25,784,1600014784
19,frailty,C,0,0.5,-2,0.25,785,1600014785
19,frailty,C,0,0.5,-2,0.25,786,1600014786
19,frailty,C,0,0.5,-2,0.25,787,1600014787
19,frailty,C,0,0.5,-2,0.25,788,1600014788
19,frailty,C,0,0.5,-2,0.25,789,1600014789
19,frailty,C,0,0.5,-2,0.25,790,1600014790
19,frailty,C,0,0.5,-2,0.25,791,1600014791
19,frailty,C,0,0.5,-2,0.25,792,1600014792
19,frailty,C,0,0.5,-2,0.25,793,1600014793
19,frailty,C,0,0.5,-2,0.25,794,1600014794
19,frailty,C,0,0.5,-2,0.25,795,1600014795
19,frailty,C,0,0.5,-2,0.25,796,1600014796
19,frailty,C,0,0.5,-2,0.25,797,1600014797
19,frailty,C,0,0.5,-2,0.25,798,1600014798
19,frailty,C,0,0.5,-2,0.25,799,1600014799
19,frailty,C,0,0.5,-2,0.25,800,1600014800
19,frailty,C,0,0.5,-2,0.25,801,1600014801
19,frailty,C,0,0.5,-2,0.25,802,1600014802
19,frailty,C,0,0.5,-2,0.25,803,1600014803
19,frailty,C,0,0.5,-2,0.25,804,1600014804
19,frailty,C,0,0.5,-2,0.25,805,1600014805
19,frailty,C,0,0.5,-2,0.25,806,1600014806
19,frailty,C,0,0.5,-2,0.25,807,1600014807
19,frailty,C,0,0.5,-2,0.25,808,1600014808
19,frailty,C,0,0.5,-2,0.25,809,1600014809
19,frailty,C,0,0.5,-2,0.25,810,1600014810
19,frailty,C,0,0.5,-2,0.25,811,1600014811
19,frailty,C,0,0.5,-2,0.25,812,1600014812
19,frailty,C,0,0.5,-2,0.25,813,1600014813
19,frailty,C,0,0.5,-2,0.25,814,1600014814
19,frailty,C,0,0.5,-2,0.25,815,1600014815
19,frailty,C,0,0.5,-2,0.25,816,1600014816
19,frailty,C,0,0.5,-2,0.25,817,1600014817
19,frailty,C,0,0.5,-2,0.25,818,1600014818
19,frailty,C,0,0.5,-2,0.25,819,1600014819
19,frailty,C,0,0.5,-2,0.25,820,1600014820
19,frailty,C,0,0.5,-2,0.25,821,1600014821
19,frailty,C,0,0.5,-2,0.25,822,1600014822
19,frailty,C,0,0.5,-2,0.25,823,1600014823
19,frailty,C,0,0.5,-2,0.25,824,1600014824
19,frailty,C,0,0.5,-2,0.25,825,1600014825
19,frailty,C,0,0.5,-2,0.25,826,1600014826
19,frailty,C,0,0.5,-2,0.25,827,1600014827
19,frailty,C,0,0.5,-2,0.25,828,1600014828
19,frailty,C,0,0.5,-2,0.25,829,1600014829
19,frailty,C,0,0.5,-2,0.25,830,1600014830
19,frailty,C,0,0.5,-2,0.25,831,1600014831
19,frailty,C,0,0.5,-2,0.25,832,1600014832
19,frailty,C,0,0.5,-2,0.25,833,1600014833
19,frailty,C,0,0.5,-2,0.25,834,1600014834
19,frailty,C,0,0.5,-2,0.25,835,1600014835
19,frailty,C,0,0.5,-2,0.25,836,1600014836
19,frailty,C,0,0.5,-2,0.25,837,1600014837
19,frailty,C,0,0.5,-2,0.25,838,1600014838
19,frailty,C,0,0.5,-2,0.25,839,1600014839
19,frailty,C,0,0.5,-2,0.25,840,1600014840
19,frailty,C,0,0.5,-2,0.25,841,1600014841
19,frailty,C,0,0.5,-2,0.25,842,1600014842
19,frailty,C,0,0.5,-2,0.25,843,1600014843
19,frailty,C,0,0.5,-2,0.25,844,1600014844
19,frailty,C,0,0.5,-2,0.25,845,1600014845
19,frailty,C,0,0.5,-2,0.25,846,1600014846
19,frailty,C,0,0.5,-2,0.25,847,1600014847
19,frailty,C,0,0.5,-2,0.25,848,1600014848
19,frailty,C,0,0.5,-2,0.25,849,1600014849
19,frailty,C,0,0.5,-2,0.25,850,1600014850
19,frailty,C,0,0.5,-2,0.25,851,1600014851
19,frailty,C,0,0.5,-2,0.25,852,1600014852
19,frailty,C,0,0.5,-2,0.25,853,1600014853
19,frailty,C,0,0.5,-2,0.25,854,1600014854
19,frailty,C,0,0.5,-2,0.25,855,1600014855
19,frailty,C,0,0.5,-2,0.25,856,1600014856
19,frailty,C,0,0.5,-2,0.25,857,1600014857
19,frailty,C,0,0.5,-2,0.25,858,1600014858
19,frailty,C,0,0.5,-2,0.25,859,1600014859
19,frailty,C,0,0.5,-2,0.25,860,1600014860
19,frailty,C,0,0.5,-2,0.25,861,1600014861
19,frailty,C,0,0.5,-2,0.25,862,1600014862
19,frailty,C,0,0.5,-2,0.25,863,1600014863
19,frailty,C,0,0.5,-2,0.25,864,1600014864
19,frailty,C,0,0.5,-2,0.25,865,1600014865
19,frailty,C,0,0.5,-2,0.25,866,1600014866
19,frailty,C,0,0.5,-2,0.25,867,1600014867
19,frailty,C,0,0.5,-2,0.25,868,1600014868
19,frailty,C,0,0.5,-2,0.25,869,1600014869
19,frailty,C,0,0.5,-2,0.25,870,1600014870
19,frailty,C,0,0.5,-2,0.25,871,1600014871
19,frailty,C,0,0.5,-2,0.25,872,1600014872
19,frailty,C,0,0.5,-2,0.25,873,1600014873
19,frailty,C,0,0.5,-2,0.25,874,1600014874
19,frailty,C,0,0.5,-2,0.25,875,1600014875
19,frailty,C,0,0.5,-2,0.25,876,1600014876
19,frailty,C,0,0.5,-2,0.25,877,1600014877
19,frailty,C,0,0.5,-2,0.25,878,1600014878
19,frailty,C,0,0.5,-2,0.25,879,1600014879
19,frailty,C,0,0.5,-2,0.25,880,1600014880
19,frailty,C,0,0.5,-2,0.25,881,1600014881
19,frailty,C,0,0.5,-2,0.25,882,1600014882
19,frailty,C,0,0.5,-2,0.25,883,1600014883
19,frailty,C,0,0.5,-2,0.25,884,1600014884
19,frailty,C,0,0.5,-2,0.25,885,1600014885
19,frailty,C,0,0.5,-2,0.25,886,1600014886
19,frailty,C,0,0.5,-2,0.25,887,1600014887
19,frailty,C,0,0.5,-2,0.25,888,1600014888
19,frailty,C,0,0.5,-2,0.25,889,1600014889
19,frailty,C,0,0.5,-2,0.25,890,1600014890
19,frailty,C,0,0.5,-2,0.25,891,1600014891
19,frailty,C,0,0.5,-2,0.25,892,1600014892
19,frailty,C,0,0.5,-2,0.25,893,1600014893
19,frailty,C,0,0.5,-2,0.25,894,1600014894
19,frailty,C,0,0.5,-2,0.25,895,1600014895
19,frailty,C,0,0.5,-2,0.25,896,1600014896
19,frailty,C,0,0.5,-2,0.25,897,1600014897
19,frailty,C,0,0.5,-2,0.25,898,1600014898
19,frailty,C,0,0.5,-2,0.25,899,1600014899
19,frailty,C,0,0.5,-2,0.25,900,1600014900
19,frailty,C,0,0.5,-2,0.25,901,1600014901
19,frailty,C,0,0.5,-2,0.25,902,1600014902
19,frailty,C,0,0.5,-2,0.25,903,1600014903
19,frailty,C,0,0.5,-2,0.25,904,1600014904
19,frailty,C,0,0.5,-2,0.25,905,1600014905
19,frailty,C,0,0.5,-2,0.25,906,1600014906
19,frailty,C,0,0.5,-2,0.25,907,1600014907
19,frailty,C,0,0.5,-2,0.25,908,1600014908
19,frailty,C,0,0.5,-2,0.25,909,1600014909
19,frailty,C,0,0.5,-2,0.25,910,1600014910
19,frailty,C,0,0.5,-2,0.25,911,1600014911
19,frailty,C,0,0.5,-2,0.25,912,1600014912
19,frailty,C,0,0.5,-2,0.25,913,1600014913
19,frailty,C,0,0.5,-2,0.25,914,1600014914
19,frailty,C,0,0.5,-2,0.25,915,1600014915
19,frailty,C,0,0.5,-2,0.25,916,1600014916
19,frailty,C,0,0.5,-2,0.25,917,1600014917
19,frailty,C,0,0.5,-2,0.25,918,1600014918
19,frailty,C,0,0.5,-2,0.25,919,1600014919
19,frailty,C,0,0.5,-2,0.25,920,1600014920
19,frailty,C,0,0.5,-2,0.25,921,1600014921
19,frailty,C,0,0.5,-2,0.25,922,1600014922
19,frailty,C,0,0.5,-2,0.25,923,1600014923
19,frailty,C,0,0.5,-2,0.25,924,1600014924
19,frailty,C,0,0.5,-2,0.25,925,1600014925
19,frailty,C,0,0.5,-2,0.25,926,1600014926
19,frailty,C,0,0.5,-2,0.25,927,1600014927
19,frailty,C,0,0.5,-2,0.25,928,1600014928
19,frailty,C,0,0.5,-2,0.25,929,1600014929
19,frailty,C,0,0.5,-2,0.25,930,1600014930
19,frailty,C,0,0.5,-2,0.25,931,1600014931
19,frailty,C,0,0.5,-2,0.25,932,1600014932
19,frailty,C,0,0.5,-2,0.25,933,1600014933
19,frailty,C,0,0.5,-2,0.25,934,1600014934
19,frailty,C,0,0.5,-2,0.25,935,1600014935
19,frailty,C,0,0.5,-2,0.25,936,1600014936
19,frailty,C,0,0.5,-2,0.25,937,1600014937
19,frailty,C,0,0.5,-2,0.25,938,1600014938
19,frailty,C,0,0.5,-2,0.25,939,1600014939
19,frailty,C,0,0.5,-2,0.25,940,1600014940
19,frailty,C,0,0.5,-2,0.25,941,1600014941
19,frailty,C,0,0.5,-2,0.25,942,1600014942
19,frailty,C,0,0.5,-2,0.25,943,1600014943
19,frailty,C,0,0.5,-2,0.25,944,1600014944
19,frailty,C,0,0.5,-2,0.25,945,1600014945
19,frailty,C,0,0.5,-2,0.25,946,1600014946
19,frailty,C,0,0.5,-2,0.25,947,1600014947
19,frailty,C,0,0.5,-2,0.25,948,1600014948
19,frailty,C,0,0.5,-2,0.25,949,1600014949
19,frailty,C,0,0.5,-2,0.25,950,1600014950
19,frailty,C,0,0.5,-2,0.25,951,1600014951
19,frailty,C,0,0.5,-2,0.25,952,1600014952
19,frailty,C,0,0.5,-2,0.25,953,1600014953
19,frailty,C,0,0.5,-2,0.25,954,1600014954
19,frailty,C,0,0.5,-2,0.25,955,1600014955
19,frailty,C,0,0.5,-2,0.25,956,1600014956
19,frailty,C,0,0.5,-2,0.25,957,1600014957
19,frailty,C,0,0.5,-2,0.25,958,1600014958
19,frailty,C,0,0.5,-2,0.25,959,1600014959
19,frailty,C,0,0.5,-2,0.25,960,1600014960
19,frailty,C,0,0.5,-2,0.25,961,1600014961
19,frailty,C,0,0.5,-2,0.25,962,1600014962
19,frailty,C,0,0.5,-2,0.25,963,1600014963
19,frailty,C,0,0.5,-2,0.25,964,1600014964
19,frailty,C,0,0.5,-2,0.25,965,1600014965
19,frailty,C,0,0.5,-2,0.25,966,1600014966
19,frailty,C,0,0.5,-2,0.25,967,1600014967
19,frailty,C,0,0.5,-2,0.25,968,1600014968
19,frailty,C,0,0.5,-2,0.25,969,1600014969
19,frailty,C,0,0.5,-2,0.25,970,1600014970
19,frailty,C,0,0.5,-2,0.25,971,1600014971
19,frailty,C,0,0.5,-2,0.25,972,1600014972
19,frailty,C,0,0.5,-2,0.25,973,1600014973
19,frailty,C,0,0.5,-2,0.25,974,1600014974
19,frailty,C,0,0.5,-2,0.25,975,1600014975
19,frailty,C,0,0.5,-2,0.25,976,1600014976
19,frailty,C,0,0.5,-2,0.25,977,1600014977
19,frailty,C,0,0.5,-2,0.25,978,1600014978
19,frailty,C,0,0.5,-2,0.25,979,1600014979
19,frailty,C,0,0.5,-2,0.25,980,1600014980
19,frailty,C,0,0.5,-2,0.25,981,1600014981
19,frailty,C,0,0.5,-2,0.25,982,1600014982
19,frailty,C,0,0.5,-2,0.25,983,1600014983
19,frailty,C,0,0.5,-2,0.25,984,1600014984
19,frailty,C,0,0.5,-2,0.25,985,1600014985
19,frailty,C,0,0.5,-2,0.25,986,1600014986
19,frailty,C,0,0.5,-2,0.25,987,1600014987
19,frailty,C,0,0.5,-2,0.25,988,1600014988
19,frailty,C,0,0.5,-2,0.25,989,1600014989
19,frailty,C,0,0.5,-2,0.25,990,1600014990
19,frailty,C,0,0.5,-2,0.25,991,1600014991
19,frailty,C,0,0.5,-2,0.25,992,1600014992
19,frailty,C,0,0.5,-2,0.25,993,1600014993
19,frailty,C,0,0.5,-2,0.25,994,1600014994
19,frailty,C,0,0.5,-2,0.25,995,1600014995
19,frailty,C,0,0.5,-2,0.25,996,1600014996
19,frailty,C,0,0.5,-2,0.25,997,1600014997
19,frailty,C,0,0.5,-2,0.25,998,1600014998
19,frailty,C,0,0.5,-2,0.25,999,1600014999
19,frailty,C,0,0.5,-2,0.25,1000,1600015000
20,frailty,C,0,0.5,-2,4,1,1600016001
20,frailty,C,0,0.5,-2,4,2,1600016002
20,frailty,C,0,0.5,-2,4,3,1600016003
20,frailty,C,0,0.5,-2,4,4,1600016004
20,frailty,C,0,0.5,-2,4,5,1600016005
20,frailty,C,0,0.5,-2,4,6,1600016006
20,frailty,C,0,0.5,-2,4,7,1600016007
20,frailty,C,0,0.5,-2,4,8,1600016008
20,frailty,C,0,0.5,-2,4,9,1600016009
20,frailty,C,0,0.5,-2,4,10,1600016010
20,frailty,C,0,0.5,-2,4,11,1600016011
20,frailty,C,0,0.5,-2,4,12,1600016012
20,frailty,C,0,0.5,-2,4,13,1600016013
20,frailty,C,0,0.5,-2,4,14,1600016014
20,frailty,C,0,0.5,-2,4,15,1600016015
20,frailty,C,0,0.5,-2,4,16,1600016016
20,frailty,C,0,0.5,-2,4,17,1600016017
20,frailty,C,0,0.5,-2,4,18,1600016018
20,frailty,C,0,0.5,-2,4,19,1600016019
20,frailty,C,0,0.5,-2,4,20,1600016020
20,frailty,C,0,0.5,-2,4,21,1600016021
20,frailty,C,0,0.5,-2,4,22,1600016022
20,frailty,C,0,0.5,-2,4,23,1600016023
20,frailty,C,0,0.5,-2,4,24,1600016024
20,frailty,C,0,0.5,-2,4,25,1600016025
20,frailty,C,0,0.5,-2,4,26,1600016026
20,frailty,C,0,0.5,-2,4,27,1600016027
20,frailty,C,0,0.5,-2,4,28,1600016028
20,frailty,C,0,0.5,-2,4,29,1600016029
20,frailty,C,0,0.5,-2,4,30,1600016030
20,frailty,C,0,0.5,-2,4,31,1600016031
20,frailty,C,0,0.5,-2,4,32,1600016032
20,frailty,C,0,0.5,-2,4,33,1600016033
20,frailty,C,0,0.5,-2,4,34,1600016034
20,frailty,C,0,0.5,-2,4,35,1600016035
20,frailty,C,0,0.5,-2,4,36,1600016036
20,frailty,C,0,0.5,-2,4,37,1600016037
20,frailty,C,0,0.5,-2,4,38,1600016038
20,frailty,C,0,0.5,-2,4,39,1600016039
20,frailty,C,0,0.5,-2,4,40,1600016040
20,frailty,C,0,0.5,-2,4,41,1600016041
20,frailty,C,0,0.5,-2,4,42,1600016042
20,frailty,C,0,0.5,-2,4,43,1600016043
20,frailty,C,0,0.5,-2,4,44,1600016044
20,frailty,C,0,0.5,-2,4,45,1600016045
20,frailty,C,0,0.5,-2,4,46,1600016046
20,frailty,C,0,0.5,-2,4,47,1600016047
20,frailty,C,0,0.5,-2,4,48,1600016048
20,frailty,C,0,0.5,-2,4,49,1600016049
20,frailty,C,0,0.5,-2,4,50,1600016050
20,frailty,C,0,0.5,-2,4,51,1600016051
20,frailty,C,0,0.5,-2,4,52,1600016052
20,frailty,C,0,0.5,-2,4,53,1600016053
20,frailty,C,0,0.5,-2,4,54,1600016054
20,frailty,C,0,0.5,-2,4,55,1600016055
20,frailty,C,0,0.5,-2,4,56,1600016056
20,frailty,C,0,0.5,-2,4,57,1600016057
20,frailty,C,0,0.5,-2,4,58,1600016058
20,frailty,C,0,0.5,-2,4,59,1600016059
20,frailty,C,0,0.5,-2,4,60,1600016060
20,frailty,C,0,0.5,-2,4,61,1600016061
20,frailty,C,0,0.5,-2,4,62,1600016062
20,frailty,C,0,0.5,-2,4,63,1600016063
20,frailty,C,0,0.5,-2,4,64,1600016064
20,frailty,C,0,0.5,-2,4,65,1600016065
20,frailty,C,0,0.5,-2,4,66,1600016066
20,frailty,C,0,0.5,-2,4,67,1600016067
20,frailty,C,0,0.5,-2,4,68,1600016068
20,frailty,C,0,0.5,-2,4,69,1600016069
20,frailty,C,0,0.5,-2,4,70,1600016070
20,frailty,C,0,0.5,-2,4,71,1600016071
20,frailty,C,0,0.5,-2,4,72,1600016072
20,frailty,C,0,0.5,-2,4,73,1600016073
20,frailty,C,0,0.5,-2,4,74,1600016074
20,frailty,C,0,0.5,-2,4,75,1600016075
20,frailty,C,0,0.5,-2,4,76,1600016076
20,frailty,C,0,0.5,-2,4,77,1600016077
20,frailty,C,0,0.5,-2,4,78,1600016078
20,frailty,C,0,0.5,-2,4,79,1600016079
20,frailty,C,0,0.5,-2,4,80,1600016080
20,frailty,C,0,0.5,-2,4,81,1600016081
20,frailty,C,0,0.5,-2,4,82,1600016082
20,frailty,C,0,0.5,-2,4,83,1600016083
20,frailty,C,0,0.5,-2,4,84,1600016084
20,frailty,C,0,0.5,-2,4,85,1600016085
20,frailty,C,0,0.5,-2,4,86,1600016086
20,frailty,C,0,0.5,-2,4,87,1600016087
20,frailty,C,0,0.5,-2,4,88,1600016088
20,frailty,C,0,0.5,-2,4,89,1600016089
20,frailty,C,0,0.5,-2,4,90,1600016090
20,frailty,C,0,0.5,-2,4,91,1600016091
20,frailty,C,0,0.5,-2,4,92,1600016092
20,frailty,C,0,0.5,-2,4,93,1600016093
20,frailty,C,0,0.5,-2,4,94,1600016094
20,frailty,C,0,0.5,-2,4,95,1600016095
20,frailty,C,0,0.5,-2,4,96,1600016096
20,frailty,C,0,0.5,-2,4,97,1600016097
20,frailty,C,0,0.5,-2,4,98,1600016098
20,frailty,C,0,0.5,-2,4,99,1600016099
20,frailty,C,0,0.5,-2,4,100,1600016100
20,frailty,C,0,0.5,-2,4,101,1600016101
20,frailty,C,0,0.5,-2,4,102,1600016102
20,frailty,C,0,0.5,-2,4,103,1600016103
20,frailty,C,0,0.5,-2,4,104,1600016104
20,frailty,C,0,0.5,-2,4,105,1600016105
20,frailty,C,0,0.5,-2,4,106,1600016106
20,frailty,C,0,0.5,-2,4,107,1600016107
20,frailty,C,0,0.5,-2,4,108,1600016108
20,frailty,C,0,0.5,-2,4,109,1600016109
20,frailty,C,0,0.5,-2,4,110,1600016110
20,frailty,C,0,0.5,-2,4,111,1600016111
20,frailty,C,0,0.5,-2,4,112,1600016112
20,frailty,C,0,0.5,-2,4,113,1600016113
20,frailty,C,0,0.5,-2,4,114,1600016114
20,frailty,C,0,0.5,-2,4,115,1600016115
20,frailty,C,0,0.5,-2,4,116,1600016116
20,frailty,C,0,0.5,-2,4,117,1600016117
20,frailty,C,0,0.5,-2,4,118,1600016118
20,frailty,C,0,0.5,-2,4,119,1600016119
20,frailty,C,0,0.5,-2,4,120,1600016120
20,frailty,C,0,0.5,-2,4,121,1600016121
20,frailty,C,0,0.5,-2,4,122,1600016122
20,frailty,C,0,0.5,-2,4,123,1600016123
20,frailty,C,0,0.5,-2,4,124,1600016124
20,frailty,C,0,0.5,-2,4,125,1600016125
20,frailty,C,0,0.5,-2,4,126,1600016126
20,frailty,C,0,0.5,-2,4,127,1600016127
20,frailty,C,0,0.5,-2,4,128,1600016128
20,frailty,C,0,0.5,-2,4,129,1600016129
20,frailty,C,0,0.5,-2,4,130,1600016130
20,frailty,C,0,0.5,-2,4,131,1600016131
20,frailty,C,0,0.5,-2,4,132,1600016132
20,frailty,C,0,0.5,-2,4,133,1600016133
20,frailty,C,0,0.5,-2,4,134,1600016134
20,frailty,C,0,0.5,-2,4,135,1600016135
20,frailty,C,0,0.5,-2,4,136,1600016136
20,frailty,C,0,0.5,-2,4,137,1600016137
20,frailty,C,0,0.5,-2,4,138,1600016138
20,frailty,C,0,0.5,-2,4,139,1600016139
20,frailty,C,0,0.5,-2,4,140,1600016140
20,frailty,C,0,0.5,-2,4,141,1600016141
20,frailty,C,0,0.5,-2,4,142,1600016142
20,frailty,C,0,0.5,-2,4,143,1600016143
20,frailty,C,0,0.5,-2,4,144,1600016144
20,frailty,C,0,0.5,-2,4,145,1600016145
20,frailty,C,0,0.5,-2,4,146,1600016146
20,frailty,C,0,0.5,-2,4,147,1600016147
20,frailty,C,0,0.5,-2,4,148,1600016148
20,frailty,C,0,0.5,-2,4,149,1600016149
20,frailty,C,0,0.5,-2,4,150,1600016150
20,frailty,C,0,0.5,-2,4,151,1600016151
20,frailty,C,0,0.5,-2,4,152,1600016152
20,frailty,C,0,0.5,-2,4,153,1600016153
20,frailty,C,0,0.5,-2,4,154,1600016154
20,frailty,C,0,0.5,-2,4,155,1600016155
20,frailty,C,0,0.5,-2,4,156,1600016156
20,frailty,C,0,0.5,-2,4,157,1600016157
20,frailty,C,0,0.5,-2,4,158,1600016158
20,frailty,C,0,0.5,-2,4,159,1600016159
20,frailty,C,0,0.5,-2,4,160,1600016160
20,frailty,C,0,0.5,-2,4,161,1600016161
20,frailty,C,0,0.5,-2,4,162,1600016162
20,frailty,C,0,0.5,-2,4,163,1600016163
20,frailty,C,0,0.5,-2,4,164,1600016164
20,frailty,C,0,0.5,-2,4,165,1600016165
20,frailty,C,0,0.5,-2,4,166,1600016166
20,frailty,C,0,0.5,-2,4,167,1600016167
20,frailty,C,0,0.5,-2,4,168,1600016168
20,frailty,C,0,0.5,-2,4,169,1600016169
20,frailty,C,0,0.5,-2,4,170,1600016170
20,frailty,C,0,0.5,-2,4,171,1600016171
20,frailty,C,0,0.5,-2,4,172,1600016172
20,frailty,C,0,0.5,-2,4,173,1600016173
20,frailty,C,0,0.5,-2,4,174,1600016174
20,frailty,C,0,0.5,-2,4,175,1600016175
20,frailty,C,0,0.5,-2,4,176,1600016176
20,frailty,C,0,0.5,-2,4,177,1600016177
20,frailty,C,0,0.5,-2,4,178,1600016178
20,frailty,C,0,0.5,-2,4,179,1600016179
20,frailty,C,0,0.5,-2,4,180,1600016180
20,frailty,C,0,0.5,-2,4,181,1600016181
20,frailty,C,0,0.5,-2,4,182,1600016182
20,frailty,C,0,0.5,-2,4,183,1600016183
20,frailty,C,0,0.5,-2,4,184,1600016184
20,frailty,C,0,0.5,-2,4,185,1600016185
20,frailty,C,0,0.5,-2,4,186,1600016186
20,frailty,C,0,0.5,-2,4,187,1600016187
20,frailty,C,0,0.5,-2,4,188,1600016188
20,frailty,C,0,0.5,-2,4,189,1600016189
20,frailty,C,0,0.5,-2,4,190,1600016190
20,frailty,C,0,0.5,-2,4,191,1600016191
20,frailty,C,0,0.5,-2,4,192,1600016192
20,frailty,C,0,0.5,-2,4,193,1600016193
20,frailty,C,0,0.5,-2,4,194,1600016194
20,frailty,C,0,0.5,-2,4,195,1600016195
20,frailty,C,0,0.5,-2,4,196,1600016196
20,frailty,C,0,0.5,-2,4,197,1600016197
20,frailty,C,0,0.5,-2,4,198,1600016198
20,frailty,C,0,0.5,-2,4,199,1600016199
20,frailty,C,0,0.5,-2,4,200,1600016200
20,frailty,C,0,0.5,-2,4,201,1600016201
20,frailty,C,0,0.5,-2,4,202,1600016202
20,frailty,C,0,0.5,-2,4,203,1600016203
20,frailty,C,0,0.5,-2,4,204,1600016204
20,frailty,C,0,0.5,-2,4,205,1600016205
20,frailty,C,0,0.5,-2,4,206,1600016206
20,frailty,C,0,0.5,-2,4,207,1600016207
20,frailty,C,0,0.5,-2,4,208,1600016208
20,frailty,C,0,0.5,-2,4,209,1600016209
20,frailty,C,0,0.5,-2,4,210,1600016210
20,frailty,C,0,0.5,-2,4,211,1600016211
20,frailty,C,0,0.5,-2,4,212,1600016212
20,frailty,C,0,0.5,-2,4,213,1600016213
20,frailty,C,0,0.5,-2,4,214,1600016214
20,frailty,C,0,0.5,-2,4,215,1600016215
20,frailty,C,0,0.5,-2,4,216,1600016216
20,frailty,C,0,0.5,-2,4,217,1600016217
20,frailty,C,0,0.5,-2,4,218,1600016218
20,frailty,C,0,0.5,-2,4,219,1600016219
20,frailty,C,0,0.5,-2,4,220,1600016220
20,frailty,C,0,0.5,-2,4,221,1600016221
20,frailty,C,0,0.5,-2,4,222,1600016222
20,frailty,C,0,0.5,-2,4,223,1600016223
20,frailty,C,0,0.5,-2,4,224,1600016224
20,frailty,C,0,0.5,-2,4,225,1600016225
20,frailty,C,0,0.5,-2,4,226,1600016226
20,frailty,C,0,0.5,-2,4,227,1600016227
20,frailty,C,0,0.5,-2,4,228,1600016228
20,frailty,C,0,0.5,-2,4,229,1600016229
20,frailty,C,0,0.5,-2,4,230,1600016230
20,frailty,C,0,0.5,-2,4,231,1600016231
20,frailty,C,0,0.5,-2,4,232,1600016232
20,frailty,C,0,0.5,-2,4,233,1600016233
20,frailty,C,0,0.5,-2,4,234,1600016234
20,frailty,C,0,0.5,-2,4,235,1600016235
20,frailty,C,0,0.5,-2,4,236,1600016236
20,frailty,C,0,0.5,-2,4,237,1600016237
20,frailty,C,0,0.5,-2,4,238,1600016238
20,frailty,C,0,0.5,-2,4,239,1600016239
20,frailty,C,0,0.5,-2,4,240,1600016240
20,frailty,C,0,0.5,-2,4,241,1600016241
20,frailty,C,0,0.5,-2,4,242,1600016242
20,frailty,C,0,0.5,-2,4,243,1600016243
20,frailty,C,0,0.5,-2,4,244,1600016244
20,frailty,C,0,0.5,-2,4,245,1600016245
20,frailty,C,0,0.5,-2,4,246,1600016246
20,frailty,C,0,0.5,-2,4,247,1600016247
20,frailty,C,0,0.5,-2,4,248,1600016248
20,frailty,C,0,0.5,-2,4,249,1600016249
20,frailty,C,0,0.5,-2,4,250,1600016250
20,frailty,C,0,0.5,-2,4,251,1600016251
20,frailty,C,0,0.5,-2,4,252,1600016252
20,frailty,C,0,0.5,-2,4,253,1600016253
20,frailty,C,0,0.5,-2,4,254,1600016254
20,frailty,C,0,0.5,-2,4,255,1600016255
20,frailty,C,0,0.5,-2,4,256,1600016256
20,frailty,C,0,0.5,-2,4,257,1600016257
20,frailty,C,0,0.5,-2,4,258,1600016258
20,frailty,C,0,0.5,-2,4,259,1600016259
20,frailty,C,0,0.5,-2,4,260,1600016260
20,frailty,C,0,0.5,-2,4,261,1600016261
20,frailty,C,0,0.5,-2,4,262,1600016262
20,frailty,C,0,0.5,-2,4,263,1600016263
20,frailty,C,0,0.5,-2,4,264,1600016264
20,frailty,C,0,0.5,-2,4,265,1600016265
20,frailty,C,0,0.5,-2,4,266,1600016266
20,frailty,C,0,0.5,-2,4,267,1600016267
20,frailty,C,0,0.5,-2,4,268,1600016268
20,frailty,C,0,0.5,-2,4,269,1600016269
20,frailty,C,0,0.5,-2,4,270,1600016270
20,frailty,C,0,0.5,-2,4,271,1600016271
20,frailty,C,0,0.5,-2,4,272,1600016272
20,frailty,C,0,0.5,-2,4,273,1600016273
20,frailty,C,0,0.5,-2,4,274,1600016274
20,frailty,C,0,0.5,-2,4,275,1600016275
20,frailty,C,0,0.5,-2,4,276,1600016276
20,frailty,C,0,0.5,-2,4,277,1600016277
20,frailty,C,0,0.5,-2,4,278,1600016278
20,frailty,C,0,0.5,-2,4,279,1600016279
20,frailty,C,0,0.5,-2,4,280,1600016280
20,frailty,C,0,0.5,-2,4,281,1600016281
20,frailty,C,0,0.5,-2,4,282,1600016282
20,frailty,C,0,0.5,-2,4,283,1600016283
20,frailty,C,0,0.5,-2,4,284,1600016284
20,frailty,C,0,0.5,-2,4,285,1600016285
20,frailty,C,0,0.5,-2,4,286,1600016286
20,frailty,C,0,0.5,-2,4,287,1600016287
20,frailty,C,0,0.5,-2,4,288,1600016288
20,frailty,C,0,0.5,-2,4,289,1600016289
20,frailty,C,0,0.5,-2,4,290,1600016290
20,frailty,C,0,0.5,-2,4,291,1600016291
20,frailty,C,0,0.5,-2,4,292,1600016292
20,frailty,C,0,0.5,-2,4,293,1600016293
20,frailty,C,0,0.5,-2,4,294,1600016294
20,frailty,C,0,0.5,-2,4,295,1600016295
20,frailty,C,0,0.5,-2,4,296,1600016296
20,frailty,C,0,0.5,-2,4,297,1600016297
20,frailty,C,0,0.5,-2,4,298,1600016298
20,frailty,C,0,0.5,-2,4,299,1600016299
20,frailty,C,0,0.5,-2,4,300,1600016300
20,frailty,C,0,0.5,-2,4,301,1600016301
20,frailty,C,0,0.5,-2,4,302,1600016302
20,frailty,C,0,0.5,-2,4,303,1600016303
20,frailty,C,0,0.5,-2,4,304,1600016304
20,frailty,C,0,0.5,-2,4,305,1600016305
20,frailty,C,0,0.5,-2,4,306,1600016306
20,frailty,C,0,0.5,-2,4,307,1600016307
20,frailty,C,0,0.5,-2,4,308,1600016308
20,frailty,C,0,0.5,-2,4,309,1600016309
20,frailty,C,0,0.5,-2,4,310,1600016310
20,frailty,C,0,0.5,-2,4,311,1600016311
20,frailty,C,0,0.5,-2,4,312,1600016312
20,frailty,C,0,0.5,-2,4,313,1600016313
20,frailty,C,0,0.5,-2,4,314,1600016314
20,frailty,C,0,0.5,-2,4,315,1600016315
20,frailty,C,0,0.5,-2,4,316,1600016316
20,frailty,C,0,0.5,-2,4,317,1600016317
20,frailty,C,0,0.5,-2,4,318,1600016318
20,frailty,C,0,0.5,-2,4,319,1600016319
20,frailty,C,0,0.5,-2,4,320,1600016320
20,frailty,C,0,0.5,-2,4,321,1600016321
20,frailty,C,0,0.5,-2,4,322,1600016322
20,frailty,C,0,0.5,-2,4,323,1600016323
20,frailty,C,0,0.5,-2,4,324,1600016324
20,frailty,C,0,0.5,-2,4,325,1600016325
20,frailty,C,0,0.5,-2,4,326,1600016326
20,frailty,C,0,0.5,-2,4,327,1600016327
20,frailty,C,0,0.5,-2,4,328,1600016328
20,frailty,C,0,0.5,-2,4,329,1600016329
20,frailty,C,0,0.5,-2,4,330,1600016330
20,frailty,C,0,0.5,-2,4,331,1600016331
20,frailty,C,0,0.5,-2,4,332,1600016332
20,frailty,C,0,0.5,-2,4,333,1600016333
20,frailty,C,0,0.5,-2,4,334,1600016334
20,frailty,C,0,0.5,-2,4,335,1600016335
20,frailty,C,0,0.5,-2,4,336,1600016336
20,frailty,C,0,0.5,-2,4,337,1600016337
20,frailty,C,0,0.5,-2,4,338,1600016338
20,frailty,C,0,0.5,-2,4,339,1600016339
20,frailty,C,0,0.5,-2,4,340,1600016340
20,frailty,C,0,0.5,-2,4,341,1600016341
20,frailty,C,0,0.5,-2,4,342,1600016342
20,frailty,C,0,0.5,-2,4,343,1600016343
20,frailty,C,0,0.5,-2,4,344,1600016344
20,frailty,C,0,0.5,-2,4,345,1600016345
20,frailty,C,0,0.5,-2,4,346,1600016346
20,frailty,C,0,0.5,-2,4,347,1600016347
20,frailty,C,0,0.5,-2,4,348,1600016348
20,frailty,C,0,0.5,-2,4,349,1600016349
20,frailty,C,0,0.5,-2,4,350,1600016350
20,frailty,C,0,0.5,-2,4,351,1600016351
20,frailty,C,0,0.5,-2,4,352,1600016352
20,frailty,C,0,0.5,-2,4,353,1600016353
20,frailty,C,0,0.5,-2,4,354,1600016354
20,frailty,C,0,0.5,-2,4,355,1600016355
20,frailty,C,0,0.5,-2,4,356,1600016356
20,frailty,C,0,0.5,-2,4,357,1600016357
20,frailty,C,0,0.5,-2,4,358,1600016358
20,frailty,C,0,0.5,-2,4,359,1600016359
20,frailty,C,0,0.5,-2,4,360,1600016360
20,frailty,C,0,0.5,-2,4,361,1600016361
20,frailty,C,0,0.5,-2,4,362,1600016362
20,frailty,C,0,0.5,-2,4,363,1600016363
20,frailty,C,0,0.5,-2,4,364,1600016364
20,frailty,C,0,0.5,-2,4,365,1600016365
20,frailty,C,0,0.5,-2,4,366,1600016366
20,frailty,C,0,0.5,-2,4,367,1600016367
20,frailty,C,0,0.5,-2,4,368,1600016368
20,frailty,C,0,0.5,-2,4,369,1600016369
20,frailty,C,0,0.5,-2,4,370,1600016370
20,frailty,C,0,0.5,-2,4,371,1600016371
20,frailty,C,0,0.5,-2,4,372,1600016372
20,frailty,C,0,0.5,-2,4,373,1600016373
20,frailty,C,0,0.5,-2,4,374,1600016374
20,frailty,C,0,0.5,-2,4,375,1600016375
20,frailty,C,0,0.5,-2,4,376,1600016376
20,frailty,C,0,0.5,-2,4,377,1600016377
20,frailty,C,0,0.5,-2,4,378,1600016378
20,frailty,C,0,0.5,-2,4,379,1600016379
20,frailty,C,0,0.5,-2,4,380,1600016380
20,frailty,C,0,0.5,-2,4,381,1600016381
20,frailty,C,0,0.5,-2,4,382,1600016382
20,frailty,C,0,0.5,-2,4,383,1600016383
20,frailty,C,0,0.5,-2,4,384,1600016384
20,frailty,C,0,0.5,-2,4,385,1600016385
20,frailty,C,0,0.5,-2,4,386,1600016386
20,frailty,C,0,0.5,-2,4,387,1600016387
20,frailty,C,0,0.5,-2,4,388,1600016388
20,frailty,C,0,0.5,-2,4,389,1600016389
20,frailty,C,0,0.5,-2,4,390,1600016390
20,frailty,C,0,0.5,-2,4,391,1600016391
20,frailty,C,0,0.5,-2,4,392,1600016392
20,frailty,C,0,0.5,-2,4,393,1600016393
20,frailty,C,0,0.5,-2,4,394,1600016394
20,frailty,C,0,0.5,-2,4,395,1600016395
20,frailty,C,0,0.5,-2,4,396,1600016396
20,frailty,C,0,0.5,-2,4,397,1600016397
20,frailty,C,0,0.5,-2,4,398,1600016398
20,frailty,C,0,0.5,-2,4,399,1600016399
20,frailty,C,0,0.5,-2,4,400,1600016400
20,frailty,C,0,0.5,-2,4,401,1600016401
20,frailty,C,0,0.5,-2,4,402,1600016402
20,frailty,C,0,0.5,-2,4,403,1600016403
20,frailty,C,0,0.5,-2,4,404,1600016404
20,frailty,C,0,0.5,-2,4,405,1600016405
20,frailty,C,0,0.5,-2,4,406,1600016406
20,frailty,C,0,0.5,-2,4,407,1600016407
20,frailty,C,0,0.5,-2,4,408,1600016408
20,frailty,C,0,0.5,-2,4,409,1600016409
20,frailty,C,0,0.5,-2,4,410,1600016410
20,frailty,C,0,0.5,-2,4,411,1600016411
20,frailty,C,0,0.5,-2,4,412,1600016412
20,frailty,C,0,0.5,-2,4,413,1600016413
20,frailty,C,0,0.5,-2,4,414,1600016414
20,frailty,C,0,0.5,-2,4,415,1600016415
20,frailty,C,0,0.5,-2,4,416,1600016416
20,frailty,C,0,0.5,-2,4,417,1600016417
20,frailty,C,0,0.5,-2,4,418,1600016418
20,frailty,C,0,0.5,-2,4,419,1600016419
20,frailty,C,0,0.5,-2,4,420,1600016420
20,frailty,C,0,0.5,-2,4,421,1600016421
20,frailty,C,0,0.5,-2,4,422,1600016422
20,frailty,C,0,0.5,-2,4,423,1600016423
20,frailty,C,0,0.5,-2,4,424,1600016424
20,frailty,C,0,0.5,-2,4,425,1600016425
20,frailty,C,0,0.5,-2,4,426,1600016426
20,frailty,C,0,0.5,-2,4,427,1600016427
20,frailty,C,0,0.5,-2,4,428,1600016428
20,frailty,C,0,0.5,-2,4,429,1600016429
20,frailty,C,0,0.5,-2,4,430,1600016430
20,frailty,C,0,0.5,-2,4,431,1600016431
20,frailty,C,0,0.5,-2,4,432,1600016432
20,frailty,C,0,0.5,-2,4,433,1600016433
20,frailty,C,0,0.5,-2,4,434,1600016434
20,frailty,C,0,0.5,-2,4,435,1600016435
20,frailty,C,0,0.5,-2,4,436,1600016436
20,frailty,C,0,0.5,-2,4,437,1600016437
20,frailty,C,0,0.5,-2,4,438,1600016438
20,frailty,C,0,0.5,-2,4,439,1600016439
20,frailty,C,0,0.5,-2,4,440,1600016440
20,frailty,C,0,0.5,-2,4,441,1600016441
20,frailty,C,0,0.5,-2,4,442,1600016442
20,frailty,C,0,0.5,-2,4,443,1600016443
20,frailty,C,0,0.5,-2,4,444,1600016444
20,frailty,C,0,0.5,-2,4,445,1600016445
20,frailty,C,0,0.5,-2,4,446,1600016446
20,frailty,C,0,0.5,-2,4,447,1600016447
20,frailty,C,0,0.5,-2,4,448,1600016448
20,frailty,C,0,0.5,-2,4,449,1600016449
20,frailty,C,0,0.5,-2,4,450,1600016450
20,frailty,C,0,0.5,-2,4,451,1600016451
20,frailty,C,0,0.5,-2,4,452,1600016452
20,frailty,C,0,0.5,-2,4,453,1600016453
20,frailty,C,0,0.5,-2,4,454,1600016454
20,frailty,C,0,0.5,-2,4,455,1600016455
20,frailty,C,0,0.5,-2,4,456,1600016456
20,frailty,C,0,0.5,-2,4,457,1600016457
20,frailty,C,0,0.5,-2,4,458,1600016458
20,frailty,C,0,0.5,-2,4,459,1600016459
20,frailty,C,0,0.5,-2,4,460,1600016460
20,frailty,C,0,0.5,-2,4,461,1600016461
20,frailty,C,0,0.5,-2,4,462,1600016462
20,frailty,C,0,0.5,-2,4,463,1600016463
20,frailty,C,0,0.5,-2,4,464,1600016464
20,frailty,C,0,0.5,-2,4,465,1600016465
20,frailty,C,0,0.5,-2,4,466,1600016466
20,frailty,C,0,0.5,-2,4,467,1600016467
20,frailty,C,0,0.5,-2,4,468,1600016468
20,frailty,C,0,0.5,-2,4,469,1600016469
20,frailty,C,0,0.5,-2,4,470,1600016470
20,frailty,C,0,0.5,-2,4,471,1600016471
20,frailty,C,0,0.5,-2,4,472,1600016472
20,frailty,C,0,0.5,-2,4,473,1600016473
20,frailty,C,0,0.5,-2,4,474,1600016474
20,frailty,C,0,0.5,-2,4,475,1600016475
20,frailty,C,0,0.5,-2,4,476,1600016476
20,frailty,C,0,0.5,-2,4,477,1600016477
20,frailty,C,0,0.5,-2,4,478,1600016478
20,frailty,C,0,0.5,-2,4,479,1600016479
20,frailty,C,0,0.5,-2,4,480,1600016480
20,frailty,C,0,0.5,-2,4,481,1600016481
20,frailty,C,0,0.5,-2,4,482,1600016482
20,frailty,C,0,0.5,-2,4,483,1600016483
20,frailty,C,0,0.5,-2,4,484,1600016484
20,frailty,C,0,0.5,-2,4,485,1600016485
20,frailty,C,0,0.5,-2,4,486,1600016486
20,frailty,C,0,0.5,-2,4,487,1600016487
20,frailty,C,0,0.5,-2,4,488,1600016488
20,frailty,C,0,0.5,-2,4,489,1600016489
20,frailty,C,0,0.5,-2,4,490,1600016490
20,frailty,C,0,0.5,-2,4,491,1600016491
20,frailty,C,0,0.5,-2,4,492,1600016492
20,frailty,C,0,0.5,-2,4,493,1600016493
20,frailty,C,0,0.5,-2,4,494,1600016494
20,frailty,C,0,0.5,-2,4,495,1600016495
20,frailty,C,0,0.5,-2,4,496,1600016496
20,frailty,C,0,0.5,-2,4,497,1600016497
20,frailty,C,0,0.5,-2,4,498,1600016498
20,frailty,C,0,0.5,-2,4,499,1600016499
20,frailty,C,0,0.5,-2,4,500,1600016500
20,frailty,C,0,0.5,-2,4,501,1600016501
20,frailty,C,0,0.5,-2,4,502,1600016502
20,frailty,C,0,0.5,-2,4,503,1600016503
20,frailty,C,0,0.5,-2,4,504,1600016504
20,frailty,C,0,0.5,-2,4,505,1600016505
20,frailty,C,0,0.5,-2,4,506,1600016506
20,frailty,C,0,0.5,-2,4,507,1600016507
20,frailty,C,0,0.5,-2,4,508,1600016508
20,frailty,C,0,0.5,-2,4,509,1600016509
20,frailty,C,0,0.5,-2,4,510,1600016510
20,frailty,C,0,0.5,-2,4,511,1600016511
20,frailty,C,0,0.5,-2,4,512,1600016512
20,frailty,C,0,0.5,-2,4,513,1600016513
20,frailty,C,0,0.5,-2,4,514,1600016514
20,frailty,C,0,0.5,-2,4,515,1600016515
20,frailty,C,0,0.5,-2,4,516,1600016516
20,frailty,C,0,0.5,-2,4,517,1600016517
20,frailty,C,0,0.5,-2,4,518,1600016518
20,frailty,C,0,0.5,-2,4,519,1600016519
20,frailty,C,0,0.5,-2,4,520,1600016520
20,frailty,C,0,0.5,-2,4,521,1600016521
20,frailty,C,0,0.5,-2,4,522,1600016522
20,frailty,C,0,0.5,-2,4,523,1600016523
20,frailty,C,0,0.5,-2,4,524,1600016524
20,frailty,C,0,0.5,-2,4,525,1600016525
20,frailty,C,0,0.5,-2,4,526,1600016526
20,frailty,C,0,0.5,-2,4,527,1600016527
20,frailty,C,0,0.5,-2,4,528,1600016528
20,frailty,C,0,0.5,-2,4,529,1600016529
20,frailty,C,0,0.5,-2,4,530,1600016530
20,frailty,C,0,0.5,-2,4,531,1600016531
20,frailty,C,0,0.5,-2,4,532,1600016532
20,frailty,C,0,0.5,-2,4,533,1600016533
20,frailty,C,0,0.5,-2,4,534,1600016534
20,frailty,C,0,0.5,-2,4,535,1600016535
20,frailty,C,0,0.5,-2,4,536,1600016536
20,frailty,C,0,0.5,-2,4,537,1600016537
20,frailty,C,0,0.5,-2,4,538,1600016538
20,frailty,C,0,0.5,-2,4,539,1600016539
20,frailty,C,0,0.5,-2,4,540,1600016540
20,frailty,C,0,0.5,-2,4,541,1600016541
20,frailty,C,0,0.5,-2,4,542,1600016542
20,frailty,C,0,0.5,-2,4,543,1600016543
20,frailty,C,0,0.5,-2,4,544,1600016544
20,frailty,C,0,0.5,-2,4,545,1600016545
20,frailty,C,0,0.5,-2,4,546,1600016546
20,frailty,C,0,0.5,-2,4,547,1600016547
20,frailty,C,0,0.5,-2,4,548,1600016548
20,frailty,C,0,0.5,-2,4,549,1600016549
20,frailty,C,0,0.5,-2,4,550,1600016550
20,frailty,C,0,0.5,-2,4,551,1600016551
20,frailty,C,0,0.5,-2,4,552,1600016552
20,frailty,C,0,0.5,-2,4,553,1600016553
20,frailty,C,0,0.5,-2,4,554,1600016554
20,frailty,C,0,0.5,-2,4,555,1600016555
20,frailty,C,0,0.5,-2,4,556,1600016556
20,frailty,C,0,0.5,-2,4,557,1600016557
20,frailty,C,0,0.5,-2,4,558,1600016558
20,frailty,C,0,0.5,-2,4,559,1600016559
20,frailty,C,0,0.5,-2,4,560,1600016560
20,frailty,C,0,0.5,-2,4,561,1600016561
20,frailty,C,0,0.5,-2,4,562,1600016562
20,frailty,C,0,0.5,-2,4,563,1600016563
20,frailty,C,0,0.5,-2,4,564,1600016564
20,frailty,C,0,0.5,-2,4,565,1600016565
20,frailty,C,0,0.5,-2,4,566,1600016566
20,frailty,C,0,0.5,-2,4,567,1600016567
20,frailty,C,0,0.5,-2,4,568,1600016568
20,frailty,C,0,0.5,-2,4,569,1600016569
20,frailty,C,0,0.5,-2,4,570,1600016570
20,frailty,C,0,0.5,-2,4,571,1600016571
20,frailty,C,0,0.5,-2,4,572,1600016572
20,frailty,C,0,0.5,-2,4,573,1600016573
20,frailty,C,0,0.5,-2,4,574,1600016574
20,frailty,C,0,0.5,-2,4,575,1600016575
20,frailty,C,0,0.5,-2,4,576,1600016576
20,frailty,C,0,0.5,-2,4,577,1600016577
20,frailty,C,0,0.5,-2,4,578,1600016578
20,frailty,C,0,0.5,-2,4,579,1600016579
20,frailty,C,0,0.5,-2,4,580,1600016580
20,frailty,C,0,0.5,-2,4,581,1600016581
20,frailty,C,0,0.5,-2,4,582,1600016582
20,frailty,C,0,0.5,-2,4,583,1600016583
20,frailty,C,0,0.5,-2,4,584,1600016584
20,frailty,C,0,0.5,-2,4,585,1600016585
20,frailty,C,0,0.5,-2,4,586,1600016586
20,frailty,C,0,0.5,-2,4,587,1600016587
20,frailty,C,0,0.5,-2,4,588,1600016588
20,frailty,C,0,0.5,-2,4,589,1600016589
20,frailty,C,0,0.5,-2,4,590,1600016590
20,frailty,C,0,0.5,-2,4,591,1600016591
20,frailty,C,0,0.5,-2,4,592,1600016592
20,frailty,C,0,0.5,-2,4,593,1600016593
20,frailty,C,0,0.5,-2,4,594,1600016594
20,frailty,C,0,0.5,-2,4,595,1600016595
20,frailty,C,0,0.5,-2,4,596,1600016596
20,frailty,C,0,0.5,-2,4,597,1600016597
20,frailty,C,0,0.5,-2,4,598,1600016598
20,frailty,C,0,0.5,-2,4,599,1600016599
20,frailty,C,0,0.5,-2,4,600,1600016600
20,frailty,C,0,0.5,-2,4,601,1600016601
20,frailty,C,0,0.5,-2,4,602,1600016602
20,frailty,C,0,0.5,-2,4,603,1600016603
20,frailty,C,0,0.5,-2,4,604,1600016604
20,frailty,C,0,0.5,-2,4,605,1600016605
20,frailty,C,0,0.5,-2,4,606,1600016606
20,frailty,C,0,0.5,-2,4,607,1600016607
20,frailty,C,0,0.5,-2,4,608,1600016608
20,frailty,C,0,0.5,-2,4,609,1600016609
20,frailty,C,0,0.5,-2,4,610,1600016610
20,frailty,C,0,0.5,-2,4,611,1600016611
20,frailty,C,0,0.5,-2,4,612,1600016612
20,frailty,C,0,0.5,-2,4,613,1600016613
20,frailty,C,0,0.5,-2,4,614,1600016614
20,frailty,C,0,0.5,-2,4,615,1600016615
20,frailty,C,0,0.5,-2,4,616,1600016616
20,frailty,C,0,0.5,-2,4,617,1600016617
20,frailty,C,0,0.5,-2,4,618,1600016618
20,frailty,C,0,0.5,-2,4,619,1600016619
20,frailty,C,0,0.5,-2,4,620,1600016620
20,frailty,C,0,0.5,-2,4,621,1600016621
20,frailty,C,0,0.5,-2,4,622,1600016622
20,frailty,C,0,0.5,-2,4,623,1600016623
20,frailty,C,0,0.5,-2,4,624,1600016624
20,frailty,C,0,0.5,-2,4,625,1600016625
20,frailty,C,0,0.5,-2,4,626,1600016626
20,frailty,C,0,0.5,-2,4,627,1600016627
20,frailty,C,0,0.5,-2,4,628,1600016628
20,frailty,C,0,0.5,-2,4,629,1600016629
20,frailty,C,0,0.5,-2,4,630,1600016630
20,frailty,C,0,0.5,-2,4,631,1600016631
20,frailty,C,0,0.5,-2,4,632,1600016632
20,frailty,C,0,0.5,-2,4,633,1600016633
20,frailty,C,0,0.5,-2,4,634,1600016634
20,frailty,C,0,0.5,-2,4,635,1600016635
20,frailty,C,0,0.5,-2,4,636,1600016636
20,frailty,C,0,0.5,-2,4,637,1600016637
20,frailty,C,0,0.5,-2,4,638,1600016638
20,frailty,C,0,0.5,-2,4,639,1600016639
20,frailty,C,0,0.5,-2,4,640,1600016640
20,frailty,C,0,0.5,-2,4,641,1600016641
20,frailty,C,0,0.5,-2,4,642,1600016642
20,frailty,C,0,0.5,-2,4,643,1600016643
20,frailty,C,0,0.5,-2,4,644,1600016644
20,frailty,C,0,0.5,-2,4,645,1600016645
20,frailty,C,0,0.5,-2,4,646,1600016646
20,frailty,C,0,0.5,-2,4,647,1600016647
20,frailty,C,0,0.5,-2,4,648,1600016648
20,frailty,C,0,0.5,-2,4,649,1600016649
20,frailty,C,0,0.5,-2,4,650,1600016650
20,frailty,C,0,0.5,-2,4,651,1600016651
20,frailty,C,0,0.5,-2,4,652,1600016652
20,frailty,C,0,0.5,-2,4,653,1600016653
20,frailty,C,0,0.5,-2,4,654,1600016654
20,frailty,C,0,0.5,-2,4,655,1600016655
20,frailty,C,0,0.5,-2,4,656,1600016656
20,frailty,C,0,0.5,-2,4,657,1600016657
20,frailty,C,0,0.5,-2,4,658,1600016658
20,frailty,C,0,0.5,-2,4,659,1600016659
20,frailty,C,0,0.5,-2,4,660,1600016660
20,frailty,C,0,0.5,-2,4,661,1600016661
20,frailty,C,0,0.5,-2,4,662,1600016662
20,frailty,C,0,0.5,-2,4,663,1600016663
20,frailty,C,0,0.5,-2,4,664,1600016664
20,frailty,C,0,0.5,-2,4,665,1600016665
20,frailty,C,0,0.5,-2,4,666,1600016666
20,frailty,C,0,0.5,-2,4,667,1600016667
20,frailty,C,0,0.5,-2,4,668,1600016668
20,frailty,C,0,0.5,-2,4,669,1600016669
20,frailty,C,0,0.5,-2,4,670,1600016670
20,frailty,C,0,0.5,-2,4,671,1600016671
20,frailty,C,0,0.5,-2,4,672,1600016672
20,frailty,C,0,0.5,-2,4,673,1600016673
20,frailty,C,0,0.5,-2,4,674,1600016674
20,frailty,C,0,0.5,-2,4,675,1600016675
20,frailty,C,0,0.5,-2,4,676,1600016676
20,frailty,C,0,0.5,-2,4,677,1600016677
20,frailty,C,0,0.5,-2,4,678,1600016678
20,frailty,C,0,0.5,-2,4,679,1600016679
20,frailty,C,0,0.5,-2,4,680,1600016680
20,frailty,C,0,0.5,-2,4,681,1600016681
20,frailty,C,0,0.5,-2,4,682,1600016682
20,frailty,C,0,0.5,-2,4,683,1600016683
20,frailty,C,0,0.5,-2,4,684,1600016684
20,frailty,C,0,0.5,-2,4,685,1600016685
20,frailty,C,0,0.5,-2,4,686,1600016686
20,frailty,C,0,0.5,-2,4,687,1600016687
20,frailty,C,0,0.5,-2,4,688,1600016688
20,frailty,C,0,0.5,-2,4,689,1600016689
20,frailty,C,0,0.5,-2,4,690,1600016690
20,frailty,C,0,0.5,-2,4,691,1600016691
20,frailty,C,0,0.5,-2,4,692,1600016692
20,frailty,C,0,0.5,-2,4,693,1600016693
20,frailty,C,0,0.5,-2,4,694,1600016694
20,frailty,C,0,0.5,-2,4,695,1600016695
20,frailty,C,0,0.5,-2,4,696,1600016696
20,frailty,C,0,0.5,-2,4,697,1600016697
20,frailty,C,0,0.5,-2,4,698,1600016698
20,frailty,C,0,0.5,-2,4,699,1600016699
20,frailty,C,0,0.5,-2,4,700,1600016700
20,frailty,C,0,0.5,-2,4,701,1600016701
20,frailty,C,0,0.5,-2,4,702,1600016702
20,frailty,C,0,0.5,-2,4,703,1600016703
20,frailty,C,0,0.5,-2,4,704,1600016704
20,frailty,C,0,0.5,-2,4,705,1600016705
20,frailty,C,0,0.5,-2,4,706,1600016706
20,frailty,C,0,0.5,-2,4,707,1600016707
20,frailty,C,0,0.5,-2,4,708,1600016708
20,frailty,C,0,0.5,-2,4,709,1600016709
20,frailty,C,0,0.5,-2,4,710,1600016710
20,frailty,C,0,0.5,-2,4,711,1600016711
20,frailty,C,0,0.5,-2,4,712,1600016712
20,frailty,C,0,0.5,-2,4,713,1600016713
20,frailty,C,0,0.5,-2,4,714,1600016714
20,frailty,C,0,0.5,-2,4,715,1600016715
20,frailty,C,0,0.5,-2,4,716,1600016716
20,frailty,C,0,0.5,-2,4,717,1600016717
20,frailty,C,0,0.5,-2,4,718,1600016718
20,frailty,C,0,0.5,-2,4,719,1600016719
20,frailty,C,0,0.5,-2,4,720,1600016720
20,frailty,C,0,0.5,-2,4,721,1600016721
20,frailty,C,0,0.5,-2,4,722,1600016722
20,frailty,C,0,0.5,-2,4,723,1600016723
20,frailty,C,0,0.5,-2,4,724,1600016724
20,frailty,C,0,0.5,-2,4,725,1600016725
20,frailty,C,0,0.5,-2,4,726,1600016726
20,frailty,C,0,0.5,-2,4,727,1600016727
20,frailty,C,0,0.5,-2,4,728,1600016728
20,frailty,C,0,0.5,-2,4,729,1600016729
20,frailty,C,0,0.5,-2,4,730,1600016730
20,frailty,C,0,0.5,-2,4,731,1600016731
20,frailty,C,0,0.5,-2,4,732,1600016732
20,frailty,C,0,0.5,-2,4,733,1600016733
20,frailty,C,0,0.5,-2,4,734,1600016734
20,frailty,C,0,0.5,-2,4,735,1600016735
20,frailty,C,0,0.5,-2,4,736,1600016736
20,frailty,C,0,0.5,-2,4,737,1600016737
20,frailty,C,0,0.5,-2,4,738,1600016738
20,frailty,C,0,0.5,-2,4,739,1600016739
20,frailty,C,0,0.5,-2,4,740,1600016740
20,frailty,C,0,0.5,-2,4,741,1600016741
20,frailty,C,0,0.5,-2,4,742,1600016742
20,frailty,C,0,0.5,-2,4,743,1600016743
20,frailty,C,0,0.5,-2,4,744,1600016744
20,frailty,C,0,0.5,-2,4,745,1600016745
20,frailty,C,0,0.5,-2,4,746,1600016746
20,frailty,C,0,0.5,-2,4,747,1600016747
20,frailty,C,0,0.5,-2,4,748,1600016748
20,frailty,C,0,0.5,-2,4,749,1600016749
20,frailty,C,0,0.5,-2,4,750,1600016750
20,frailty,C,0,0.5,-2,4,751,1600016751
20,frailty,C,0,0.5,-2,4,752,1600016752
20,frailty,C,0,0.5,-2,4,753,1600016753
20,frailty,C,0,0.5,-2,4,754,1600016754
20,frailty,C,0,0.5,-2,4,755,1600016755
20,frailty,C,0,0.5,-2,4,756,1600016756
20,frailty,C,0,0.5,-2,4,757,1600016757
20,frailty,C,0,0.5,-2,4,758,1600016758
20,frailty,C,0,0.5,-2,4,759,1600016759
20,frailty,C,0,0.5,-2,4,760,1600016760
20,frailty,C,0,0.5,-2,4,761,1600016761
20,frailty,C,0,0.5,-2,4,762,1600016762
20,frailty,C,0,0.5,-2,4,763,1600016763
20,frailty,C,0,0.5,-2,4,764,1600016764
20,frailty,C,0,0.5,-2,4,765,1600016765
20,frailty,C,0,0.5,-2,4,766,1600016766
20,frailty,C,0,0.5,-2,4,767,1600016767
20,frailty,C,0,0.5,-2,4,768,1600016768
20,frailty,C,0,0.5,-2,4,769,1600016769
20,frailty,C,0,0.5,-2,4,770,1600016770
20,frailty,C,0,0.5,-2,4,771,1600016771
20,frailty,C,0,0.5,-2,4,772,1600016772
20,frailty,C,0,0.5,-2,4,773,1600016773
20,frailty,C,0,0.5,-2,4,774,1600016774
20,frailty,C,0,0.5,-2,4,775,1600016775
20,frailty,C,0,0.5,-2,4,776,1600016776
20,frailty,C,0,0.5,-2,4,777,1600016777
20,frailty,C,0,0.5,-2,4,778,1600016778
20,frailty,C,0,0.5,-2,4,779,1600016779
20,frailty,C,0,0.5,-2,4,780,1600016780
20,frailty,C,0,0.5,-2,4,781,1600016781
20,frailty,C,0,0.5,-2,4,782,1600016782
20,frailty,C,0,0.5,-2,4,783,1600016783
20,frailty,C,0,0.5,-2,4,784,1600016784
20,frailty,C,0,0.5,-2,4,785,1600016785
20,frailty,C,0,0.5,-2,4,786,1600016786
20,frailty,C,0,0.5,-2,4,787,1600016787
20,frailty,C,0,0.5,-2,4,788,1600016788
20,frailty,C,0,0.5,-2,4,789,1600016789
20,frailty,C,0,0.5,-2,4,790,1600016790
20,frailty,C,0,0.5,-2,4,791,1600016791
20,frailty,C,0,0.5,-2,4,792,1600016792
20,frailty,C,0,0.5,-2,4,793,1600016793
20,frailty,C,0,0.5,-2,4,794,1600016794
20,frailty,C,0,0.5,-2,4,795,1600016795
20,frailty,C,0,0.5,-2,4,796,1600016796
20,frailty,C,0,0.5,-2,4,797,1600016797
20,frailty,C,0,0.5,-2,4,798,1600016798
20,frailty,C,0,0.5,-2,4,799,1600016799
20,frailty,C,0,0.5,-2,4,800,1600016800
20,frailty,C,0,0.5,-2,4,801,1600016801
20,frailty,C,0,0.5,-2,4,802,1600016802
20,frailty,C,0,0.5,-2,4,803,1600016803
20,frailty,C,0,0.5,-2,4,804,1600016804
20,frailty,C,0,0.5,-2,4,805,1600016805
20,frailty,C,0,0.5,-2,4,806,1600016806
20,frailty,C,0,0.5,-2,4,807,1600016807
20,frailty,C,0,0.5,-2,4,808,1600016808
20,frailty,C,0,0.5,-2,4,809,1600016809
20,frailty,C,0,0.5,-2,4,810,1600016810
20,frailty,C,0,0.5,-2,4,811,1600016811
20,frailty,C,0,0.5,-2,4,812,1600016812
20,frailty,C,0,0.5,-2,4,813,1600016813
20,frailty,C,0,0.5,-2,4,814,1600016814
20,frailty,C,0,0.5,-2,4,815,1600016815
20,frailty,C,0,0.5,-2,4,816,1600016816
20,frailty,C,0,0.5,-2,4,817,1600016817
20,frailty,C,0,0.5,-2,4,818,1600016818
20,frailty,C,0,0.5,-2,4,819,1600016819
20,frailty,C,0,0.5,-2,4,820,1600016820
20,frailty,C,0,0.5,-2,4,821,1600016821
20,frailty,C,0,0.5,-2,4,822,1600016822
20,frailty,C,0,0.5,-2,4,823,1600016823
20,frailty,C,0,0.5,-2,4,824,1600016824
20,frailty,C,0,0.5,-2,4,825,1600016825
20,frailty,C,0,0.5,-2,4,826,1600016826
20,frailty,C,0,0.5,-2,4,827,1600016827
20,frailty,C,0,0.5,-2,4,828,1600016828
20,frailty,C,0,0.5,-2,4,829,1600016829
20,frailty,C,0,0.5,-2,4,830,1600016830
20,frailty,C,0,0.5,-2,4,831,1600016831
20,frailty,C,0,0.5,-2,4,832,1600016832
20,frailty,C,0,0.5,-2,4,833,1600016833
20,frailty,C,0,0.5,-2,4,834,1600016834
20,frailty,C,0,0.5,-2,4,835,1600016835
20,frailty,C,0,0.5,-2,4,836,1600016836
20,frailty,C,0,0.5,-2,4,837,1600016837
20,frailty,C,0,0.5,-2,4,838,1600016838
20,frailty,C,0,0.5,-2,4,839,1600016839
20,frailty,C,0,0.5,-2,4,840,1600016840
20,frailty,C,0,0.5,-2,4,841,1600016841
20,frailty,C,0,0.5,-2,4,842,1600016842
20,frailty,C,0,0.5,-2,4,843,1600016843
20,frailty,C,0,0.5,-2,4,844,1600016844
20,frailty,C,0,0.5,-2,4,845,1600016845
20,frailty,C,0,0.5,-2,4,846,1600016846
20,frailty,C,0,0.5,-2,4,847,1600016847
20,frailty,C,0,0.5,-2,4,848,1600016848
20,frailty,C,0,0.5,-2,4,849,1600016849
20,frailty,C,0,0.5,-2,4,850,1600016850
20,frailty,C,0,0.5,-2,4,851,1600016851
20,frailty,C,0,0.5,-2,4,852,1600016852
20,frailty,C,0,0.5,-2,4,853,1600016853
20,frailty,C,0,0.5,-2,4,854,1600016854
20,frailty,C,0,0.5,-2,4,855,1600016855
20,frailty,C,0,0.5,-2,4,856,1600016856
20,frailty,C,0,0.5,-2,4,857,1600016857
20,frailty,C,0,0.5,-2,4,858,1600016858
20,frailty,C,0,0.5,-2,4,859,1600016859
20,frailty,C,0,0.5,-2,4,860,1600016860
20,frailty,C,0,0.5,-2,4,861,1600016861
20,frailty,C,0,0.5,-2,4,862,1600016862
20,frailty,C,0,0.5,-2,4,863,1600016863
20,frailty,C,0,0.5,-2,4,864,1600016864
20,frailty,C,0,0.5,-2,4,865,1600016865
20,frailty,C,0,0.5,-2,4,866,1600016866
20,frailty,C,0,0.5,-2,4,867,1600016867
20,frailty,C,0,0.5,-2,4,868,1600016868
20,frailty,C,0,0.5,-2,4,869,1600016869
20,frailty,C,0,0.5,-2,4,870,1600016870
20,frailty,C,0,0.5,-2,4,871,1600016871
20,frailty,C,0,0.5,-2,4,872,1600016872
20,frailty,C,0,0.5,-2,4,873,1600016873
20,frailty,C,0,0.5,-2,4,874,1600016874
20,frailty,C,0,0.5,-2,4,875,1600016875
20,frailty,C,0,0.5,-2,4,876,1600016876
20,frailty,C,0,0.5,-2,4,877,1600016877
20,frailty,C,0,0.5,-2,4,878,1600016878
20,frailty,C,0,0.5,-2,4,879,1600016879
20,frailty,C,0,0.5,-2,4,880,1600016880
20,frailty,C,0,0.5,-2,4,881,1600016881
20,frailty,C,0,0.5,-2,4,882,1600016882
20,frailty,C,0,0.5,-2,4,883,1600016883
20,frailty,C,0,0.5,-2,4,884,1600016884
20,frailty,C,0,0.5,-2,4,885,1600016885
20,frailty,C,0,0.5,-2,4,886,1600016886
20,frailty,C,0,0.5,-2,4,887,1600016887
20,frailty,C,0,0.5,-2,4,888,1600016888
20,frailty,C,0,0.5,-2,4,889,1600016889
20,frailty,C,0,0.5,-2,4,890,1600016890
20,frailty,C,0,0.5,-2,4,891,1600016891
20,frailty,C,0,0.5,-2,4,892,1600016892
20,frailty,C,0,0.5,-2,4,893,1600016893
20,frailty,C,0,0.5,-2,4,894,1600016894
20,frailty,C,0,0.5,-2,4,895,1600016895
20,frailty,C,0,0.5,-2,4,896,1600016896
20,frailty,C,0,0.5,-2,4,897,1600016897
20,frailty,C,0,0.5,-2,4,898,1600016898
20,frailty,C,0,0.5,-2,4,899,1600016899
20,frailty,C,0,0.5,-2,4,900,1600016900
20,frailty,C,0,0.5,-2,4,901,1600016901
20,frailty,C,0,0.5,-2,4,902,1600016902
20,frailty,C,0,0.5,-2,4,903,1600016903
20,frailty,C,0,0.5,-2,4,904,1600016904
20,frailty,C,0,0.5,-2,4,905,1600016905
20,frailty,C,0,0.5,-2,4,906,1600016906
20,frailty,C,0,0.5,-2,4,907,1600016907
20,frailty,C,0,0.5,-2,4,908,1600016908
20,frailty,C,0,0.5,-2,4,909,1600016909
20,frailty,C,0,0.5,-2,4,910,1600016910
20,frailty,C,0,0.5,-2,4,911,1600016911
20,frailty,C,0,0.5,-2,4,912,1600016912
20,frailty,C,0,0.5,-2,4,913,1600016913
20,frailty,C,0,0.5,-2,4,914,1600016914
20,frailty,C,0,0.5,-2,4,915,1600016915
20,frailty,C,0,0.5,-2,4,916,1600016916
20,frailty,C,0,0.5,-2,4,917,1600016917
20,frailty,C,0,0.5,-2,4,918,1600016918
20,frailty,C,0,0.5,-2,4,919,1600016919
20,frailty,C,0,0.5,-2,4,920,1600016920
20,frailty,C,0,0.5,-2,4,921,1600016921
20,frailty,C,0,0.5,-2,4,922,1600016922
20,frailty,C,0,0.5,-2,4,923,1600016923
20,frailty,C,0,0.5,-2,4,924,1600016924
20,frailty,C,0,0.5,-2,4,925,1600016925
20,frailty,C,0,0.5,-2,4,926,1600016926
20,frailty,C,0,0.5,-2,4,927,1600016927
20,frailty,C,0,0.5,-2,4,928,1600016928
20,frailty,C,0,0.5,-2,4,929,1600016929
20,frailty,C,0,0.5,-2,4,930,1600016930
20,frailty,C,0,0.5,-2,4,931,1600016931
20,frailty,C,0,0.5,-2,4,932,1600016932
20,frailty,C,0,0.5,-2,4,933,1600016933
20,frailty,C,0,0.5,-2,4,934,1600016934
20,frailty,C,0,0.5,-2,4,935,1600016935
20,frailty,C,0,0.5,-2,4,936,1600016936
20,frailty,C,0,0.5,-2,4,937,1600016937
20,frailty,C,0,0.5,-2,4,938,1600016938
20,frailty,C,0,0.5,-2,4,939,1600016939
20,frailty,C,0,0.5,-2,4,940,1600016940
20,frailty,C,0,0.5,-2,4,941,1600016941
20,frailty,C,0,0.5,-2,4,942,1600016942
20,frailty,C,0,0.5,-2,4,943,1600016943
20,frailty,C,0,0.5,-2,4,944,1600016944
20,frailty,C,0,0.5,-2,4,945,1600016945
20,frailty,C,0,0.5,-2,4,946,1600016946
20,frailty,C,0,0.5,-2,4,947,1600016947
20,frailty,C,0,0.5,-2,4,948,1600016948
20,frailty,C,0,0.5,-2,4,949,1600016949
20,frailty,C,0,0.5,-2,4,950,1600016950
20,frailty,C,0,0.5,-2,4,951,1600016951
20,frailty,C,0,0.5,-2,4,952,1600016952
20,frailty,C,0,0.5,-2,4,953,1600016953
20,frailty,C,0,0.5,-2,4,954,1600016954
20,frailty,C,0,0.5,-2,4,955,1600016955
20,frailty,C,0,0.5,-2,4,956,1600016956
20,frailty,C,0,0.5,-2,4,957,1600016957
20,frailty,C,0,0.5,-2,4,958,1600016958
20,frailty,C,0,0.5,-2,4,959,1600016959
20,frailty,C,0,0.5,-2,4,960,1600016960
20,frailty,C,0,0.5,-2,4,961,1600016961
20,frailty,C,0,0.5,-2,4,962,1600016962
20,frailty,C,0,0.5,-2,4,963,1600016963
20,frailty,C,0,0.5,-2,4,964,1600016964
20,frailty,C,0,0.5,-2,4,965,1600016965
20,frailty,C,0,0.5,-2,4,966,1600016966
20,frailty,C,0,0.5,-2,4,967,1600016967
20,frailty,C,0,0.5,-2,4,968,1600016968
20,frailty,C,0,0.5,-2,4,969,1600016969
20,frailty,C,0,0.5,-2,4,970,1600016970
20,frailty,C,0,0.5,-2,4,971,1600016971
20,frailty,C,0,0.5,-2,4,972,1600016972
20,frailty,C,0,0.5,-2,4,973,1600016973
20,frailty,C,0,0.5,-2,4,974,1600016974
20,frailty,C,0,0.5,-2,4,975,1600016975
20,frailty,C,0,0.5,-2,4,976,1600016976
20,frailty,C,0,0.5,-2,4,977,1600016977
20,frailty,C,0,0.5,-2,4,978,1600016978
20,frailty,C,0,0.5,-2,4,979,1600016979
20,frailty,C,0,0.5,-2,4,980,1600016980
20,frailty,C,0,0.5,-2,4,981,1600016981
20,frailty,C,0,0.5,-2,4,982,1600016982
20,frailty,C,0,0.5,-2,4,983,1600016983
20,frailty,C,0,0.5,-2,4,984,1600016984
20,frailty,C,0,0.5,-2,4,985,1600016985
20,frailty,C,0,0.5,-2,4,986,1600016986
20,frailty,C,0,0.5,-2,4,987,1600016987
20,frailty,C,0,0.5,-2,4,988,1600016988
20,frailty,C,0,0.5,-2,4,989,1600016989
20,frailty,C,0,0.5,-2,4,990,1600016990
20,frailty,C,0,0.5,-2,4,991,1600016991
20,frailty,C,0,0.5,-2,4,992,1600016992
20,frailty,C,0,0.5,-2,4,993,1600016993
20,frailty,C,0,0.5,-2,4,994,1600016994
20,frailty,C,0,0.5,-2,4,995,1600016995
20,frailty,C,0,0.5,-2,4,996,1600016996
20,frailty,C,0,0.5,-2,4,997,1600016997
20,frailty,C,0,0.5,-2,4,998,1600016998
20,frailty,C,0,0.5,-2,4,999,1600016999
20,frailty,C,0,0.5,-2,4,1000,1600017000
21,frailty,C,0,0.5,-2,10,1,1600018001
21,frailty,C,0,0.5,-2,10,2,1600018002
21,frailty,C,0,0.5,-2,10,3,1600018003
21,frailty,C,0,0.5,-2,10,4,1600018004
21,frailty,C,0,0.5,-2,10,5,1600018005
21,frailty,C,0,0.5,-2,10,6,1600018006
21,frailty,C,0,0.5,-2,10,7,1600018007
21,frailty,C,0,0.5,-2,10,8,1600018008
21,frailty,C,0,0.5,-2,10,9,1600018009
21,frailty,C,0,0.5,-2,10,10,1600018010
21,frailty,C,0,0.5,-2,10,11,1600018011
21,frailty,C,0,0.5,-2,10,12,1600018012
21,frailty,C,0,0.5,-2,10,13,1600018013
21,frailty,C,0,0.5,-2,10,14,1600018014
21,frailty,C,0,0.5,-2,10,15,1600018015
21,frailty,C,0,0.5,-2,10,16,1600018016
21,frailty,C,0,0.5,-2,10,17,1600018017
21,frailty,C,0,0.5,-2,10,18,1600018018
21,frailty,C,0,0.5,-2,10,19,1600018019
21,frailty,C,0,0.5,-2,10,20,1600018020
21,frailty,C,0,0.5,-2,10,21,1600018021
21,frailty,C,0,0.5,-2,10,22,1600018022
21,frailty,C,0,0.5,-2,10,23,1600018023
21,frailty,C,0,0.5,-2,10,24,1600018024
21,frailty,C,0,0.5,-2,10,25,1600018025
21,frailty,C,0,0.5,-2,10,26,1600018026
21,frailty,C,0,0.5,-2,10,27,1600018027
21,frailty,C,0,0.5,-2,10,28,1600018028
21,frailty,C,0,0.5,-2,10,29,1600018029
21,frailty,C,0,0.5,-2,10,30,1600018030
21,frailty,C,0,0.5,-2,10,31,1600018031
21,frailty,C,0,0.5,-2,10,32,1600018032
21,frailty,C,0,0.5,-2,10,33,1600018033
21,frailty,C,0,0.5,-2,10,34,1600018034
21,frailty,C,0,0.5,-2,10,35,1600018035
21,frailty,C,0,0.5,-2,10,36,1600018036
21,frailty,C,0,0.5,-2,10,37,1600018037
21,frailty,C,0,0.5,-2,10,38,1600018038
21,frailty,C,0,0.5,-2,10,39,1600018039
21,frailty,C,0,0.5,-2,10,40,1600018040
21,frailty,C,0,0.5,-2,10,41,1600018041
21,frailty,C,0,0.5,-2,10,42,1600018042
21,frailty,C,0,0.5,-2,10,43,1600018043
21,frailty,C,0,0.5,-2,10,44,1600018044
21,frailty,C,0,0.5,-2,10,45,1600018045
21,frailty,C,0,0.5,-2,10,46,1600018046
21,frailty,C,0,0.5,-2,10,47,1600018047
21,frailty,C,0,0.5,-2,10,48,1600018048
21,frailty,C,0,0.5,-2,10,49,1600018049
21,frailty,C,0,0.5,-2,10,50,1600018050
21,frailty,C,0,0.5,-2,10,51,1600018051
21,frailty,C,0,0.5,-2,10,52,1600018052
21,frailty,C,0,0.5,-2,10,53,1600018053
21,frailty,C,0,0.5,-2,10,54,1600018054
21,frailty,C,0,0.5,-2,10,55,1600018055
21,frailty,C,0,0.5,-2,10,56,1600018056
21,frailty,C,0,0.5,-2,10,57,1600018057
21,frailty,C,0,0.5,-2,10,58,1600018058
21,frailty,C,0,0.5,-2,10,59,1600018059
21,frailty,C,0,0.5,-2,10,60,1600018060
21,frailty,C,0,0.5,-2,10,61,1600018061
21,frailty,C,0,0.5,-2,10,62,1600018062
21,frailty,C,0,0.5,-2,10,63,1600018063
21,frailty,C,0,0.5,-2,10,64,1600018064
21,frailty,C,0,0.5,-2,10,65,1600018065
21,frailty,C,0,0.5,-2,10,66,1600018066
21,frailty,C,0,0.5,-2,10,67,1600018067
21,frailty,C,0,0.5,-2,10,68,1600018068
21,frailty,C,0,0.5,-2,10,69,1600018069
21,frailty,C,0,0.5,-2,10,70,1600018070
21,frailty,C,0,0.5,-2,10,71,1600018071
21,frailty,C,0,0.5,-2,10,72,1600018072
21,frailty,C,0,0.5,-2,10,73,1600018073
21,frailty,C,0,0.5,-2,10,74,1600018074
21,frailty,C,0,0.5,-2,10,75,1600018075
21,frailty,C,0,0.5,-2,10,76,1600018076
21,frailty,C,0,0.5,-2,10,77,1600018077
21,frailty,C,0,0.5,-2,10,78,1600018078
21,frailty,C,0,0.5,-2,10,79,1600018079
21,frailty,C,0,0.5,-2,10,80,1600018080
21,frailty,C,0,0.5,-2,10,81,1600018081
21,frailty,C,0,0.5,-2,10,82,1600018082
21,frailty,C,0,0.5,-2,10,83,1600018083
21,frailty,C,0,0.5,-2,10,84,1600018084
21,frailty,C,0,0.5,-2,10,85,1600018085
21,frailty,C,0,0.5,-2,10,86,1600018086
21,frailty,C,0,0.5,-2,10,87,1600018087
21,frailty,C,0,0.5,-2,10,88,1600018088
21,frailty,C,0,0.5,-2,10,89,1600018089
21,frailty,C,0,0.5,-2,10,90,1600018090
21,frailty,C,0,0.5,-2,10,91,1600018091
21,frailty,C,0,0.5,-2,10,92,1600018092
21,frailty,C,0,0.5,-2,10,93,1600018093
21,frailty,C,0,0.5,-2,10,94,1600018094
21,frailty,C,0,0.5,-2,10,95,1600018095
21,frailty,C,0,0.5,-2,10,96,1600018096
21,frailty,C,0,0.5,-2,10,97,1600018097
21,frailty,C,0,0.5,-2,10,98,1600018098
21,frailty,C,0,0.5,-2,10,99,1600018099
21,frailty,C,0,0.5,-2,10,100,1600018100
21,frailty,C,0,0.5,-2,10,101,1600018101
21,frailty,C,0,0.5,-2,10,102,1600018102
21,frailty,C,0,0.5,-2,10,103,1600018103
21,frailty,C,0,0.5,-2,10,104,1600018104
21,frailty,C,0,0.5,-2,10,105,1600018105
21,frailty,C,0,0.5,-2,10,106,1600018106
21,frailty,C,0,0.5,-2,10,107,1600018107
21,frailty,C,0,0.5,-2,10,108,1600018108
21,frailty,C,0,0.5,-2,10,109,1600018109
21,frailty,C,0,0.5,-2,10,110,1600018110
21,frailty,C,0,0.5,-2,10,111,1600018111
21,frailty,C,0,0.5,-2,10,112,1600018112
21,frailty,C,0,0.5,-2,10,113,1600018113
21,frailty,C,0,0.5,-2,10,114,1600018114
21,frailty,C,0,0.5,-2,10,115,1600018115
21,frailty,C,0,0.5,-2,10,116,1600018116
21,frailty,C,0,0.5,-2,10,117,1600018117
21,frailty,C,0,0.5,-2,10,118,1600018118
21,frailty,C,0,0.5,-2,10,119,1600018119
21,frailty,C,0,0.5,-2,10,120,1600018120
21,frailty,C,0,0.5,-2,10,121,1600018121
21,frailty,C,0,0.5,-2,10,122,1600018122
21,frailty,C,0,0.5,-2,10,123,1600018123
21,frailty,C,0,0.5,-2,10,124,1600018124
21,frailty,C,0,0.5,-2,10,125,1600018125
21,frailty,C,0,0.5,-2,10,126,1600018126
21,frailty,C,0,0.5,-2,10,127,1600018127
21,frailty,C,0,0.5,-2,10,128,1600018128
21,frailty,C,0,0.5,-2,10,129,1600018129
21,frailty,C,0,0.5,-2,10,130,1600018130
21,frailty,C,0,0.5,-2,10,131,1600018131
21,frailty,C,0,0.5,-2,10,132,1600018132
21,frailty,C,0,0.5,-2,10,133,1600018133
21,frailty,C,0,0.5,-2,10,134,1600018134
21,frailty,C,0,0.5,-2,10,135,1600018135
21,frailty,C,0,0.5,-2,10,136,1600018136
21,frailty,C,0,0.5,-2,10,137,1600018137
21,frailty,C,0,0.5,-2,10,138,1600018138
21,frailty,C,0,0.5,-2,10,139,1600018139
21,frailty,C,0,0.5,-2,10,140,1600018140
21,frailty,C,0,0.5,-2,10,141,1600018141
21,frailty,C,0,0.5,-2,10,142,1600018142
21,frailty,C,0,0.5,-2,10,143,1600018143
21,frailty,C,0,0.5,-2,10,144,1600018144
21,frailty,C,0,0.5,-2,10,145,1600018145
21,frailty,C,0,0.5,-2,10,146,1600018146
21,frailty,C,0,0.5,-2,10,147,1600018147
21,frailty,C,0,0.5,-2,10,148,1600018148
21,frailty,C,0,0.5,-2,10,149,1600018149
21,frailty,C,0,0.5,-2,10,150,1600018150
21,frailty,C,0,0.5,-2,10,151,1600018151
21,frailty,C,0,0.5,-2,10,152,1600018152
21,frailty,C,0,0.5,-2,10,153,1600018153
21,frailty,C,0,0.5,-2,10,154,1600018154
21,frailty,C,0,0.5,-2,10,155,1600018155
21,frailty,C,0,0.5,-2,10,156,1600018156
21,frailty,C,0,0.5,-2,10,157,1600018157
21,frailty,C,0,0.5,-2,10,158,1600018158
21,frailty,C,0,0.5,-2,10,159,1600018159
21,frailty,C,0,0.5,-2,10,160,1600018160
21,frailty,C,0,0.5,-2,10,161,1600018161
21,frailty,C,0,0.5,-2,10,162,1600018162
21,frailty,C,0,0.5,-2,10,163,1600018163
21,frailty,C,0,0.5,-2,10,164,1600018164
21,frailty,C,0,0.5,-2,10,165,1600018165
21,frailty,C,0,0.5,-2,10,166,1600018166
21,frailty,C,0,0.5,-2,10,167,1600018167
21,frailty,C,0,0.5,-2,10,168,1600018168
21,frailty,C,0,0.5,-2,10,169,1600018169
21,frailty,C,0,0.5,-2,10,170,1600018170
21,frailty,C,0,0.5,-2,10,171,1600018171
21,frailty,C,0,0.5,-2,10,172,1600018172
21,frailty,C,0,0.5,-2,10,173,1600018173
21,frailty,C,0,0.5,-2,10,174,1600018174
21,frailty,C,0,0.5,-2,10,175,1600018175
21,frailty,C,0,0.5,-2,10,176,1600018176
21,frailty,C,0,0.5,-2,10,177,1600018177
21,frailty,C,0,0.5,-2,10,178,1600018178
21,frailty,C,0,0.5,-2,10,179,1600018179
21,frailty,C,0,0.5,-2,10,180,1600018180
21,frailty,C,0,0.5,-2,10,181,1600018181
21,frailty,C,0,0.5,-2,10,182,1600018182
21,frailty,C,0,0.5,-2,10,183,1600018183
21,frailty,C,0,0.5,-2,10,184,1600018184
21,frailty,C,0,0.5,-2,10,185,1600018185
21,frailty,C,0,0.5,-2,10,186,1600018186
21,frailty,C,0,0.5,-2,10,187,1600018187
21,frailty,C,0,0.5,-2,10,188,1600018188
21,frailty,C,0,0.5,-2,10,189,1600018189
21,frailty,C,0,0.5,-2,10,190,1600018190
21,frailty,C,0,0.5,-2,10,191,1600018191
21,frailty,C,0,0.5,-2,10,192,1600018192
21,frailty,C,0,0.5,-2,10,193,1600018193
21,frailty,C,0,0.5,-2,10,194,1600018194
21,frailty,C,0,0.5,-2,10,195,1600018195
21,frailty,C,0,0.5,-2,10,196,1600018196
21,frailty,C,0,0.5,-2,10,197,1600018197
21,frailty,C,0,0.5,-2,10,198,1600018198
21,frailty,C,0,0.5,-2,10,199,1600018199
21,frailty,C,0,0.5,-2,10,200,1600018200
21,frailty,C,0,0.5,-2,10,201,1600018201
21,frailty,C,0,0.5,-2,10,202,1600018202
21,frailty,C,0,0.5,-2,10,203,1600018203
21,frailty,C,0,0.5,-2,10,204,1600018204
21,frailty,C,0,0.5,-2,10,205,1600018205
21,frailty,C,0,0.5,-2,10,206,1600018206
21,frailty,C,0,0.5,-2,10,207,1600018207
21,frailty,C,0,0.5,-2,10,208,1600018208
21,frailty,C,0,0.5,-2,10,209,1600018209
21,frailty,C,0,0.5,-2,10,210,1600018210
21,frailty,C,0,0.5,-2,10,211,1600018211
21,frailty,C,0,0.5,-2,10,212,1600018212
21,frailty,C,0,0.5,-2,10,213,1600018213
21,frailty,C,0,0.5,-2,10,214,1600018214
21,frailty,C,0,0.5,-2,10,215,1600018215
21,frailty,C,0,0.5,-2,10,216,1600018216
21,frailty,C,0,0.5,-2,10,217,1600018217
21,frailty,C,0,0.5,-2,10,218,1600018218
21,frailty,C,0,0.5,-2,10,219,1600018219
21,frailty,C,0,0.5,-2,10,220,1600018220
21,frailty,C,0,0.5,-2,10,221,1600018221
21,frailty,C,0,0.5,-2,10,222,1600018222
21,frailty,C,0,0.5,-2,10,223,1600018223
21,frailty,C,0,0.5,-2,10,224,1600018224
21,frailty,C,0,0.5,-2,10,225,1600018225
21,frailty,C,0,0.5,-2,10,226,1600018226
21,frailty,C,0,0.5,-2,10,227,1600018227
21,frailty,C,0,0.5,-2,10,228,1600018228
21,frailty,C,0,0.5,-2,10,229,1600018229
21,frailty,C,0,0.5,-2,10,230,1600018230
21,frailty,C,0,0.5,-2,10,231,1600018231
21,frailty,C,0,0.5,-2,10,232,1600018232
21,frailty,C,0,0.5,-2,10,233,1600018233
21,frailty,C,0,0.5,-2,10,234,1600018234
21,frailty,C,0,0.5,-2,10,235,1600018235
21,frailty,C,0,0.5,-2,10,236,1600018236
21,frailty,C,0,0.5,-2,10,237,1600018237
21,frailty,C,0,0.5,-2,10,238,1600018238
21,frailty,C,0,0.5,-2,10,239,1600018239
21,frailty,C,0,0.5,-2,10,240,1600018240
21,frailty,C,0,0.5,-2,10,241,1600018241
21,frailty,C,0,0.5,-2,10,242,1600018242
21,frailty,C,0,0.5,-2,10,243,1600018243
21,frailty,C,0,0.5,-2,10,244,1600018244
21,frailty,C,0,0.5,-2,10,245,1600018245
21,frailty,C,0,0.5,-2,10,246,1600018246
21,frailty,C,0,0.5,-2,10,247,1600018247
21,frailty,C,0,0.5,-2,10,248,1600018248
21,frailty,C,0,0.5,-2,10,249,1600018249
21,frailty,C,0,0.5,-2,10,250,1600018250
21,frailty,C,0,0.5,-2,10,251,1600018251
21,frailty,C,0,0.5,-2,10,252,1600018252
21,frailty,C,0,0.5,-2,10,253,1600018253
21,frailty,C,0,0.5,-2,10,254,1600018254
21,frailty,C,0,0.5,-2,10,255,1600018255
21,frailty,C,0,0.5,-2,10,256,1600018256
21,frailty,C,0,0.5,-2,10,257,1600018257
21,frailty,C,0,0.5,-2,10,258,1600018258
21,frailty,C,0,0.5,-2,10,259,1600018259
21,frailty,C,0,0.5,-2,10,260,1600018260
21,frailty,C,0,0.5,-2,10,261,1600018261
21,frailty,C,0,0.5,-2,10,262,1600018262
21,frailty,C,0,0.5,-2,10,263,1600018263
21,frailty,C,0,0.5,-2,10,264,1600018264
21,frailty,C,0,0.5,-2,10,265,1600018265
21,frailty,C,0,0.5,-2,10,266,1600018266
21,frailty,C,0,0.5,-2,10,267,1600018267
21,frailty,C,0,0.5,-2,10,268,1600018268
21,frailty,C,0,0.5,-2,10,269,1600018269
21,frailty,C,0,0.5,-2,10,270,1600018270
21,frailty,C,0,0.5,-2,10,271,1600018271
21,frailty,C,0,0.5,-2,10,272,1600018272
21,frailty,C,0,0.5,-2,10,273,1600018273
21,frailty,C,0,0.5,-2,10,274,1600018274
21,frailty,C,0,0.5,-2,10,275,1600018275
21,frailty,C,0,0.5,-2,10,276,1600018276
21,frailty,C,0,0.5,-2,10,277,1600018277
21,frailty,C,0,0.5,-2,10,278,1600018278
21,frailty,C,0,0.5,-2,10,279,1600018279
21,frailty,C,0,0.5,-2,10,280,1600018280
21,frailty,C,0,0.5,-2,10,281,1600018281
21,frailty,C,0,0.5,-2,10,282,1600018282
21,frailty,C,0,0.5,-2,10,283,1600018283
21,frailty,C,0,0.5,-2,10,284,1600018284
21,frailty,C,0,0.5,-2,10,285,1600018285
21,frailty,C,0,0.5,-2,10,286,1600018286
21,frailty,C,0,0.5,-2,10,287,1600018287
21,frailty,C,0,0.5,-2,10,288,1600018288
21,frailty,C,0,0.5,-2,10,289,1600018289
21,frailty,C,0,0.5,-2,10,290,1600018290
21,frailty,C,0,0.5,-2,10,291,1600018291
21,frailty,C,0,0.5,-2,10,292,1600018292
21,frailty,C,0,0.5,-2,10,293,1600018293
21,frailty,C,0,0.5,-2,10,294,1600018294
21,frailty,C,0,0.5,-2,10,295,1600018295
21,frailty,C,0,0.5,-2,10,296,1600018296
21,frailty,C,0,0.5,-2,10,297,1600018297
21,frailty,C,0,0.5,-2,10,298,1600018298
21,frailty,C,0,0.5,-2,10,299,1600018299
21,frailty,C,0,0.5,-2,10,300,1600018300
21,frailty,C,0,0.5,-2,10,301,1600018301
21,frailty,C,0,0.5,-2,10,302,1600018302
21,frailty,C,0,0.5,-2,10,303,1600018303
21,frailty,C,0,0.5,-2,10,304,1600018304
21,frailty,C,0,0.5,-2,10,305,1600018305
21,frailty,C,0,0.5,-2,10,306,1600018306
21,frailty,C,0,0.5,-2,10,307,1600018307
21,frailty,C,0,0.5,-2,10,308,1600018308
21,frailty,C,0,0.5,-2,10,309,1600018309
21,frailty,C,0,0.5,-2,10,310,1600018310
21,frailty,C,0,0.5,-2,10,311,1600018311
21,frailty,C,0,0.5,-2,10,312,1600018312
21,frailty,C,0,0.5,-2,10,313,1600018313
21,frailty,C,0,0.5,-2,10,314,1600018314
21,frailty,C,0,0.5,-2,10,315,1600018315
21,frailty,C,0,0.5,-2,10,316,1600018316
21,frailty,C,0,0.5,-2,10,317,1600018317
21,frailty,C,0,0.5,-2,10,318,1600018318
21,frailty,C,0,0.5,-2,10,319,1600018319
21,frailty,C,0,0.5,-2,10,320,1600018320
21,frailty,C,0,0.5,-2,10,321,1600018321
21,frailty,C,0,0.5,-2,10,322,1600018322
21,frailty,C,0,0.5,-2,10,323,1600018323
21,frailty,C,0,0.5,-2,10,324,1600018324
21,frailty,C,0,0.5,-2,10,325,1600018325
21,frailty,C,0,0.5,-2,10,326,1600018326
21,frailty,C,0,0.5,-2,10,327,1600018327
21,frailty,C,0,0.5,-2,10,328,1600018328
21,frailty,C,0,0.5,-2,10,329,1600018329
21,frailty,C,0,0.5,-2,10,330,1600018330
21,frailty,C,0,0.5,-2,10,331,1600018331
21,frailty,C,0,0.5,-2,10,332,1600018332
21,frailty,C,0,0.5,-2,10,333,1600018333
21,frailty,C,0,0.5,-2,10,334,1600018334
21,frailty,C,0,0.5,-2,10,335,1600018335
21,frailty,C,0,0.5,-2,10,336,1600018336
21,frailty,C,0,0.5,-2,10,337,1600018337
21,frailty,C,0,0.5,-2,10,338,1600018338
21,frailty,C,0,0.5,-2,10,339,1600018339
21,frailty,C,0,0.5,-2,10,340,1600018340
21,frailty,C,0,0.5,-2,10,341,1600018341
21,frailty,C,0,0.5,-2,10,342,1600018342
21,frailty,C,0,0.5,-2,10,343,1600018343
21,frailty,C,0,0.5,-2,10,344,1600018344
21,frailty,C,0,0.5,-2,10,345,1600018345
21,frailty,C,0,0.5,-2,10,346,1600018346
21,frailty,C,0,0.5,-2,10,347,1600018347
21,frailty,C,0,0.5,-2,10,348,1600018348
21,frailty,C,0,0.5,-2,10,349,1600018349
21,frailty,C,0,0.5,-2,10,350,1600018350
21,frailty,C,0,0.5,-2,10,351,1600018351
21,frailty,C,0,0.5,-2,10,352,1600018352
21,frailty,C,0,0.5,-2,10,353,1600018353
21,frailty,C,0,0.5,-2,10,354,1600018354
21,frailty,C,0,0.5,-2,10,355,1600018355
21,frailty,C,0,0.5,-2,10,356,1600018356
21,frailty,C,0,0.5,-2,10,357,1600018357
21,frailty,C,0,0.5,-2,10,358,1600018358
21,frailty,C,0,0.5,-2,10,359,1600018359
21,frailty,C,0,0.5,-2,10,360,1600018360
21,frailty,C,0,0.5,-2,10,361,1600018361
21,frailty,C,0,0.5,-2,10,362,1600018362
21,frailty,C,0,0.5,-2,10,363,1600018363
21,frailty,C,0,0.5,-2,10,364,1600018364
21,frailty,C,0,0.5,-2,10,365,1600018365
21,frailty,C,0,0.5,-2,10,366,1600018366
21,frailty,C,0,0.5,-2,10,367,1600018367
21,frailty,C,0,0.5,-2,10,368,1600018368
21,frailty,C,0,0.5,-2,10,369,1600018369
21,frailty,C,0,0.5,-2,10,370,1600018370
21,frailty,C,0,0.5,-2,10,371,1600018371
21,frailty,C,0,0.5,-2,10,372,1600018372
21,frailty,C,0,0.5,-2,10,373,1600018373
21,frailty,C,0,0.5,-2,10,374,1600018374
21,frailty,C,0,0.5,-2,10,375,1600018375
21,frailty,C,0,0.5,-2,10,376,1600018376
21,frailty,C,0,0.5,-2,10,377,1600018377
21,frailty,C,0,0.5,-2,10,378,1600018378
21,frailty,C,0,0.5,-2,10,379,1600018379
21,frailty,C,0,0.5,-2,10,380,1600018380
21,frailty,C,0,0.5,-2,10,381,1600018381
21,frailty,C,0,0.5,-2,10,382,1600018382
21,frailty,C,0,0.5,-2,10,383,1600018383
21,frailty,C,0,0.5,-2,10,384,1600018384
21,frailty,C,0,0.5,-2,10,385,1600018385
21,frailty,C,0,0.5,-2,10,386,1600018386
21,frailty,C,0,0.5,-2,10,387,1600018387
21,frailty,C,0,0.5,-2,10,388,1600018388
21,frailty,C,0,0.5,-2,10,389,1600018389
21,frailty,C,0,0.5,-2,10,390,1600018390
21,frailty,C,0,0.5,-2,10,391,1600018391
21,frailty,C,0,0.5,-2,10,392,1600018392
21,frailty,C,0,0.5,-2,10,393,1600018393
21,frailty,C,0,0.5,-2,10,394,1600018394
21,frailty,C,0,0.5,-2,10,395,1600018395
21,frailty,C,0,0.5,-2,10,396,1600018396
21,frailty,C,0,0.5,-2,10,397,1600018397
21,frailty,C,0,0.5,-2,10,398,1600018398
21,frailty,C,0,0.5,-2,10,399,1600018399
21,frailty,C,0,0.5,-2,10,400,1600018400
21,frailty,C,0,0.5,-2,10,401,1600018401
21,frailty,C,0,0.5,-2,10,402,1600018402
21,frailty,C,0,0.5,-2,10,403,1600018403
21,frailty,C,0,0.5,-2,10,404,1600018404
21,frailty,C,0,0.5,-2,10,405,1600018405
21,frailty,C,0,0.5,-2,10,406,1600018406
21,frailty,C,0,0.5,-2,10,407,1600018407
21,frailty,C,0,0.5,-2,10,408,1600018408
21,frailty,C,0,0.5,-2,10,409,1600018409
21,frailty,C,0,0.5,-2,10,410,1600018410
21,frailty,C,0,0.5,-2,10,411,1600018411
21,frailty,C,0,0.5,-2,10,412,1600018412
21,frailty,C,0,0.5,-2,10,413,1600018413
21,frailty,C,0,0.5,-2,10,414,1600018414
21,frailty,C,0,0.5,-2,10,415,1600018415
21,frailty,C,0,0.5,-2,10,416,1600018416
21,frailty,C,0,0.5,-2,10,417,1600018417
21,frailty,C,0,0.5,-2,10,418,1600018418
21,frailty,C,0,0.5,-2,10,419,1600018419
21,frailty,C,0,0.5,-2,10,420,1600018420
21,frailty,C,0,0.5,-2,10,421,1600018421
21,frailty,C,0,0.5,-2,10,422,1600018422
21,frailty,C,0,0.5,-2,10,423,1600018423
21,frailty,C,0,0.5,-2,10,424,1600018424
21,frailty,C,0,0.5,-2,10,425,1600018425
21,frailty,C,0,0.5,-2,10,426,1600018426
21,frailty,C,0,0.5,-2,10,427,1600018427
21,frailty,C,0,0.5,-2,10,428,1600018428
21,frailty,C,0,0.5,-2,10,429,1600018429
21,frailty,C,0,0.5,-2,10,430,1600018430
21,frailty,C,0,0.5,-2,10,431,1600018431
21,frailty,C,0,0.5,-2,10,432,1600018432
21,frailty,C,0,0.5,-2,10,433,1600018433
21,frailty,C,0,0.5,-2,10,434,1600018434
21,frailty,C,0,0.5,-2,10,435,1600018435
21,frailty,C,0,0.5,-2,10,436,1600018436
21,frailty,C,0,0.5,-2,10,437,1600018437
21,frailty,C,0,0.5,-2,10,438,1600018438
21,frailty,C,0,0.5,-2,10,439,1600018439
21,frailty,C,0,0.5,-2,10,440,1600018440
21,frailty,C,0,0.5,-2,10,441,1600018441
21,frailty,C,0,0.5,-2,10,442,1600018442
21,frailty,C,0,0.5,-2,10,443,1600018443
21,frailty,C,0,0.5,-2,10,444,1600018444
21,frailty,C,0,0.5,-2,10,445,1600018445
21,frailty,C,0,0.5,-2,10,446,1600018446
21,frailty,C,0,0.5,-2,10,447,1600018447
21,frailty,C,0,0.5,-2,10,448,1600018448
21,frailty,C,0,0.5,-2,10,449,1600018449
21,frailty,C,0,0.5,-2,10,450,1600018450
21,frailty,C,0,0.5,-2,10,451,1600018451
21,frailty,C,0,0.5,-2,10,452,1600018452
21,frailty,C,0,0.5,-2,10,453,1600018453
21,frailty,C,0,0.5,-2,10,454,1600018454
21,frailty,C,0,0.5,-2,10,455,1600018455
21,frailty,C,0,0.5,-2,10,456,1600018456
21,frailty,C,0,0.5,-2,10,457,1600018457
21,frailty,C,0,0.5,-2,10,458,1600018458
21,frailty,C,0,0.5,-2,10,459,1600018459
21,frailty,C,0,0.5,-2,10,460,1600018460
21,frailty,C,0,0.5,-2,10,461,1600018461
21,frailty,C,0,0.5,-2,10,462,1600018462
21,frailty,C,0,0.5,-2,10,463,1600018463
21,frailty,C,0,0.5,-2,10,464,1600018464
21,frailty,C,0,0.5,-2,10,465,1600018465
21,frailty,C,0,0.5,-2,10,466,1600018466
21,frailty,C,0,0.5,-2,10,467,1600018467
21,frailty,C,0,0.5,-2,10,468,1600018468
21,frailty,C,0,0.5,-2,10,469,1600018469
21,frailty,C,0,0.5,-2,10,470,1600018470
21,frailty,C,0,0.5,-2,10,471,1600018471
21,frailty,C,0,0.5,-2,10,472,1600018472
21,frailty,C,0,0.5,-2,10,473,1600018473
21,frailty,C,0,0.5,-2,10,474,1600018474
21,frailty,C,0,0.5,-2,10,475,1600018475
21,frailty,C,0,0.5,-2,10,476,1600018476
21,frailty,C,0,0.5,-2,10,477,1600018477
21,frailty,C,0,0.5,-2,10,478,1600018478
21,frailty,C,0,0.5,-2,10,479,1600018479
21,frailty,C,0,0.5,-2,10,480,1600018480
21,frailty,C,0,0.5,-2,10,481,1600018481
21,frailty,C,0,0.5,-2,10,482,1600018482
21,frailty,C,0,0.5,-2,10,483,1600018483
21,frailty,C,0,0.5,-2,10,484,1600018484
21,frailty,C,0,0.5,-2,10,485,1600018485
21,frailty,C,0,0.5,-2,10,486,1600018486
21,frailty,C,0,0.5,-2,10,487,1600018487
21,frailty,C,0,0.5,-2,10,488,1600018488
21,frailty,C,0,0.5,-2,10,489,1600018489
21,frailty,C,0,0.5,-2,10,490,1600018490
21,frailty,C,0,0.5,-2,10,491,1600018491
21,frailty,C,0,0.5,-2,10,492,1600018492
21,frailty,C,0,0.5,-2,10,493,1600018493
21,frailty,C,0,0.5,-2,10,494,1600018494
21,frailty,C,0,0.5,-2,10,495,1600018495
21,frailty,C,0,0.5,-2,10,496,1600018496
21,frailty,C,0,0.5,-2,10,497,1600018497
21,frailty,C,0,0.5,-2,10,498,1600018498
21,frailty,C,0,0.5,-2,10,499,1600018499
21,frailty,C,0,0.5,-2,10,500,1600018500
21,frailty,C,0,0.5,-2,10,501,1600018501
21,frailty,C,0,0.5,-2,10,502,1600018502
21,frailty,C,0,0.5,-2,10,503,1600018503
21,frailty,C,0,0.5,-2,10,504,1600018504
21,frailty,C,0,0.5,-2,10,505,1600018505
21,frailty,C,0,0.5,-2,10,506,1600018506
21,frailty,C,0,0.5,-2,10,507,1600018507
21,frailty,C,0,0.5,-2,10,508,1600018508
21,frailty,C,0,0.5,-2,10,509,1600018509
21,frailty,C,0,0.5,-2,10,510,1600018510
21,frailty,C,0,0.5,-2,10,511,1600018511
21,frailty,C,0,0.5,-2,10,512,1600018512
21,frailty,C,0,0.5,-2,10,513,1600018513
21,frailty,C,0,0.5,-2,10,514,1600018514
21,frailty,C,0,0.5,-2,10,515,1600018515
21,frailty,C,0,0.5,-2,10,516,1600018516
21,frailty,C,0,0.5,-2,10,517,1600018517
21,frailty,C,0,0.5,-2,10,518,1600018518
21,frailty,C,0,0.5,-2,10,519,1600018519
21,frailty,C,0,0.5,-2,10,520,1600018520
21,frailty,C,0,0.5,-2,10,521,1600018521
21,frailty,C,0,0.5,-2,10,522,1600018522
21,frailty,C,0,0.5,-2,10,523,1600018523
21,frailty,C,0,0.5,-2,10,524,1600018524
21,frailty,C,0,0.5,-2,10,525,1600018525
21,frailty,C,0,0.5,-2,10,526,1600018526
21,frailty,C,0,0.5,-2,10,527,1600018527
21,frailty,C,0,0.5,-2,10,528,1600018528
21,frailty,C,0,0.5,-2,10,529,1600018529
21,frailty,C,0,0.5,-2,10,530,1600018530
21,frailty,C,0,0.5,-2,10,531,1600018531
21,frailty,C,0,0.5,-2,10,532,1600018532
21,frailty,C,0,0.5,-2,10,533,1600018533
21,frailty,C,0,0.5,-2,10,534,1600018534
21,frailty,C,0,0.5,-2,10,535,1600018535
21,frailty,C,0,0.5,-2,10,536,1600018536
21,frailty,C,0,0.5,-2,10,537,1600018537
21,frailty,C,0,0.5,-2,10,538,1600018538
21,frailty,C,0,0.5,-2,10,539,1600018539
21,frailty,C,0,0.5,-2,10,540,1600018540
21,frailty,C,0,0.5,-2,10,541,1600018541
21,frailty,C,0,0.5,-2,10,542,1600018542
21,frailty,C,0,0.5,-2,10,543,1600018543
21,frailty,C,0,0.5,-2,10,544,1600018544
21,frailty,C,0,0.5,-2,10,545,1600018545
21,frailty,C,0,0.5,-2,10,546,1600018546
21,frailty,C,0,0.5,-2,10,547,1600018547
21,frailty,C,0,0.5,-2,10,548,1600018548
21,frailty,C,0,0.5,-2,10,549,1600018549
21,frailty,C,0,0.5,-2,10,550,1600018550
21,frailty,C,0,0.5,-2,10,551,1600018551
21,frailty,C,0,0.5,-2,10,552,1600018552
21,frailty,C,0,0.5,-2,10,553,1600018553
21,frailty,C,0,0.5,-2,10,554,1600018554
21,frailty,C,0,0.5,-2,10,555,1600018555
21,frailty,C,0,0.5,-2,10,556,1600018556
21,frailty,C,0,0.5,-2,10,557,1600018557
21,frailty,C,0,0.5,-2,10,558,1600018558
21,frailty,C,0,0.5,-2,10,559,1600018559
21,frailty,C,0,0.5,-2,10,560,1600018560
21,frailty,C,0,0.5,-2,10,561,1600018561
21,frailty,C,0,0.5,-2,10,562,1600018562
21,frailty,C,0,0.5,-2,10,563,1600018563
21,frailty,C,0,0.5,-2,10,564,1600018564
21,frailty,C,0,0.5,-2,10,565,1600018565
21,frailty,C,0,0.5,-2,10,566,1600018566
21,frailty,C,0,0.5,-2,10,567,1600018567
21,frailty,C,0,0.5,-2,10,568,1600018568
21,frailty,C,0,0.5,-2,10,569,1600018569
21,frailty,C,0,0.5,-2,10,570,1600018570
21,frailty,C,0,0.5,-2,10,571,1600018571
21,frailty,C,0,0.5,-2,10,572,1600018572
21,frailty,C,0,0.5,-2,10,573,1600018573
21,frailty,C,0,0.5,-2,10,574,1600018574
21,frailty,C,0,0.5,-2,10,575,1600018575
21,frailty,C,0,0.5,-2,10,576,1600018576
21,frailty,C,0,0.5,-2,10,577,1600018577
21,frailty,C,0,0.5,-2,10,578,1600018578
21,frailty,C,0,0.5,-2,10,579,1600018579
21,frailty,C,0,0.5,-2,10,580,1600018580
21,frailty,C,0,0.5,-2,10,581,1600018581
21,frailty,C,0,0.5,-2,10,582,1600018582
21,frailty,C,0,0.5,-2,10,583,1600018583
21,frailty,C,0,0.5,-2,10,584,1600018584
21,frailty,C,0,0.5,-2,10,585,1600018585
21,frailty,C,0,0.5,-2,10,586,1600018586
21,frailty,C,0,0.5,-2,10,587,1600018587
21,frailty,C,0,0.5,-2,10,588,1600018588
21,frailty,C,0,0.5,-2,10,589,1600018589
21,frailty,C,0,0.5,-2,10,590,1600018590
21,frailty,C,0,0.5,-2,10,591,1600018591
21,frailty,C,0,0.5,-2,10,592,1600018592
21,frailty,C,0,0.5,-2,10,593,1600018593
21,frailty,C,0,0.5,-2,10,594,1600018594
21,frailty,C,0,0.5,-2,10,595,1600018595
21,frailty,C,0,0.5,-2,10,596,1600018596
21,frailty,C,0,0.5,-2,10,597,1600018597
21,frailty,C,0,0.5,-2,10,598,1600018598
21,frailty,C,0,0.5,-2,10,599,1600018599
21,frailty,C,0,0.5,-2,10,600,1600018600
21,frailty,C,0,0.5,-2,10,601,1600018601
21,frailty,C,0,0.5,-2,10,602,1600018602
21,frailty,C,0,0.5,-2,10,603,1600018603
21,frailty,C,0,0.5,-2,10,604,1600018604
21,frailty,C,0,0.5,-2,10,605,1600018605
21,frailty,C,0,0.5,-2,10,606,1600018606
21,frailty,C,0,0.5,-2,10,607,1600018607
21,frailty,C,0,0.5,-2,10,608,1600018608
21,frailty,C,0,0.5,-2,10,609,1600018609
21,frailty,C,0,0.5,-2,10,610,1600018610
21,frailty,C,0,0.5,-2,10,611,1600018611
21,frailty,C,0,0.5,-2,10,612,1600018612
21,frailty,C,0,0.5,-2,10,613,1600018613
21,frailty,C,0,0.5,-2,10,614,1600018614
21,frailty,C,0,0.5,-2,10,615,1600018615
21,frailty,C,0,0.5,-2,10,616,1600018616
21,frailty,C,0,0.5,-2,10,617,1600018617
21,frailty,C,0,0.5,-2,10,618,1600018618
21,frailty,C,0,0.5,-2,10,619,1600018619
21,frailty,C,0,0.5,-2,10,620,1600018620
21,frailty,C,0,0.5,-2,10,621,1600018621
21,frailty,C,0,0.5,-2,10,622,1600018622
21,frailty,C,0,0.5,-2,10,623,1600018623
21,frailty,C,0,0.5,-2,10,624,1600018624
21,frailty,C,0,0.5,-2,10,625,1600018625
21,frailty,C,0,0.5,-2,10,626,1600018626
21,frailty,C,0,0.5,-2,10,627,1600018627
21,frailty,C,0,0.5,-2,10,628,1600018628
21,frailty,C,0,0.5,-2,10,629,1600018629
21,frailty,C,0,0.5,-2,10,630,1600018630
21,frailty,C,0,0.5,-2,10,631,1600018631
21,frailty,C,0,0.5,-2,10,632,1600018632
21,frailty,C,0,0.5,-2,10,633,1600018633
21,frailty,C,0,0.5,-2,10,634,1600018634
21,frailty,C,0,0.5,-2,10,635,1600018635
21,frailty,C,0,0.5,-2,10,636,1600018636
21,frailty,C,0,0.5,-2,10,637,1600018637
21,frailty,C,0,0.5,-2,10,638,1600018638
21,frailty,C,0,0.5,-2,10,639,1600018639
21,frailty,C,0,0.5,-2,10,640,1600018640
21,frailty,C,0,0.5,-2,10,641,1600018641
21,frailty,C,0,0.5,-2,10,642,1600018642
21,frailty,C,0,0.5,-2,10,643,1600018643
21,frailty,C,0,0.5,-2,10,644,1600018644
21,frailty,C,0,0.5,-2,10,645,1600018645
21,frailty,C,0,0.5,-2,10,646,1600018646
21,frailty,C,0,0.5,-2,10,647,1600018647
21,frailty,C,0,0.5,-2,10,648,1600018648
21,frailty,C,0,0.5,-2,10,649,1600018649
21,frailty,C,0,0.5,-2,10,650,1600018650
21,frailty,C,0,0.5,-2,10,651,1600018651
21,frailty,C,0,0.5,-2,10,652,1600018652
21,frailty,C,0,0.5,-2,10,653,1600018653
21,frailty,C,0,0.5,-2,10,654,1600018654
21,frailty,C,0,0.5,-2,10,655,1600018655
21,frailty,C,0,0.5,-2,10,656,1600018656
21,frailty,C,0,0.5,-2,10,657,1600018657
21,frailty,C,0,0.5,-2,10,658,1600018658
21,frailty,C,0,0.5,-2,10,659,1600018659
21,frailty,C,0,0.5,-2,10,660,1600018660
21,frailty,C,0,0.5,-2,10,661,1600018661
21,frailty,C,0,0.5,-2,10,662,1600018662
21,frailty,C,0,0.5,-2,10,663,1600018663
21,frailty,C,0,0.5,-2,10,664,1600018664
21,frailty,C,0,0.5,-2,10,665,1600018665
21,frailty,C,0,0.5,-2,10,666,1600018666
21,frailty,C,0,0.5,-2,10,667,1600018667
21,frailty,C,0,0.5,-2,10,668,1600018668
21,frailty,C,0,0.5,-2,10,669,1600018669
21,frailty,C,0,0.5,-2,10,670,1600018670
21,frailty,C,0,0.5,-2,10,671,1600018671
21,frailty,C,0,0.5,-2,10,672,1600018672
21,frailty,C,0,0.5,-2,10,673,1600018673
21,frailty,C,0,0.5,-2,10,674,1600018674
21,frailty,C,0,0.5,-2,10,675,1600018675
21,frailty,C,0,0.5,-2,10,676,1600018676
21,frailty,C,0,0.5,-2,10,677,1600018677
21,frailty,C,0,0.5,-2,10,678,1600018678
21,frailty,C,0,0.5,-2,10,679,1600018679
21,frailty,C,0,0.5,-2,10,680,1600018680
21,frailty,C,0,0.5,-2,10,681,1600018681
21,frailty,C,0,0.5,-2,10,682,1600018682
21,frailty,C,0,0.5,-2,10,683,1600018683
21,frailty,C,0,0.5,-2,10,684,1600018684
21,frailty,C,0,0.5,-2,10,685,1600018685
21,frailty,C,0,0.5,-2,10,686,1600018686
21,frailty,C,0,0.5,-2,10,687,1600018687
21,frailty,C,0,0.5,-2,10,688,1600018688
21,frailty,C,0,0.5,-2,10,689,1600018689
21,frailty,C,0,0.5,-2,10,690,1600018690
21,frailty,C,0,0.5,-2,10,691,1600018691
21,frailty,C,0,0.5,-2,10,692,1600018692
21,frailty,C,0,0.5,-2,10,693,1600018693
21,frailty,C,0,0.5,-2,10,694,1600018694
21,frailty,C,0,0.5,-2,10,695,1600018695
21,frailty,C,0,0.5,-2,10,696,1600018696
21,frailty,C,0,0.5,-2,10,697,1600018697
21,frailty,C,0,0.5,-2,10,698,1600018698
21,frailty,C,0,0.5,-2,10,699,1600018699
21,frailty,C,0,0.5,-2,10,700,1600018700
21,frailty,C,0,0.5,-2,10,701,1600018701
21,frailty,C,0,0.5,-2,10,702,1600018702
21,frailty,C,0,0.5,-2,10,703,1600018703
21,frailty,C,0,0.5,-2,10,704,1600018704
21,frailty,C,0,0.5,-2,10,705,1600018705
21,frailty,C,0,0.5,-2,10,706,1600018706
21,frailty,C,0,0.5,-2,10,707,1600018707
21,frailty,C,0,0.5,-2,10,708,1600018708
21,frailty,C,0,0.5,-2,10,709,1600018709
21,frailty,C,0,0.5,-2,10,710,1600018710
21,frailty,C,0,0.5,-2,10,711,1600018711
21,frailty,C,0,0.5,-2,10,712,1600018712
21,frailty,C,0,0.5,-2,10,713,1600018713
21,frailty,C,0,0.5,-2,10,714,1600018714
21,frailty,C,0,0.5,-2,10,715,1600018715
21,frailty,C,0,0.5,-2,10,716,1600018716
21,frailty,C,0,0.5,-2,10,717,1600018717
21,frailty,C,0,0.5,-2,10,718,1600018718
21,frailty,C,0,0.5,-2,10,719,1600018719
21,frailty,C,0,0.5,-2,10,720,1600018720
21,frailty,C,0,0.5,-2,10,721,1600018721
21,frailty,C,0,0.5,-2,10,722,1600018722
21,frailty,C,0,0.5,-2,10,723,1600018723
21,frailty,C,0,0.5,-2,10,724,1600018724
21,frailty,C,0,0.5,-2,10,725,1600018725
21,frailty,C,0,0.5,-2,10,726,1600018726
21,frailty,C,0,0.5,-2,10,727,1600018727
21,frailty,C,0,0.5,-2,10,728,1600018728
21,frailty,C,0,0.5,-2,10,729,1600018729
21,frailty,C,0,0.5,-2,10,730,1600018730
21,frailty,C,0,0.5,-2,10,731,1600018731
21,frailty,C,0,0.5,-2,10,732,1600018732
21,frailty,C,0,0.5,-2,10,733,1600018733
21,frailty,C,0,0.5,-2,10,734,1600018734
21,frailty,C,0,0.5,-2,10,735,1600018735
21,frailty,C,0,0.5,-2,10,736,1600018736
21,frailty,C,0,0.5,-2,10,737,1600018737
21,frailty,C,0,0.5,-2,10,738,1600018738
21,frailty,C,0,0.5,-2,10,739,1600018739
21,frailty,C,0,0.5,-2,10,740,1600018740
21,frailty,C,0,0.5,-2,10,741,1600018741
21,frailty,C,0,0.5,-2,10,742,1600018742
21,frailty,C,0,0.5,-2,10,743,1600018743
21,frailty,C,0,0.5,-2,10,744,1600018744
21,frailty,C,0,0.5,-2,10,745,1600018745
21,frailty,C,0,0.5,-2,10,746,1600018746
21,frailty,C,0,0.5,-2,10,747,1600018747
21,frailty,C,0,0.5,-2,10,748,1600018748
21,frailty,C,0,0.5,-2,10,749,1600018749
21,frailty,C,0,0.5,-2,10,750,1600018750
21,frailty,C,0,0.5,-2,10,751,1600018751
21,frailty,C,0,0.5,-2,10,752,1600018752
21,frailty,C,0,0.5,-2,10,753,1600018753
21,frailty,C,0,0.5,-2,10,754,1600018754
21,frailty,C,0,0.5,-2,10,755,1600018755
21,frailty,C,0,0.5,-2,10,756,1600018756
21,frailty,C,0,0.5,-2,10,757,1600018757
21,frailty,C,0,0.5,-2,10,758,1600018758
21,frailty,C,0,0.5,-2,10,759,1600018759
21,frailty,C,0,0.5,-2,10,760,1600018760
21,frailty,C,0,0.5,-2,10,761,1600018761
21,frailty,C,0,0.5,-2,10,762,1600018762
21,frailty,C,0,0.5,-2,10,763,1600018763
21,frailty,C,0,0.5,-2,10,764,1600018764
21,frailty,C,0,0.5,-2,10,765,1600018765
21,frailty,C,0,0.5,-2,10,766,1600018766
21,frailty,C,0,0.5,-2,10,767,1600018767
21,frailty,C,0,0.5,-2,10,768,1600018768
21,frailty,C,0,0.5,-2,10,769,1600018769
21,frailty,C,0,0.5,-2,10,770,1600018770
21,frailty,C,0,0.5,-2,10,771,1600018771
21,frailty,C,0,0.5,-2,10,772,1600018772
21,frailty,C,0,0.5,-2,10,773,1600018773
21,frailty,C,0,0.5,-2,10,774,1600018774
21,frailty,C,0,0.5,-2,10,775,1600018775
21,frailty,C,0,0.5,-2,10,776,1600018776
21,frailty,C,0,0.5,-2,10,777,1600018777
21,frailty,C,0,0.5,-2,10,778,1600018778
21,frailty,C,0,0.5,-2,10,779,1600018779
21,frailty,C,0,0.5,-2,10,780,1600018780
21,frailty,C,0,0.5,-2,10,781,1600018781
21,frailty,C,0,0.5,-2,10,782,1600018782
21,frailty,C,0,0.5,-2,10,783,1600018783
21,frailty,C,0,0.5,-2,10,784,1600018784
21,frailty,C,0,0.5,-2,10,785,1600018785
21,frailty,C,0,0.5,-2,10,786,1600018786
21,frailty,C,0,0.5,-2,10,787,1600018787
21,frailty,C,0,0.5,-2,10,788,1600018788
21,frailty,C,0,0.5,-2,10,789,1600018789
21,frailty,C,0,0.5,-2,10,790,1600018790
21,frailty,C,0,0.5,-2,10,791,1600018791
21,frailty,C,0,0.5,-2,10,792,1600018792
21,frailty,C,0,0.5,-2,10,793,1600018793
21,frailty,C,0,0.5,-2,10,794,1600018794
21,frailty,C,0,0.5,-2,10,795,1600018795
21,frailty,C,0,0.5,-2,10,796,1600018796
21,frailty,C,0,0.5,-2,10,797,1600018797
21,frailty,C,0,0.5,-2,10,798,1600018798
21,frailty,C,0,0.5,-2,10,799,1600018799
21,frailty,C,0,0.5,-2,10,800,1600018800
21,frailty,C,0,0.5,-2,10,801,1600018801
21,frailty,C,0,0.5,-2,10,802,1600018802
21,frailty,C,0,0.5,-2,10,803,1600018803
21,frailty,C,0,0.5,-2,10,804,1600018804
21,frailty,C,0,0.5,-2,10,805,1600018805
21,frailty,C,0,0.5,-2,10,806,1600018806
21,frailty,C,0,0.5,-2,10,807,1600018807
21,frailty,C,0,0.5,-2,10,808,1600018808
21,frailty,C,0,0.5,-2,10,809,1600018809
21,frailty,C,0,0.5,-2,10,810,1600018810
21,frailty,C,0,0.5,-2,10,811,1600018811
21,frailty,C,0,0.5,-2,10,812,1600018812
21,frailty,C,0,0.5,-2,10,813,1600018813
21,frailty,C,0,0.5,-2,10,814,1600018814
21,frailty,C,0,0.5,-2,10,815,1600018815
21,frailty,C,0,0.5,-2,10,816,1600018816
21,frailty,C,0,0.5,-2,10,817,1600018817
21,frailty,C,0,0.5,-2,10,818,1600018818
21,frailty,C,0,0.5,-2,10,819,1600018819
21,frailty,C,0,0.5,-2,10,820,1600018820
21,frailty,C,0,0.5,-2,10,821,1600018821
21,frailty,C,0,0.5,-2,10,822,1600018822
21,frailty,C,0,0.5,-2,10,823,1600018823
21,frailty,C,0,0.5,-2,10,824,1600018824
21,frailty,C,0,0.5,-2,10,825,1600018825
21,frailty,C,0,0.5,-2,10,826,1600018826
21,frailty,C,0,0.5,-2,10,827,1600018827
21,frailty,C,0,0.5,-2,10,828,1600018828
21,frailty,C,0,0.5,-2,10,829,1600018829
21,frailty,C,0,0.5,-2,10,830,1600018830
21,frailty,C,0,0.5,-2,10,831,1600018831
21,frailty,C,0,0.5,-2,10,832,1600018832
21,frailty,C,0,0.5,-2,10,833,1600018833
21,frailty,C,0,0.5,-2,10,834,1600018834
21,frailty,C,0,0.5,-2,10,835,1600018835
21,frailty,C,0,0.5,-2,10,836,1600018836
21,frailty,C,0,0.5,-2,10,837,1600018837
21,frailty,C,0,0.5,-2,10,838,1600018838
21,frailty,C,0,0.5,-2,10,839,1600018839
21,frailty,C,0,0.5,-2,10,840,1600018840
21,frailty,C,0,0.5,-2,10,841,1600018841
21,frailty,C,0,0.5,-2,10,842,1600018842
21,frailty,C,0,0.5,-2,10,843,1600018843
21,frailty,C,0,0.5,-2,10,844,1600018844
21,frailty,C,0,0.5,-2,10,845,1600018845
21,frailty,C,0,0.5,-2,10,846,1600018846
21,frailty,C,0,0.5,-2,10,847,1600018847
21,frailty,C,0,0.5,-2,10,848,1600018848
21,frailty,C,0,0.5,-2,10,849,1600018849
21,frailty,C,0,0.5,-2,10,850,1600018850
21,frailty,C,0,0.5,-2,10,851,1600018851
21,frailty,C,0,0.5,-2,10,852,1600018852
21,frailty,C,0,0.5,-2,10,853,1600018853
21,frailty,C,0,0.5,-2,10,854,1600018854
21,frailty,C,0,0.5,-2,10,855,1600018855
21,frailty,C,0,0.5,-2,10,856,1600018856
21,frailty,C,0,0.5,-2,10,857,1600018857
21,frailty,C,0,0.5,-2,10,858,1600018858
21,frailty,C,0,0.5,-2,10,859,1600018859
21,frailty,C,0,0.5,-2,10,860,1600018860
21,frailty,C,0,0.5,-2,10,861,1600018861
21,frailty,C,0,0.5,-2,10,862,1600018862
21,frailty,C,0,0.5,-2,10,863,1600018863
21,frailty,C,0,0.5,-2,10,864,1600018864
21,frailty,C,0,0.5,-2,10,865,1600018865
21,frailty,C,0,0.5,-2,10,866,1600018866
21,frailty,C,0,0.5,-2,10,867,1600018867
21,frailty,C,0,0.5,-2,10,868,1600018868
21,frailty,C,0,0.5,-2,10,869,1600018869
21,frailty,C,0,0.5,-2,10,870,1600018870
21,frailty,C,0,0.5,-2,10,871,1600018871
21,frailty,C,0,0.5,-2,10,872,1600018872
21,frailty,C,0,0.5,-2,10,873,1600018873
21,frailty,C,0,0.5,-2,10,874,1600018874
21,frailty,C,0,0.5,-2,10,875,1600018875
21,frailty,C,0,0.5,-2,10,876,1600018876
21,frailty,C,0,0.5,-2,10,877,1600018877
21,frailty,C,0,0.5,-2,10,878,1600018878
21,frailty,C,0,0.5,-2,10,879,1600018879
21,frailty,C,0,0.5,-2,10,880,1600018880
21,frailty,C,0,0.5,-2,10,881,1600018881
21,frailty,C,0,0.5,-2,10,882,1600018882
21,frailty,C,0,0.5,-2,10,883,1600018883
21,frailty,C,0,0.5,-2,10,884,1600018884
21,frailty,C,0,0.5,-2,10,885,1600018885
21,frailty,C,0,0.5,-2,10,886,1600018886
21,frailty,C,0,0.5,-2,10,887,1600018887
21,frailty,C,0,0.5,-2,10,888,1600018888
21,frailty,C,0,0.5,-2,10,889,1600018889
21,frailty,C,0,0.5,-2,10,890,1600018890
21,frailty,C,0,0.5,-2,10,891,1600018891
21,frailty,C,0,0.5,-2,10,892,1600018892
21,frailty,C,0,0.5,-2,10,893,1600018893
21,frailty,C,0,0.5,-2,10,894,1600018894
21,frailty,C,0,0.5,-2,10,895,1600018895
21,frailty,C,0,0.5,-2,10,896,1600018896
21,frailty,C,0,0.5,-2,10,897,1600018897
21,frailty,C,0,0.5,-2,10,898,1600018898
21,frailty,C,0,0.5,-2,10,899,1600018899
21,frailty,C,0,0.5,-2,10,900,1600018900
21,frailty,C,0,0.5,-2,10,901,1600018901
21,frailty,C,0,0.5,-2,10,902,1600018902
21,frailty,C,0,0.5,-2,10,903,1600018903
21,frailty,C,0,0.5,-2,10,904,1600018904
21,frailty,C,0,0.5,-2,10,905,1600018905
21,frailty,C,0,0.5,-2,10,906,1600018906
21,frailty,C,0,0.5,-2,10,907,1600018907
21,frailty,C,0,0.5,-2,10,908,1600018908
21,frailty,C,0,0.5,-2,10,909,1600018909
21,frailty,C,0,0.5,-2,10,910,1600018910
21,frailty,C,0,0.5,-2,10,911,1600018911
21,frailty,C,0,0.5,-2,10,912,1600018912
21,frailty,C,0,0.5,-2,10,913,1600018913
21,frailty,C,0,0.5,-2,10,914,1600018914
21,frailty,C,0,0.5,-2,10,915,1600018915
21,frailty,C,0,0.5,-2,10,916,1600018916
21,frailty,C,0,0.5,-2,10,917,1600018917
21,frailty,C,0,0.5,-2,10,918,1600018918
21,frailty,C,0,0.5,-2,10,919,1600018919
21,frailty,C,0,0.5,-2,10,920,1600018920
21,frailty,C,0,0.5,-2,10,921,1600018921
21,frailty,C,0,0.5,-2,10,922,1600018922
21,frailty,C,0,0.5,-2,10,923,1600018923
21,frailty,C,0,0.5,-2,10,924,1600018924
21,frailty,C,0,0.5,-2,10,925,1600018925
21,frailty,C,0,0.5,-2,10,926,1600018926
21,frailty,C,0,0.5,-2,10,927,1600018927
21,frailty,C,0,0.5,-2,10,928,1600018928
21,frailty,C,0,0.5,-2,10,929,1600018929
21,frailty,C,0,0.5,-2,10,930,1600018930
21,frailty,C,0,0.5,-2,10,931,1600018931
21,frailty,C,0,0.5,-2,10,932,1600018932
21,frailty,C,0,0.5,-2,10,933,1600018933
21,frailty,C,0,0.5,-2,10,934,1600018934
21,frailty,C,0,0.5,-2,10,935,1600018935
21,frailty,C,0,0.5,-2,10,936,1600018936
21,frailty,C,0,0.5,-2,10,937,1600018937
21,frailty,C,0,0.5,-2,10,938,1600018938
21,frailty,C,0,0.5,-2,10,939,1600018939
21,frailty,C,0,0.5,-2,10,940,1600018940
21,frailty,C,0,0.5,-2,10,941,1600018941
21,frailty,C,0,0.5,-2,10,942,1600018942
21,frailty,C,0,0.5,-2,10,943,1600018943
21,frailty,C,0,0.5,-2,10,944,1600018944
21,frailty,C,0,0.5,-2,10,945,1600018945
21,frailty,C,0,0.5,-2,10,946,1600018946
21,frailty,C,0,0.5,-2,10,947,1600018947
21,frailty,C,0,0.5,-2,10,948,1600018948
21,frailty,C,0,0.5,-2,10,949,1600018949
21,frailty,C,0,0.5,-2,10,950,1600018950
21,frailty,C,0,0.5,-2,10,951,1600018951
21,frailty,C,0,0.5,-2,10,952,1600018952
21,frailty,C,0,0.5,-2,10,953,1600018953
21,frailty,C,0,0.5,-2,10,954,1600018954
21,frailty,C,0,0.5,-2,10,955,1600018955
21,frailty,C,0,0.5,-2,10,956,1600018956
21,frailty,C,0,0.5,-2,10,957,1600018957
21,frailty,C,0,0.5,-2,10,958,1600018958
21,frailty,C,0,0.5,-2,10,959,1600018959
21,frailty,C,0,0.5,-2,10,960,1600018960
21,frailty,C,0,0.5,-2,10,961,1600018961
21,frailty,C,0,0.5,-2,10,962,1600018962
21,frailty,C,0,0.5,-2,10,963,1600018963
21,frailty,C,0,0.5,-2,10,964,1600018964
21,frailty,C,0,0.5,-2,10,965,1600018965
21,frailty,C,0,0.5,-2,10,966,1600018966
21,frailty,C,0,0.5,-2,10,967,1600018967
21,frailty,C,0,0.5,-2,10,968,1600018968
21,frailty,C,0,0.5,-2,10,969,1600018969
21,frailty,C,0,0.5,-2,10,970,1600018970
21,frailty,C,0,0.5,-2,10,971,1600018971
21,frailty,C,0,0.5,-2,10,972,1600018972
21,frailty,C,0,0.5,-2,10,973,1600018973
21,frailty,C,0,0.5,-2,10,974,1600018974
21,frailty,C,0,0.5,-2,10,975,1600018975
21,frailty,C,0,0.5,-2,10,976,1600018976
21,frailty,C,0,0.5,-2,10,977,1600018977
21,frailty,C,0,0.5,-2,10,978,1600018978
21,frailty,C,0,0.5,-2,10,979,1600018979
21,frailty,C,0,0.5,-2,10,980,1600018980
21,frailty,C,0,0.5,-2,10,981,1600018981
21,frailty,C,0,0.5,-2,10,982,1600018982
21,frailty,C,0,0.5,-2,10,983,1600018983
21,frailty,C,0,0.5,-2,10,984,1600018984
21,frailty,C,0,0.5,-2,10,985,1600018985
21,frailty,C,0,0.5,-2,10,986,1600018986
21,frailty,C,0,0.5,-2,10,987,1600018987
21,frailty,C,0,0.5,-2,10,988,1600018988
21,frailty,C,0,0.5,-2,10,989,1600018989
21,frailty,C,0,0.5,-2,10,990,1600018990
21,frailty,C,0,0.5,-2,10,991,1600018991
21,frailty,C,0,0.5,-2,10,992,1600018992
21,frailty,C,0,0.5,-2,10,993,1600018993
21,frailty,C,0,0.5,-2,10,994,1600018994
21,frailty,C,0,0.5,-2,10,995,1600018995
21,frailty,C,0,0.5,-2,10,996,1600018996
21,frailty,C,0,0.5,-2,10,997,1600018997
21,frailty,C,0,0.5,-2,10,998,1600018998
21,frailty,C,0,0.5,-2,10,999,1600018999
21,frailty,C,0,0.5,-2,10,1000,1600019000
22,frailty,C,0,0.5,0,0.25,1,1600020001
22,frailty,C,0,0.5,0,0.25,2,1600020002
22,frailty,C,0,0.5,0,0.25,3,1600020003
22,frailty,C,0,0.5,0,0.25,4,1600020004
22,frailty,C,0,0.5,0,0.25,5,1600020005
22,frailty,C,0,0.5,0,0.25,6,1600020006
22,frailty,C,0,0.5,0,0.25,7,1600020007
22,frailty,C,0,0.5,0,0.25,8,1600020008
22,frailty,C,0,0.5,0,0.25,9,1600020009
22,frailty,C,0,0.5,0,0.25,10,1600020010
22,frailty,C,0,0.5,0,0.25,11,1600020011
22,frailty,C,0,0.5,0,0.25,12,1600020012
22,frailty,C,0,0.5,0,0.25,13,1600020013
22,frailty,C,0,0.5,0,0.25,14,1600020014
22,frailty,C,0,0.5,0,0.25,15,1600020015
22,frailty,C,0,0.5,0,0.25,16,1600020016
22,frailty,C,0,0.5,0,0.25,17,1600020017
22,frailty,C,0,0.5,0,0.25,18,1600020018
22,frailty,C,0,0.5,0,0.25,19,1600020019
22,frailty,C,0,0.5,0,0.25,20,1600020020
22,frailty,C,0,0.5,0,0.25,21,1600020021
22,frailty,C,0,0.5,0,0.25,22,1600020022
22,frailty,C,0,0.5,0,0.25,23,1600020023
22,frailty,C,0,0.5,0,0.25,24,1600020024
22,frailty,C,0,0.5,0,0.25,25,1600020025
22,frailty,C,0,0.5,0,0.25,26,1600020026
22,frailty,C,0,0.5,0,0.25,27,1600020027
22,frailty,C,0,0.5,0,0.25,28,1600020028
22,frailty,C,0,0.5,0,0.25,29,1600020029
22,frailty,C,0,0.5,0,0.25,30,1600020030
22,frailty,C,0,0.5,0,0.25,31,1600020031
22,frailty,C,0,0.5,0,0.25,32,1600020032
22,frailty,C,0,0.5,0,0.25,33,1600020033
22,frailty,C,0,0.5,0,0.25,34,1600020034
22,frailty,C,0,0.5,0,0.25,35,1600020035
22,frailty,C,0,0.5,0,0.25,36,1600020036
22,frailty,C,0,0.5,0,0.25,37,1600020037
22,frailty,C,0,0.5,0,0.25,38,1600020038
22,frailty,C,0,0.5,0,0.25,39,1600020039
22,frailty,C,0,0.5,0,0.25,40,1600020040
22,frailty,C,0,0.5,0,0.25,41,1600020041
22,frailty,C,0,0.5,0,0.25,42,1600020042
22,frailty,C,0,0.5,0,0.25,43,1600020043
22,frailty,C,0,0.5,0,0.25,44,1600020044
22,frailty,C,0,0.5,0,0.25,45,1600020045
22,frailty,C,0,0.5,0,0.25,46,1600020046
22,frailty,C,0,0.5,0,0.25,47,1600020047
22,frailty,C,0,0.5,0,0.25,48,1600020048
22,frailty,C,0,0.5,0,0.25,49,1600020049
22,frailty,C,0,0.5,0,0.25,50,1600020050
22,frailty,C,0,0.5,0,0.25,51,1600020051
22,frailty,C,0,0.5,0,0.25,52,1600020052
22,frailty,C,0,0.5,0,0.25,53,1600020053
22,frailty,C,0,0.5,0,0.25,54,1600020054
22,frailty,C,0,0.5,0,0.25,55,1600020055
22,frailty,C,0,0.5,0,0.25,56,1600020056
22,frailty,C,0,0.5,0,0.25,57,1600020057
22,frailty,C,0,0.5,0,0.25,58,1600020058
22,frailty,C,0,0.5,0,0.25,59,1600020059
22,frailty,C,0,0.5,0,0.25,60,1600020060
22,frailty,C,0,0.5,0,0.25,61,1600020061
22,frailty,C,0,0.5,0,0.25,62,1600020062
22,frailty,C,0,0.5,0,0.25,63,1600020063
22,frailty,C,0,0.5,0,0.25,64,1600020064
22,frailty,C,0,0.5,0,0.25,65,1600020065
22,frailty,C,0,0.5,0,0.25,66,1600020066
22,frailty,C,0,0.5,0,0.25,67,1600020067
22,frailty,C,0,0.5,0,0.25,68,1600020068
22,frailty,C,0,0.5,0,0.25,69,1600020069
22,frailty,C,0,0.5,0,0.25,70,1600020070
22,frailty,C,0,0.5,0,0.25,71,1600020071
22,frailty,C,0,0.5,0,0.25,72,1600020072
22,frailty,C,0,0.5,0,0.25,73,1600020073
22,frailty,C,0,0.5,0,0.25,74,1600020074
22,frailty,C,0,0.5,0,0.25,75,1600020075
22,frailty,C,0,0.5,0,0.25,76,1600020076
22,frailty,C,0,0.5,0,0.25,77,1600020077
22,frailty,C,0,0.5,0,0.25,78,1600020078
22,frailty,C,0,0.5,0,0.25,79,1600020079
22,frailty,C,0,0.5,0,0.25,80,1600020080
22,frailty,C,0,0.5,0,0.25,81,1600020081
22,frailty,C,0,0.5,0,0.25,82,1600020082
22,frailty,C,0,0.5,0,0.25,83,1600020083
22,frailty,C,0,0.5,0,0.25,84,1600020084
22,frailty,C,0,0.5,0,0.25,85,1600020085
22,frailty,C,0,0.5,0,0.25,86,1600020086
22,frailty,C,0,0.5,0,0.25,87,1600020087
22,frailty,C,0,0.5,0,0.25,88,1600020088
22,frailty,C,0,0.5,0,0.25,89,1600020089
22,frailty,C,0,0.5,0,0.25,90,1600020090
22,frailty,C,0,0.5,0,0.25,91,1600020091
22,frailty,C,0,0.5,0,0.25,92,1600020092
22,frailty,C,0,0.5,0,0.25,93,1600020093
22,frailty,C,0,0.5,0,0.25,94,1600020094
22,frailty,C,0,0.5,0,0.25,95,1600020095
22,frailty,C,0,0.5,0,0.25,96,1600020096
22,frailty,C,0,0.5,0,0.25,97,1600020097
22,frailty,C,0,0.5,0,0.25,98,1600020098
22,frailty,C,0,0.5,0,0.25,99,1600020099
22,frailty,C,0,0.5,0,0.25,100,1600020100
22,frailty,C,0,0.5,0,0.25,101,1600020101
22,frailty,C,0,0.5,0,0.25,102,1600020102
22,frailty,C,0,0.5,0,0.25,103,1600020103
22,frailty,C,0,0.5,0,0.25,104,1600020104
22,frailty,C,0,0.5,0,0.25,105,1600020105
22,frailty,C,0,0.5,0,0.25,106,1600020106
22,frailty,C,0,0.5,0,0.25,107,1600020107
22,frailty,C,0,0.5,0,0.25,108,1600020108
22,frailty,C,0,0.5,0,0.25,109,1600020109
22,frailty,C,0,0.5,0,0.25,110,1600020110
22,frailty,C,0,0.5,0,0.25,111,1600020111
22,frailty,C,0,0.5,0,0.25,112,1600020112
22,frailty,C,0,0.5,0,0.25,113,1600020113
22,frailty,C,0,0.5,0,0.25,114,1600020114
22,frailty,C,0,0.5,0,0.25,115,1600020115
22,frailty,C,0,0.5,0,0.25,116,1600020116
22,frailty,C,0,0.5,0,0.25,117,1600020117
22,frailty,C,0,0.5,0,0.25,118,1600020118
22,frailty,C,0,0.5,0,0.25,119,1600020119
22,frailty,C,0,0.5,0,0.25,120,1600020120
22,frailty,C,0,0.5,0,0.25,121,1600020121
22,frailty,C,0,0.5,0,0.25,122,1600020122
22,frailty,C,0,0.5,0,0.25,123,1600020123
22,frailty,C,0,0.5,0,0.25,124,1600020124
22,frailty,C,0,0.5,0,0.25,125,1600020125
22,frailty,C,0,0.5,0,0.25,126,1600020126
22,frailty,C,0,0.5,0,0.25,127,1600020127
22,frailty,C,0,0.5,0,0.25,128,1600020128
22,frailty,C,0,0.5,0,0.25,129,1600020129
22,frailty,C,0,0.5,0,0.25,130,1600020130
22,frailty,C,0,0.5,0,0.25,131,1600020131
22,frailty,C,0,0.5,0,0.25,132,1600020132
22,frailty,C,0,0.5,0,0.25,133,1600020133
22,frailty,C,0,0.5,0,0.25,134,1600020134
22,frailty,C,0,0.5,0,0.25,135,1600020135
22,frailty,C,0,0.5,0,0.25,136,1600020136
22,frailty,C,0,0.5,0,0.25,137,1600020137
22,frailty,C,0,0.5,0,0.25,138,1600020138
22,frailty,C,0,0.5,0,0.25,139,1600020139
22,frailty,C,0,0.5,0,0.25,140,1600020140
22,frailty,C,0,0.5,0,0.25,141,1600020141
22,frailty,C,0,0.5,0,0.25,142,1600020142
22,frailty,C,0,0.5,0,0.25,143,1600020143
22,frailty,C,0,0.5,0,0.25,144,1600020144
22,frailty,C,0,0.5,0,0.25,145,1600020145
22,frailty,C,0,0.5,0,0.25,146,1600020146
22,frailty,C,0,0.5,0,0.25,147,1600020147
22,frailty,C,0,0.5,0,0.25,148,1600020148
22,frailty,C,0,0.5,0,0.25,149,1600020149
22,frailty,C,0,0.5,0,0.25,150,1600020150
22,frailty,C,0,0.5,0,0.25,151,1600020151
22,frailty,C,0,0.5,0,0.25,152,1600020152
22,frailty,C,0,0.5,0,0.25,153,1600020153
22,frailty,C,0,0.5,0,0.25,154,1600020154
22,frailty,C,0,0.5,0,0.25,155,1600020155
22,frailty,C,0,0.5,0,0.25,156,1600020156
22,frailty,C,0,0.5,0,0.25,157,1600020157
22,frailty,C,0,0.5,0,0.25,158,1600020158
22,frailty,C,0,0.5,0,0.25,159,1600020159
22,frailty,C,0,0.5,0,0.25,160,1600020160
22,frailty,C,0,0.5,0,0.25,161,1600020161
22,frailty,C,0,0.5,0,0.25,162,1600020162
22,frailty,C,0,0.5,0,0.25,163,1600020163
22,frailty,C,0,0.5,0,0.25,164,1600020164
22,frailty,C,0,0.5,0,0.25,165,1600020165
22,frailty,C,0,0.5,0,0.25,166,1600020166
22,frailty,C,0,0.5,0,0.25,167,1600020167
22,frailty,C,0,0.5,0,0.25,168,1600020168
22,frailty,C,0,0.5,0,0.25,169,1600020169
22,frailty,C,0,0.5,0,0.25,170,1600020170
22,frailty,C,0,0.5,0,0.25,171,1600020171
22,frailty,C,0,0.5,0,0.25,172,1600020172
22,frailty,C,0,0.5,0,0.25,173,1600020173
22,frailty,C,0,0.5,0,0.25,174,1600020174
22,frailty,C,0,0.5,0,0.25,175,1600020175
22,frailty,C,0,0.5,0,0.25,176,1600020176
22,frailty,C,0,0.5,0,0.25,177,1600020177
22,frailty,C,0,0.5,0,0.25,178,1600020178
22,frailty,C,0,0.5,0,0.25,179,1600020179
22,frailty,C,0,0.5,0,0.25,180,1600020180
22,frailty,C,0,0.5,0,0.25,181,1600020181
22,frailty,C,0,0.5,0,0.25,182,1600020182
22,frailty,C,0,0.5,0,0.25,183,1600020183
22,frailty,C,0,0.5,0,0.25,184,1600020184
22,frailty,C,0,0.5,0,0.25,185,1600020185
22,frailty,C,0,0.5,0,0.25,186,1600020186
22,frailty,C,0,0.5,0,0.25,187,1600020187
22,frailty,C,0,0.5,0,0.25,188,1600020188
22,frailty,C,0,0.5,0,0.25,189,1600020189
22,frailty,C,0,0.5,0,0.25,190,1600020190
22,frailty,C,0,0.5,0,0.25,191,1600020191
22,frailty,C,0,0.5,0,0.25,192,1600020192
22,frailty,C,0,0.5,0,0.25,193,1600020193
22,frailty,C,0,0.5,0,0.25,194,1600020194
22,frailty,C,0,0.5,0,0.25,195,1600020195
22,frailty,C,0,0.5,0,0.25,196,1600020196
22,frailty,C,0,0.5,0,0.25,197,1600020197
22,frailty,C,0,0.5,0,0.25,198,1600020198
22,frailty,C,0,0.5,0,0.25,199,1600020199
22,frailty,C,0,0.5,0,0.25,200,1600020200
22,frailty,C,0,0.5,0,0.25,201,1600020201
22,frailty,C,0,0.5,0,0.25,202,1600020202
22,frailty,C,0,0.5,0,0.25,203,1600020203
22,frailty,C,0,0.5,0,0.25,204,1600020204
22,frailty,C,0,0.5,0,0.25,205,1600020205
22,frailty,C,0,0.5,0,0.25,206,1600020206
22,frailty,C,0,0.5,0,0.25,207,1600020207
22,frailty,C,0,0.5,0,0.25,208,1600020208
22,frailty,C,0,0.5,0,0.25,209,1600020209
22,frailty,C,0,0.5,0,0.25,210,1600020210
22,frailty,C,0,0.5,0,0.25,211,1600020211
22,frailty,C,0,0.5,0,0.25,212,1600020212
22,frailty,C,0,0.5,0,0.25,213,1600020213
22,frailty,C,0,0.5,0,0.25,214,1600020214
22,frailty,C,0,0.5,0,0.25,215,1600020215
22,frailty,C,0,0.5,0,0.25,216,1600020216
22,frailty,C,0,0.5,0,0.25,217,1600020217
22,frailty,C,0,0.5,0,0.25,218,1600020218
22,frailty,C,0,0.5,0,0.25,219,1600020219
22,frailty,C,0,0.5,0,0.25,220,1600020220
22,frailty,C,0,0.5,0,0.25,221,1600020221
22,frailty,C,0,0.5,0,0.25,222,1600020222
22,frailty,C,0,0.5,0,0.25,223,1600020223
22,frailty,C,0,0.5,0,0.25,224,1600020224
22,frailty,C,0,0.5,0,0.25,225,1600020225
22,frailty,C,0,0.5,0,0.25,226,1600020226
22,frailty,C,0,0.5,0,0.25,227,1600020227
22,frailty,C,0,0.5,0,0.25,228,1600020228
22,frailty,C,0,0.5,0,0.25,229,1600020229
22,frailty,C,0,0.5,0,0.25,230,1600020230
22,frailty,C,0,0.5,0,0.25,231,1600020231
22,frailty,C,0,0.5,0,0.25,232,1600020232
22,frailty,C,0,0.5,0,0.25,233,1600020233
22,frailty,C,0,0.5,0,0.25,234,1600020234
22,frailty,C,0,0.5,0,0.25,235,1600020235
22,frailty,C,0,0.5,0,0.25,236,1600020236
22,frailty,C,0,0.5,0,0.25,237,1600020237
22,frailty,C,0,0.5,0,0.25,238,1600020238
22,frailty,C,0,0.5,0,0.25,239,1600020239
22,frailty,C,0,0.5,0,0.25,240,1600020240
22,frailty,C,0,0.5,0,0.25,241,1600020241
22,frailty,C,0,0.5,0,0.25,242,1600020242
22,frailty,C,0,0.5,0,0.25,243,1600020243
22,frailty,C,0,0.5,0,0.25,244,1600020244
22,frailty,C,0,0.5,0,0.25,245,1600020245
22,frailty,C,0,0.5,0,0.25,246,1600020246
22,frailty,C,0,0.5,0,0.25,247,1600020247
22,frailty,C,0,0.5,0,0.25,248,1600020248
22,frailty,C,0,0.5,0,0.25,249,1600020249
22,frailty,C,0,0.5,0,0.25,250,1600020250
22,frailty,C,0,0.5,0,0.25,251,1600020251
22,frailty,C,0,0.5,0,0.25,252,1600020252
22,frailty,C,0,0.5,0,0.25,253,1600020253
22,frailty,C,0,0.5,0,0.25,254,1600020254
22,frailty,C,0,0.5,0,0.25,255,1600020255
22,frailty,C,0,0.5,0,0.25,256,1600020256
22,frailty,C,0,0.5,0,0.25,257,1600020257
22,frailty,C,0,0.5,0,0.25,258,1600020258
22,frailty,C,0,0.5,0,0.25,259,1600020259
22,frailty,C,0,0.5,0,0.25,260,1600020260
22,frailty,C,0,0.5,0,0.25,261,1600020261
22,frailty,C,0,0.5,0,0.25,262,1600020262
22,frailty,C,0,0.5,0,0.25,263,1600020263
22,frailty,C,0,0.5,0,0.25,264,1600020264
22,frailty,C,0,0.5,0,0.25,265,1600020265
22,frailty,C,0,0.5,0,0.25,266,1600020266
22,frailty,C,0,0.5,0,0.25,267,1600020267
22,frailty,C,0,0.5,0,0.25,268,1600020268
22,frailty,C,0,0.5,0,0.25,269,1600020269
22,frailty,C,0,0.5,0,0.25,270,1600020270
22,frailty,C,0,0.5,0,0.25,271,1600020271
22,frailty,C,0,0.5,0,0.25,272,1600020272
22,frailty,C,0,0.5,0,0.25,273,1600020273
22,frailty,C,0,0.5,0,0.25,274,1600020274
22,frailty,C,0,0.5,0,0.25,275,1600020275
22,frailty,C,0,0.5,0,0.25,276,1600020276
22,frailty,C,0,0.5,0,0.25,277,1600020277
22,frailty,C,0,0.5,0,0.25,278,1600020278
22,frailty,C,0,0.5,0,0.25,279,1600020279
22,frailty,C,0,0.5,0,0.25,280,1600020280
22,frailty,C,0,0.5,0,0.25,281,1600020281
22,frailty,C,0,0.5,0,0.25,282,1600020282
22,frailty,C,0,0.5,0,0.25,283,1600020283
22,frailty,C,0,0.5,0,0.25,284,1600020284
22,frailty,C,0,0.5,0,0.25,285,1600020285
22,frailty,C,0,0.5,0,0.25,286,1600020286
22,frailty,C,0,0.5,0,0.25,287,1600020287
22,frailty,C,0,0.5,0,0.25,288,1600020288
22,frailty,C,0,0.5,0,0.25,289,1600020289
22,frailty,C,0,0.5,0,0.25,290,1600020290
22,frailty,C,0,0.5,0,0.25,291,1600020291
22,frailty,C,0,0.5,0,0.25,292,1600020292
22,frailty,C,0,0.5,0,0.25,293,1600020293
22,frailty,C,0,0.5,0,0.25,294,1600020294
22,frailty,C,0,0.5,0,0.25,295,1600020295
22,frailty,C,0,0.5,0,0.25,296,1600020296
22,frailty,C,0,0.5,0,0.25,297,1600020297
22,frailty,C,0,0.5,0,0.25,298,1600020298
22,frailty,C,0,0.5,0,0.25,299,1600020299
22,frailty,C,0,0.5,0,0.25,300,1600020300
22,frailty,C,0,0.5,0,0.25,301,1600020301
22,frailty,C,0,0.5,0,0.25,302,1600020302
22,frailty,C,0,0.5,0,0.25,303,1600020303
22,frailty,C,0,0.5,0,0.25,304,1600020304
22,frailty,C,0,0.5,0,0.25,305,1600020305
22,frailty,C,0,0.5,0,0.25,306,1600020306
22,frailty,C,0,0.5,0,0.25,307,1600020307
22,frailty,C,0,0.5,0,0.25,308,1600020308
22,frailty,C,0,0.5,0,0.25,309,1600020309
22,frailty,C,0,0.5,0,0.25,310,1600020310
22,frailty,C,0,0.5,0,0.25,311,1600020311
22,frailty,C,0,0.5,0,0.25,312,1600020312
22,frailty,C,0,0.5,0,0.25,313,1600020313
22,frailty,C,0,0.5,0,0.25,314,1600020314
22,frailty,C,0,0.5,0,0.25,315,1600020315
22,frailty,C,0,0.5,0,0.25,316,1600020316
22,frailty,C,0,0.5,0,0.25,317,1600020317
22,frailty,C,0,0.5,0,0.25,318,1600020318
22,frailty,C,0,0.5,0,0.25,319,1600020319
22,frailty,C,0,0.5,0,0.25,320,1600020320
22,frailty,C,0,0.5,0,0.25,321,1600020321
22,frailty,C,0,0.5,0,0.25,322,1600020322
22,frailty,C,0,0.5,0,0.25,323,1600020323
22,frailty,C,0,0.5,0,0.25,324,1600020324
22,frailty,C,0,0.5,0,0.25,325,1600020325
22,frailty,C,0,0.5,0,0.25,326,1600020326
22,frailty,C,0,0.5,0,0.25,327,1600020327
22,frailty,C,0,0.5,0,0.25,328,1600020328
22,frailty,C,0,0.5,0,0.25,329,1600020329
22,frailty,C,0,0.5,0,0.25,330,1600020330
22,frailty,C,0,0.5,0,0.25,331,1600020331
22,frailty,C,0,0.5,0,0.25,332,1600020332
22,frailty,C,0,0.5,0,0.25,333,1600020333
22,frailty,C,0,0.5,0,0.25,334,1600020334
22,frailty,C,0,0.5,0,0.25,335,1600020335
22,frailty,C,0,0.5,0,0.25,336,1600020336
22,frailty,C,0,0.5,0,0.25,337,1600020337
22,frailty,C,0,0.5,0,0.25,338,1600020338
22,frailty,C,0,0.5,0,0.25,339,1600020339
22,frailty,C,0,0.5,0,0.25,340,1600020340
22,frailty,C,0,0.5,0,0.25,341,1600020341
22,frailty,C,0,0.5,0,0.25,342,1600020342
22,frailty,C,0,0.5,0,0.25,343,1600020343
22,frailty,C,0,0.5,0,0.25,344,1600020344
22,frailty,C,0,0.5,0,0.25,345,1600020345
22,frailty,C,0,0.5,0,0.25,346,1600020346
22,frailty,C,0,0.5,0,0.25,347,1600020347
22,frailty,C,0,0.5,0,0.25,348,1600020348
22,frailty,C,0,0.5,0,0.25,349,1600020349
22,frailty,C,0,0.5,0,0.25,350,1600020350
22,frailty,C,0,0.5,0,0.25,351,1600020351
22,frailty,C,0,0.5,0,0.25,352,1600020352
22,frailty,C,0,0.5,0,0.25,353,1600020353
22,frailty,C,0,0.5,0,0.25,354,1600020354
22,frailty,C,0,0.5,0,0.25,355,1600020355
22,frailty,C,0,0.5,0,0.25,356,1600020356
22,frailty,C,0,0.5,0,0.25,357,1600020357
22,frailty,C,0,0.5,0,0.25,358,1600020358
22,frailty,C,0,0.5,0,0.25,359,1600020359
22,frailty,C,0,0.5,0,0.25,360,1600020360
22,frailty,C,0,0.5,0,0.25,361,1600020361
22,frailty,C,0,0.5,0,0.25,362,1600020362
22,frailty,C,0,0.5,0,0.25,363,1600020363
22,frailty,C,0,0.5,0,0.25,364,1600020364
22,frailty,C,0,0.5,0,0.25,365,1600020365
22,frailty,C,0,0.5,0,0.25,366,1600020366
22,frailty,C,0,0.5,0,0.25,367,1600020367
22,frailty,C,0,0.5,0,0.25,368,1600020368
22,frailty,C,0,0.5,0,0.25,369,1600020369
22,frailty,C,0,0.5,0,0.25,370,1600020370
22,frailty,C,0,0.5,0,0.25,371,1600020371
22,frailty,C,0,0.5,0,0.25,372,1600020372
22,frailty,C,0,0.5,0,0.25,373,1600020373
22,frailty,C,0,0.5,0,0.25,374,1600020374
22,frailty,C,0,0.5,0,0.25,375,1600020375
22,frailty,C,0,0.5,0,0.25,376,1600020376
22,frailty,C,0,0.5,0,0.25,377,1600020377
22,frailty,C,0,0.5,0,0.25,378,1600020378
22,frailty,C,0,0.5,0,0.25,379,1600020379
22,frailty,C,0,0.5,0,0.25,380,1600020380
22,frailty,C,0,0.5,0,0.25,381,1600020381
22,frailty,C,0,0.5,0,0.25,382,1600020382
22,frailty,C,0,0.5,0,0.25,383,1600020383
22,frailty,C,0,0.5,0,0.25,384,1600020384
22,frailty,C,0,0.5,0,0.25,385,1600020385
22,frailty,C,0,0.5,0,0.25,386,1600020386
22,frailty,C,0,0.5,0,0.25,387,1600020387
22,frailty,C,0,0.5,0,0.25,388,1600020388
22,frailty,C,0,0.5,0,0.25,389,1600020389
22,frailty,C,0,0.5,0,0.25,390,1600020390
22,frailty,C,0,0.5,0,0.25,391,1600020391
22,frailty,C,0,0.5,0,0.25,392,1600020392
22,frailty,C,0,0.5,0,0.25,393,1600020393
22,frailty,C,0,0.5,0,0.25,394,1600020394
22,frailty,C,0,0.5,0,0.25,395,1600020395
22,frailty,C,0,0.5,0,0.25,396,1600020396
22,frailty,C,0,0.5,0,0.25,397,1600020397
22,frailty,C,0,0.5,0,0.25,398,1600020398
22,frailty,C,0,0.5,0,0.25,399,1600020399
22,frailty,C,0,0.5,0,0.25,400,1600020400
22,frailty,C,0,0.5,0,0.25,401,1600020401
22,frailty,C,0,0.5,0,0.25,402,1600020402
22,frailty,C,0,0.5,0,0.25,403,1600020403
22,frailty,C,0,0.5,0,0.25,404,1600020404
22,frailty,C,0,0.5,0,0.25,405,1600020405
22,frailty,C,0,0.5,0,0.25,406,1600020406
22,frailty,C,0,0.5,0,0.25,407,1600020407
22,frailty,C,0,0.5,0,0.25,408,1600020408
22,frailty,C,0,0.5,0,0.25,409,1600020409
22,frailty,C,0,0.5,0,0.25,410,1600020410
22,frailty,C,0,0.5,0,0.25,411,1600020411
22,frailty,C,0,0.5,0,0.25,412,1600020412
22,frailty,C,0,0.5,0,0.25,413,1600020413
22,frailty,C,0,0.5,0,0.25,414,1600020414
22,frailty,C,0,0.5,0,0.25,415,1600020415
22,frailty,C,0,0.5,0,0.25,416,1600020416
22,frailty,C,0,0.5,0,0.25,417,1600020417
22,frailty,C,0,0.5,0,0.25,418,1600020418
22,frailty,C,0,0.5,0,0.25,419,1600020419
22,frailty,C,0,0.5,0,0.25,420,1600020420
22,frailty,C,0,0.5,0,0.25,421,1600020421
22,frailty,C,0,0.5,0,0.25,422,1600020422
22,frailty,C,0,0.5,0,0.25,423,1600020423
22,frailty,C,0,0.5,0,0.25,424,1600020424
22,frailty,C,0,0.5,0,0.25,425,1600020425
22,frailty,C,0,0.5,0,0.25,426,1600020426
22,frailty,C,0,0.5,0,0.25,427,1600020427
22,frailty,C,0,0.5,0,0.25,428,1600020428
22,frailty,C,0,0.5,0,0.25,429,1600020429
22,frailty,C,0,0.5,0,0.25,430,1600020430
22,frailty,C,0,0.5,0,0.25,431,1600020431
22,frailty,C,0,0.5,0,0.25,432,1600020432
22,frailty,C,0,0.5,0,0.25,433,1600020433
22,frailty,C,0,0.5,0,0.25,434,1600020434
22,frailty,C,0,0.5,0,0.25,435,1600020435
22,frailty,C,0,0.5,0,0.25,436,1600020436
22,frailty,C,0,0.5,0,0.25,437,1600020437
22,frailty,C,0,0.5,0,0.25,438,1600020438
22,frailty,C,0,0.5,0,0.25,439,1600020439
22,frailty,C,0,0.5,0,0.25,440,1600020440
22,frailty,C,0,0.5,0,0.25,441,1600020441
22,frailty,C,0,0.5,0,0.25,442,1600020442
22,frailty,C,0,0.5,0,0.25,443,1600020443
22,frailty,C,0,0.5,0,0.25,444,1600020444
22,frailty,C,0,0.5,0,0.25,445,1600020445
22,frailty,C,0,0.5,0,0.25,446,1600020446
22,frailty,C,0,0.5,0,0.25,447,1600020447
22,frailty,C,0,0.5,0,0.25,448,1600020448
22,frailty,C,0,0.5,0,0.25,449,1600020449
22,frailty,C,0,0.5,0,0.25,450,1600020450
22,frailty,C,0,0.5,0,0.25,451,1600020451
22,frailty,C,0,0.5,0,0.25,452,1600020452
22,frailty,C,0,0.5,0,0.25,453,1600020453
22,frailty,C,0,0.5,0,0.25,454,1600020454
22,frailty,C,0,0.5,0,0.25,455,1600020455
22,frailty,C,0,0.5,0,0.25,456,1600020456
22,frailty,C,0,0.5,0,0.25,457,1600020457
22,frailty,C,0,0.5,0,0.25,458,1600020458
22,frailty,C,0,0.5,0,0.25,459,1600020459
22,frailty,C,0,0.5,0,0.25,460,1600020460
22,frailty,C,0,0.5,0,0.25,461,1600020461
22,frailty,C,0,0.5,0,0.25,462,1600020462
22,frailty,C,0,0.5,0,0.25,463,1600020463
22,frailty,C,0,0.5,0,0.25,464,1600020464
22,frailty,C,0,0.5,0,0.25,465,1600020465
22,frailty,C,0,0.5,0,0.25,466,1600020466
22,frailty,C,0,0.5,0,0.25,467,1600020467
22,frailty,C,0,0.5,0,0.25,468,1600020468
22,frailty,C,0,0.5,0,0.25,469,1600020469
22,frailty,C,0,0.5,0,0.25,470,1600020470
22,frailty,C,0,0.5,0,0.25,471,1600020471
22,frailty,C,0,0.5,0,0.25,472,1600020472
22,frailty,C,0,0.5,0,0.25,473,1600020473
22,frailty,C,0,0.5,0,0.25,474,1600020474
22,frailty,C,0,0.5,0,0.25,475,1600020475
22,frailty,C,0,0.5,0,0.25,476,1600020476
22,frailty,C,0,0.5,0,0.25,477,1600020477
22,frailty,C,0,0.5,0,0.25,478,1600020478
22,frailty,C,0,0.5,0,0.25,479,1600020479
22,frailty,C,0,0.5,0,0.25,480,1600020480
22,frailty,C,0,0.5,0,0.25,481,1600020481
22,frailty,C,0,0.5,0,0.25,482,1600020482
22,frailty,C,0,0.5,0,0.25,483,1600020483
22,frailty,C,0,0.5,0,0.25,484,1600020484
22,frailty,C,0,0.5,0,0.25,485,1600020485
22,frailty,C,0,0.5,0,0.25,486,1600020486
22,frailty,C,0,0.5,0,0.25,487,1600020487
22,frailty,C,0,0.5,0,0.25,488,1600020488
22,frailty,C,0,0.5,0,0.25,489,1600020489
22,frailty,C,0,0.5,0,0.25,490,1600020490
22,frailty,C,0,0.5,0,0.25,491,1600020491
22,frailty,C,0,0.5,0,0.25,492,1600020492
22,frailty,C,0,0.5,0,0.25,493,1600020493
22,frailty,C,0,0.5,0,0.25,494,1600020494
22,frailty,C,0,0.5,0,0.25,495,1600020495
22,frailty,C,0,0.5,0,0.25,496,1600020496
22,frailty,C,0,0.5,0,0.25,497,1600020497
22,frailty,C,0,0.5,0,0.25,498,1600020498
22,frailty,C,0,0.5,0,0.25,499,1600020499
22,frailty,C,0,0.5,0,0.25,500,1600020500
22,frailty,C,0,0.5,0,0.25,501,1600020501
22,frailty,C,0,0.5,0,0.25,502,1600020502
22,frailty,C,0,0.5,0,0.25,503,1600020503
22,frailty,C,0,0.5,0,0.25,504,1600020504
22,frailty,C,0,0.5,0,0.25,505,1600020505
22,frailty,C,0,0.5,0,0.25,506,1600020506
22,frailty,C,0,0.5,0,0.25,507,1600020507
22,frailty,C,0,0.5,0,0.25,508,1600020508
22,frailty,C,0,0.5,0,0.25,509,1600020509
22,frailty,C,0,0.5,0,0.25,510,1600020510
22,frailty,C,0,0.5,0,0.25,511,1600020511
22,frailty,C,0,0.5,0,0.25,512,1600020512
22,frailty,C,0,0.5,0,0.25,513,1600020513
22,frailty,C,0,0.5,0,0.25,514,1600020514
22,frailty,C,0,0.5,0,0.25,515,1600020515
22,frailty,C,0,0.5,0,0.25,516,1600020516
22,frailty,C,0,0.5,0,0.25,517,1600020517
22,frailty,C,0,0.5,0,0.25,518,1600020518
22,frailty,C,0,0.5,0,0.25,519,1600020519
22,frailty,C,0,0.5,0,0.25,520,1600020520
22,frailty,C,0,0.5,0,0.25,521,1600020521
22,frailty,C,0,0.5,0,0.25,522,1600020522
22,frailty,C,0,0.5,0,0.25,523,1600020523
22,frailty,C,0,0.5,0,0.25,524,1600020524
22,frailty,C,0,0.5,0,0.25,525,1600020525
22,frailty,C,0,0.5,0,0.25,526,1600020526
22,frailty,C,0,0.5,0,0.25,527,1600020527
22,frailty,C,0,0.5,0,0.25,528,1600020528
22,frailty,C,0,0.5,0,0.25,529,1600020529
22,frailty,C,0,0.5,0,0.25,530,1600020530
22,frailty,C,0,0.5,0,0.25,531,1600020531
22,frailty,C,0,0.5,0,0.25,532,1600020532
22,frailty,C,0,0.5,0,0.25,533,1600020533
22,frailty,C,0,0.5,0,0.25,534,1600020534
22,frailty,C,0,0.5,0,0.25,535,1600020535
22,frailty,C,0,0.5,0,0.25,536,1600020536
22,frailty,C,0,0.5,0,0.25,537,1600020537
22,frailty,C,0,0.5,0,0.25,538,1600020538
22,frailty,C,0,0.5,0,0.25,539,1600020539
22,frailty,C,0,0.5,0,0.25,540,1600020540
22,frailty,C,0,0.5,0,0.25,541,1600020541
22,frailty,C,0,0.5,0,0.25,542,1600020542
22,frailty,C,0,0.5,0,0.25,543,1600020543
22,frailty,C,0,0.5,0,0.25,544,1600020544
22,frailty,C,0,0.5,0,0.25,545,1600020545
22,frailty,C,0,0.5,0,0.25,546,1600020546
22,frailty,C,0,0.5,0,0.25,547,1600020547
22,frailty,C,0,0.5,0,0.25,548,1600020548
22,frailty,C,0,0.5,0,0.25,549,1600020549
22,frailty,C,0,0.5,0,0.25,550,1600020550
22,frailty,C,0,0.5,0,0.25,551,1600020551
22,frailty,C,0,0.5,0,0.25,552,1600020552
22,frailty,C,0,0.5,0,0.25,553,1600020553
22,frailty,C,0,0.5,0,0.25,554,1600020554
22,frailty,C,0,0.5,0,0.25,555,1600020555
22,frailty,C,0,0.5,0,0.25,556,1600020556
22,frailty,C,0,0.5,0,0.25,557,1600020557
22,frailty,C,0,0.5,0,0.25,558,1600020558
22,frailty,C,0,0.5,0,0.25,559,1600020559
22,frailty,C,0,0.5,0,0.25,560,1600020560
22,frailty,C,0,0.5,0,0.25,561,1600020561
22,frailty,C,0,0.5,0,0.25,562,1600020562
22,frailty,C,0,0.5,0,0.25,563,1600020563
22,frailty,C,0,0.5,0,0.25,564,1600020564
22,frailty,C,0,0.5,0,0.25,565,1600020565
22,frailty,C,0,0.5,0,0.25,566,1600020566
22,frailty,C,0,0.5,0,0.25,567,1600020567
22,frailty,C,0,0.5,0,0.25,568,1600020568
22,frailty,C,0,0.5,0,0.25,569,1600020569
22,frailty,C,0,0.5,0,0.25,570,1600020570
22,frailty,C,0,0.5,0,0.25,571,1600020571
22,frailty,C,0,0.5,0,0.25,572,1600020572
22,frailty,C,0,0.5,0,0.25,573,1600020573
22,frailty,C,0,0.5,0,0.25,574,1600020574
22,frailty,C,0,0.5,0,0.25,575,1600020575
22,frailty,C,0,0.5,0,0.25,576,1600020576
22,frailty,C,0,0.5,0,0.25,577,1600020577
22,frailty,C,0,0.5,0,0.25,578,1600020578
22,frailty,C,0,0.5,0,0.25,579,1600020579
22,frailty,C,0,0.5,0,0.25,580,1600020580
22,frailty,C,0,0.5,0,0.25,581,1600020581
22,frailty,C,0,0.5,0,0.25,582,1600020582
22,frailty,C,0,0.5,0,0.25,583,1600020583
22,frailty,C,0,0.5,0,0.25,584,1600020584
22,frailty,C,0,0.5,0,0.25,585,1600020585
22,frailty,C,0,0.5,0,0.25,586,1600020586
22,frailty,C,0,0.5,0,0.25,587,1600020587
22,frailty,C,0,0.5,0,0.25,588,1600020588
22,frailty,C,0,0.5,0,0.25,589,1600020589
22,frailty,C,0,0.5,0,0.25,590,1600020590
22,frailty,C,0,0.5,0,0.25,591,1600020591
22,frailty,C,0,0.5,0,0.25,592,1600020592
22,frailty,C,0,0.5,0,0.25,593,1600020593
22,frailty,C,0,0.5,0,0.25,594,1600020594
22,frailty,C,0,0.5,0,0.25,595,1600020595
22,frailty,C,0,0.5,0,0.25,596,1600020596
22,frailty,C,0,0.5,0,0.25,597,1600020597
22,frailty,C,0,0.5,0,0.25,598,1600020598
22,frailty,C,0,0.5,0,0.25,599,1600020599
22,frailty,C,0,0.5,0,0.25,600,1600020600
22,frailty,C,0,0.5,0,0.25,601,1600020601
22,frailty,C,0,0.5,0,0.25,602,1600020602
22,frailty,C,0,0.5,0,0.25,603,1600020603
22,frailty,C,0,0.5,0,0.25,604,1600020604
22,frailty,C,0,0.5,0,0.25,605,1600020605
22,frailty,C,0,0.5,0,0.25,606,1600020606
22,frailty,C,0,0.5,0,0.25,607,1600020607
22,frailty,C,0,0.5,0,0.25,608,1600020608
22,frailty,C,0,0.5,0,0.25,609,1600020609
22,frailty,C,0,0.5,0,0.25,610,1600020610
22,frailty,C,0,0.5,0,0.25,611,1600020611
22,frailty,C,0,0.5,0,0.25,612,1600020612
22,frailty,C,0,0.5,0,0.25,613,1600020613
22,frailty,C,0,0.5,0,0.25,614,1600020614
22,frailty,C,0,0.5,0,0.25,615,1600020615
22,frailty,C,0,0.5,0,0.25,616,1600020616
22,frailty,C,0,0.5,0,0.25,617,1600020617
22,frailty,C,0,0.5,0,0.25,618,1600020618
22,frailty,C,0,0.5,0,0.25,619,1600020619
22,frailty,C,0,0.5,0,0.25,620,1600020620
22,frailty,C,0,0.5,0,0.25,621,1600020621
22,frailty,C,0,0.5,0,0.25,622,1600020622
22,frailty,C,0,0.5,0,0.25,623,1600020623
22,frailty,C,0,0.5,0,0.25,624,1600020624
22,frailty,C,0,0.5,0,0.25,625,1600020625
22,frailty,C,0,0.5,0,0.25,626,1600020626
22,frailty,C,0,0.5,0,0.25,627,1600020627
22,frailty,C,0,0.5,0,0.25,628,1600020628
22,frailty,C,0,0.5,0,0.25,629,1600020629
22,frailty,C,0,0.5,0,0.25,630,1600020630
22,frailty,C,0,0.5,0,0.25,631,1600020631
22,frailty,C,0,0.5,0,0.25,632,1600020632
22,frailty,C,0,0.5,0,0.25,633,1600020633
22,frailty,C,0,0.5,0,0.25,634,1600020634
22,frailty,C,0,0.5,0,0.25,635,1600020635
22,frailty,C,0,0.5,0,0.25,636,1600020636
22,frailty,C,0,0.5,0,0.25,637,1600020637
22,frailty,C,0,0.5,0,0.25,638,1600020638
22,frailty,C,0,0.5,0,0.25,639,1600020639
22,frailty,C,0,0.5,0,0.25,640,1600020640
22,frailty,C,0,0.5,0,0.25,641,1600020641
22,frailty,C,0,0.5,0,0.25,642,1600020642
22,frailty,C,0,0.5,0,0.25,643,1600020643
22,frailty,C,0,0.5,0,0.25,644,1600020644
22,frailty,C,0,0.5,0,0.25,645,1600020645
22,frailty,C,0,0.5,0,0.25,646,1600020646
22,frailty,C,0,0.5,0,0.25,647,1600020647
22,frailty,C,0,0.5,0,0.25,648,1600020648
22,frailty,C,0,0.5,0,0.25,649,1600020649
22,frailty,C,0,0.5,0,0.25,650,1600020650
22,frailty,C,0,0.5,0,0.25,651,1600020651
22,frailty,C,0,0.5,0,0.25,652,1600020652
22,frailty,C,0,0.5,0,0.25,653,1600020653
22,frailty,C,0,0.5,0,0.25,654,1600020654
22,frailty,C,0,0.5,0,0.25,655,1600020655
22,frailty,C,0,0.5,0,0.25,656,1600020656
22,frailty,C,0,0.5,0,0.25,657,1600020657
22,frailty,C,0,0.5,0,0.25,658,1600020658
22,frailty,C,0,0.5,0,0.25,659,1600020659
22,frailty,C,0,0.5,0,0.25,660,1600020660
22,frailty,C,0,0.5,0,0.25,661,1600020661
22,frailty,C,0,0.5,0,0.25,662,1600020662
22,frailty,C,0,0.5,0,0.25,663,1600020663
22,frailty,C,0,0.5,0,0.25,664,1600020664
22,frailty,C,0,0.5,0,0.25,665,1600020665
22,frailty,C,0,0.5,0,0.25,666,1600020666
22,frailty,C,0,0.5,0,0.25,667,1600020667
22,frailty,C,0,0.5,0,0.25,668,1600020668
22,frailty,C,0,0.5,0,0.25,669,1600020669
22,frailty,C,0,0.5,0,0.25,670,1600020670
22,frailty,C,0,0.5,0,0.25,671,1600020671
22,frailty,C,0,0.5,0,0.25,672,1600020672
22,frailty,C,0,0.5,0,0.25,673,1600020673
22,frailty,C,0,0.5,0,0.25,674,1600020674
22,frailty,C,0,0.5,0,0.25,675,1600020675
22,frailty,C,0,0.5,0,0.25,676,1600020676
22,frailty,C,0,0.5,0,0.25,677,1600020677
22,frailty,C,0,0.5,0,0.25,678,1600020678
22,frailty,C,0,0.5,0,0.25,679,1600020679
22,frailty,C,0,0.5,0,0.25,680,1600020680
22,frailty,C,0,0.5,0,0.25,681,1600020681
22,frailty,C,0,0.5,0,0.25,682,1600020682
22,frailty,C,0,0.5,0,0.25,683,1600020683
22,frailty,C,0,0.5,0,0.25,684,1600020684
22,frailty,C,0,0.5,0,0.25,685,1600020685
22,frailty,C,0,0.5,0,0.25,686,1600020686
22,frailty,C,0,0.5,0,0.25,687,1600020687
22,frailty,C,0,0.5,0,0.25,688,1600020688
22,frailty,C,0,0.5,0,0.25,689,1600020689
22,frailty,C,0,0.5,0,0.25,690,1600020690
22,frailty,C,0,0.5,0,0.25,691,1600020691
22,frailty,C,0,0.5,0,0.25,692,1600020692
22,frailty,C,0,0.5,0,0.25,693,1600020693
22,frailty,C,0,0.5,0,0.25,694,1600020694
22,frailty,C,0,0.5,0,0.25,695,1600020695
22,frailty,C,0,0.5,0,0.25,696,1600020696
22,frailty,C,0,0.5,0,0.25,697,1600020697
22,frailty,C,0,0.5,0,0.25,698,1600020698
22,frailty,C,0,0.5,0,0.25,699,1600020699
22,frailty,C,0,0.5,0,0.25,700,1600020700
22,frailty,C,0,0.5,0,0.25,701,1600020701
22,frailty,C,0,0.5,0,0.25,702,1600020702
22,frailty,C,0,0.5,0,0.25,703,1600020703
22,frailty,C,0,0.5,0,0.25,704,1600020704
22,frailty,C,0,0.5,0,0.25,705,1600020705
22,frailty,C,0,0.5,0,0.25,706,1600020706
22,frailty,C,0,0.5,0,0.25,707,1600020707
22,frailty,C,0,0.5,0,0.25,708,1600020708
22,frailty,C,0,0.5,0,0.25,709,1600020709
22,frailty,C,0,0.5,0,0.25,710,1600020710
22,frailty,C,0,0.5,0,0.25,711,1600020711
22,frailty,C,0,0.5,0,0.25,712,1600020712
22,frailty,C,0,0.5,0,0.25,713,1600020713
22,frailty,C,0,0.5,0,0.25,714,1600020714
22,frailty,C,0,0.5,0,0.25,715,1600020715
22,frailty,C,0,0.5,0,0.25,716,1600020716
22,frailty,C,0,0.5,0,0.25,717,1600020717
22,frailty,C,0,0.5,0,0.25,718,1600020718
22,frailty,C,0,0.5,0,0.25,719,1600020719
22,frailty,C,0,0.5,0,0.25,720,1600020720
22,frailty,C,0,0.5,0,0.25,721,1600020721
22,frailty,C,0,0.5,0,0.25,722,1600020722
22,frailty,C,0,0.5,0,0.25,723,1600020723
22,frailty,C,0,0.5,0,0.25,724,1600020724
22,frailty,C,0,0.5,0,0.25,725,1600020725
22,frailty,C,0,0.5,0,0.25,726,1600020726
22,frailty,C,0,0.5,0,0.25,727,1600020727
22,frailty,C,0,0.5,0,0.25,728,1600020728
22,frailty,C,0,0.5,0,0.25,729,1600020729
22,frailty,C,0,0.5,0,0.25,730,1600020730
22,frailty,C,0,0.5,0,0.25,731,1600020731
22,frailty,C,0,0.5,0,0.25,732,1600020732
22,frailty,C,0,0.5,0,0.25,733,1600020733
22,frailty,C,0,0.5,0,0.25,734,1600020734
22,frailty,C,0,0.5,0,0.25,735,1600020735
22,frailty,C,0,0.5,0,0.25,736,1600020736
22,frailty,C,0,0.5,0,0.25,737,1600020737
22,frailty,C,0,0.5,0,0.25,738,1600020738
22,frailty,C,0,0.5,0,0.25,739,1600020739
22,frailty,C,0,0.5,0,0.25,740,1600020740
22,frailty,C,0,0.5,0,0.25,741,1600020741
22,frailty,C,0,0.5,0,0.25,742,1600020742
22,frailty,C,0,0.5,0,0.25,743,1600020743
22,frailty,C,0,0.5,0,0.25,744,1600020744
22,frailty,C,0,0.5,0,0.25,745,1600020745
22,frailty,C,0,0.5,0,0.25,746,1600020746
22,frailty,C,0,0.5,0,0.25,747,1600020747
22,frailty,C,0,0.5,0,0.25,748,1600020748
22,frailty,C,0,0.5,0,0.25,749,1600020749
22,frailty,C,0,0.5,0,0.25,750,1600020750
22,frailty,C,0,0.5,0,0.25,751,1600020751
22,frailty,C,0,0.5,0,0.25,752,1600020752
22,frailty,C,0,0.5,0,0.25,753,1600020753
22,frailty,C,0,0.5,0,0.25,754,1600020754
22,frailty,C,0,0.5,0,0.25,755,1600020755
22,frailty,C,0,0.5,0,0.25,756,1600020756
22,frailty,C,0,0.5,0,0.25,757,1600020757
22,frailty,C,0,0.5,0,0.25,758,1600020758
22,frailty,C,0,0.5,0,0.25,759,1600020759
22,frailty,C,0,0.5,0,0.25,760,1600020760
22,frailty,C,0,0.5,0,0.25,761,1600020761
22,frailty,C,0,0.5,0,0.25,762,1600020762
22,frailty,C,0,0.5,0,0.25,763,1600020763
22,frailty,C,0,0.5,0,0.25,764,1600020764
22,frailty,C,0,0.5,0,0.25,765,1600020765
22,frailty,C,0,0.5,0,0.25,766,1600020766
22,frailty,C,0,0.5,0,0.25,767,1600020767
22,frailty,C,0,0.5,0,0.25,768,1600020768
22,frailty,C,0,0.5,0,0.25,769,1600020769
22,frailty,C,0,0.5,0,0.25,770,1600020770
22,frailty,C,0,0.5,0,0.25,771,1600020771
22,frailty,C,0,0.5,0,0.25,772,1600020772
22,frailty,C,0,0.5,0,0.25,773,1600020773
22,frailty,C,0,0.5,0,0.25,774,1600020774
22,frailty,C,0,0.5,0,0.25,775,1600020775
22,frailty,C,0,0.5,0,0.25,776,1600020776
22,frailty,C,0,0.5,0,0.25,777,1600020777
22,frailty,C,0,0.5,0,0.25,778,1600020778
22,frailty,C,0,0.5,0,0.25,779,1600020779
22,frailty,C,0,0.5,0,0.25,780,1600020780
22,frailty,C,0,0.5,0,0.25,781,1600020781
22,frailty,C,0,0.5,0,0.25,782,1600020782
22,frailty,C,0,0.5,0,0.25,783,1600020783
22,frailty,C,0,0.5,0,0.25,784,1600020784
22,frailty,C,0,0.5,0,0.25,785,1600020785
22,frailty,C,0,0.5,0,0.25,786,1600020786
22,frailty,C,0,0.5,0,0.25,787,1600020787
22,frailty,C,0,0.5,0,0.25,788,1600020788
22,frailty,C,0,0.5,0,0.25,789,1600020789
22,frailty,C,0,0.5,0,0.25,790,1600020790
22,frailty,C,0,0.5,0,0.25,791,1600020791
22,frailty,C,0,0.5,0,0.25,792,1600020792
22,frailty,C,0,0.5,0,0.25,793,1600020793
22,frailty,C,0,0.5,0,0.25,794,1600020794
22,frailty,C,0,0.5,0,0.25,795,1600020795
22,frailty,C,0,0.5,0,0.25,796,1600020796
22,frailty,C,0,0.5,0,0.25,797,1600020797
22,frailty,C,0,0.5,0,0.25,798,1600020798
22,frailty,C,0,0.5,0,0.25,799,1600020799
22,frailty,C,0,0.5,0,0.25,800,1600020800
22,frailty,C,0,0.5,0,0.25,801,1600020801
22,frailty,C,0,0.5,0,0.25,802,1600020802
22,frailty,C,0,0.5,0,0.25,803,1600020803
22,frailty,C,0,0.5,0,0.25,804,1600020804
22,frailty,C,0,0.5,0,0.25,805,1600020805
22,frailty,C,0,0.5,0,0.25,806,1600020806
22,frailty,C,0,0.5,0,0.25,807,1600020807
22,frailty,C,0,0.5,0,0.25,808,1600020808
22,frailty,C,0,0.5,0,0.25,809,1600020809
22,frailty,C,0,0.5,0,0.25,810,1600020810
22,frailty,C,0,0.5,0,0.25,811,1600020811
22,frailty,C,0,0.5,0,0.25,812,1600020812
22,frailty,C,0,0.5,0,0.25,813,1600020813
22,frailty,C,0,0.5,0,0.25,814,1600020814
22,frailty,C,0,0.5,0,0.25,815,1600020815
22,frailty,C,0,0.5,0,0.25,816,1600020816
22,frailty,C,0,0.5,0,0.25,817,1600020817
22,frailty,C,0,0.5,0,0.25,818,1600020818
22,frailty,C,0,0.5,0,0.25,819,1600020819
22,frailty,C,0,0.5,0,0.25,820,1600020820
22,frailty,C,0,0.5,0,0.25,821,1600020821
22,frailty,C,0,0.5,0,0.25,822,1600020822
22,frailty,C,0,0.5,0,0.25,823,1600020823
22,frailty,C,0,0.5,0,0.25,824,1600020824
22,frailty,C,0,0.5,0,0.25,825,1600020825
22,frailty,C,0,0.5,0,0.25,826,1600020826
22,frailty,C,0,0.5,0,0.25,827,1600020827
22,frailty,C,0,0.5,0,0.25,828,1600020828
22,frailty,C,0,0.5,0,0.25,829,1600020829
22,frailty,C,0,0.5,0,0.25,830,1600020830
22,frailty,C,0,0.5,0,0.25,831,1600020831
22,frailty,C,0,0.5,0,0.25,832,1600020832
22,frailty,C,0,0.5,0,0.25,833,1600020833
22,frailty,C,0,0.5,0,0.25,834,1600020834
22,frailty,C,0,0.5,0,0.25,835,1600020835
22,frailty,C,0,0.5,0,0.25,836,1600020836
22,frailty,C,0,0.5,0,0.25,837,1600020837
22,frailty,C,0,0.5,0,0.25,838,1600020838
22,frailty,C,0,0.5,0,0.25,839,1600020839
22,frailty,C,0,0.5,0,0.25,840,1600020840
22,frailty,C,0,0.5,0,0.25,841,1600020841
22,frailty,C,0,0.5,0,0.25,842,1600020842
22,frailty,C,0,0.5,0,0.25,843,1600020843
22,frailty,C,0,0.5,0,0.25,844,1600020844
22,frailty,C,0,0.5,0,0.25,845,1600020845
22,frailty,C,0,0.5,0,0.25,846,1600020846
22,frailty,C,0,0.5,0,0.25,847,1600020847
22,frailty,C,0,0.5,0,0.25,848,1600020848
22,frailty,C,0,0.5,0,0.25,849,1600020849
22,frailty,C,0,0.5,0,0.25,850,1600020850
22,frailty,C,0,0.5,0,0.25,851,1600020851
22,frailty,C,0,0.5,0,0.25,852,1600020852
22,frailty,C,0,0.5,0,0.25,853,1600020853
22,frailty,C,0,0.5,0,0.25,854,1600020854
22,frailty,C,0,0.5,0,0.25,855,1600020855
22,frailty,C,0,0.5,0,0.25,856,1600020856
22,frailty,C,0,0.5,0,0.25,857,1600020857
22,frailty,C,0,0.5,0,0.25,858,1600020858
22,frailty,C,0,0.5,0,0.25,859,1600020859
22,frailty,C,0,0.5,0,0.25,860,1600020860
22,frailty,C,0,0.5,0,0.25,861,1600020861
22,frailty,C,0,0.5,0,0.25,862,1600020862
22,frailty,C,0,0.5,0,0.25,863,1600020863
22,frailty,C,0,0.5,0,0.25,864,1600020864
22,frailty,C,0,0.5,0,0.25,865,1600020865
22,frailty,C,0,0.5,0,0.25,866,1600020866
22,frailty,C,0,0.5,0,0.25,867,1600020867
22,frailty,C,0,0.5,0,0.25,868,1600020868
22,frailty,C,0,0.5,0,0.25,869,1600020869
22,frailty,C,0,0.5,0,0.25,870,1600020870
22,frailty,C,0,0.5,0,0.25,871,1600020871
22,frailty,C,0,0.5,0,0.25,872,1600020872
22,frailty,C,0,0.5,0,0.25,873,1600020873
22,frailty,C,0,0.5,0,0.25,874,1600020874
22,frailty,C,0,0.5,0,0.25,875,1600020875
22,frailty,C,0,0.5,0,0.25,876,1600020876
22,frailty,C,0,0.5,0,0.25,877,1600020877
22,frailty,C,0,0.5,0,0.25,878,1600020878
22,frailty,C,0,0.5,0,0.25,879,1600020879
22,frailty,C,0,0.5,0,0.25,880,1600020880
22,frailty,C,0,0.5,0,0.25,881,1600020881
22,frailty,C,0,0.5,0,0.25,882,1600020882
22,frailty,C,0,0.5,0,0.25,883,1600020883
22,frailty,C,0,0.5,0,0.25,884,1600020884
22,frailty,C,0,0.5,0,0.25,885,1600020885
22,frailty,C,0,0.5,0,0.25,886,1600020886
22,frailty,C,0,0.5,0,0.25,887,1600020887
22,frailty,C,0,0.5,0,0.25,888,1600020888
22,frailty,C,0,0.5,0,0.25,889,1600020889
22,frailty,C,0,0.5,0,0.25,890,1600020890
22,frailty,C,0,0.5,0,0.25,891,1600020891
22,frailty,C,0,0.5,0,0.25,892,1600020892
22,frailty,C,0,0.5,0,0.25,893,1600020893
22,frailty,C,0,0.5,0,0.25,894,1600020894
22,frailty,C,0,0.5,0,0.25,895,1600020895
22,frailty,C,0,0.5,0,0.25,896,1600020896
22,frailty,C,0,0.5,0,0.25,897,1600020897
22,frailty,C,0,0.5,0,0.25,898,1600020898
22,frailty,C,0,0.5,0,0.25,899,1600020899
22,frailty,C,0,0.5,0,0.25,900,1600020900
22,frailty,C,0,0.5,0,0.25,901,1600020901
22,frailty,C,0,0.5,0,0.25,902,1600020902
22,frailty,C,0,0.5,0,0.25,903,1600020903
22,frailty,C,0,0.5,0,0.25,904,1600020904
22,frailty,C,0,0.5,0,0.25,905,1600020905
22,frailty,C,0,0.5,0,0.25,906,1600020906
22,frailty,C,0,0.5,0,0.25,907,1600020907
22,frailty,C,0,0.5,0,0.25,908,1600020908
22,frailty,C,0,0.5,0,0.25,909,1600020909
22,frailty,C,0,0.5,0,0.25,910,1600020910
22,frailty,C,0,0.5,0,0.25,911,1600020911
22,frailty,C,0,0.5,0,0.25,912,1600020912
22,frailty,C,0,0.5,0,0.25,913,1600020913
22,frailty,C,0,0.5,0,0.25,914,1600020914
22,frailty,C,0,0.5,0,0.25,915,1600020915
22,frailty,C,0,0.5,0,0.25,916,1600020916
22,frailty,C,0,0.5,0,0.25,917,1600020917
22,frailty,C,0,0.5,0,0.25,918,1600020918
22,frailty,C,0,0.5,0,0.25,919,1600020919
22,frailty,C,0,0.5,0,0.25,920,1600020920
22,frailty,C,0,0.5,0,0.25,921,1600020921
22,frailty,C,0,0.5,0,0.25,922,1600020922
22,frailty,C,0,0.5,0,0.25,923,1600020923
22,frailty,C,0,0.5,0,0.25,924,1600020924
22,frailty,C,0,0.5,0,0.25,925,1600020925
22,frailty,C,0,0.5,0,0.25,926,1600020926
22,frailty,C,0,0.5,0,0.25,927,1600020927
22,frailty,C,0,0.5,0,0.25,928,1600020928
22,frailty,C,0,0.5,0,0.25,929,1600020929
22,frailty,C,0,0.5,0,0.25,930,1600020930
22,frailty,C,0,0.5,0,0.25,931,1600020931
22,frailty,C,0,0.5,0,0.25,932,1600020932
22,frailty,C,0,0.5,0,0.25,933,1600020933
22,frailty,C,0,0.5,0,0.25,934,1600020934
22,frailty,C,0,0.5,0,0.25,935,1600020935
22,frailty,C,0,0.5,0,0.25,936,1600020936
22,frailty,C,0,0.5,0,0.25,937,1600020937
22,frailty,C,0,0.5,0,0.25,938,1600020938
22,frailty,C,0,0.5,0,0.25,939,1600020939
22,frailty,C,0,0.5,0,0.25,940,1600020940
22,frailty,C,0,0.5,0,0.25,941,1600020941
22,frailty,C,0,0.5,0,0.25,942,1600020942
22,frailty,C,0,0.5,0,0.25,943,1600020943
22,frailty,C,0,0.5,0,0.25,944,1600020944
22,frailty,C,0,0.5,0,0.25,945,1600020945
22,frailty,C,0,0.5,0,0.25,946,1600020946
22,frailty,C,0,0.5,0,0.25,947,1600020947
22,frailty,C,0,0.5,0,0.25,948,1600020948
22,frailty,C,0,0.5,0,0.25,949,1600020949
22,frailty,C,0,0.5,0,0.25,950,1600020950
22,frailty,C,0,0.5,0,0.25,951,1600020951
22,frailty,C,0,0.5,0,0.25,952,1600020952
22,frailty,C,0,0.5,0,0.25,953,1600020953
22,frailty,C,0,0.5,0,0.25,954,1600020954
22,frailty,C,0,0.5,0,0.25,955,1600020955
22,frailty,C,0,0.5,0,0.25,956,1600020956
22,frailty,C,0,0.5,0,0.25,957,1600020957
22,frailty,C,0,0.5,0,0.25,958,1600020958
22,frailty,C,0,0.5,0,0.25,959,1600020959
22,frailty,C,0,0.5,0,0.25,960,1600020960
22,frailty,C,0,0.5,0,0.25,961,1600020961
22,frailty,C,0,0.5,0,0.25,962,1600020962
22,frailty,C,0,0.5,0,0.25,963,1600020963
22,frailty,C,0,0.5,0,0.25,964,1600020964
22,frailty,C,0,0.5,0,0.25,965,1600020965
22,frailty,C,0,0.5,0,0.25,966,1600020966
22,frailty,C,0,0.5,0,0.25,967,1600020967
22,frailty,C,0,0.5,0,0.25,968,1600020968
22,frailty,C,0,0.5,0,0.25,969,1600020969
22,frailty,C,0,0.5,0,0.25,970,1600020970
22,frailty,C,0,0.5,0,0.25,971,1600020971
22,frailty,C,0,0.5,0,0.25,972,1600020972
22,frailty,C,0,0.5,0,0.25,973,1600020973
22,frailty,C,0,0.5,0,0.25,974,1600020974
22,frailty,C,0,0.5,0,0.25,975,1600020975
22,frailty,C,0,0.5,0,0.25,976,1600020976
22,frailty,C,0,0.5,0,0.25,977,1600020977
22,frailty,C,0,0.5,0,0.25,978,1600020978
22,frailty,C,0,0.5,0,0.25,979,1600020979
22,frailty,C,0,0.5,0,0.25,980,1600020980
22,frailty,C,0,0.5,0,0.25,981,1600020981
22,frailty,C,0,0.5,0,0.25,982,1600020982
22,frailty,C,0,0.5,0,0.25,983,1600020983
22,frailty,C,0,0.5,0,0.25,984,1600020984
22,frailty,C,0,0.5,0,0.25,985,1600020985
22,frailty,C,0,0.5,0,0.25,986,1600020986
22,frailty,C,0,0.5,0,0.25,987,1600020987
22,frailty,C,0,0.5,0,0.25,988,1600020988
22,frailty,C,0,0.5,0,0.25,989,1600020989
22,frailty,C,0,0.5,0,0.25,990,1600020990
22,frailty,C,0,0.5,0,0.25,991,1600020991
22,frailty,C,0,0.5,0,0.25,992,1600020992
22,frailty,C,0,0.5,0,0.25,993,1600020993
22,frailty,C,0,0.5,0,0.25,994,1600020994
22,frailty,C,0,0.5,0,0.25,995,1600020995
22,frailty,C,0,0.5,0,0.25,996,1600020996
22,frailty,C,0,0.5,0,0.25,997,1600020997
22,frailty,C,0,0.5,0,0.25,998,1600020998
22,frailty,C,0,0.5,0,0.25,999,1600020999
22,frailty,C,0,0.5,0,0.25,1000,1600021000
23,frailty,C,0,0.5,0,4,1,1600022001
23,frailty,C,0,0.5,0,4,2,1600022002
23,frailty,C,0,0.5,0,4,3,1600022003
23,frailty,C,0,0.5,0,4,4,1600022004
23,frailty,C,0,0.5,0,4,5,1600022005
23,frailty,C,0,0.5,0,4,6,1600022006
23,frailty,C,0,0.5,0,4,7,1600022007
23,frailty,C,0,0.5,0,4,8,1600022008
23,frailty,C,0,0.5,0,4,9,1600022009
23,frailty,C,0,0.5,0,4,10,1600022010
23,frailty,C,0,0.5,0,4,11,1600022011
23,frailty,C,0,0.5,0,4,12,1600022012
23,frailty,C,0,0.5,0,4,13,1600022013
23,frailty,C,0,0.5,0,4,14,1600022014
23,frailty,C,0,0.5,0,4,15,1600022015
23,frailty,C,0,0.5,0,4,16,1600022016
23,frailty,C,0,0.5,0,4,17,1600022017
23,frailty,C,0,0.5,0,4,18,1600022018
23,frailty,C,0,0.5,0,4,19,1600022019
23,frailty,C,0,0.5,0,4,20,1600022020
23,frailty,C,0,0.5,0,4,21,1600022021
23,frailty,C,0,0.5,0,4,22,1600022022
23,frailty,C,0,0.5,0,4,23,1600022023
23,frailty,C,0,0.5,0,4,24,1600022024
23,frailty,C,0,0.5,0,4,25,1600022025
23,frailty,C,0,0.5,0,4,26,1600022026
23,frailty,C,0,0.5,0,4,27,1600022027
23,frailty,C,0,0.5,0,4,28,1600022028
23,frailty,C,0,0.5,0,4,29,1600022029
23,frailty,C,0,0.5,0,4,30,1600022030
23,frailty,C,0,0.5,0,4,31,1600022031
23,frailty,C,0,0.5,0,4,32,1600022032
23,frailty,C,0,0.5,0,4,33,1600022033
23,frailty,C,0,0.5,0,4,34,1600022034
23,frailty,C,0,0.5,0,4,35,1600022035
23,frailty,C,0,0.5,0,4,36,1600022036
23,frailty,C,0,0.5,0,4,37,1600022037
23,frailty,C,0,0.5,0,4,38,1600022038
23,frailty,C,0,0.5,0,4,39,1600022039
23,frailty,C,0,0.5,0,4,40,1600022040
23,frailty,C,0,0.5,0,4,41,1600022041
23,frailty,C,0,0.5,0,4,42,1600022042
23,frailty,C,0,0.5,0,4,43,1600022043
23,frailty,C,0,0.5,0,4,44,1600022044
23,frailty,C,0,0.5,0,4,45,1600022045
23,frailty,C,0,0.5,0,4,46,1600022046
23,frailty,C,0,0.5,0,4,47,1600022047
23,frailty,C,0,0.5,0,4,48,1600022048
23,frailty,C,0,0.5,0,4,49,1600022049
23,frailty,C,0,0.5,0,4,50,1600022050
23,frailty,C,0,0.5,0,4,51,1600022051
23,frailty,C,0,0.5,0,4,52,1600022052
23,frailty,C,0,0.5,0,4,53,1600022053
23,frailty,C,0,0.5,0,4,54,1600022054
23,frailty,C,0,0.5,0,4,55,1600022055
23,frailty,C,0,0.5,0,4,56,1600022056
23,frailty,C,0,0.5,0,4,57,1600022057
23,frailty,C,0,0.5,0,4,58,1600022058
23,frailty,C,0,0.5,0,4,59,1600022059
23,frailty,C,0,0.5,0,4,60,1600022060
23,frailty,C,0,0.5,0,4,61,1600022061
23,frailty,C,0,0.5,0,4,62,1600022062
23,frailty,C,0,0.5,0,4,63,1600022063
23,frailty,C,0,0.5,0,4,64,1600022064
23,frailty,C,0,0.5,0,4,65,1600022065
23,frailty,C,0,0.5,0,4,66,1600022066
23,frailty,C,0,0.5,0,4,67,1600022067
23,frailty,C,0,0.5,0,4,68,1600022068
23,frailty,C,0,0.5,0,4,69,1600022069
23,frailty,C,0,0.5,0,4,70,1600022070
23,frailty,C,0,0.5,0,4,71,1600022071
23,frailty,C,0,0.5,0,4,72,1600022072
23,frailty,C,0,0.5,0,4,73,1600022073
23,frailty,C,0,0.5,0,4,74,1600022074
23,frailty,C,0,0.5,0,4,75,1600022075
23,frailty,C,0,0.5,0,4,76,1600022076
23,frailty,C,0,0.5,0,4,77,1600022077
23,frailty,C,0,0.5,0,4,78,1600022078
23,frailty,C,0,0.5,0,4,79,1600022079
23,frailty,C,0,0.5,0,4,80,1600022080
23,frailty,C,0,0.5,0,4,81,1600022081
23,frailty,C,0,0.5,0,4,82,1600022082
23,frailty,C,0,0.5,0,4,83,1600022083
23,frailty,C,0,0.5,0,4,84,1600022084
23,frailty,C,0,0.5,0,4,85,1600022085
23,frailty,C,0,0.5,0,4,86,1600022086
23,frailty,C,0,0.5,0,4,87,1600022087
23,frailty,C,0,0.5,0,4,88,1600022088
23,frailty,C,0,0.5,0,4,89,1600022089
23,frailty,C,0,0.5,0,4,90,1600022090
23,frailty,C,0,0.5,0,4,91,1600022091
23,frailty,C,0,0.5,0,4,92,1600022092
23,frailty,C,0,0.5,0,4,93,1600022093
23,frailty,C,0,0.5,0,4,94,1600022094
23,frailty,C,0,0.5,0,4,95,1600022095
23,frailty,C,0,0.5,0,4,96,1600022096
23,frailty,C,0,0.5,0,4,97,1600022097
23,frailty,C,0,0.5,0,4,98,1600022098
23,frailty,C,0,0.5,0,4,99,1600022099
23,frailty,C,0,0.5,0,4,100,1600022100
23,frailty,C,0,0.5,0,4,101,1600022101
23,frailty,C,0,0.5,0,4,102,1600022102
23,frailty,C,0,0.5,0,4,103,1600022103
23,frailty,C,0,0.5,0,4,104,1600022104
23,frailty,C,0,0.5,0,4,105,1600022105
23,frailty,C,0,0.5,0,4,106,1600022106
23,frailty,C,0,0.5,0,4,107,1600022107
23,frailty,C,0,0.5,0,4,108,1600022108
23,frailty,C,0,0.5,0,4,109,1600022109
23,frailty,C,0,0.5,0,4,110,1600022110
23,frailty,C,0,0.5,0,4,111,1600022111
23,frailty,C,0,0.5,0,4,112,1600022112
23,frailty,C,0,0.5,0,4,113,1600022113
23,frailty,C,0,0.5,0,4,114,1600022114
23,frailty,C,0,0.5,0,4,115,1600022115
23,frailty,C,0,0.5,0,4,116,1600022116
23,frailty,C,0,0.5,0,4,117,1600022117
23,frailty,C,0,0.5,0,4,118,1600022118
23,frailty,C,0,0.5,0,4,119,1600022119
23,frailty,C,0,0.5,0,4,120,1600022120
23,frailty,C,0,0.5,0,4,121,1600022121
23,frailty,C,0,0.5,0,4,122,1600022122
23,frailty,C,0,0.5,0,4,123,1600022123
23,frailty,C,0,0.5,0,4,124,1600022124
23,frailty,C,0,0.5,0,4,125,1600022125
23,frailty,C,0,0.5,0,4,126,1600022126
23,frailty,C,0,0.5,0,4,127,1600022127
23,frailty,C,0,0.5,0,4,128,1600022128
23,frailty,C,0,0.5,0,4,129,1600022129
23,frailty,C,0,0.5,0,4,130,1600022130
23,frailty,C,0,0.5,0,4,131,1600022131
23,frailty,C,0,0.5,0,4,132,1600022132
23,frailty,C,0,0.5,0,4,133,1600022133
23,frailty,C,0,0.5,0,4,134,1600022134
23,frailty,C,0,0.5,0,4,135,1600022135
23,frailty,C,0,0.5,0,4,136,1600022136
23,frailty,C,0,0.5,0,4,137,1600022137
23,frailty,C,0,0.5,0,4,138,1600022138
23,frailty,C,0,0.5,0,4,139,1600022139
23,frailty,C,0,0.5,0,4,140,1600022140
23,frailty,C,0,0.5,0,4,141,1600022141
23,frailty,C,0,0.5,0,4,142,1600022142
23,frailty,C,0,0.5,0,4,143,1600022143
23,frailty,C,0,0.5,0,4,144,1600022144
23,frailty,C,0,0.5,0,4,145,1600022145
23,frailty,C,0,0.5,0,4,146,1600022146
23,frailty,C,0,0.5,0,4,147,1600022147
23,frailty,C,0,0.5,0,4,148,1600022148
23,frailty,C,0,0.5,0,4,149,1600022149
23,frailty,C,0,0.5,0,4,150,1600022150
23,frailty,C,0,0.5,0,4,151,1600022151
23,frailty,C,0,0.5,0,4,152,1600022152
23,frailty,C,0,0.5,0,4,153,1600022153
23,frailty,C,0,0.5,0,4,154,1600022154
23,frailty,C,0,0.5,0,4,155,1600022155
23,frailty,C,0,0.5,0,4,156,1600022156
23,frailty,C,0,0.5,0,4,157,1600022157
23,frailty,C,0,0.5,0,4,158,1600022158
23,frailty,C,0,0.5,0,4,159,1600022159
23,frailty,C,0,0.5,0,4,160,1600022160
23,frailty,C,0,0.5,0,4,161,1600022161
23,frailty,C,0,0.5,0,4,162,1600022162
23,frailty,C,0,0.5,0,4,163,1600022163
23,frailty,C,0,0.5,0,4,164,1600022164
23,frailty,C,0,0.5,0,4,165,1600022165
23,frailty,C,0,0.5,0,4,166,1600022166
23,frailty,C,0,0.5,0,4,167,1600022167
23,frailty,C,0,0.5,0,4,168,1600022168
23,frailty,C,0,0.5,0,4,169,1600022169
23,frailty,C,0,0.5,0,4,170,1600022170
23,frailty,C,0,0.5,0,4,171,1600022171
23,frailty,C,0,0.5,0,4,172,1600022172
23,frailty,C,0,0.5,0,4,173,1600022173
23,frailty,C,0,0.5,0,4,174,1600022174
23,frailty,C,0,0.5,0,4,175,1600022175
23,frailty,C,0,0.5,0,4,176,1600022176
23,frailty,C,0,0.5,0,4,177,1600022177
23,frailty,C,0,0.5,0,4,178,1600022178
23,frailty,C,0,0.5,0,4,179,1600022179
23,frailty,C,0,0.5,0,4,180,1600022180
23,frailty,C,0,0.5,0,4,181,1600022181
23,frailty,C,0,0.5,0,4,182,1600022182
23,frailty,C,0,0.5,0,4,183,1600022183
23,frailty,C,0,0.5,0,4,184,1600022184
23,frailty,C,0,0.5,0,4,185,1600022185
23,frailty,C,0,0.5,0,4,186,1600022186
23,frailty,C,0,0.5,0,4,187,1600022187
23,frailty,C,0,0.5,0,4,188,1600022188
23,frailty,C,0,0.5,0,4,189,1600022189
23,frailty,C,0,0.5,0,4,190,1600022190
23,frailty,C,0,0.5,0,4,191,1600022191
23,frailty,C,0,0.5,0,4,192,1600022192
23,frailty,C,0,0.5,0,4,193,1600022193
23,frailty,C,0,0.5,0,4,194,1600022194
23,frailty,C,0,0.5,0,4,195,1600022195
23,frailty,C,0,0.5,0,4,196,1600022196
23,frailty,C,0,0.5,0,4,197,1600022197
23,frailty,C,0,0.5,0,4,198,1600022198
23,frailty,C,0,0.5,0,4,199,1600022199
23,frailty,C,0,0.5,0,4,200,1600022200
23,frailty,C,0,0.5,0,4,201,1600022201
23,frailty,C,0,0.5,0,4,202,1600022202
23,frailty,C,0,0.5,0,4,203,1600022203
23,frailty,C,0,0.5,0,4,204,1600022204
23,frailty,C,0,0.5,0,4,205,1600022205
23,frailty,C,0,0.5,0,4,206,1600022206
23,frailty,C,0,0.5,0,4,207,1600022207
23,frailty,C,0,0.5,0,4,208,1600022208
23,frailty,C,0,0.5,0,4,209,1600022209
23,frailty,C,0,0.5,0,4,210,1600022210
23,frailty,C,0,0.5,0,4,211,1600022211
23,frailty,C,0,0.5,0,4,212,1600022212
23,frailty,C,0,0.5,0,4,213,1600022213
23,frailty,C,0,0.5,0,4,214,1600022214
23,frailty,C,0,0.5,0,4,215,1600022215
23,frailty,C,0,0.5,0,4,216,1600022216
23,frailty,C,0,0.5,0,4,217,1600022217
23,frailty,C,0,0.5,0,4,218,1600022218
23,frailty,C,0,0.5,0,4,219,1600022219
23,frailty,C,0,0.5,0,4,220,1600022220
23,frailty,C,0,0.5,0,4,221,1600022221
23,frailty,C,0,0.5,0,4,222,1600022222
23,frailty,C,0,0.5,0,4,223,1600022223
23,frailty,C,0,0.5,0,4,224,1600022224
23,frailty,C,0,0.5,0,4,225,1600022225
23,frailty,C,0,0.5,0,4,226,1600022226
23,frailty,C,0,0.5,0,4,227,1600022227
23,frailty,C,0,0.5,0,4,228,1600022228
23,frailty,C,0,0.5,0,4,229,1600022229
23,frailty,C,0,0.5,0,4,230,1600022230
23,frailty,C,0,0.5,0,4,231,1600022231
23,frailty,C,0,0.5,0,4,232,1600022232
23,frailty,C,0,0.5,0,4,233,1600022233
23,frailty,C,0,0.5,0,4,234,1600022234
23,frailty,C,0,0.5,0,4,235,1600022235
23,frailty,C,0,0.5,0,4,236,1600022236
23,frailty,C,0,0.5,0,4,237,1600022237
23,frailty,C,0,0.5,0,4,238,1600022238
23,frailty,C,0,0.5,0,4,239,1600022239
23,frailty,C,0,0.5,0,4,240,1600022240
23,frailty,C,0,0.5,0,4,241,1600022241
23,frailty,C,0,0.5,0,4,242,1600022242
23,frailty,C,0,0.5,0,4,243,1600022243
23,frailty,C,0,0.5,0,4,244,1600022244
23,frailty,C,0,0.5,0,4,245,1600022245
23,frailty,C,0,0.5,0,4,246,1600022246
23,frailty,C,0,0.5,0,4,247,1600022247
23,frailty,C,0,0.5,0,4,248,1600022248
23,frailty,C,0,0.5,0,4,249,1600022249
23,frailty,C,0,0.5,0,4,250,1600022250
23,frailty,C,0,0.5,0,4,251,1600022251
23,frailty,C,0,0.5,0,4,252,1600022252
23,frailty,C,0,0.5,0,4,253,1600022253
23,frailty,C,0,0.5,0,4,254,1600022254
23,frailty,C,0,0.5,0,4,255,1600022255
23,frailty,C,0,0.5,0,4,256,1600022256
23,frailty,C,0,0.5,0,4,257,1600022257
23,frailty,C,0,0.5,0,4,258,1600022258
23,frailty,C,0,0.5,0,4,259,1600022259
23,frailty,C,0,0.5,0,4,260,1600022260
23,frailty,C,0,0.5,0,4,261,1600022261
23,frailty,C,0,0.5,0,4,262,1600022262
23,frailty,C,0,0.5,0,4,263,1600022263
23,frailty,C,0,0.5,0,4,264,1600022264
23,frailty,C,0,0.5,0,4,265,1600022265
23,frailty,C,0,0.5,0,4,266,1600022266
23,frailty,C,0,0.5,0,4,267,1600022267
23,frailty,C,0,0.5,0,4,268,1600022268
23,frailty,C,0,0.5,0,4,269,1600022269
23,frailty,C,0,0.5,0,4,270,1600022270
23,frailty,C,0,0.5,0,4,271,1600022271
23,frailty,C,0,0.5,0,4,272,1600022272
23,frailty,C,0,0.5,0,4,273,1600022273
23,frailty,C,0,0.5,0,4,274,1600022274
23,frailty,C,0,0.5,0,4,275,1600022275
23,frailty,C,0,0.5,0,4,276,1600022276
23,frailty,C,0,0.5,0,4,277,1600022277
23,frailty,C,0,0.5,0,4,278,1600022278
23,frailty,C,0,0.5,0,4,279,1600022279
23,frailty,C,0,0.5,0,4,280,1600022280
23,frailty,C,0,0.5,0,4,281,1600022281
23,frailty,C,0,0.5,0,4,282,1600022282
23,frailty,C,0,0.5,0,4,283,1600022283
23,frailty,C,0,0.5,0,4,284,1600022284
23,frailty,C,0,0.5,0,4,285,1600022285
23,frailty,C,0,0.5,0,4,286,1600022286
23,frailty,C,0,0.5,0,4,287,1600022287
23,frailty,C,0,0.5,0,4,288,1600022288
23,frailty,C,0,0.5,0,4,289,1600022289
23,frailty,C,0,0.5,0,4,290,1600022290
23,frailty,C,0,0.5,0,4,291,1600022291
23,frailty,C,0,0.5,0,4,292,1600022292
23,frailty,C,0,0.5,0,4,293,1600022293
23,frailty,C,0,0.5,0,4,294,1600022294
23,frailty,C,0,0.5,0,4,295,1600022295
23,frailty,C,0,0.5,0,4,296,1600022296
23,frailty,C,0,0.5,0,4,297,1600022297
23,frailty,C,0,0.5,0,4,298,1600022298
23,frailty,C,0,0.5,0,4,299,1600022299
23,frailty,C,0,0.5,0,4,300,1600022300
23,frailty,C,0,0.5,0,4,301,1600022301
23,frailty,C,0,0.5,0,4,302,1600022302
23,frailty,C,0,0.5,0,4,303,1600022303
23,frailty,C,0,0.5,0,4,304,1600022304
23,frailty,C,0,0.5,0,4,305,1600022305
23,frailty,C,0,0.5,0,4,306,1600022306
23,frailty,C,0,0.5,0,4,307,1600022307
23,frailty,C,0,0.5,0,4,308,1600022308
23,frailty,C,0,0.5,0,4,309,1600022309
23,frailty,C,0,0.5,0,4,310,1600022310
23,frailty,C,0,0.5,0,4,311,1600022311
23,frailty,C,0,0.5,0,4,312,1600022312
23,frailty,C,0,0.5,0,4,313,1600022313
23,frailty,C,0,0.5,0,4,314,1600022314
23,frailty,C,0,0.5,0,4,315,1600022315
23,frailty,C,0,0.5,0,4,316,1600022316
23,frailty,C,0,0.5,0,4,317,1600022317
23,frailty,C,0,0.5,0,4,318,1600022318
23,frailty,C,0,0.5,0,4,319,1600022319
23,frailty,C,0,0.5,0,4,320,1600022320
23,frailty,C,0,0.5,0,4,321,1600022321
23,frailty,C,0,0.5,0,4,322,1600022322
23,frailty,C,0,0.5,0,4,323,1600022323
23,frailty,C,0,0.5,0,4,324,1600022324
23,frailty,C,0,0.5,0,4,325,1600022325
23,frailty,C,0,0.5,0,4,326,1600022326
23,frailty,C,0,0.5,0,4,327,1600022327
23,frailty,C,0,0.5,0,4,328,1600022328
23,frailty,C,0,0.5,0,4,329,1600022329
23,frailty,C,0,0.5,0,4,330,1600022330
23,frailty,C,0,0.5,0,4,331,1600022331
23,frailty,C,0,0.5,0,4,332,1600022332
23,frailty,C,0,0.5,0,4,333,1600022333
23,frailty,C,0,0.5,0,4,334,1600022334
23,frailty,C,0,0.5,0,4,335,1600022335
23,frailty,C,0,0.5,0,4,336,1600022336
23,frailty,C,0,0.5,0,4,337,1600022337
23,frailty,C,0,0.5,0,4,338,1600022338
23,frailty,C,0,0.5,0,4,339,1600022339
23,frailty,C,0,0.5,0,4,340,1600022340
23,frailty,C,0,0.5,0,4,341,1600022341
23,frailty,C,0,0.5,0,4,342,1600022342
23,frailty,C,0,0.5,0,4,343,1600022343
23,frailty,C,0,0.5,0,4,344,1600022344
23,frailty,C,0,0.5,0,4,345,1600022345
23,frailty,C,0,0.5,0,4,346,1600022346
23,frailty,C,0,0.5,0,4,347,1600022347
23,frailty,C,0,0.5,0,4,348,1600022348
23,frailty,C,0,0.5,0,4,349,1600022349
23,frailty,C,0,0.5,0,4,350,1600022350
23,frailty,C,0,0.5,0,4,351,1600022351
23,frailty,C,0,0.5,0,4,352,1600022352
23,frailty,C,0,0.5,0,4,353,1600022353
23,frailty,C,0,0.5,0,4,354,1600022354
23,frailty,C,0,0.5,0,4,355,1600022355
23,frailty,C,0,0.5,0,4,356,1600022356
23,frailty,C,0,0.5,0,4,357,1600022357
23,frailty,C,0,0.5,0,4,358,1600022358
23,frailty,C,0,0.5,0,4,359,1600022359
23,frailty,C,0,0.5,0,4,360,1600022360
23,frailty,C,0,0.5,0,4,361,1600022361
23,frailty,C,0,0.5,0,4,362,1600022362
23,frailty,C,0,0.5,0,4,363,1600022363
23,frailty,C,0,0.5,0,4,364,1600022364
23,frailty,C,0,0.5,0,4,365,1600022365
23,frailty,C,0,0.5,0,4,366,1600022366
23,frailty,C,0,0.5,0,4,367,1600022367
23,frailty,C,0,0.5,0,4,368,1600022368
23,frailty,C,0,0.5,0,4,369,1600022369
23,frailty,C,0,0.5,0,4,370,1600022370
23,frailty,C,0,0.5,0,4,371,1600022371
23,frailty,C,0,0.5,0,4,372,1600022372
23,frailty,C,0,0.5,0,4,373,1600022373
23,frailty,C,0,0.5,0,4,374,1600022374
23,frailty,C,0,0.5,0,4,375,1600022375
23,frailty,C,0,0.5,0,4,376,1600022376
23,frailty,C,0,0.5,0,4,377,1600022377
23,frailty,C,0,0.5,0,4,378,1600022378
23,frailty,C,0,0.5,0,4,379,1600022379
23,frailty,C,0,0.5,0,4,380,1600022380
23,frailty,C,0,0.5,0,4,381,1600022381
23,frailty,C,0,0.5,0,4,382,1600022382
23,frailty,C,0,0.5,0,4,383,1600022383
23,frailty,C,0,0.5,0,4,384,1600022384
23,frailty,C,0,0.5,0,4,385,1600022385
23,frailty,C,0,0.5,0,4,386,1600022386
23,frailty,C,0,0.5,0,4,387,1600022387
23,frailty,C,0,0.5,0,4,388,1600022388
23,frailty,C,0,0.5,0,4,389,1600022389
23,frailty,C,0,0.5,0,4,390,1600022390
23,frailty,C,0,0.5,0,4,391,1600022391
23,frailty,C,0,0.5,0,4,392,1600022392
23,frailty,C,0,0.5,0,4,393,1600022393
23,frailty,C,0,0.5,0,4,394,1600022394
23,frailty,C,0,0.5,0,4,395,1600022395
23,frailty,C,0,0.5,0,4,396,1600022396
23,frailty,C,0,0.5,0,4,397,1600022397
23,frailty,C,0,0.5,0,4,398,1600022398
23,frailty,C,0,0.5,0,4,399,1600022399
23,frailty,C,0,0.5,0,4,400,1600022400
23,frailty,C,0,0.5,0,4,401,1600022401
23,frailty,C,0,0.5,0,4,402,1600022402
23,frailty,C,0,0.5,0,4,403,1600022403
23,frailty,C,0,0.5,0,4,404,1600022404
23,frailty,C,0,0.5,0,4,405,1600022405
23,frailty,C,0,0.5,0,4,406,1600022406
23,frailty,C,0,0.5,0,4,407,1600022407
23,frailty,C,0,0.5,0,4,408,1600022408
23,frailty,C,0,0.5,0,4,409,1600022409
23,frailty,C,0,0.5,0,4,410,1600022410
23,frailty,C,0,0.5,0,4,411,1600022411
23,frailty,C,0,0.5,0,4,412,1600022412
23,frailty,C,0,0.5,0,4,413,1600022413
23,frailty,C,0,0.5,0,4,414,1600022414
23,frailty,C,0,0.5,0,4,415,1600022415
23,frailty,C,0,0.5,0,4,416,1600022416
23,frailty,C,0,0.5,0,4,417,1600022417
23,frailty,C,0,0.5,0,4,418,1600022418
23,frailty,C,0,0.5,0,4,419,1600022419
23,frailty,C,0,0.5,0,4,420,1600022420
23,frailty,C,0,0.5,0,4,421,1600022421
23,frailty,C,0,0.5,0,4,422,1600022422
23,frailty,C,0,0.5,0,4,423,1600022423
23,frailty,C,0,0.5,0,4,424,1600022424
23,frailty,C,0,0.5,0,4,425,1600022425
23,frailty,C,0,0.5,0,4,426,1600022426
23,frailty,C,0,0.5,0,4,427,1600022427
23,frailty,C,0,0.5,0,4,428,1600022428
23,frailty,C,0,0.5,0,4,429,1600022429
23,frailty,C,0,0.5,0,4,430,1600022430
23,frailty,C,0,0.5,0,4,431,1600022431
23,frailty,C,0,0.5,0,4,432,1600022432
23,frailty,C,0,0.5,0,4,433,1600022433
23,frailty,C,0,0.5,0,4,434,1600022434
23,frailty,C,0,0.5,0,4,435,1600022435
23,frailty,C,0,0.5,0,4,436,1600022436
23,frailty,C,0,0.5,0,4,437,1600022437
23,frailty,C,0,0.5,0,4,438,1600022438
23,frailty,C,0,0.5,0,4,439,1600022439
23,frailty,C,0,0.5,0,4,440,1600022440
23,frailty,C,0,0.5,0,4,441,1600022441
23,frailty,C,0,0.5,0,4,442,1600022442
23,frailty,C,0,0.5,0,4,443,1600022443
23,frailty,C,0,0.5,0,4,444,1600022444
23,frailty,C,0,0.5,0,4,445,1600022445
23,frailty,C,0,0.5,0,4,446,1600022446
23,frailty,C,0,0.5,0,4,447,1600022447
23,frailty,C,0,0.5,0,4,448,1600022448
23,frailty,C,0,0.5,0,4,449,1600022449
23,frailty,C,0,0.5,0,4,450,1600022450
23,frailty,C,0,0.5,0,4,451,1600022451
23,frailty,C,0,0.5,0,4,452,1600022452
23,frailty,C,0,0.5,0,4,453,1600022453
23,frailty,C,0,0.5,0,4,454,1600022454
23,frailty,C,0,0.5,0,4,455,1600022455
23,frailty,C,0,0.5,0,4,456,1600022456
23,frailty,C,0,0.5,0,4,457,1600022457
23,frailty,C,0,0.5,0,4,458,1600022458
23,frailty,C,0,0.5,0,4,459,1600022459
23,frailty,C,0,0.5,0,4,460,1600022460
23,frailty,C,0,0.5,0,4,461,1600022461
23,frailty,C,0,0.5,0,4,462,1600022462
23,frailty,C,0,0.5,0,4,463,1600022463
23,frailty,C,0,0.5,0,4,464,1600022464
23,frailty,C,0,0.5,0,4,465,1600022465
23,frailty,C,0,0.5,0,4,466,1600022466
23,frailty,C,0,0.5,0,4,467,1600022467
23,frailty,C,0,0.5,0,4,468,1600022468
23,frailty,C,0,0.5,0,4,469,1600022469
23,frailty,C,0,0.5,0,4,470,1600022470
23,frailty,C,0,0.5,0,4,471,1600022471
23,frailty,C,0,0.5,0,4,472,1600022472
23,frailty,C,0,0.5,0,4,473,1600022473
23,frailty,C,0,0.5,0,4,474,1600022474
23,frailty,C,0,0.5,0,4,475,1600022475
23,frailty,C,0,0.5,0,4,476,1600022476
23,frailty,C,0,0.5,0,4,477,1600022477
23,frailty,C,0,0.5,0,4,478,1600022478
23,frailty,C,0,0.5,0,4,479,1600022479
23,frailty,C,0,0.5,0,4,480,1600022480
23,frailty,C,0,0.5,0,4,481,1600022481
23,frailty,C,0,0.5,0,4,482,1600022482
23,frailty,C,0,0.5,0,4,483,1600022483
23,frailty,C,0,0.5,0,4,484,1600022484
23,frailty,C,0,0.5,0,4,485,1600022485
23,frailty,C,0,0.5,0,4,486,1600022486
23,frailty,C,0,0.5,0,4,487,1600022487
23,frailty,C,0,0.5,0,4,488,1600022488
23,frailty,C,0,0.5,0,4,489,1600022489
23,frailty,C,0,0.5,0,4,490,1600022490
23,frailty,C,0,0.5,0,4,491,1600022491
23,frailty,C,0,0.5,0,4,492,1600022492
23,frailty,C,0,0.5,0,4,493,1600022493
23,frailty,C,0,0.5,0,4,494,1600022494
23,frailty,C,0,0.5,0,4,495,1600022495
23,frailty,C,0,0.5,0,4,496,1600022496
23,frailty,C,0,0.5,0,4,497,1600022497
23,frailty,C,0,0.5,0,4,498,1600022498
23,frailty,C,0,0.5,0,4,499,1600022499
23,frailty,C,0,0.5,0,4,500,1600022500
23,frailty,C,0,0.5,0,4,501,1600022501
23,frailty,C,0,0.5,0,4,502,1600022502
23,frailty,C,0,0.5,0,4,503,1600022503
23,frailty,C,0,0.5,0,4,504,1600022504
23,frailty,C,0,0.5,0,4,505,1600022505
23,frailty,C,0,0.5,0,4,506,1600022506
23,frailty,C,0,0.5,0,4,507,1600022507
23,frailty,C,0,0.5,0,4,508,1600022508
23,frailty,C,0,0.5,0,4,509,1600022509
23,frailty,C,0,0.5,0,4,510,1600022510
23,frailty,C,0,0.5,0,4,511,1600022511
23,frailty,C,0,0.5,0,4,512,1600022512
23,frailty,C,0,0.5,0,4,513,1600022513
23,frailty,C,0,0.5,0,4,514,1600022514
23,frailty,C,0,0.5,0,4,515,1600022515
23,frailty,C,0,0.5,0,4,516,1600022516
23,frailty,C,0,0.5,0,4,517,1600022517
23,frailty,C,0,0.5,0,4,518,1600022518
23,frailty,C,0,0.5,0,4,519,1600022519
23,frailty,C,0,0.5,0,4,520,1600022520
23,frailty,C,0,0.5,0,4,521,1600022521
23,frailty,C,0,0.5,0,4,522,1600022522
23,frailty,C,0,0.5,0,4,523,1600022523
23,frailty,C,0,0.5,0,4,524,1600022524
23,frailty,C,0,0.5,0,4,525,1600022525
23,frailty,C,0,0.5,0,4,526,1600022526
23,frailty,C,0,0.5,0,4,527,1600022527
23,frailty,C,0,0.5,0,4,528,1600022528
23,frailty,C,0,0.5,0,4,529,1600022529
23,frailty,C,0,0.5,0,4,530,1600022530
23,frailty,C,0,0.5,0,4,531,1600022531
23,frailty,C,0,0.5,0,4,532,1600022532
23,frailty,C,0,0.5,0,4,533,1600022533
23,frailty,C,0,0.5,0,4,534,1600022534
23,frailty,C,0,0.5,0,4,535,1600022535
23,frailty,C,0,0.5,0,4,536,1600022536
23,frailty,C,0,0.5,0,4,537,1600022537
23,frailty,C,0,0.5,0,4,538,1600022538
23,frailty,C,0,0.5,0,4,539,1600022539
23,frailty,C,0,0.5,0,4,540,1600022540
23,frailty,C,0,0.5,0,4,541,1600022541
23,frailty,C,0,0.5,0,4,542,1600022542
23,frailty,C,0,0.5,0,4,543,1600022543
23,frailty,C,0,0.5,0,4,544,1600022544
23,frailty,C,0,0.5,0,4,545,1600022545
23,frailty,C,0,0.5,0,4,546,1600022546
23,frailty,C,0,0.5,0,4,547,1600022547
23,frailty,C,0,0.5,0,4,548,1600022548
23,frailty,C,0,0.5,0,4,549,1600022549
23,frailty,C,0,0.5,0,4,550,1600022550
23,frailty,C,0,0.5,0,4,551,1600022551
23,frailty,C,0,0.5,0,4,552,1600022552
23,frailty,C,0,0.5,0,4,553,1600022553
23,frailty,C,0,0.5,0,4,554,1600022554
23,frailty,C,0,0.5,0,4,555,1600022555
23,frailty,C,0,0.5,0,4,556,1600022556
23,frailty,C,0,0.5,0,4,557,1600022557
23,frailty,C,0,0.5,0,4,558,1600022558
23,frailty,C,0,0.5,0,4,559,1600022559
23,frailty,C,0,0.5,0,4,560,1600022560
23,frailty,C,0,0.5,0,4,561,1600022561
23,frailty,C,0,0.5,0,4,562,1600022562
23,frailty,C,0,0.5,0,4,563,1600022563
23,frailty,C,0,0.5,0,4,564,1600022564
23,frailty,C,0,0.5,0,4,565,1600022565
23,frailty,C,0,0.5,0,4,566,1600022566
23,frailty,C,0,0.5,0,4,567,1600022567
23,frailty,C,0,0.5,0,4,568,1600022568
23,frailty,C,0,0.5,0,4,569,1600022569
23,frailty,C,0,0.5,0,4,570,1600022570
23,frailty,C,0,0.5,0,4,571,1600022571
23,frailty,C,0,0.5,0,4,572,1600022572
23,frailty,C,0,0.5,0,4,573,1600022573
23,frailty,C,0,0.5,0,4,574,1600022574
23,frailty,C,0,0.5,0,4,575,1600022575
23,frailty,C,0,0.5,0,4,576,1600022576
23,frailty,C,0,0.5,0,4,577,1600022577
23,frailty,C,0,0.5,0,4,578,1600022578
23,frailty,C,0,0.5,0,4,579,1600022579
23,frailty,C,0,0.5,0,4,580,1600022580
23,frailty,C,0,0.5,0,4,581,1600022581
23,frailty,C,0,0.5,0,4,582,1600022582
23,frailty,C,0,0.5,0,4,583,1600022583
23,frailty,C,0,0.5,0,4,584,1600022584
23,frailty,C,0,0.5,0,4,585,1600022585
23,frailty,C,0,0.5,0,4,586,1600022586
23,frailty,C,0,0.5,0,4,587,1600022587
23,frailty,C,0,0.5,0,4,588,1600022588
23,frailty,C,0,0.5,0,4,589,1600022589
23,frailty,C,0,0.5,0,4,590,1600022590
23,frailty,C,0,0.5,0,4,591,1600022591
23,frailty,C,0,0.5,0,4,592,1600022592
23,frailty,C,0,0.5,0,4,593,1600022593
23,frailty,C,0,0.5,0,4,594,1600022594
23,frailty,C,0,0.5,0,4,595,1600022595
23,frailty,C,0,0.5,0,4,596,1600022596
23,frailty,C,0,0.5,0,4,597,1600022597
23,frailty,C,0,0.5,0,4,598,1600022598
23,frailty,C,0,0.5,0,4,599,1600022599
23,frailty,C,0,0.5,0,4,600,1600022600
23,frailty,C,0,0.5,0,4,601,1600022601
23,frailty,C,0,0.5,0,4,602,1600022602
23,frailty,C,0,0.5,0,4,603,1600022603
23,frailty,C,0,0.5,0,4,604,1600022604
23,frailty,C,0,0.5,0,4,605,1600022605
23,frailty,C,0,0.5,0,4,606,1600022606
23,frailty,C,0,0.5,0,4,607,1600022607
23,frailty,C,0,0.5,0,4,608,1600022608
23,frailty,C,0,0.5,0,4,609,1600022609
23,frailty,C,0,0.5,0,4,610,1600022610
23,frailty,C,0,0.5,0,4,611,1600022611
23,frailty,C,0,0.5,0,4,612,1600022612
23,frailty,C,0,0.5,0,4,613,1600022613
23,frailty,C,0,0.5,0,4,614,1600022614
23,frailty,C,0,0.5,0,4,615,1600022615
23,frailty,C,0,0.5,0,4,616,1600022616
23,frailty,C,0,0.5,0,4,617,1600022617
23,frailty,C,0,0.5,0,4,618,1600022618
23,frailty,C,0,0.5,0,4,619,1600022619
23,frailty,C,0,0.5,0,4,620,1600022620
23,frailty,C,0,0.5,0,4,621,1600022621
23,frailty,C,0,0.5,0,4,622,1600022622
23,frailty,C,0,0.5,0,4,623,1600022623
23,frailty,C,0,0.5,0,4,624,1600022624
23,frailty,C,0,0.5,0,4,625,1600022625
23,frailty,C,0,0.5,0,4,626,1600022626
23,frailty,C,0,0.5,0,4,627,1600022627
23,frailty,C,0,0.5,0,4,628,1600022628
23,frailty,C,0,0.5,0,4,629,1600022629
23,frailty,C,0,0.5,0,4,630,1600022630
23,frailty,C,0,0.5,0,4,631,1600022631
23,frailty,C,0,0.5,0,4,632,1600022632
23,frailty,C,0,0.5,0,4,633,1600022633
23,frailty,C,0,0.5,0,4,634,1600022634
23,frailty,C,0,0.5,0,4,635,1600022635
23,frailty,C,0,0.5,0,4,636,1600022636
23,frailty,C,0,0.5,0,4,637,1600022637
23,frailty,C,0,0.5,0,4,638,1600022638
23,frailty,C,0,0.5,0,4,639,1600022639
23,frailty,C,0,0.5,0,4,640,1600022640
23,frailty,C,0,0.5,0,4,641,1600022641
23,frailty,C,0,0.5,0,4,642,1600022642
23,frailty,C,0,0.5,0,4,643,1600022643
23,frailty,C,0,0.5,0,4,644,1600022644
23,frailty,C,0,0.5,0,4,645,1600022645
23,frailty,C,0,0.5,0,4,646,1600022646
23,frailty,C,0,0.5,0,4,647,1600022647
23,frailty,C,0,0.5,0,4,648,1600022648
23,frailty,C,0,0.5,0,4,649,1600022649
23,frailty,C,0,0.5,0,4,650,1600022650
23,frailty,C,0,0.5,0,4,651,1600022651
23,frailty,C,0,0.5,0,4,652,1600022652
23,frailty,C,0,0.5,0,4,653,1600022653
23,frailty,C,0,0.5,0,4,654,1600022654
23,frailty,C,0,0.5,0,4,655,1600022655
23,frailty,C,0,0.5,0,4,656,1600022656
23,frailty,C,0,0.5,0,4,657,1600022657
23,frailty,C,0,0.5,0,4,658,1600022658
23,frailty,C,0,0.5,0,4,659,1600022659
23,frailty,C,0,0.5,0,4,660,1600022660
23,frailty,C,0,0.5,0,4,661,1600022661
23,frailty,C,0,0.5,0,4,662,1600022662
23,frailty,C,0,0.5,0,4,663,1600022663
23,frailty,C,0,0.5,0,4,664,1600022664
23,frailty,C,0,0.5,0,4,665,1600022665
23,frailty,C,0,0.5,0,4,666,1600022666
23,frailty,C,0,0.5,0,4,667,1600022667
23,frailty,C,0,0.5,0,4,668,1600022668
23,frailty,C,0,0.5,0,4,669,1600022669
23,frailty,C,0,0.5,0,4,670,1600022670
23,frailty,C,0,0.5,0,4,671,1600022671
23,frailty,C,0,0.5,0,4,672,1600022672
23,frailty,C,0,0.5,0,4,673,1600022673
23,frailty,C,0,0.5,0,4,674,1600022674
23,frailty,C,0,0.5,0,4,675,1600022675
23,frailty,C,0,0.5,0,4,676,1600022676
23,frailty,C,0,0.5,0,4,677,1600022677
23,frailty,C,0,0.5,0,4,678,1600022678
23,frailty,C,0,0.5,0,4,679,1600022679
23,frailty,C,0,0.5,0,4,680,1600022680
23,frailty,C,0,0.5,0,4,681,1600022681
23,frailty,C,0,0.5,0,4,682,1600022682
23,frailty,C,0,0.5,0,4,683,1600022683
23,frailty,C,0,0.5,0,4,684,1600022684
23,frailty,C,0,0.5,0,4,685,1600022685
23,frailty,C,0,0.5,0,4,686,1600022686
23,frailty,C,0,0.5,0,4,687,1600022687
23,frailty,C,0,0.5,0,4,688,1600022688
23,frailty,C,0,0.5,0,4,689,1600022689
23,frailty,C,0,0.5,0,4,690,1600022690
23,frailty,C,0,0.5,0,4,691,1600022691
23,frailty,C,0,0.5,0,4,692,1600022692
23,frailty,C,0,0.5,0,4,693,1600022693
23,frailty,C,0,0.5,0,4,694,1600022694
23,frailty,C,0,0.5,0,4,695,1600022695
23,frailty,C,0,0.5,0,4,696,1600022696
23,frailty,C,0,0.5,0,4,697,1600022697
23,frailty,C,0,0.5,0,4,698,1600022698
23,frailty,C,0,0.5,0,4,699,1600022699
23,frailty,C,0,0.5,0,4,700,1600022700
23,frailty,C,0,0.5,0,4,701,1600022701
23,frailty,C,0,0.5,0,4,702,1600022702
23,frailty,C,0,0.5,0,4,703,1600022703
23,frailty,C,0,0.5,0,4,704,1600022704
23,frailty,C,0,0.5,0,4,705,1600022705
23,frailty,C,0,0.5,0,4,706,1600022706
23,frailty,C,0,0.5,0,4,707,1600022707
23,frailty,C,0,0.5,0,4,708,1600022708
23,frailty,C,0,0.5,0,4,709,1600022709
23,frailty,C,0,0.5,0,4,710,1600022710
23,frailty,C,0,0.5,0,4,711,1600022711
23,frailty,C,0,0.5,0,4,712,1600022712
23,frailty,C,0,0.5,0,4,713,1600022713
23,frailty,C,0,0.5,0,4,714,1600022714
23,frailty,C,0,0.5,0,4,715,1600022715
23,frailty,C,0,0.5,0,4,716,1600022716
23,frailty,C,0,0.5,0,4,717,1600022717
23,frailty,C,0,0.5,0,4,718,1600022718
23,frailty,C,0,0.5,0,4,719,1600022719
23,frailty,C,0,0.5,0,4,720,1600022720
23,frailty,C,0,0.5,0,4,721,1600022721
23,frailty,C,0,0.5,0,4,722,1600022722
23,frailty,C,0,0.5,0,4,723,1600022723
23,frailty,C,0,0.5,0,4,724,1600022724
23,frailty,C,0,0.5,0,4,725,1600022725
23,frailty,C,0,0.5,0,4,726,1600022726
23,frailty,C,0,0.5,0,4,727,1600022727
23,frailty,C,0,0.5,0,4,728,1600022728
23,frailty,C,0,0.5,0,4,729,1600022729
23,frailty,C,0,0.5,0,4,730,1600022730
23,frailty,C,0,0.5,0,4,731,1600022731
23,frailty,C,0,0.5,0,4,732,1600022732
23,frailty,C,0,0.5,0,4,733,1600022733
23,frailty,C,0,0.5,0,4,734,1600022734
23,frailty,C,0,0.5,0,4,735,1600022735
23,frailty,C,0,0.5,0,4,736,1600022736
23,frailty,C,0,0.5,0,4,737,1600022737
23,frailty,C,0,0.5,0,4,738,1600022738
23,frailty,C,0,0.5,0,4,739,1600022739
23,frailty,C,0,0.5,0,4,740,1600022740
23,frailty,C,0,0.5,0,4,741,1600022741
23,frailty,C,0,0.5,0,4,742,1600022742
23,frailty,C,0,0.5,0,4,743,1600022743
23,frailty,C,0,0.5,0,4,744,1600022744
23,frailty,C,0,0.5,0,4,745,1600022745
23,frailty,C,0,0.5,0,4,746,1600022746
23,frailty,C,0,0.5,0,4,747,1600022747
23,frailty,C,0,0.5,0,4,748,1600022748
23,frailty,C,0,0.5,0,4,749,1600022749
23,frailty,C,0,0.5,0,4,750,1600022750
23,frailty,C,0,0.5,0,4,751,1600022751
23,frailty,C,0,0.5,0,4,752,1600022752
23,frailty,C,0,0.5,0,4,753,1600022753
23,frailty,C,0,0.5,0,4,754,1600022754
23,frailty,C,0,0.5,0,4,755,1600022755
23,frailty,C,0,0.5,0,4,756,1600022756
23,frailty,C,0,0.5,0,4,757,1600022757
23,frailty,C,0,0.5,0,4,758,1600022758
23,frailty,C,0,0.5,0,4,759,1600022759
23,frailty,C,0,0.5,0,4,760,1600022760
23,frailty,C,0,0.5,0,4,761,1600022761
23,frailty,C,0,0.5,0,4,762,1600022762
23,frailty,C,0,0.5,0,4,763,1600022763
23,frailty,C,0,0.5,0,4,764,1600022764
23,frailty,C,0,0.5,0,4,765,1600022765
23,frailty,C,0,0.5,0,4,766,1600022766
23,frailty,C,0,0.5,0,4,767,1600022767
23,frailty,C,0,0.5,0,4,768,1600022768
23,frailty,C,0,0.5,0,4,769,1600022769
23,frailty,C,0,0.5,0,4,770,1600022770
23,frailty,C,0,0.5,0,4,771,1600022771
23,frailty,C,0,0.5,0,4,772,1600022772
23,frailty,C,0,0.5,0,4,773,1600022773
23,frailty,C,0,0.5,0,4,774,1600022774
23,frailty,C,0,0.5,0,4,775,1600022775
23,frailty,C,0,0.5,0,4,776,1600022776
23,frailty,C,0,0.5,0,4,777,1600022777
23,frailty,C,0,0.5,0,4,778,1600022778
23,frailty,C,0,0.5,0,4,779,1600022779
23,frailty,C,0,0.5,0,4,780,1600022780
23,frailty,C,0,0.5,0,4,781,1600022781
23,frailty,C,0,0.5,0,4,782,1600022782
23,frailty,C,0,0.5,0,4,783,1600022783
23,frailty,C,0,0.5,0,4,784,1600022784
23,frailty,C,0,0.5,0,4,785,1600022785
23,frailty,C,0,0.5,0,4,786,1600022786
23,frailty,C,0,0.5,0,4,787,1600022787
23,frailty,C,0,0.5,0,4,788,1600022788
23,frailty,C,0,0.5,0,4,789,1600022789
23,frailty,C,0,0.5,0,4,790,1600022790
23,frailty,C,0,0.5,0,4,791,1600022791
23,frailty,C,0,0.5,0,4,792,1600022792
23,frailty,C,0,0.5,0,4,793,1600022793
23,frailty,C,0,0.5,0,4,794,1600022794
23,frailty,C,0,0.5,0,4,795,1600022795
23,frailty,C,0,0.5,0,4,796,1600022796
23,frailty,C,0,0.5,0,4,797,1600022797
23,frailty,C,0,0.5,0,4,798,1600022798
23,frailty,C,0,0.5,0,4,799,1600022799
23,frailty,C,0,0.5,0,4,800,1600022800
23,frailty,C,0,0.5,0,4,801,1600022801
23,frailty,C,0,0.5,0,4,802,1600022802
23,frailty,C,0,0.5,0,4,803,1600022803
23,frailty,C,0,0.5,0,4,804,1600022804
23,frailty,C,0,0.5,0,4,805,1600022805
23,frailty,C,0,0.5,0,4,806,1600022806
23,frailty,C,0,0.5,0,4,807,1600022807
23,frailty,C,0,0.5,0,4,808,1600022808
23,frailty,C,0,0.5,0,4,809,1600022809
23,frailty,C,0,0.5,0,4,810,1600022810
23,frailty,C,0,0.5,0,4,811,1600022811
23,frailty,C,0,0.5,0,4,812,1600022812
23,frailty,C,0,0.5,0,4,813,1600022813
23,frailty,C,0,0.5,0,4,814,1600022814
23,frailty,C,0,0.5,0,4,815,1600022815
23,frailty,C,0,0.5,0,4,816,1600022816
23,frailty,C,0,0.5,0,4,817,1600022817
23,frailty,C,0,0.5,0,4,818,1600022818
23,frailty,C,0,0.5,0,4,819,1600022819
23,frailty,C,0,0.5,0,4,820,1600022820
23,frailty,C,0,0.5,0,4,821,1600022821
23,frailty,C,0,0.5,0,4,822,1600022822
23,frailty,C,0,0.5,0,4,823,1600022823
23,frailty,C,0,0.5,0,4,824,1600022824
23,frailty,C,0,0.5,0,4,825,1600022825
23,frailty,C,0,0.5,0,4,826,1600022826
23,frailty,C,0,0.5,0,4,827,1600022827
23,frailty,C,0,0.5,0,4,828,1600022828
23,frailty,C,0,0.5,0,4,829,1600022829
23,frailty,C,0,0.5,0,4,830,1600022830
23,frailty,C,0,0.5,0,4,831,1600022831
23,frailty,C,0,0.5,0,4,832,1600022832
23,frailty,C,0,0.5,0,4,833,1600022833
23,frailty,C,0,0.5,0,4,834,1600022834
23,frailty,C,0,0.5,0,4,835,1600022835
23,frailty,C,0,0.5,0,4,836,1600022836
23,frailty,C,0,0.5,0,4,837,1600022837
23,frailty,C,0,0.5,0,4,838,1600022838
23,frailty,C,0,0.5,0,4,839,1600022839
23,frailty,C,0,0.5,0,4,840,1600022840
23,frailty,C,0,0.5,0,4,841,1600022841
23,frailty,C,0,0.5,0,4,842,1600022842
23,frailty,C,0,0.5,0,4,843,1600022843
23,frailty,C,0,0.5,0,4,844,1600022844
23,frailty,C,0,0.5,0,4,845,1600022845
23,frailty,C,0,0.5,0,4,846,1600022846
23,frailty,C,0,0.5,0,4,847,1600022847
23,frailty,C,0,0.5,0,4,848,1600022848
23,frailty,C,0,0.5,0,4,849,1600022849
23,frailty,C,0,0.5,0,4,850,1600022850
23,frailty,C,0,0.5,0,4,851,1600022851
23,frailty,C,0,0.5,0,4,852,1600022852
23,frailty,C,0,0.5,0,4,853,1600022853
23,frailty,C,0,0.5,0,4,854,1600022854
23,frailty,C,0,0.5,0,4,855,1600022855
23,frailty,C,0,0.5,0,4,856,1600022856
23,frailty,C,0,0.5,0,4,857,1600022857
23,frailty,C,0,0.5,0,4,858,1600022858
23,frailty,C,0,0.5,0,4,859,1600022859
23,frailty,C,0,0.5,0,4,860,1600022860
23,frailty,C,0,0.5,0,4,861,1600022861
23,frailty,C,0,0.5,0,4,862,1600022862
23,frailty,C,0,0.5,0,4,863,1600022863
23,frailty,C,0,0.5,0,4,864,1600022864
23,frailty,C,0,0.5,0,4,865,1600022865
23,frailty,C,0,0.5,0,4,866,1600022866
23,frailty,C,0,0.5,0,4,867,1600022867
23,frailty,C,0,0.5,0,4,868,1600022868
23,frailty,C,0,0.5,0,4,869,1600022869
23,frailty,C,0,0.5,0,4,870,1600022870
23,frailty,C,0,0.5,0,4,871,1600022871
23,frailty,C,0,0.5,0,4,872,1600022872
23,frailty,C,0,0.5,0,4,873,1600022873
23,frailty,C,0,0.5,0,4,874,1600022874
23,frailty,C,0,0.5,0,4,875,1600022875
23,frailty,C,0,0.5,0,4,876,1600022876
23,frailty,C,0,0.5,0,4,877,1600022877
23,frailty,C,0,0.5,0,4,878,1600022878
23,frailty,C,0,0.5,0,4,879,1600022879
23,frailty,C,0,0.5,0,4,880,1600022880
23,frailty,C,0,0.5,0,4,881,1600022881
23,frailty,C,0,0.5,0,4,882,1600022882
23,frailty,C,0,0.5,0,4,883,1600022883
23,frailty,C,0,0.5,0,4,884,1600022884
23,frailty,C,0,0.5,0,4,885,1600022885
23,frailty,C,0,0.5,0,4,886,1600022886
23,frailty,C,0,0.5,0,4,887,1600022887
23,frailty,C,0,0.5,0,4,888,1600022888
23,frailty,C,0,0.5,0,4,889,1600022889
23,frailty,C,0,0.5,0,4,890,1600022890
23,frailty,C,0,0.5,0,4,891,1600022891
23,frailty,C,0,0.5,0,4,892,1600022892
23,frailty,C,0,0.5,0,4,893,1600022893
23,frailty,C,0,0.5,0,4,894,1600022894
23,frailty,C,0,0.5,0,4,895,1600022895
23,frailty,C,0,0.5,0,4,896,1600022896
23,frailty,C,0,0.5,0,4,897,1600022897
23,frailty,C,0,0.5,0,4,898,1600022898
23,frailty,C,0,0.5,0,4,899,1600022899
23,frailty,C,0,0.5,0,4,900,1600022900
23,frailty,C,0,0.5,0,4,901,1600022901
23,frailty,C,0,0.5,0,4,902,1600022902
23,frailty,C,0,0.5,0,4,903,1600022903
23,frailty,C,0,0.5,0,4,904,1600022904
23,frailty,C,0,0.5,0,4,905,1600022905
23,frailty,C,0,0.5,0,4,906,1600022906
23,frailty,C,0,0.5,0,4,907,1600022907
23,frailty,C,0,0.5,0,4,908,1600022908
23,frailty,C,0,0.5,0,4,909,1600022909
23,frailty,C,0,0.5,0,4,910,1600022910
23,frailty,C,0,0.5,0,4,911,1600022911
23,frailty,C,0,0.5,0,4,912,1600022912
23,frailty,C,0,0.5,0,4,913,1600022913
23,frailty,C,0,0.5,0,4,914,1600022914
23,frailty,C,0,0.5,0,4,915,1600022915
23,frailty,C,0,0.5,0,4,916,1600022916
23,frailty,C,0,0.5,0,4,917,1600022917
23,frailty,C,0,0.5,0,4,918,1600022918
23,frailty,C,0,0.5,0,4,919,1600022919
23,frailty,C,0,0.5,0,4,920,1600022920
23,frailty,C,0,0.5,0,4,921,1600022921
23,frailty,C,0,0.5,0,4,922,1600022922
23,frailty,C,0,0.5,0,4,923,1600022923
23,frailty,C,0,0.5,0,4,924,1600022924
23,frailty,C,0,0.5,0,4,925,1600022925
23,frailty,C,0,0.5,0,4,926,1600022926
23,frailty,C,0,0.5,0,4,927,1600022927
23,frailty,C,0,0.5,0,4,928,1600022928
23,frailty,C,0,0.5,0,4,929,1600022929
23,frailty,C,0,0.5,0,4,930,1600022930
23,frailty,C,0,0.5,0,4,931,1600022931
23,frailty,C,0,0.5,0,4,932,1600022932
23,frailty,C,0,0.5,0,4,933,1600022933
23,frailty,C,0,0.5,0,4,934,1600022934
23,frailty,C,0,0.5,0,4,935,1600022935
23,frailty,C,0,0.5,0,4,936,1600022936
23,frailty,C,0,0.5,0,4,937,1600022937
23,frailty,C,0,0.5,0,4,938,1600022938
23,frailty,C,0,0.5,0,4,939,1600022939
23,frailty,C,0,0.5,0,4,940,1600022940
23,frailty,C,0,0.5,0,4,941,1600022941
23,frailty,C,0,0.5,0,4,942,1600022942
23,frailty,C,0,0.5,0,4,943,1600022943
23,frailty,C,0,0.5,0,4,944,1600022944
23,frailty,C,0,0.5,0,4,945,1600022945
23,frailty,C,0,0.5,0,4,946,1600022946
23,frailty,C,0,0.5,0,4,947,1600022947
23,frailty,C,0,0.5,0,4,948,1600022948
23,frailty,C,0,0.5,0,4,949,1600022949
23,frailty,C,0,0.5,0,4,950,1600022950
23,frailty,C,0,0.5,0,4,951,1600022951
23,frailty,C,0,0.5,0,4,952,1600022952
23,frailty,C,0,0.5,0,4,953,1600022953
23,frailty,C,0,0.5,0,4,954,1600022954
23,frailty,C,0,0.5,0,4,955,1600022955
23,frailty,C,0,0.5,0,4,956,1600022956
23,frailty,C,0,0.5,0,4,957,1600022957
23,frailty,C,0,0.5,0,4,958,1600022958
23,frailty,C,0,0.5,0,4,959,1600022959
23,frailty,C,0,0.5,0,4,960,1600022960
23,frailty,C,0,0.5,0,4,961,1600022961
23,frailty,C,0,0.5,0,4,962,1600022962
23,frailty,C,0,0.5,0,4,963,1600022963
23,frailty,C,0,0.5,0,4,964,1600022964
23,frailty,C,0,0.5,0,4,965,1600022965
23,frailty,C,0,0.5,0,4,966,1600022966
23,frailty,C,0,0.5,0,4,967,1600022967
23,frailty,C,0,0.5,0,4,968,1600022968
23,frailty,C,0,0.5,0,4,969,1600022969
23,frailty,C,0,0.5,0,4,970,1600022970
23,frailty,C,0,0.5,0,4,971,1600022971
23,frailty,C,0,0.5,0,4,972,1600022972
23,frailty,C,0,0.5,0,4,973,1600022973
23,frailty,C,0,0.5,0,4,974,1600022974
23,frailty,C,0,0.5,0,4,975,1600022975
23,frailty,C,0,0.5,0,4,976,1600022976
23,frailty,C,0,0.5,0,4,977,1600022977
23,frailty,C,0,0.5,0,4,978,1600022978
23,frailty,C,0,0.5,0,4,979,1600022979
23,frailty,C,0,0.5,0,4,980,1600022980
23,frailty,C,0,0.5,0,4,981,1600022981
23,frailty,C,0,0.5,0,4,982,1600022982
23,frailty,C,0,0.5,0,4,983,1600022983
23,frailty,C,0,0.5,0,4,984,1600022984
23,frailty,C,0,0.5,0,4,985,1600022985
23,frailty,C,0,0.5,0,4,986,1600022986
23,frailty,C,0,0.5,0,4,987,1600022987
23,frailty,C,0,0.5,0,4,988,1600022988
23,frailty,C,0,0.5,0,4,989,1600022989
23,frailty,C,0,0.5,0,4,990,1600022990
23,frailty,C,0,0.5,0,4,991,1600022991
23,frailty,C,0,0.5,0,4,992,1600022992
23,frailty,C,0,0.5,0,4,993,1600022993
23,frailty,C,0,0.5,0,4,994,1600022994
23,frailty,C,0,0.5,0,4,995,1600022995
23,frailty,C,0,0.5,0,4,996,1600022996
23,frailty,C,0,0.5,0,4,997,1600022997
23,frailty,C,0,0.5,0,4,998,1600022998
23,frailty,C,0,0.5,0,4,999,1600022999
23,frailty,C,0,0.5,0,4,1000,1600023000
24,frailty,C,0,0.5,0,10,1,1600024001
24,frailty,C,0,0.5,0,10,2,1600024002
24,frailty,C,0,0.5,0,10,3,1600024003
24,frailty,C,0,0.5,0,10,4,1600024004
24,frailty,C,0,0.5,0,10,5,1600024005
24,frailty,C,0,0.5,0,10,6,1600024006
24,frailty,C,0,0.5,0,10,7,1600024007
24,frailty,C,0,0.5,0,10,8,1600024008
24,frailty,C,0,0.5,0,10,9,1600024009
24,frailty,C,0,0.5,0,10,10,1600024010
24,frailty,C,0,0.5,0,10,11,1600024011
24,frailty,C,0,0.5,0,10,12,1600024012
24,frailty,C,0,0.5,0,10,13,1600024013
24,frailty,C,0,0.5,0,10,14,1600024014
24,frailty,C,0,0.5,0,10,15,1600024015
24,frailty,C,0,0.5,0,10,16,1600024016
24,frailty,C,0,0.5,0,10,17,1600024017
24,frailty,C,0,0.5,0,10,18,1600024018
24,frailty,C,0,0.5,0,10,19,1600024019
24,frailty,C,0,0.5,0,10,20,1600024020
24,frailty,C,0,0.5,0,10,21,1600024021
24,frailty,C,0,0.5,0,10,22,1600024022
24,frailty,C,0,0.5,0,10,23,1600024023
24,frailty,C,0,0.5,0,10,24,1600024024
24,frailty,C,0,0.5,0,10,25,1600024025
24,frailty,C,0,0.5,0,10,26,1600024026
24,frailty,C,0,0.5,0,10,27,1600024027
24,frailty,C,0,0.5,0,10,28,1600024028
24,frailty,C,0,0.5,0,10,29,1600024029
24,frailty,C,0,0.5,0,10,30,1600024030
24,frailty,C,0,0.5,0,10,31,1600024031
24,frailty,C,0,0.5,0,10,32,1600024032
24,frailty,C,0,0.5,0,10,33,1600024033
24,frailty,C,0,0.5,0,10,34,1600024034
24,frailty,C,0,0.5,0,10,35,1600024035
24,frailty,C,0,0.5,0,10,36,1600024036
24,frailty,C,0,0.5,0,10,37,1600024037
24,frailty,C,0,0.5,0,10,38,1600024038
24,frailty,C,0,0.5,0,10,39,1600024039
24,frailty,C,0,0.5,0,10,40,1600024040
24,frailty,C,0,0.5,0,10,41,1600024041
24,frailty,C,0,0.5,0,10,42,1600024042
24,frailty,C,0,0.5,0,10,43,1600024043
24,frailty,C,0,0.5,0,10,44,1600024044
24,frailty,C,0,0.5,0,10,45,1600024045
24,frailty,C,0,0.5,0,10,46,1600024046
24,frailty,C,0,0.5,0,10,47,1600024047
24,frailty,C,0,0.5,0,10,48,1600024048
24,frailty,C,0,0.5,0,10,49,1600024049
24,frailty,C,0,0.5,0,10,50,1600024050
24,frailty,C,0,0.5,0,10,51,1600024051
24,frailty,C,0,0.5,0,10,52,1600024052
24,frailty,C,0,0.5,0,10,53,1600024053
24,frailty,C,0,0.5,0,10,54,1600024054
24,frailty,C,0,0.5,0,10,55,1600024055
24,frailty,C,0,0.5,0,10,56,1600024056
24,frailty,C,0,0.5,0,10,57,1600024057
24,frailty,C,0,0.5,0,10,58,1600024058
24,frailty,C,0,0.5,0,10,59,1600024059
24,frailty,C,0,0.5,0,10,60,1600024060
24,frailty,C,0,0.5,0,10,61,1600024061
24,frailty,C,0,0.5,0,10,62,1600024062
24,frailty,C,0,0.5,0,10,63,1600024063
24,frailty,C,0,0.5,0,10,64,1600024064
24,frailty,C,0,0.5,0,10,65,1600024065
24,frailty,C,0,0.5,0,10,66,1600024066
24,frailty,C,0,0.5,0,10,67,1600024067
24,frailty,C,0,0.5,0,10,68,1600024068
24,frailty,C,0,0.5,0,10,69,1600024069
24,frailty,C,0,0.5,0,10,70,1600024070
24,frailty,C,0,0.5,0,10,71,1600024071
24,frailty,C,0,0.5,0,10,72,1600024072
24,frailty,C,0,0.5,0,10,73,1600024073
24,frailty,C,0,0.5,0,10,74,1600024074
24,frailty,C,0,0.5,0,10,75,1600024075
24,frailty,C,0,0.5,0,10,76,1600024076
24,frailty,C,0,0.5,0,10,77,1600024077
24,frailty,C,0,0.5,0,10,78,1600024078
24,frailty,C,0,0.5,0,10,79,1600024079
24,frailty,C,0,0.5,0,10,80,1600024080
24,frailty,C,0,0.5,0,10,81,1600024081
24,frailty,C,0,0.5,0,10,82,1600024082
24,frailty,C,0,0.5,0,10,83,1600024083
24,frailty,C,0,0.5,0,10,84,1600024084
24,frailty,C,0,0.5,0,10,85,1600024085
24,frailty,C,0,0.5,0,10,86,1600024086
24,frailty,C,0,0.5,0,10,87,1600024087
24,frailty,C,0,0.5,0,10,88,1600024088
24,frailty,C,0,0.5,0,10,89,1600024089
24,frailty,C,0,0.5,0,10,90,1600024090
24,frailty,C,0,0.5,0,10,91,1600024091
24,frailty,C,0,0.5,0,10,92,1600024092
24,frailty,C,0,0.5,0,10,93,1600024093
24,frailty,C,0,0.5,0,10,94,1600024094
24,frailty,C,0,0.5,0,10,95,1600024095
24,frailty,C,0,0.5,0,10,96,1600024096
24,frailty,C,0,0.5,0,10,97,1600024097
24,frailty,C,0,0.5,0,10,98,1600024098
24,frailty,C,0,0.5,0,10,99,1600024099
24,frailty,C,0,0.5,0,10,100,1600024100
24,frailty,C,0,0.5,0,10,101,1600024101
24,frailty,C,0,0.5,0,10,102,1600024102
24,frailty,C,0,0.5,0,10,103,1600024103
24,frailty,C,0,0.5,0,10,104,1600024104
24,frailty,C,0,0.5,0,10,105,1600024105
24,frailty,C,0,0.5,0,10,106,1600024106
24,frailty,C,0,0.5,0,10,107,1600024107
24,frailty,C,0,0.5,0,10,108,1600024108
24,frailty,C,0,0.5,0,10,109,1600024109
24,frailty,C,0,0.5,0,10,110,1600024110
24,frailty,C,0,0.5,0,10,111,1600024111
24,frailty,C,0,0.5,0,10,112,1600024112
24,frailty,C,0,0.5,0,10,113,1600024113
24,frailty,C,0,0.5,0,10,114,1600024114
24,frailty,C,0,0.5,0,10,115,1600024115
24,frailty,C,0,0.5,0,10,116,1600024116
24,frailty,C,0,0.5,0,10,117,1600024117
24,frailty,C,0,0.5,0,10,118,1600024118
24,frailty,C,0,0.5,0,10,119,1600024119
24,frailty,C,0,0.5,0,10,120,1600024120
24,frailty,C,0,0.5,0,10,121,1600024121
24,frailty,C,0,0.5,0,10,122,1600024122
24,frailty,C,0,0.5,0,10,123,1600024123
24,frailty,C,0,0.5,0,10,124,1600024124
24,frailty,C,0,0.5,0,10,125,1600024125
24,frailty,C,0,0.5,0,10,126,1600024126
24,frailty,C,0,0.5,0,10,127,1600024127
24,frailty,C,0,0.5,0,10,128,1600024128
24,frailty,C,0,0.5,0,10,129,1600024129
24,frailty,C,0,0.5,0,10,130,1600024130
24,frailty,C,0,0.5,0,10,131,1600024131
24,frailty,C,0,0.5,0,10,132,1600024132
24,frailty,C,0,0.5,0,10,133,1600024133
24,frailty,C,0,0.5,0,10,134,1600024134
24,frailty,C,0,0.5,0,10,135,1600024135
24,frailty,C,0,0.5,0,10,136,1600024136
24,frailty,C,0,0.5,0,10,137,1600024137
24,frailty,C,0,0.5,0,10,138,1600024138
24,frailty,C,0,0.5,0,10,139,1600024139
24,frailty,C,0,0.5,0,10,140,1600024140
24,frailty,C,0,0.5,0,10,141,1600024141
24,frailty,C,0,0.5,0,10,142,1600024142
24,frailty,C,0,0.5,0,10,143,1600024143
24,frailty,C,0,0.5,0,10,144,1600024144
24,frailty,C,0,0.5,0,10,145,1600024145
24,frailty,C,0,0.5,0,10,146,1600024146
24,frailty,C,0,0.5,0,10,147,1600024147
24,frailty,C,0,0.5,0,10,148,1600024148
24,frailty,C,0,0.5,0,10,149,1600024149
24,frailty,C,0,0.5,0,10,150,1600024150
24,frailty,C,0,0.5,0,10,151,1600024151
24,frailty,C,0,0.5,0,10,152,1600024152
24,frailty,C,0,0.5,0,10,153,1600024153
24,frailty,C,0,0.5,0,10,154,1600024154
24,frailty,C,0,0.5,0,10,155,1600024155
24,frailty,C,0,0.5,0,10,156,1600024156
24,frailty,C,0,0.5,0,10,157,1600024157
24,frailty,C,0,0.5,0,10,158,1600024158
24,frailty,C,0,0.5,0,10,159,1600024159
24,frailty,C,0,0.5,0,10,160,1600024160
24,frailty,C,0,0.5,0,10,161,1600024161
24,frailty,C,0,0.5,0,10,162,1600024162
24,frailty,C,0,0.5,0,10,163,1600024163
24,frailty,C,0,0.5,0,10,164,1600024164
24,frailty,C,0,0.5,0,10,165,1600024165
24,frailty,C,0,0.5,0,10,166,1600024166
24,frailty,C,0,0.5,0,10,167,1600024167
24,frailty,C,0,0.5,0,10,168,1600024168
24,frailty,C,0,0.5,0,10,169,1600024169
24,frailty,C,0,0.5,0,10,170,1600024170
24,frailty,C,0,0.5,0,10,171,1600024171
24,frailty,C,0,0.5,0,10,172,1600024172
24,frailty,C,0,0.5,0,10,173,1600024173
24,frailty,C,0,0.5,0,10,174,1600024174
24,frailty,C,0,0.5,0,10,175,1600024175
24,frailty,C,0,0.5,0,10,176,1600024176
24,frailty,C,0,0.5,0,10,177,1600024177
24,frailty,C,0,0.5,0,10,178,1600024178
24,frailty,C,0,0.5,0,10,179,1600024179
24,frailty,C,0,0.5,0,10,180,1600024180
24,frailty,C,0,0.5,0,10,181,1600024181
24,frailty,C,0,0.5,0,10,182,1600024182
24,frailty,C,0,0.5,0,10,183,1600024183
24,frailty,C,0,0.5,0,10,184,1600024184
24,frailty,C,0,0.5,0,10,185,1600024185
24,frailty,C,0,0.5,0,10,186,1600024186
24,frailty,C,0,0.5,0,10,187,1600024187
24,frailty,C,0,0.5,0,10,188,1600024188
24,frailty,C,0,0.5,0,10,189,1600024189
24,frailty,C,0,0.5,0,10,190,1600024190
24,frailty,C,0,0.5,0,10,191,1600024191
24,frailty,C,0,0.5,0,10,192,1600024192
24,frailty,C,0,0.5,0,10,193,1600024193
24,frailty,C,0,0.5,0,10,194,1600024194
24,frailty,C,0,0.5,0,10,195,1600024195
24,frailty,C,0,0.5,0,10,196,1600024196
24,frailty,C,0,0.5,0,10,197,1600024197
24,frailty,C,0,0.5,0,10,198,1600024198
24,frailty,C,0,0.5,0,10,199,1600024199
24,frailty,C,0,0.5,0,10,200,1600024200
24,frailty,C,0,0.5,0,10,201,1600024201
24,frailty,C,0,0.5,0,10,202,1600024202
24,frailty,C,0,0.5,0,10,203,1600024203
24,frailty,C,0,0.5,0,10,204,1600024204
24,frailty,C,0,0.5,0,10,205,1600024205
24,frailty,C,0,0.5,0,10,206,1600024206
24,frailty,C,0,0.5,0,10,207,1600024207
24,frailty,C,0,0.5,0,10,208,1600024208
24,frailty,C,0,0.5,0,10,209,1600024209
24,frailty,C,0,0.5,0,10,210,1600024210
24,frailty,C,0,0.5,0,10,211,1600024211
24,frailty,C,0,0.5,0,10,212,1600024212
24,frailty,C,0,0.5,0,10,213,1600024213
24,frailty,C,0,0.5,0,10,214,1600024214
24,frailty,C,0,0.5,0,10,215,1600024215
24,frailty,C,0,0.5,0,10,216,1600024216
24,frailty,C,0,0.5,0,10,217,1600024217
24,frailty,C,0,0.5,0,10,218,1600024218
24,frailty,C,0,0.5,0,10,219,1600024219
24,frailty,C,0,0.5,0,10,220,1600024220
24,frailty,C,0,0.5,0,10,221,1600024221
24,frailty,C,0,0.5,0,10,222,1600024222
24,frailty,C,0,0.5,0,10,223,1600024223
24,frailty,C,0,0.5,0,10,224,1600024224
24,frailty,C,0,0.5,0,10,225,1600024225
24,frailty,C,0,0.5,0,10,226,1600024226
24,frailty,C,0,0.5,0,10,227,1600024227
24,frailty,C,0,0.5,0,10,228,1600024228
24,frailty,C,0,0.5,0,10,229,1600024229
24,frailty,C,0,0.5,0,10,230,1600024230
24,frailty,C,0,0.5,0,10,231,1600024231
24,frailty,C,0,0.5,0,10,232,1600024232
24,frailty,C,0,0.5,0,10,233,1600024233
24,frailty,C,0,0.5,0,10,234,1600024234
24,frailty,C,0,0.5,0,10,235,1600024235
24,frailty,C,0,0.5,0,10,236,1600024236
24,frailty,C,0,0.5,0,10,237,1600024237
24,frailty,C,0,0.5,0,10,238,1600024238
24,frailty,C,0,0.5,0,10,239,1600024239
24,frailty,C,0,0.5,0,10,240,1600024240
24,frailty,C,0,0.5,0,10,241,1600024241
24,frailty,C,0,0.5,0,10,242,1600024242
24,frailty,C,0,0.5,0,10,243,1600024243
24,frailty,C,0,0.5,0,10,244,1600024244
24,frailty,C,0,0.5,0,10,245,1600024245
24,frailty,C,0,0.5,0,10,246,1600024246
24,frailty,C,0,0.5,0,10,247,1600024247
24,frailty,C,0,0.5,0,10,248,1600024248
24,frailty,C,0,0.5,0,10,249,1600024249
24,frailty,C,0,0.5,0,10,250,1600024250
24,frailty,C,0,0.5,0,10,251,1600024251
24,frailty,C,0,0.5,0,10,252,1600024252
24,frailty,C,0,0.5,0,10,253,1600024253
24,frailty,C,0,0.5,0,10,254,1600024254
24,frailty,C,0,0.5,0,10,255,1600024255
24,frailty,C,0,0.5,0,10,256,1600024256
24,frailty,C,0,0.5,0,10,257,1600024257
24,frailty,C,0,0.5,0,10,258,1600024258
24,frailty,C,0,0.5,0,10,259,1600024259
24,frailty,C,0,0.5,0,10,260,1600024260
24,frailty,C,0,0.5,0,10,261,1600024261
24,frailty,C,0,0.5,0,10,262,1600024262
24,frailty,C,0,0.5,0,10,263,1600024263
24,frailty,C,0,0.5,0,10,264,1600024264
24,frailty,C,0,0.5,0,10,265,1600024265
24,frailty,C,0,0.5,0,10,266,1600024266
24,frailty,C,0,0.5,0,10,267,1600024267
24,frailty,C,0,0.5,0,10,268,1600024268
24,frailty,C,0,0.5,0,10,269,1600024269
24,frailty,C,0,0.5,0,10,270,1600024270
24,frailty,C,0,0.5,0,10,271,1600024271
24,frailty,C,0,0.5,0,10,272,1600024272
24,frailty,C,0,0.5,0,10,273,1600024273
24,frailty,C,0,0.5,0,10,274,1600024274
24,frailty,C,0,0.5,0,10,275,1600024275
24,frailty,C,0,0.5,0,10,276,1600024276
24,frailty,C,0,0.5,0,10,277,1600024277
24,frailty,C,0,0.5,0,10,278,1600024278
24,frailty,C,0,0.5,0,10,279,1600024279
24,frailty,C,0,0.5,0,10,280,1600024280
24,frailty,C,0,0.5,0,10,281,1600024281
24,frailty,C,0,0.5,0,10,282,1600024282
24,frailty,C,0,0.5,0,10,283,1600024283
24,frailty,C,0,0.5,0,10,284,1600024284
24,frailty,C,0,0.5,0,10,285,1600024285
24,frailty,C,0,0.5,0,10,286,1600024286
24,frailty,C,0,0.5,0,10,287,1600024287
24,frailty,C,0,0.5,0,10,288,1600024288
24,frailty,C,0,0.5,0,10,289,1600024289
24,frailty,C,0,0.5,0,10,290,1600024290
24,frailty,C,0,0.5,0,10,291,1600024291
24,frailty,C,0,0.5,0,10,292,1600024292
24,frailty,C,0,0.5,0,10,293,1600024293
24,frailty,C,0,0.5,0,10,294,1600024294
24,frailty,C,0,0.5,0,10,295,1600024295
24,frailty,C,0,0.5,0,10,296,1600024296
24,frailty,C,0,0.5,0,10,297,1600024297
24,frailty,C,0,0.5,0,10,298,1600024298
24,frailty,C,0,0.5,0,10,299,1600024299
24,frailty,C,0,0.5,0,10,300,1600024300
24,frailty,C,0,0.5,0,10,301,1600024301
24,frailty,C,0,0.5,0,10,302,1600024302
24,frailty,C,0,0.5,0,10,303,1600024303
24,frailty,C,0,0.5,0,10,304,1600024304
24,frailty,C,0,0.5,0,10,305,1600024305
24,frailty,C,0,0.5,0,10,306,1600024306
24,frailty,C,0,0.5,0,10,307,1600024307
24,frailty,C,0,0.5,0,10,308,1600024308
24,frailty,C,0,0.5,0,10,309,1600024309
24,frailty,C,0,0.5,0,10,310,1600024310
24,frailty,C,0,0.5,0,10,311,1600024311
24,frailty,C,0,0.5,0,10,312,1600024312
24,frailty,C,0,0.5,0,10,313,1600024313
24,frailty,C,0,0.5,0,10,314,1600024314
24,frailty,C,0,0.5,0,10,315,1600024315
24,frailty,C,0,0.5,0,10,316,1600024316
24,frailty,C,0,0.5,0,10,317,1600024317
24,frailty,C,0,0.5,0,10,318,1600024318
24,frailty,C,0,0.5,0,10,319,1600024319
24,frailty,C,0,0.5,0,10,320,1600024320
24,frailty,C,0,0.5,0,10,321,1600024321
24,frailty,C,0,0.5,0,10,322,1600024322
24,frailty,C,0,0.5,0,10,323,1600024323
24,frailty,C,0,0.5,0,10,324,1600024324
24,frailty,C,0,0.5,0,10,325,1600024325
24,frailty,C,0,0.5,0,10,326,1600024326
24,frailty,C,0,0.5,0,10,327,1600024327
24,frailty,C,0,0.5,0,10,328,1600024328
24,frailty,C,0,0.5,0,10,329,1600024329
24,frailty,C,0,0.5,0,10,330,1600024330
24,frailty,C,0,0.5,0,10,331,1600024331
24,frailty,C,0,0.5,0,10,332,1600024332
24,frailty,C,0,0.5,0,10,333,1600024333
24,frailty,C,0,0.5,0,10,334,1600024334
24,frailty,C,0,0.5,0,10,335,1600024335
24,frailty,C,0,0.5,0,10,336,1600024336
24,frailty,C,0,0.5,0,10,337,1600024337
24,frailty,C,0,0.5,0,10,338,1600024338
24,frailty,C,0,0.5,0,10,339,1600024339
24,frailty,C,0,0.5,0,10,340,1600024340
24,frailty,C,0,0.5,0,10,341,1600024341
24,frailty,C,0,0.5,0,10,342,1600024342
24,frailty,C,0,0.5,0,10,343,1600024343
24,frailty,C,0,0.5,0,10,344,1600024344
24,frailty,C,0,0.5,0,10,345,1600024345
24,frailty,C,0,0.5,0,10,346,1600024346
24,frailty,C,0,0.5,0,10,347,1600024347
24,frailty,C,0,0.5,0,10,348,1600024348
24,frailty,C,0,0.5,0,10,349,1600024349
24,frailty,C,0,0.5,0,10,350,1600024350
24,frailty,C,0,0.5,0,10,351,1600024351
24,frailty,C,0,0.5,0,10,352,1600024352
24,frailty,C,0,0.5,0,10,353,1600024353
24,frailty,C,0,0.5,0,10,354,1600024354
24,frailty,C,0,0.5,0,10,355,1600024355
24,frailty,C,0,0.5,0,10,356,1600024356
24,frailty,C,0,0.5,0,10,357,1600024357
24,frailty,C,0,0.5,0,10,358,1600024358
24,frailty,C,0,0.5,0,10,359,1600024359
24,frailty,C,0,0.5,0,10,360,1600024360
24,frailty,C,0,0.5,0,10,361,1600024361
24,frailty,C,0,0.5,0,10,362,1600024362
24,frailty,C,0,0.5,0,10,363,1600024363
24,frailty,C,0,0.5,0,10,364,1600024364
24,frailty,C,0,0.5,0,10,365,1600024365
24,frailty,C,0,0.5,0,10,366,1600024366
24,frailty,C,0,0.5,0,10,367,1600024367
24,frailty,C,0,0.5,0,10,368,1600024368
24,frailty,C,0,0.5,0,10,369,1600024369
24,frailty,C,0,0.5,0,10,370,1600024370
24,frailty,C,0,0.5,0,10,371,1600024371
24,frailty,C,0,0.5,0,10,372,1600024372
24,frailty,C,0,0.5,0,10,373,1600024373
24,frailty,C,0,0.5,0,10,374,1600024374
24,frailty,C,0,0.5,0,10,375,1600024375
24,frailty,C,0,0.5,0,10,376,1600024376
24,frailty,C,0,0.5,0,10,377,1600024377
24,frailty,C,0,0.5,0,10,378,1600024378
24,frailty,C,0,0.5,0,10,379,1600024379
24,frailty,C,0,0.5,0,10,380,1600024380
24,frailty,C,0,0.5,0,10,381,1600024381
24,frailty,C,0,0.5,0,10,382,1600024382
24,frailty,C,0,0.5,0,10,383,1600024383
24,frailty,C,0,0.5,0,10,384,1600024384
24,frailty,C,0,0.5,0,10,385,1600024385
24,frailty,C,0,0.5,0,10,386,1600024386
24,frailty,C,0,0.5,0,10,387,1600024387
24,frailty,C,0,0.5,0,10,388,1600024388
24,frailty,C,0,0.5,0,10,389,1600024389
24,frailty,C,0,0.5,0,10,390,1600024390
24,frailty,C,0,0.5,0,10,391,1600024391
24,frailty,C,0,0.5,0,10,392,1600024392
24,frailty,C,0,0.5,0,10,393,1600024393
24,frailty,C,0,0.5,0,10,394,1600024394
24,frailty,C,0,0.5,0,10,395,1600024395
24,frailty,C,0,0.5,0,10,396,1600024396
24,frailty,C,0,0.5,0,10,397,1600024397
24,frailty,C,0,0.5,0,10,398,1600024398
24,frailty,C,0,0.5,0,10,399,1600024399
24,frailty,C,0,0.5,0,10,400,1600024400
24,frailty,C,0,0.5,0,10,401,1600024401
24,frailty,C,0,0.5,0,10,402,1600024402
24,frailty,C,0,0.5,0,10,403,1600024403
24,frailty,C,0,0.5,0,10,404,1600024404
24,frailty,C,0,0.5,0,10,405,1600024405
24,frailty,C,0,0.5,0,10,406,1600024406
24,frailty,C,0,0.5,0,10,407,1600024407
24,frailty,C,0,0.5,0,10,408,1600024408
24,frailty,C,0,0.5,0,10,409,1600024409
24,frailty,C,0,0.5,0,10,410,1600024410
24,frailty,C,0,0.5,0,10,411,1600024411
24,frailty,C,0,0.5,0,10,412,1600024412
24,frailty,C,0,0.5,0,10,413,1600024413
24,frailty,C,0,0.5,0,10,414,1600024414
24,frailty,C,0,0.5,0,10,415,1600024415
24,frailty,C,0,0.5,0,10,416,1600024416
24,frailty,C,0,0.5,0,10,417,1600024417
24,frailty,C,0,0.5,0,10,418,1600024418
24,frailty,C,0,0.5,0,10,419,1600024419
24,frailty,C,0,0.5,0,10,420,1600024420
24,frailty,C,0,0.5,0,10,421,1600024421
24,frailty,C,0,0.5,0,10,422,1600024422
24,frailty,C,0,0.5,0,10,423,1600024423
24,frailty,C,0,0.5,0,10,424,1600024424
24,frailty,C,0,0.5,0,10,425,1600024425
24,frailty,C,0,0.5,0,10,426,1600024426
24,frailty,C,0,0.5,0,10,427,1600024427
24,frailty,C,0,0.5,0,10,428,1600024428
24,frailty,C,0,0.5,0,10,429,1600024429
24,frailty,C,0,0.5,0,10,430,1600024430
24,frailty,C,0,0.5,0,10,431,1600024431
24,frailty,C,0,0.5,0,10,432,1600024432
24,frailty,C,0,0.5,0,10,433,1600024433
24,frailty,C,0,0.5,0,10,434,1600024434
24,frailty,C,0,0.5,0,10,435,1600024435
24,frailty,C,0,0.5,0,10,436,1600024436
24,frailty,C,0,0.5,0,10,437,1600024437
24,frailty,C,0,0.5,0,10,438,1600024438
24,frailty,C,0,0.5,0,10,439,1600024439
24,frailty,C,0,0.5,0,10,440,1600024440
24,frailty,C,0,0.5,0,10,441,1600024441
24,frailty,C,0,0.5,0,10,442,1600024442
24,frailty,C,0,0.5,0,10,443,1600024443
24,frailty,C,0,0.5,0,10,444,1600024444
24,frailty,C,0,0.5,0,10,445,1600024445
24,frailty,C,0,0.5,0,10,446,1600024446
24,frailty,C,0,0.5,0,10,447,1600024447
24,frailty,C,0,0.5,0,10,448,1600024448
24,frailty,C,0,0.5,0,10,449,1600024449
24,frailty,C,0,0.5,0,10,450,1600024450
24,frailty,C,0,0.5,0,10,451,1600024451
24,frailty,C,0,0.5,0,10,452,1600024452
24,frailty,C,0,0.5,0,10,453,1600024453
24,frailty,C,0,0.5,0,10,454,1600024454
24,frailty,C,0,0.5,0,10,455,1600024455
24,frailty,C,0,0.5,0,10,456,1600024456
24,frailty,C,0,0.5,0,10,457,1600024457
24,frailty,C,0,0.5,0,10,458,1600024458
24,frailty,C,0,0.5,0,10,459,1600024459
24,frailty,C,0,0.5,0,10,460,1600024460
24,frailty,C,0,0.5,0,10,461,1600024461
24,frailty,C,0,0.5,0,10,462,1600024462
24,frailty,C,0,0.5,0,10,463,1600024463
24,frailty,C,0,0.5,0,10,464,1600024464
24,frailty,C,0,0.5,0,10,465,1600024465
24,frailty,C,0,0.5,0,10,466,1600024466
24,frailty,C,0,0.5,0,10,467,1600024467
24,frailty,C,0,0.5,0,10,468,1600024468
24,frailty,C,0,0.5,0,10,469,1600024469
24,frailty,C,0,0.5,0,10,470,1600024470
24,frailty,C,0,0.5,0,10,471,1600024471
24,frailty,C,0,0.5,0,10,472,1600024472
24,frailty,C,0,0.5,0,10,473,1600024473
24,frailty,C,0,0.5,0,10,474,1600024474
24,frailty,C,0,0.5,0,10,475,1600024475
24,frailty,C,0,0.5,0,10,476,1600024476
24,frailty,C,0,0.5,0,10,477,1600024477
24,frailty,C,0,0.5,0,10,478,1600024478
24,frailty,C,0,0.5,0,10,479,1600024479
24,frailty,C,0,0.5,0,10,480,1600024480
24,frailty,C,0,0.5,0,10,481,1600024481
24,frailty,C,0,0.5,0,10,482,1600024482
24,frailty,C,0,0.5,0,10,483,1600024483
24,frailty,C,0,0.5,0,10,484,1600024484
24,frailty,C,0,0.5,0,10,485,1600024485
24,frailty,C,0,0.5,0,10,486,1600024486
24,frailty,C,0,0.5,0,10,487,1600024487
24,frailty,C,0,0.5,0,10,488,1600024488
24,frailty,C,0,0.5,0,10,489,1600024489
24,frailty,C,0,0.5,0,10,490,1600024490
24,frailty,C,0,0.5,0,10,491,1600024491
24,frailty,C,0,0.5,0,10,492,1600024492
24,frailty,C,0,0.5,0,10,493,1600024493
24,frailty,C,0,0.5,0,10,494,1600024494
24,frailty,C,0,0.5,0,10,495,1600024495
24,frailty,C,0,0.5,0,10,496,1600024496
24,frailty,C,0,0.5,0,10,497,1600024497
24,frailty,C,0,0.5,0,10,498,1600024498
24,frailty,C,0,0.5,0,10,499,1600024499
24,frailty,C,0,0.5,0,10,500,1600024500
24,frailty,C,0,0.5,0,10,501,1600024501
24,frailty,C,0,0.5,0,10,502,1600024502
24,frailty,C,0,0.5,0,10,503,1600024503
24,frailty,C,0,0.5,0,10,504,1600024504
24,frailty,C,0,0.5,0,10,505,1600024505
24,frailty,C,0,0.5,0,10,506,1600024506
24,frailty,C,0,0.5,0,10,507,1600024507
24,frailty,C,0,0.5,0,10,508,1600024508
24,frailty,C,0,0.5,0,10,509,1600024509
24,frailty,C,0,0.5,0,10,510,1600024510
24,frailty,C,0,0.5,0,10,511,1600024511
24,frailty,C,0,0.5,0,10,512,1600024512
24,frailty,C,0,0.5,0,10,513,1600024513
24,frailty,C,0,0.5,0,10,514,1600024514
24,frailty,C,0,0.5,0,10,515,1600024515
24,frailty,C,0,0.5,0,10,516,1600024516
24,frailty,C,0,0.5,0,10,517,1600024517
24,frailty,C,0,0.5,0,10,518,1600024518
24,frailty,C,0,0.5,0,10,519,1600024519
24,frailty,C,0,0.5,0,10,520,1600024520
24,frailty,C,0,0.5,0,10,521,1600024521
24,frailty,C,0,0.5,0,10,522,1600024522
24,frailty,C,0,0.5,0,10,523,1600024523
24,frailty,C,0,0.5,0,10,524,1600024524
24,frailty,C,0,0.5,0,10,525,1600024525
24,frailty,C,0,0.5,0,10,526,1600024526
24,frailty,C,0,0.5,0,10,527,1600024527
24,frailty,C,0,0.5,0,10,528,1600024528
24,frailty,C,0,0.5,0,10,529,1600024529
24,frailty,C,0,0.5,0,10,530,1600024530
24,frailty,C,0,0.5,0,10,531,1600024531
24,frailty,C,0,0.5,0,10,532,1600024532
24,frailty,C,0,0.5,0,10,533,1600024533
24,frailty,C,0,0.5,0,10,534,1600024534
24,frailty,C,0,0.5,0,10,535,1600024535
24,frailty,C,0,0.5,0,10,536,1600024536
24,frailty,C,0,0.5,0,10,537,1600024537
24,frailty,C,0,0.5,0,10,538,1600024538
24,frailty,C,0,0.5,0,10,539,1600024539
24,frailty,C,0,0.5,0,10,540,1600024540
24,frailty,C,0,0.5,0,10,541,1600024541
24,frailty,C,0,0.5,0,10,542,1600024542
24,frailty,C,0,0.5,0,10,543,1600024543
24,frailty,C,0,0.5,0,10,544,1600024544
24,frailty,C,0,0.5,0,10,545,1600024545
24,frailty,C,0,0.5,0,10,546,1600024546
24,frailty,C,0,0.5,0,10,547,1600024547
24,frailty,C,0,0.5,0,10,548,1600024548
24,frailty,C,0,0.5,0,10,549,1600024549
24,frailty,C,0,0.5,0,10,550,1600024550
24,frailty,C,0,0.5,0,10,551,1600024551
24,frailty,C,0,0.5,0,10,552,1600024552
24,frailty,C,0,0.5,0,10,553,1600024553
24,frailty,C,0,0.5,0,10,554,1600024554
24,frailty,C,0,0.5,0,10,555,1600024555
24,frailty,C,0,0.5,0,10,556,1600024556
24,frailty,C,0,0.5,0,10,557,1600024557
24,frailty,C,0,0.5,0,10,558,1600024558
24,frailty,C,0,0.5,0,10,559,1600024559
24,frailty,C,0,0.5,0,10,560,1600024560
24,frailty,C,0,0.5,0,10,561,1600024561
24,frailty,C,0,0.5,0,10,562,1600024562
24,frailty,C,0,0.5,0,10,563,1600024563
24,frailty,C,0,0.5,0,10,564,1600024564
24,frailty,C,0,0.5,0,10,565,1600024565
24,frailty,C,0,0.5,0,10,566,1600024566
24,frailty,C,0,0.5,0,10,567,1600024567
24,frailty,C,0,0.5,0,10,568,1600024568
24,frailty,C,0,0.5,0,10,569,1600024569
24,frailty,C,0,0.5,0,10,570,1600024570
24,frailty,C,0,0.5,0,10,571,1600024571
24,frailty,C,0,0.5,0,10,572,1600024572
24,frailty,C,0,0.5,0,10,573,1600024573
24,frailty,C,0,0.5,0,10,574,1600024574
24,frailty,C,0,0.5,0,10,575,1600024575
24,frailty,C,0,0.5,0,10,576,1600024576
24,frailty,C,0,0.5,0,10,577,1600024577
24,frailty,C,0,0.5,0,10,578,1600024578
24,frailty,C,0,0.5,0,10,579,1600024579
24,frailty,C,0,0.5,0,10,580,1600024580
24,frailty,C,0,0.5,0,10,581,1600024581
24,frailty,C,0,0.5,0,10,582,1600024582
24,frailty,C,0,0.5,0,10,583,1600024583
24,frailty,C,0,0.5,0,10,584,1600024584
24,frailty,C,0,0.5,0,10,585,1600024585
24,frailty,C,0,0.5,0,10,586,1600024586
24,frailty,C,0,0.5,0,10,587,1600024587
24,frailty,C,0,0.5,0,10,588,1600024588
24,frailty,C,0,0.5,0,10,589,1600024589
24,frailty,C,0,0.5,0,10,590,1600024590
24,frailty,C,0,0.5,0,10,591,1600024591
24,frailty,C,0,0.5,0,10,592,1600024592
24,frailty,C,0,0.5,0,10,593,1600024593
24,frailty,C,0,0.5,0,10,594,1600024594
24,frailty,C,0,0.5,0,10,595,1600024595
24,frailty,C,0,0.5,0,10,596,1600024596
24,frailty,C,0,0.5,0,10,597,1600024597
24,frailty,C,0,0.5,0,10,598,1600024598
24,frailty,C,0,0.5,0,10,599,1600024599
24,frailty,C,0,0.5,0,10,600,1600024600
24,frailty,C,0,0.5,0,10,601,1600024601
24,frailty,C,0,0.5,0,10,602,1600024602
24,frailty,C,0,0.5,0,10,603,1600024603
24,frailty,C,0,0.5,0,10,604,1600024604
24,frailty,C,0,0.5,0,10,605,1600024605
24,frailty,C,0,0.5,0,10,606,1600024606
24,frailty,C,0,0.5,0,10,607,1600024607
24,frailty,C,0,0.5,0,10,608,1600024608
24,frailty,C,0,0.5,0,10,609,1600024609
24,frailty,C,0,0.5,0,10,610,1600024610
24,frailty,C,0,0.5,0,10,611,1600024611
24,frailty,C,0,0.5,0,10,612,1600024612
24,frailty,C,0,0.5,0,10,613,1600024613
24,frailty,C,0,0.5,0,10,614,1600024614
24,frailty,C,0,0.5,0,10,615,1600024615
24,frailty,C,0,0.5,0,10,616,1600024616
24,frailty,C,0,0.5,0,10,617,1600024617
24,frailty,C,0,0.5,0,10,618,1600024618
24,frailty,C,0,0.5,0,10,619,1600024619
24,frailty,C,0,0.5,0,10,620,1600024620
24,frailty,C,0,0.5,0,10,621,1600024621
24,frailty,C,0,0.5,0,10,622,1600024622
24,frailty,C,0,0.5,0,10,623,1600024623
24,frailty,C,0,0.5,0,10,624,1600024624
24,frailty,C,0,0.5,0,10,625,1600024625
24,frailty,C,0,0.5,0,10,626,1600024626
24,frailty,C,0,0.5,0,10,627,1600024627
24,frailty,C,0,0.5,0,10,628,1600024628
24,frailty,C,0,0.5,0,10,629,1600024629
24,frailty,C,0,0.5,0,10,630,1600024630
24,frailty,C,0,0.5,0,10,631,1600024631
24,frailty,C,0,0.5,0,10,632,1600024632
24,frailty,C,0,0.5,0,10,633,1600024633
24,frailty,C,0,0.5,0,10,634,1600024634
24,frailty,C,0,0.5,0,10,635,1600024635
24,frailty,C,0,0.5,0,10,636,1600024636
24,frailty,C,0,0.5,0,10,637,1600024637
24,frailty,C,0,0.5,0,10,638,1600024638
24,frailty,C,0,0.5,0,10,639,1600024639
24,frailty,C,0,0.5,0,10,640,1600024640
24,frailty,C,0,0.5,0,10,641,1600024641
24,frailty,C,0,0.5,0,10,642,1600024642
24,frailty,C,0,0.5,0,10,643,1600024643
24,frailty,C,0,0.5,0,10,644,1600024644
24,frailty,C,0,0.5,0,10,645,1600024645
24,frailty,C,0,0.5,0,10,646,1600024646
24,frailty,C,0,0.5,0,10,647,1600024647
24,frailty,C,0,0.5,0,10,648,1600024648
24,frailty,C,0,0.5,0,10,649,1600024649
24,frailty,C,0,0.5,0,10,650,1600024650
24,frailty,C,0,0.5,0,10,651,1600024651
24,frailty,C,0,0.5,0,10,652,1600024652
24,frailty,C,0,0.5,0,10,653,1600024653
24,frailty,C,0,0.5,0,10,654,1600024654
24,frailty,C,0,0.5,0,10,655,1600024655
24,frailty,C,0,0.5,0,10,656,1600024656
24,frailty,C,0,0.5,0,10,657,1600024657
24,frailty,C,0,0.5,0,10,658,1600024658
24,frailty,C,0,0.5,0,10,659,1600024659
24,frailty,C,0,0.5,0,10,660,1600024660
24,frailty,C,0,0.5,0,10,661,1600024661
24,frailty,C,0,0.5,0,10,662,1600024662
24,frailty,C,0,0.5,0,10,663,1600024663
24,frailty,C,0,0.5,0,10,664,1600024664
24,frailty,C,0,0.5,0,10,665,1600024665
24,frailty,C,0,0.5,0,10,666,1600024666
24,frailty,C,0,0.5,0,10,667,1600024667
24,frailty,C,0,0.5,0,10,668,1600024668
24,frailty,C,0,0.5,0,10,669,1600024669
24,frailty,C,0,0.5,0,10,670,1600024670
24,frailty,C,0,0.5,0,10,671,1600024671
24,frailty,C,0,0.5,0,10,672,1600024672
24,frailty,C,0,0.5,0,10,673,1600024673
24,frailty,C,0,0.5,0,10,674,1600024674
24,frailty,C,0,0.5,0,10,675,1600024675
24,frailty,C,0,0.5,0,10,676,1600024676
24,frailty,C,0,0.5,0,10,677,1600024677
24,frailty,C,0,0.5,0,10,678,1600024678
24,frailty,C,0,0.5,0,10,679,1600024679
24,frailty,C,0,0.5,0,10,680,1600024680
24,frailty,C,0,0.5,0,10,681,1600024681
24,frailty,C,0,0.5,0,10,682,1600024682
24,frailty,C,0,0.5,0,10,683,1600024683
24,frailty,C,0,0.5,0,10,684,1600024684
24,frailty,C,0,0.5,0,10,685,1600024685
24,frailty,C,0,0.5,0,10,686,1600024686
24,frailty,C,0,0.5,0,10,687,1600024687
24,frailty,C,0,0.5,0,10,688,1600024688
24,frailty,C,0,0.5,0,10,689,1600024689
24,frailty,C,0,0.5,0,10,690,1600024690
24,frailty,C,0,0.5,0,10,691,1600024691
24,frailty,C,0,0.5,0,10,692,1600024692
24,frailty,C,0,0.5,0,10,693,1600024693
24,frailty,C,0,0.5,0,10,694,1600024694
24,frailty,C,0,0.5,0,10,695,1600024695
24,frailty,C,0,0.5,0,10,696,1600024696
24,frailty,C,0,0.5,0,10,697,1600024697
24,frailty,C,0,0.5,0,10,698,1600024698
24,frailty,C,0,0.5,0,10,699,1600024699
24,frailty,C,0,0.5,0,10,700,1600024700
24,frailty,C,0,0.5,0,10,701,1600024701
24,frailty,C,0,0.5,0,10,702,1600024702
24,frailty,C,0,0.5,0,10,703,1600024703
24,frailty,C,0,0.5,0,10,704,1600024704
24,frailty,C,0,0.5,0,10,705,1600024705
24,frailty,C,0,0.5,0,10,706,1600024706
24,frailty,C,0,0.5,0,10,707,1600024707
24,frailty,C,0,0.5,0,10,708,1600024708
24,frailty,C,0,0.5,0,10,709,1600024709
24,frailty,C,0,0.5,0,10,710,1600024710
24,frailty,C,0,0.5,0,10,711,1600024711
24,frailty,C,0,0.5,0,10,712,1600024712
24,frailty,C,0,0.5,0,10,713,1600024713
24,frailty,C,0,0.5,0,10,714,1600024714
24,frailty,C,0,0.5,0,10,715,1600024715
24,frailty,C,0,0.5,0,10,716,1600024716
24,frailty,C,0,0.5,0,10,717,1600024717
24,frailty,C,0,0.5,0,10,718,1600024718
24,frailty,C,0,0.5,0,10,719,1600024719
24,frailty,C,0,0.5,0,10,720,1600024720
24,frailty,C,0,0.5,0,10,721,1600024721
24,frailty,C,0,0.5,0,10,722,1600024722
24,frailty,C,0,0.5,0,10,723,1600024723
24,frailty,C,0,0.5,0,10,724,1600024724
24,frailty,C,0,0.5,0,10,725,1600024725
24,frailty,C,0,0.5,0,10,726,1600024726
24,frailty,C,0,0.5,0,10,727,1600024727
24,frailty,C,0,0.5,0,10,728,1600024728
24,frailty,C,0,0.5,0,10,729,1600024729
24,frailty,C,0,0.5,0,10,730,1600024730
24,frailty,C,0,0.5,0,10,731,1600024731
24,frailty,C,0,0.5,0,10,732,1600024732
24,frailty,C,0,0.5,0,10,733,1600024733
24,frailty,C,0,0.5,0,10,734,1600024734
24,frailty,C,0,0.5,0,10,735,1600024735
24,frailty,C,0,0.5,0,10,736,1600024736
24,frailty,C,0,0.5,0,10,737,1600024737
24,frailty,C,0,0.5,0,10,738,1600024738
24,frailty,C,0,0.5,0,10,739,1600024739
24,frailty,C,0,0.5,0,10,740,1600024740
24,frailty,C,0,0.5,0,10,741,1600024741
24,frailty,C,0,0.5,0,10,742,1600024742
24,frailty,C,0,0.5,0,10,743,1600024743
24,frailty,C,0,0.5,0,10,744,1600024744
24,frailty,C,0,0.5,0,10,745,1600024745
24,frailty,C,0,0.5,0,10,746,1600024746
24,frailty,C,0,0.5,0,10,747,1600024747
24,frailty,C,0,0.5,0,10,748,1600024748
24,frailty,C,0,0.5,0,10,749,1600024749
24,frailty,C,0,0.5,0,10,750,1600024750
24,frailty,C,0,0.5,0,10,751,1600024751
24,frailty,C,0,0.5,0,10,752,1600024752
24,frailty,C,0,0.5,0,10,753,1600024753
24,frailty,C,0,0.5,0,10,754,1600024754
24,frailty,C,0,0.5,0,10,755,1600024755
24,frailty,C,0,0.5,0,10,756,1600024756
24,frailty,C,0,0.5,0,10,757,1600024757
24,frailty,C,0,0.5,0,10,758,1600024758
24,frailty,C,0,0.5,0,10,759,1600024759
24,frailty,C,0,0.5,0,10,760,1600024760
24,frailty,C,0,0.5,0,10,761,1600024761
24,frailty,C,0,0.5,0,10,762,1600024762
24,frailty,C,0,0.5,0,10,763,1600024763
24,frailty,C,0,0.5,0,10,764,1600024764
24,frailty,C,0,0.5,0,10,765,1600024765
24,frailty,C,0,0.5,0,10,766,1600024766
24,frailty,C,0,0.5,0,10,767,1600024767
24,frailty,C,0,0.5,0,10,768,1600024768
24,frailty,C,0,0.5,0,10,769,1600024769
24,frailty,C,0,0.5,0,10,770,1600024770
24,frailty,C,0,0.5,0,10,771,1600024771
24,frailty,C,0,0.5,0,10,772,1600024772
24,frailty,C,0,0.5,0,10,773,1600024773
24,frailty,C,0,0.5,0,10,774,1600024774
24,frailty,C,0,0.5,0,10,775,1600024775
24,frailty,C,0,0.5,0,10,776,1600024776
24,frailty,C,0,0.5,0,10,777,1600024777
24,frailty,C,0,0.5,0,10,778,1600024778
24,frailty,C,0,0.5,0,10,779,1600024779
24,frailty,C,0,0.5,0,10,780,1600024780
24,frailty,C,0,0.5,0,10,781,1600024781
24,frailty,C,0,0.5,0,10,782,1600024782
24,frailty,C,0,0.5,0,10,783,1600024783
24,frailty,C,0,0.5,0,10,784,1600024784
24,frailty,C,0,0.5,0,10,785,1600024785
24,frailty,C,0,0.5,0,10,786,1600024786
24,frailty,C,0,0.5,0,10,787,1600024787
24,frailty,C,0,0.5,0,10,788,1600024788
24,frailty,C,0,0.5,0,10,789,1600024789
24,frailty,C,0,0.5,0,10,790,1600024790
24,frailty,C,0,0.5,0,10,791,1600024791
24,frailty,C,0,0.5,0,10,792,1600024792
24,frailty,C,0,0.5,0,10,793,1600024793
24,frailty,C,0,0.5,0,10,794,1600024794
24,frailty,C,0,0.5,0,10,795,1600024795
24,frailty,C,0,0.5,0,10,796,1600024796
24,frailty,C,0,0.5,0,10,797,1600024797
24,frailty,C,0,0.5,0,10,798,1600024798
24,frailty,C,0,0.5,0,10,799,1600024799
24,frailty,C,0,0.5,0,10,800,1600024800
24,frailty,C,0,0.5,0,10,801,1600024801
24,frailty,C,0,0.5,0,10,802,1600024802
24,frailty,C,0,0.5,0,10,803,1600024803
24,frailty,C,0,0.5,0,10,804,1600024804
24,frailty,C,0,0.5,0,10,805,1600024805
24,frailty,C,0,0.5,0,10,806,1600024806
24,frailty,C,0,0.5,0,10,807,1600024807
24,frailty,C,0,0.5,0,10,808,1600024808
24,frailty,C,0,0.5,0,10,809,1600024809
24,frailty,C,0,0.5,0,10,810,1600024810
24,frailty,C,0,0.5,0,10,811,1600024811
24,frailty,C,0,0.5,0,10,812,1600024812
24,frailty,C,0,0.5,0,10,813,1600024813
24,frailty,C,0,0.5,0,10,814,1600024814
24,frailty,C,0,0.5,0,10,815,1600024815
24,frailty,C,0,0.5,0,10,816,1600024816
24,frailty,C,0,0.5,0,10,817,1600024817
24,frailty,C,0,0.5,0,10,818,1600024818
24,frailty,C,0,0.5,0,10,819,1600024819
24,frailty,C,0,0.5,0,10,820,1600024820
24,frailty,C,0,0.5,0,10,821,1600024821
24,frailty,C,0,0.5,0,10,822,1600024822
24,frailty,C,0,0.5,0,10,823,1600024823
24,frailty,C,0,0.5,0,10,824,1600024824
24,frailty,C,0,0.5,0,10,825,1600024825
24,frailty,C,0,0.5,0,10,826,1600024826
24,frailty,C,0,0.5,0,10,827,1600024827
24,frailty,C,0,0.5,0,10,828,1600024828
24,frailty,C,0,0.5,0,10,829,1600024829
24,frailty,C,0,0.5,0,10,830,1600024830
24,frailty,C,0,0.5,0,10,831,1600024831
24,frailty,C,0,0.5,0,10,832,1600024832
24,frailty,C,0,0.5,0,10,833,1600024833
24,frailty,C,0,0.5,0,10,834,1600024834
24,frailty,C,0,0.5,0,10,835,1600024835
24,frailty,C,0,0.5,0,10,836,1600024836
24,frailty,C,0,0.5,0,10,837,1600024837
24,frailty,C,0,0.5,0,10,838,1600024838
24,frailty,C,0,0.5,0,10,839,1600024839
24,frailty,C,0,0.5,0,10,840,1600024840
24,frailty,C,0,0.5,0,10,841,1600024841
24,frailty,C,0,0.5,0,10,842,1600024842
24,frailty,C,0,0.5,0,10,843,1600024843
24,frailty,C,0,0.5,0,10,844,1600024844
24,frailty,C,0,0.5,0,10,845,1600024845
24,frailty,C,0,0.5,0,10,846,1600024846
24,frailty,C,0,0.5,0,10,847,1600024847
24,frailty,C,0,0.5,0,10,848,1600024848
24,frailty,C,0,0.5,0,10,849,1600024849
24,frailty,C,0,0.5,0,10,850,1600024850
24,frailty,C,0,0.5,0,10,851,1600024851
24,frailty,C,0,0.5,0,10,852,1600024852
24,frailty,C,0,0.5,0,10,853,1600024853
24,frailty,C,0,0.5,0,10,854,1600024854
24,frailty,C,0,0.5,0,10,855,1600024855
24,frailty,C,0,0.5,0,10,856,1600024856
24,frailty,C,0,0.5,0,10,857,1600024857
24,frailty,C,0,0.5,0,10,858,1600024858
24,frailty,C,0,0.5,0,10,859,1600024859
24,frailty,C,0,0.5,0,10,860,1600024860
24,frailty,C,0,0.5,0,10,861,1600024861
24,frailty,C,0,0.5,0,10,862,1600024862
24,frailty,C,0,0.5,0,10,863,1600024863
24,frailty,C,0,0.5,0,10,864,1600024864
24,frailty,C,0,0.5,0,10,865,1600024865
24,frailty,C,0,0.5,0,10,866,1600024866
24,frailty,C,0,0.5,0,10,867,1600024867
24,frailty,C,0,0.5,0,10,868,1600024868
24,frailty,C,0,0.5,0,10,869,1600024869
24,frailty,C,0,0.5,0,10,870,1600024870
24,frailty,C,0,0.5,0,10,871,1600024871
24,frailty,C,0,0.5,0,10,872,1600024872
24,frailty,C,0,0.5,0,10,873,1600024873
24,frailty,C,0,0.5,0,10,874,1600024874
24,frailty,C,0,0.5,0,10,875,1600024875
24,frailty,C,0,0.5,0,10,876,1600024876
24,frailty,C,0,0.5,0,10,877,1600024877
24,frailty,C,0,0.5,0,10,878,1600024878
24,frailty,C,0,0.5,0,10,879,1600024879
24,frailty,C,0,0.5,0,10,880,1600024880
24,frailty,C,0,0.5,0,10,881,1600024881
24,frailty,C,0,0.5,0,10,882,1600024882
24,frailty,C,0,0.5,0,10,883,1600024883
24,frailty,C,0,0.5,0,10,884,1600024884
24,frailty,C,0,0.5,0,10,885,1600024885
24,frailty,C,0,0.5,0,10,886,1600024886
24,frailty,C,0,0.5,0,10,887,1600024887
24,frailty,C,0,0.5,0,10,888,1600024888
24,frailty,C,0,0.5,0,10,889,1600024889
24,frailty,C,0,0.5,0,10,890,1600024890
24,frailty,C,0,0.5,0,10,891,1600024891
24,frailty,C,0,0.5,0,10,892,1600024892
24,frailty,C,0,0.5,0,10,893,1600024893
24,frailty,C,0,0.5,0,10,894,1600024894
24,frailty,C,0,0.5,0,10,895,1600024895
24,frailty,C,0,0.5,0,10,896,1600024896
24,frailty,C,0,0.5,0,10,897,1600024897
24,frailty,C,0,0.5,0,10,898,1600024898
24,frailty,C,0,0.5,0,10,899,1600024899
24,frailty,C,0,0.5,0,10,900,1600024900
24,frailty,C,0,0.5,0,10,901,1600024901
24,frailty,C,0,0.5,0,10,902,1600024902
24,frailty,C,0,0.5,0,10,903,1600024903
24,frailty,C,0,0.5,0,10,904,1600024904
24,frailty,C,0,0.5,0,10,905,1600024905
24,frailty,C,0,0.5,0,10,906,1600024906
24,frailty,C,0,0.5,0,10,907,1600024907
24,frailty,C,0,0.5,0,10,908,1600024908
24,frailty,C,0,0.5,0,10,909,1600024909
24,frailty,C,0,0.5,0,10,910,1600024910
24,frailty,C,0,0.5,0,10,911,1600024911
24,frailty,C,0,0.5,0,10,912,1600024912
24,frailty,C,0,0.5,0,10,913,1600024913
24,frailty,C,0,0.5,0,10,914,1600024914
24,frailty,C,0,0.5,0,10,915,1600024915
24,frailty,C,0,0.5,0,10,916,1600024916
24,frailty,C,0,0.5,0,10,917,1600024917
24,frailty,C,0,0.5,0,10,918,1600024918
24,frailty,C,0,0.5,0,10,919,1600024919
24,frailty,C,0,0.5,0,10,920,1600024920
24,frailty,C,0,0.5,0,10,921,1600024921
24,frailty,C,0,0.5,0,10,922,1600024922
24,frailty,C,0,0.5,0,10,923,1600024923
24,frailty,C,0,0.5,0,10,924,1600024924
24,frailty,C,0,0.5,0,10,925,1600024925
24,frailty,C,0,0.5,0,10,926,1600024926
24,frailty,C,0,0.5,0,10,927,1600024927
24,frailty,C,0,0.5,0,10,928,1600024928
24,frailty,C,0,0.5,0,10,929,1600024929
24,frailty,C,0,0.5,0,10,930,1600024930
24,frailty,C,0,0.5,0,10,931,1600024931
24,frailty,C,0,0.5,0,10,932,1600024932
24,frailty,C,0,0.5,0,10,933,1600024933
24,frailty,C,0,0.5,0,10,934,1600024934
24,frailty,C,0,0.5,0,10,935,1600024935
24,frailty,C,0,0.5,0,10,936,1600024936
24,frailty,C,0,0.5,0,10,937,1600024937
24,frailty,C,0,0.5,0,10,938,1600024938
24,frailty,C,0,0.5,0,10,939,1600024939
24,frailty,C,0,0.5,0,10,940,1600024940
24,frailty,C,0,0.5,0,10,941,1600024941
24,frailty,C,0,0.5,0,10,942,1600024942
24,frailty,C,0,0.5,0,10,943,1600024943
24,frailty,C,0,0.5,0,10,944,1600024944
24,frailty,C,0,0.5,0,10,945,1600024945
24,frailty,C,0,0.5,0,10,946,1600024946
24,frailty,C,0,0.5,0,10,947,1600024947
24,frailty,C,0,0.5,0,10,948,1600024948
24,frailty,C,0,0.5,0,10,949,1600024949
24,frailty,C,0,0.5,0,10,950,1600024950
24,frailty,C,0,0.5,0,10,951,1600024951
24,frailty,C,0,0.5,0,10,952,1600024952
24,frailty,C,0,0.5,0,10,953,1600024953
24,frailty,C,0,0.5,0,10,954,1600024954
24,frailty,C,0,0.5,0,10,955,1600024955
24,frailty,C,0,0.5,0,10,956,1600024956
24,frailty,C,0,0.5,0,10,957,1600024957
24,frailty,C,0,0.5,0,10,958,1600024958
24,frailty,C,0,0.5,0,10,959,1600024959
24,frailty,C,0,0.5,0,10,960,1600024960
24,frailty,C,0,0.5,0,10,961,1600024961
24,frailty,C,0,0.5,0,10,962,1600024962
24,frailty,C,0,0.5,0,10,963,1600024963
24,frailty,C,0,0.5,0,10,964,1600024964
24,frailty,C,0,0.5,0,10,965,1600024965
24,frailty,C,0,0.5,0,10,966,1600024966
24,frailty,C,0,0.5,0,10,967,1600024967
24,frailty,C,0,0.5,0,10,968,1600024968
24,frailty,C,0,0.5,0,10,969,1600024969
24,frailty,C,0,0.5,0,10,970,1600024970
24,frailty,C,0,0.5,0,10,971,1600024971
24,frailty,C,0,0.5,0,10,972,1600024972
24,frailty,C,0,0.5,0,10,973,1600024973
24,frailty,C,0,0.5,0,10,974,1600024974
24,frailty,C,0,0.5,0,10,975,1600024975
24,frailty,C,0,0.5,0,10,976,1600024976
24,frailty,C,0,0.5,0,10,977,1600024977
24,frailty,C,0,0.5,0,10,978,1600024978
24,frailty,C,0,0.5,0,10,979,1600024979
24,frailty,C,0,0.5,0,10,980,1600024980
24,frailty,C,0,0.5,0,10,981,1600024981
24,frailty,C,0,0.5,0,10,982,1600024982
24,frailty,C,0,0.5,0,10,983,1600024983
24,frailty,C,0,0.5,0,10,984,1600024984
24,frailty,C,0,0.5,0,10,985,1600024985
24,frailty,C,0,0.5,0,10,986,1600024986
24,frailty,C,0,0.5,0,10,987,1600024987
24,frailty,C,0,0.5,0,10,988,1600024988
24,frailty,C,0,0.5,0,10,989,1600024989
24,frailty,C,0,0.5,0,10,990,1600024990
24,frailty,C,0,0.5,0,10,991,1600024991
24,frailty,C,0,0.5,0,10,992,1600024992
24,frailty,C,0,0.5,0,10,993,1600024993
24,frailty,C,0,0.5,0,10,994,1600024994
24,frailty,C,0,0.5,0,10,995,1600024995
24,frailty,C,0,0.5,0,10,996,1600024996
24,frailty,C,0,0.5,0,10,997,1600024997
24,frailty,C,0,0.5,0,10,998,1600024998
24,frailty,C,0,0.5,0,10,999,1600024999
24,frailty,C,0,0.5,0,10,1000,1600025000
