phase,regime,cell_id,method,gamma,theta,delta,landmark_interval,censoring_target,n,entry_sd,successful_replicates,bias,empirical_se,mean_estimated_se,se_ratio,coverage,coverage_mcse,power,power_mcse,mean_rows,mean_events,mean_subjects,mean_entry_x_correlation,mean_observed_censoring,mean_preentry_fraction_lm1,mean_preentry_fraction_lm2,mean_preentry_fraction_lm3,failed_replicates
focused,B,1,delayed,-4,0,0,4,0.3,750,0.25,1000,0.00211732426734074,0.127661159038554,0.122976966636002,0.963307614956426,0.944,0.00727076337120113,0.911,0.00900438781928011,1759.664,146.715,651.034,-0.997972752194338,0.301137333333333,0.149089534475045,0.020713156399375,0.00110641288161157,0
focused,B,1,naive,-4,0,0,4,0.3,750,0.25,1000,0.0168760415827973,0.124505562344425,0.119807678673167,0.962267680392764,0.941,0.00745110730026082,0.936,0.00773976743836661,1759.749,146.715,651.034,-0.997972752194338,0.301137333333333,0.149089534475045,0.020713156399375,0.00110641288161157,0
focused,B,1,strict,-4,0,0,4,0.3,750,0.25,1000,0.00220478166846682,0.130350557162079,0.126913871725916,0.973635053727544,0.942,0.00739161687318817,0.896,0.00965318600255895,1649.976,142.632,644.86,-0.997972752194338,0.301137333333333,0.149089534475045,0.020713156399375,0.00110641288161157,0
focused,B,2,delayed,-4,0,0,4,0.3,750,4,1000,-0.0121048606790533,0.119174524216019,0.125002231052485,1.04890060920992,0.964,0.00589101010014412,0.887,0.0100115433375679,1750.412,144.155,644.489,-0.705447752249375,0.299709333333333,0.242532361894329,0.0817851170000054,0.0181263282900119,0
focused,B,2,naive,-4,0,0,4,0.3,750,4,1000,0.0252466978329633,0.114827270841431,0.120379981961581,1.04835707649813,0.961,0.00612200947402077,0.953,0.00669260786241059,1754.343,144.155,644.489,-0.705447752249375,0.299709333333333,0.242532361894329,0.0817851170000054,0.0181263282900119,0
focused,B,2,strict,-4,0,0,4,0.3,750,4,1000,-0.0124532029361728,0.122738265063422,0.129523868538612,1.05528515065521,0.964,0.00589101010014412,0.861,0.0109397897603199,1540.688,134.927,626.672,-0.705447752249375,0.299709333333333,0.242532361894329,0.0817851170000054,0.0181263282900119,0
focused,B,3,delayed,-4,0,0,4,0.3,750,10,1000,-0.000697006361972164,0.131766224124007,0.130821821526091,0.992832741438909,0.938,0.00762600813007697,0.871,0.0105999528300837,1651.224,128.408,621.954,-0.358284394702667,0.302582666666667,0.371832372756638,0.244281759728304,0.141373486319284,0
focused,B,3,naive,-4,0,0,4,0.3,750,10,1000,0.0705657552386649,0.128657816940681,0.127963212494618,0.994601148514878,0.927,0.00822623850857729,0.965,0.00581162627841812,1717.802,128.408,621.954,-0.358284394702667,0.302582666666667,0.371832372756638,0.244281759728304,0.141373486319284,0
focused,B,3,strict,-4,0,0,4,0.3,750,10,1000,-0.000180287315966107,0.139835584260818,0.137890887935615,0.986092979583965,0.937,0.00768316341099159,0.831,0.0118506961820815,1272.61,111.251,539.381,-0.358284394702667,0.302582666666667,0.371832372756638,0.244281759728304,0.141373486319284,0
focused,B,4,delayed,-2,0,0,4,0.3,750,0.25,1000,-0.00329649769422672,0.121932559134404,0.118378832838379,0.970854984745232,0.942,0.00739161687318817,0.92,0.00857904423581089,1774.929,151.043,656.591,-0.991787559182212,0.292234666666667,0.0100135551611016,5.18215572863281e-06,0,0
focused,B,4,naive,-2,0,0,4,0.3,750,0.25,1000,-0.00297884916704133,0.121823816141482,0.118278038580228,0.970894216963811,0.943,0.00733150734842434,0.92,0.00857904423581089,1774.929,151.043,656.591,-0.991787559182212,0.292234666666667,0.0100135551611016,5.18215572863281e-06,0,0
focused,B,4,strict,-2,0,0,4,0.3,750,0.25,1000,-0.00393362696227756,0.122655448576155,0.118965306944929,0.96991457229122,0.942,0.00739161687318817,0.926,0.00827792244467173,1768.351,150.879,656.151,-0.991787559182212,0.292234666666667,0.0100135551611016,5.18215572863281e-06,0,0
focused,B,5,delayed,-2,0,0,4,0.3,750,4,1000,-0.00324265851303781,0.115921089152073,0.121152386511176,1.04512809012897,0.957,0.00641490451994416,0.928,0.00817410545564467,1760.576,147.118,649.391,-0.448034603121856,0.298872,0.162238485801585,0.0306293453071963,0.00294978710564138,0
focused,B,5,naive,-2,0,0,4,0.3,750,4,1000,0.0090409966225821,0.114913513526627,0.120190430571422,1.04592077017619,0.952,0.00675988165576884,0.942,0.00739161687318817,1760.895,147.118,649.391,-0.448034603121856,0.298872,0.162238485801585,0.0306293453071963,0.00294978710564138,0
focused,B,5,strict,-2,0,0,4,0.3,750,4,1000,-0.00430868837924279,0.1177224563942,0.123361844433668,1.04790409758852,0.952,0.00675988165576884,0.92,0.00857904423581089,1636.025,140.724,641.605,-0.448034603121856,0.298872,0.162238485801585,0.0306293453071963,0.00294978710564138,0
focused,B,6,delayed,-2,0,0,4,0.3,750,10,1000,0.00275441665406746,0.129452170093645,0.127618365775228,0.985834116824068,0.954,0.00662449998113065,0.884,0.0101264011376204,1668.806,130.983,624.39,-0.204541379494914,0.300806666666667,0.349667164702797,0.220601284469017,0.120499829241688,0
focused,B,6,naive,-2,0,0,4,0.3,750,10,1000,0.0387766204284457,0.128718070829942,0.126926727283868,0.986083200792837,0.945,0.00720936890441875,0.934,0.00785136930732468,1723.094,130.983,624.39,-0.204541379494914,0.300806666666667,0.349667164702797,0.220601284469017,0.120499829241688,0
focused,B,6,strict,-2,0,0,4,0.3,750,10,1000,0.00140855815230372,0.136127118019251,0.133874173972516,0.983449704368116,0.951,0.00682634602111555,0.84,0.0115931013969516,1314.826,113.686,552.549,-0.204541379494914,0.300806666666667,0.349667164702797,0.220601284469017,0.120499829241688,0
focused,B,7,delayed,-1,0,0,4,0.3,750,0.25,1000,-0.000504229835768717,0.120565976752429,0.119323732216861,0.98969655810844,0.94,0.00750999334220744,0.921,0.00852988862764339,1762.472,150.358,653.675,-0.968208642387504,0.301157333333333,1.51975683890579e-06,0,0,0
focused,B,7,naive,-1,0,0,4,0.3,750,0.25,1000,-0.000504229835768717,0.120565976752429,0.119323732216861,0.98969655810844,0.94,0.00750999334220744,0.921,0.00852988862764339,1762.472,150.358,653.675,-0.968208642387504,0.301157333333333,1.51975683890579e-06,0,0,0
focused,B,7,strict,-1,0,0,4,0.3,750,0.25,1000,-0.000504558272936274,0.120565682966254,0.119323902122586,0.989700378970888,0.94,0.00750999334220744,0.921,0.00852988862764339,1762.471,150.358,653.675,-0.968208642387504,0.301157333333333,1.51975683890579e-06,0,0,0
focused,B,8,delayed,-1,0,0,4,0.3,750,4,1000,0.00295470320441887,0.120558097496711,0.12002907037542,0.99561184912274,0.947,0.00708456067798138,0.929,0.00812151463706124,1757.816,148.423,649.493,-0.249206417760202,0.302609333333333,0.130779791872272,0.0188893436238839,0.00115022724480046,0
focused,B,8,naive,-1,0,0,4,0.3,750,4,1000,0.00826822930852642,0.120339929348043,0.119814582074587,0.995634472478894,0.947,0.00708456067798138,0.937,0.00768316341099159,1757.926,148.423,649.493,-0.249206417760202,0.302609333333333,0.130779791872272,0.0188893436238839,0.00115022724480046,0
focused,B,8,strict,-1,0,0,4,0.3,750,4,1000,0.00276528913755991,0.121800931523322,0.121737504336747,0.999479255324385,0.944,0.00727076337120113,0.927,0.00822623850857729,1661.337,142.45,643.337,-0.249206417760202,0.302609333333333,0.130779791872272,0.0188893436238839,0.00115022724480046,0
focused,B,9,delayed,-1,0,0,4,0.3,750,10,1000,0.00186481074834475,0.130914589687098,0.12826990462264,0.979798393205991,0.947,0.00708456067798138,0.874,0.010493998284734,1669.256,131.151,623.579,-0.123146037571921,0.304453333333333,0.338737568504448,0.210598896269581,0.113106320527916,0
focused,B,9,naive,-1,0,0,4,0.3,750,10,1000,0.0212922495070616,0.130587172967041,0.127994820233547,0.980148488748221,0.95,0.00689202437604511,0.9,0.00948683298050514,1719.411,131.151,623.579,-0.123146037571921,0.304453333333333,0.338737568504448,0.210598896269581,0.113106320527916,0
focused,B,9,strict,-1,0,0,4,0.3,750,10,1000,0.00239377999838455,0.137991015892108,0.13444123120728,0.974275247834951,0.947,0.00708456067798138,0.847,0.0113838042850358,1328.295,113.522,555.806,-0.123146037571921,0.304453333333333,0.338737568504448,0.210598896269581,0.113106320527916,0
focused,A,10,delayed,0,0,0,4,0.3,750,0.25,1000,0.0030566211078839,0.119443282851972,0.118832021979956,0.994882417349721,0.948,0.00702111102319284,0.928,0.00817410545564467,1764.788,151.297,653.602,-0.00150975912598191,0.299138666666667,0,0,0,0
focused,A,10,naive,0,0,0,4,0.3,750,0.25,1000,0.0030566211078839,0.119443282851972,0.118832021979956,0.994882417349721,0.948,0.00702111102319284,0.928,0.00817410545564467,1764.788,151.297,653.602,-0.00150975912598191,0.299138666666667,0,0,0,0
focused,A,10,strict,0,0,0,4,0.3,750,0.25,1000,0.0030566211078839,0.119443282851972,0.118832021979956,0.994882417349721,0.948,0.00702111102319284,0.928,0.00817410545564467,1764.788,151.297,653.602,-0.00150975912598191,0.299138666666667,0,0,0,0
focused,A,11,delayed,0,0,0,4,0.3,750,4,1000,0.00377627948594663,0.122674672762422,0.119483100452667,0.973983445499495,0.938,0.00762600813007697,0.92,0.00857904423581089,1759.982,149.071,649.836,-0.0149724921208938,0.300692,0.113942618768085,0.0141464653196615,0.000673323972829824,0
focused,A,11,naive,0,0,0,4,0.3,750,4,1000,0.00383978086313369,0.122685237134522,0.119496424206714,0.974008177330165,0.94,0.00750999334220744,0.92,0.00857904423581089,1760.034,149.071,649.836,-0.0149724921208938,0.300692,0.113942618768085,0.0141464653196615,0.000673323972829824,0
focused,A,11,strict,0,0,0,4,0.3,750,4,1000,0.00365211285071748,0.123751064523039,0.120656435186249,0.974993109362589,0.938,0.00762600813007697,0.921,0.00852988862764339,1677.356,143.254,644.503,-0.0149724921208938,0.300692,0.113942618768085,0.0141464653196615,0.000673323972829824,0
focused,A,12,delayed,0,0,0,4,0.3,750,10,1000,-0.000626367081388856,0.127769498131426,0.126572543079316,0.990631918653395,0.953,0.00669260786241059,0.889,0.00993373041711924,1681.813,133.828,626.585,-0.033459682013898,0.295086666666667,0.331090183123525,0.203841160159448,0.10844436341064,0
focused,A,12,naive,0,0,0,4,0.3,750,10,1000,0.00133514593542194,0.128324469092813,0.126654404635266,0.98698561179054,0.952,0.00675988165576884,0.887,0.0100115433375679,1730.097,133.828,626.585,-0.033459682013898,0.295086666666667,0.331090183123525,0.203841160159448,0.10844436341064,0
focused,A,12,strict,0,0,0,4,0.3,750,10,1000,-0.000799456676599179,0.137157975630815,0.132482578541363,0.965912320680235,0.948,0.00702111102319284,0.852,0.0112292475259921,1347.859,115.691,561.092,-0.033459682013898,0.295086666666667,0.331090183123525,0.203841160159448,0.10844436341064,0
confirmation,B,1,delayed,-4,0,0,2,0,500,0.25,1000,0.00501685229126979,0.155330061598986,0.147629602804842,0.95042518676118,0.942,0.00739161687318817,0.78,0.0130996183150503,1385.603,128.703,470.745,-0.997972902205934,0,0.138411812324739,0.0553585738511059,0.0179497068396277,0
confirmation,B,1,naive,-4,0,0,2,0,500,0.25,1000,0.0203238946723842,0.151054056442528,0.143388005958881,0.949249621862597,0.94,0.00750999334220744,0.833,0.01179453263169,1385.684,128.703,470.745,-0.997972902205934,0,0.138411812324739,0.0553585738511059,0.0179497068396277,0
confirmation,B,1,strict,-4,0,0,2,0,500,0.25,1000,0.000803648555728883,0.16089630124469,0.154323277232887,0.959147451116314,0.947,0.00708456067798138,0.743,0.0138185020895899,1286.824,125.026,462.273,-0.997972902205934,0,0.138411812324739,0.0553585738511059,0.0179497068396277,0
confirmation,B,2,delayed,-4,0,0,4,0,500,0.25,1000,-0.00481872769518506,0.135645083036034,0.131590467048192,0.9701086401579,0.939,0.00756828910652864,0.849,0.0113224997240009,1358.851,126.534,470.718,-0.997971684229768,0,0.136770202273635,0.0179597154401721,0.000954928460580743,0
confirmation,B,2,naive,-4,0,0,4,0,500,0.25,1000,0.00740415124122585,0.132694320900725,0.128684220206508,0.969779409796924,0.934,0.00785136930732468,0.881,0.0102390917565964,1358.907,126.534,470.718,-0.997971684229768,0,0.136770202273635,0.0179597154401721,0.000954928460580743,0
confirmation,B,2,strict,-4,0,0,4,0,500,0.25,1000,-0.00481859367105895,0.13867089712045,0.135087212928661,0.974156912039909,0.934,0.00785136930732468,0.836,0.0117091417277271,1285.985,123.582,469.425,-0.997971684229768,0,0.136770202273635,0.0179597154401721,0.000954928460580743,0
confirmation,B,3,delayed,-4,0,0,6,0,500,0.25,1000,0.00793098501347328,0.118308971144827,0.119970928801072,1.01404760467582,0.951,0.00682634602111555,0.939,0.00756828910652864,1334.252,123.519,470.853,-0.99796529253883,0,0.137172064451244,0.00467663080019392,1.90152857544875e-05,0
confirmation,B,3,naive,-4,0,0,6,0,500,0.25,1000,0.0190492181376485,0.116235371204091,0.117650663331918,1.01217608816633,0.945,0.00720936890441875,0.958,0.00634318531969546,1334.324,123.519,470.853,-0.99796529253883,0,0.137172064451244,0.00467663080019392,1.90152857544875e-05,0
confirmation,B,3,strict,-4,0,0,6,0,500,0.25,1000,0.00941037833972357,0.120513698024945,0.123658715819063,1.02609676614079,0.951,0.00682634602111555,0.928,0.00817410545564467,1267.646,120.799,469.41,-0.99796529253883,0,0.137172064451244,0.00467663080019392,1.90152857544875e-05,0
confirmation,B,4,delayed,-4,0,0,2,0.15,500,0.25,1000,0.00368224069695087,0.158624343762346,0.158682830134282,1.00036870993789,0.949,0.00695693898205238,0.717,0.0142446832186609,1301.355,113.704,450.247,-0.997960845497416,0.153184,0.143904337154609,0.058493804859761,0.0189712550008979,0
confirmation,B,4,naive,-4,0,0,2,0.15,500,0.25,1000,0.0207797015252254,0.153659651032576,0.153737428988499,1.00050617032773,0.951,0.00682634602111555,0.784,0.0130132240432569,1301.432,113.704,450.247,-0.997960845497416,0.153184,0.143904337154609,0.058493804859761,0.0189712550008979,0
confirmation,B,4,strict,-4,0,0,2,0.15,500,0.25,1000,0.00361316761182752,0.166595086820953,0.165828686764306,0.995399623894844,0.948,0.00702111102319284,0.698,0.0145188153786733,1203.355,110.027,441.377,-0.997960845497416,0.153184,0.143904337154609,0.058493804859761,0.0189712550008979,0
confirmation,B,5,delayed,-4,0,0,4,0.15,500,0.25,1000,0.00765142359680526,0.14604196588627,0.140670119969266,0.963217107600518,0.94,0.00750999334220744,0.817,0.0122274690758145,1270.79,111.61,453.917,-0.99797162441324,0.152744,0.143518960253728,0.019200996058937,0.00109145578261457,0
confirmation,B,5,naive,-4,0,0,4,0.15,500,0.25,1000,0.0210859284681241,0.142489968894359,0.137336698728828,0.963834154744246,0.942,0.00739161687318817,0.853,0.0111978122863352,1270.86,111.61,453.917,-0.99797162441324,0.152744,0.143518960253728,0.019200996058937,0.00109145578261457,0
confirmation,B,5,strict,-4,0,0,4,0.15,500,0.25,1000,0.00755593512877627,0.150001890391091,0.14497265668857,0.966472197854249,0.945,0.00720936890441875,0.792,0.0128349522788361,1197.157,108.806,451.176,-0.99797162441324,0.152744,0.143518960253728,0.019200996058937,0.00109145578261457,0
confirmation,B,6,delayed,-4,0,0,6,0.15,500,0.25,1000,0.00365614303651857,0.125668637647019,0.125705089458919,1.0002900629193,0.953,0.00669260786241059,0.898,0.00957057991973318,1243.619,110.342,456.467,-0.997975401654953,0.14979,0.142382709838669,0.00491133616151771,2.66976137069915e-05,0
confirmation,B,6,naive,-4,0,0,6,0.15,500,0.25,1000,0.0162405884038923,0.122956033691391,0.123012989808131,1.00046322343874,0.945,0.00720936890441875,0.924,0.00837997613361756,1243.687,110.342,456.467,-0.997975401654953,0.14979,0.142382709838669,0.00491133616151771,2.66976137069915e-05,0
confirmation,B,6,strict,-4,0,0,6,0.15,500,0.25,1000,0.00276721772541525,0.130771004442625,0.13012127721163,0.995031565034131,0.949,0.00695693898205238,0.87,0.0106348483769163,1176.655,107.769,453.127,-0.997975401654953,0.14979,0.142382709838669,0.00491133616151771,2.66976137069915e-05,0
confirmation,B,7,delayed,-4,0,0,2,0.3,500,0.25,1000,0.00018021969248427,0.166832145313348,0.168677527949213,1.01106131334821,0.944,0.00727076337120113,0.672,0.0148464137083674,1212.749,98.545,428.111,-0.997981867286373,0.29829,0.15157399133929,0.062950296519176,0.021330892543654,0
confirmation,B,7,naive,-4,0,0,2,0.3,500,0.25,1000,0.0193972546922432,0.161198684442371,0.162809899996592,1.00999521528227,0.956,0.00648567652600714,0.735,0.0139561814261638,1212.825,98.545,428.111,-0.997981867286373,0.29829,0.15157399133929,0.062950296519176,0.021330892543654,0
confirmation,B,7,strict,-4,0,0,2,0.3,500,0.25,1000,-0.00163272336903333,0.173925507401113,0.176948768816599,1.01738250737722,0.955,0.00655553201502365,0.614,0.015394934231753,1114.381,95.071,418.251,-0.997981867286373,0.29829,0.15157399133929,0.062950296519176,0.021330892543654,0
confirmation,B,8,delayed,-4,0,0,4,0.3,500,0.25,1000,0.00443701929790549,0.157382104822631,0.149915404133917,0.952556863455795,0.934,0.00785136930732468,0.775,0.0132051126462443,1175.653,97.546,434.629,-0.997970405042995,0.299236,0.149800151333926,0.0203340719890508,0.00111238453938335,0
confirmation,B,8,naive,-4,0,0,4,0.3,500,0.25,1000,0.0193160011528676,0.153206390662927,0.146061119645698,0.953361795246845,0.93,0.00806845710157772,0.826,0.0119884944842962,1175.731,97.546,434.629,-0.997970405042995,0.299236,0.149800151333926,0.0203340719890508,0.00111238453938335,0
confirmation,B,8,strict,-4,0,0,4,0.3,500,0.25,1000,0.00178899325014347,0.162355305484395,0.154975631009337,0.954546145239658,0.937,0.00768316341099159,0.76,0.0135055544129073,1102.275,94.943,430.497,-0.997970405042995,0.299236,0.149800151333926,0.0203340719890508,0.00111238453938335,0
confirmation,B,9,delayed,-4,0,0,6,0.3,500,0.25,1000,0.00296141295479451,0.143128994946743,0.136063279579183,0.950633934303881,0.939,0.00756828910652864,0.843,0.0115043904662524,1139.939,95.178,438.471,-0.997970685287933,0.30339,0.147311926198501,0.00524045079023487,3.11455191571388e-05,0
confirmation,B,9,naive,-4,0,0,6,0.3,500,0.25,1000,0.0170980723239519,0.13981234450492,0.132796468165047,0.949819335590741,0.935,0.0077958322198467,0.879,0.0103130499853341,1140.009,95.178,438.471,-0.997970685287933,0.30339,0.147311926198501,0.00524045079023487,3.11455191571388e-05,0
confirmation,B,9,strict,-4,0,0,6,0.3,500,0.25,1000,0.00413171610701049,0.145358535967136,0.141294681849037,0.972042549196987,0.95,0.00689202437604511,0.824,0.0120425910833176,1073.426,92.632,432.826,-0.997970685287933,0.30339,0.147311926198501,0.00524045079023487,3.11455191571388e-05,0
confirmation,B,10,delayed,-4,0,0,2,0.5,500,0.25,1000,0.0121669993304653,0.208443722267092,0.195923346630655,0.939934023916566,0.927,0.00822623850857729,0.582,0.0155973074599432,1068.333,75.223,391.188,-0.99796439221318,0.501056,0.165464697046355,0.0712084004913194,0.0253561013697974,0
confirmation,B,10,naive,-4,0,0,2,0.5,500,0.25,1000,0.0367221088868735,0.200128197563682,0.187658103204168,0.937689468494084,0.929,0.00812151463706124,0.637,0.0152062815967613,1068.408,75.223,391.188,-0.99796439221318,0.501056,0.165464697046355,0.0712084004913194,0.0253561013697974,0
confirmation,B,10,strict,-4,0,0,2,0.5,500,0.25,1000,0.00746202047078931,0.219337219967332,0.207686772155241,0.946883398021429,0.922,0.00848033018225116,0.517,0.0158022466757104,970.186,72.19,380.018,-0.99796439221318,0.501056,0.165464697046355,0.0712084004913194,0.0253561013697974,0
confirmation,B,11,delayed,-4,0,0,4,0.5,500,0.25,1000,0.000111592781072693,0.16942144185216,0.169970949370133,1.00324343549415,0.951,0.00682634602111555,0.666,0.0149145566477854,1026.149,76.155,403.19,-0.997970497094252,0.498608,0.160702717964455,0.0236366122505315,0.00138067341641561,0
confirmation,B,11,naive,-4,0,0,4,0.5,500,0.25,1000,0.0190918323461056,0.163947205435985,0.164630361332351,1.00416692614277,0.955,0.00655553201502365,0.744,0.0138008695378226,1026.21,76.155,403.19,-0.997970497094252,0.498608,0.160702717964455,0.0236366122505315,0.00138067341641561,0
confirmation,B,11,strict,-4,0,0,4,0.5,500,0.25,1000,-0.00180735442441293,0.177243107892882,0.176731658543185,0.997114418970768,0.948,0.00702111102319284,0.641,0.0151696736945789,952.991,73.683,396.283,-0.997970497094252,0.498608,0.160702717964455,0.0236366122505315,0.00138067341641561,0
confirmation,B,12,delayed,-4,0,0,6,0.5,500,0.25,1000,0.00611674697116047,0.158027159925268,0.152793859708117,0.966883539388887,0.943,0.00733150734842434,0.76,0.0135055544129073,990.557,75.143,411.238,-0.997969720364557,0.499548,0.15756429316538,0.00609048181749035,1.6183318710378e-05,0
confirmation,B,12,naive,-4,0,0,6,0.5,500,0.25,1000,0.0237541435438826,0.153417073412585,0.148451124378639,0.967631053549097,0.943,0.00733150734842434,0.819,0.0121753439376471,990.603,75.143,411.238,-0.997969720364557,0.499548,0.15756429316538,0.00609048181749035,1.6183318710378e-05,0
confirmation,B,12,strict,-4,0,0,6,0.5,500,0.25,1000,0.00496496810967933,0.166462777437712,0.159664632501069,0.959161170795755,0.942,0.00739161687318817,0.723,0.0141517136771488,923.827,72.841,401.879,-0.997969720364557,0.499548,0.15756429316538,0.00609048181749035,1.6183318710378e-05,0
confirmation,B,13,delayed,-4,0,0,2,0,750,0.25,1000,0.000157273598359257,0.117955404586521,0.121194599491342,1.02746118260689,0.955,0.00655553201502365,0.924,0.00837997613361756,2078.794,192.801,706.286,-0.997965969884253,0,0.138255912388671,0.0551467194220869,0.0177270409158323,0
confirmation,B,13,naive,-4,0,0,2,0,750,0.25,1000,0.0153222399789726,0.11467951601183,0.117715666350535,1.02647508852751,0.954,0.00662449998113065,0.954,0.00662449998113065,2078.915,192.801,706.286,-0.997965969884253,0,0.138255912388671,0.0551467194220869,0.0177270409158323,0
confirmation,B,13,strict,-4,0,0,2,0,750,0.25,1000,-0.00105044604659254,0.123248481963963,0.126349544563839,1.02516106121926,0.955,0.00655553201502365,0.89,0.00989444288477123,1931.004,187.127,693.72,-0.997965969884253,0,0.138255912388671,0.0551467194220869,0.0177270409158323,0
confirmation,B,14,delayed,-4,0,0,4,0,750,0.25,1000,0.00262207731206021,0.107739953279896,0.107720354772213,0.999818094336537,0.95,0.00689202437604511,0.967,0.00564898220921256,2039.273,189.556,706.38,-0.997971354561888,0,0.137424691890816,0.0179075970087253,0.000912686573423804,0
confirmation,B,14,naive,-4,0,0,4,0,750,0.25,1000,0.0144755420950848,0.105510956865677,0.10541008285553,0.999043947537351,0.956,0.00648567652600714,0.981,0.00431729081716764,2039.364,189.556,706.38,-0.997971354561888,0,0.137424691890816,0.0179075970087253,0.000912686573423804,0
confirmation,B,14,strict,-4,0,0,4,0,750,0.25,1000,0.000935324206250865,0.111932507158601,0.110787965000409,0.989774711678973,0.946,0.00714730718522718,0.952,0.00675988165576884,1929.527,185.327,704.542,-0.997971354561888,0,0.137424691890816,0.0179075970087253,0.000912686573423804,0
confirmation,B,15,delayed,-4,0,0,6,0,750,0.25,1000,-0.00212442819275838,0.0997750345637359,0.0970462276791827,0.972650404016548,0.938,0.00762600813007697,0.987,0.00358203852575597,2001.026,184.623,706.212,-0.997970875493458,0,0.137469070166764,0.00445006369551021,2.54798449855415e-05,0
confirmation,B,15,naive,-4,0,0,6,0,750,0.25,1000,0.00914894961321128,0.0978091437495142,0.095142179406042,0.972732975249204,0.936,0.00773976743836661,0.994,0.00244213021765835,2001.134,184.623,706.212,-0.997970875493458,0,0.137469070166764,0.00445006369551021,2.54798449855415e-05,0
confirmation,B,15,strict,-4,0,0,6,0,750,0.25,1000,-0.00309055604762259,0.103331775372175,0.100058335202331,0.968321069118823,0.933,0.00790638982089803,0.973,0.00512552436341883,1901.07,180.659,704.16,-0.997970875493458,0,0.137469070166764,0.00445006369551021,2.54798449855415e-05,0
confirmation,B,16,delayed,-4,0,0,2,0.15,750,0.25,1000,-0.00318995879344486,0.127066995008802,0.128204573632084,1.00895258932662,0.948,0.00702111102319284,0.878,0.0103496859855746,1952.225,171.789,675.592,-0.997976002481311,0.153786666666667,0.143996564404335,0.0592000148481651,0.0195002159510743,0
confirmation,B,16,naive,-4,0,0,2,0.15,750,0.25,1000,0.0138974951185434,0.123013964223842,0.12414979095858,1.00923331543622,0.945,0.00720936890441875,0.918,0.00867617427210865,1952.342,171.789,675.592,-0.997976002481311,0.153786666666667,0.143996564404335,0.0592000148481651,0.0195002159510743,0
confirmation,B,16,strict,-4,0,0,2,0.15,750,0.25,1000,-0.00468508169472737,0.133765028379171,0.134023200938432,1.00193004526212,0.943,0.00733150734842434,0.854,0.0111661989951818,1804.333,166.262,661.988,-0.997976002481311,0.153786666666667,0.143996564404335,0.0592000148481651,0.0195002159510743,0
confirmation,B,17,delayed,-4,0,0,4,0.15,750,0.25,1000,0.00184931589200134,0.117761195663037,0.11458861097472,0.973059167152183,0.94,0.00750999334220744,0.934,0.00785136930732468,1905.725,167.837,680.573,-0.997968829648162,0.152692,0.143464524625055,0.0187755220833745,0.00104003690400259,0
confirmation,B,17,naive,-4,0,0,4,0.15,750,0.25,1000,0.0150908462751841,0.115068777654252,0.111893080418241,0.972401747018173,0.938,0.00762600813007697,0.953,0.00669260786241059,1905.829,167.837,680.573,-0.997968829648162,0.152692,0.143464524625055,0.0187755220833745,0.00104003690400259,0
confirmation,B,17,strict,-4,0,0,4,0.15,750,0.25,1000,0.00040173936215503,0.121073922441223,0.117919323187097,0.973944849637978,0.938,0.00762600813007697,0.914,0.00886588969026798,1795.648,163.726,676.697,-0.997968829648162,0.152692,0.143464524625055,0.0187755220833745,0.00104003690400259,0
confirmation,B,18,delayed,-4,0,0,6,0.15,750,0.25,1000,0.00314831198294685,0.10376265582066,0.103393051276471,0.996437981070685,0.952,0.00675988165576884,0.979,0.00453420334788814,1865.201,164.588,684.292,-0.997973791138284,0.149744,0.142273278673134,0.00501845958466669,3.92549931122921e-05,0
confirmation,B,18,naive,-4,0,0,6,0.15,750,0.25,1000,0.0155860139897973,0.101490242158915,0.101177911248941,0.996922552322967,0.952,0.00675988165576884,0.989,0.00329833291224522,1865.298,164.588,684.292,-0.997973791138284,0.149744,0.142273278673134,0.00501845958466669,3.92549931122921e-05,0
confirmation,B,18,strict,-4,0,0,6,0.15,750,0.25,1000,0.0039641413716715,0.10702623223361,0.107054824817798,1.00026715491699,0.948,0.00702111102319284,0.974,0.00503229569878401,1764.807,160.621,679.287,-0.997973791138284,0.149744,0.142273278673134,0.00501845958466669,3.92549931122921e-05,0
confirmation,B,19,delayed,-4,0,0,2,0.3,750,0.25,1000,0.00408811187138201,0.144600913674463,0.138471999257482,0.957614967559755,0.942,0.00739161687318817,0.831,0.0118506961820815,1819.115,147.312,642.421,-0.997976712359278,0.298850666666667,0.151509094729159,0.06323765611002,0.0212151275135577,0
confirmation,B,19,naive,-4,0,0,2,0.3,750,0.25,1000,0.0232101245335932,0.139711199478658,0.133674970853396,0.956794955252074,0.941,0.00745110730026082,0.892,0.00981509042240569,1819.234,147.312,642.421,-0.997976712359278,0.298850666666667,0.151509094729159,0.06323765611002,0.0212151275135577,0
confirmation,B,19,strict,-4,0,0,2,0.3,750,0.25,1000,0.000643006949612339,0.149972202283944,0.145375758221103,0.96935135983308,0.947,0.00708456067798138,0.778,0.0131421459434904,1671.443,142.282,627.772,-0.997976712359278,0.298850666666667,0.151509094729159,0.06323765611002,0.0212151275135577,0
confirmation,B,20,delayed,-4,0,0,4,0.3,750,0.25,1000,0.00122294253336963,0.125123075412102,0.122890364565112,0.982155882600899,0.933,0.00790638982089803,0.906,0.00922843432007835,1764.915,145.465,652.445,-0.997963602431838,0.299118666666667,0.14894558815157,0.020439333962312,0.00112046625736169,0
confirmation,B,20,naive,-4,0,0,4,0.3,750,0.25,1000,0.0161586750008721,0.121936952640423,0.119685413651785,0.981535220129067,0.934,0.00785136930732468,0.938,0.00762600813007697,1765.003,145.465,652.445,-0.997963602431838,0.299118666666667,0.14894558815157,0.020439333962312,0.00112046625736169,0
confirmation,B,20,strict,-4,0,0,4,0.3,750,0.25,1000,-0.000538966337571876,0.127138873750323,0.127010424075901,0.998989690008784,0.95,0.00689202437604511,0.893,0.00977501918156686,1655.234,141.538,646.067,-0.997963602431838,0.299118666666667,0.14894558815157,0.020439333962312,0.00112046625736169,0
confirmation,B,21,delayed,-4,0,0,6,0.3,750,0.25,1000,0.00352277345025209,0.110202940114366,0.110811267225408,1.00552006244489,0.953,0.00669260786241059,0.953,0.00669260786241059,1713.663,143.575,658.535,-0.997963229931506,0.302225333333333,0.147253783292933,0.00532290568574277,3.09714324158481e-05,0
confirmation,B,21,naive,-4,0,0,6,0.3,750,0.25,1000,0.0175120847995196,0.107458280803849,0.10817203696636,1.00664216993955,0.949,0.00695693898205238,0.974,0.00503229569878401,1713.764,143.575,658.535,-0.997963229931506,0.302225333333333,0.147253783292933,0.00532290568574277,3.09714324158481e-05,0
confirmation,B,21,strict,-4,0,0,6,0.3,750,0.25,1000,0.0033648400138615,0.112909225226481,0.115002427613135,1.01853880745755,0.959,0.00627048642451286,0.95,0.00689202437604511,1613.752,139.849,650.082,-0.997963229931506,0.302225333333333,0.147253783292933,0.00532290568574277,3.09714324158481e-05,0
confirmation,B,22,delayed,-4,0,0,2,0.5,750,0.25,1000,-0.00503432182994757,0.163835933371076,0.157383817346732,0.960618431551704,0.941,0.00745110730026082,0.712,0.0143197765345692,1600.025,114.125,586.291,-0.997973323147026,0.50154,0.166220737523752,0.0720485718605561,0.025234451437989,0
confirmation,B,22,naive,-4,0,0,2,0.5,750,0.25,1000,0.0195777409006334,0.156898903013538,0.150673765127265,0.960323891584275,0.935,0.0077958322198467,0.796,0.0127429980773757,1600.131,114.125,586.291,-0.997973323147026,0.50154,0.166220737523752,0.0720485718605561,0.025234451437989,0
confirmation,B,22,strict,-4,0,0,2,0.5,750,0.25,1000,-0.00700439267842678,0.171372265406784,0.166410202183369,0.97104512091477,0.943,0.00733150734842434,0.646,0.0151223014121528,1452.144,109.332,569.561,-0.997973323147026,0.50154,0.166220737523752,0.0720485718605561,0.025234451437989,0
confirmation,B,23,delayed,-4,0,0,4,0.5,750,0.25,1000,0.00476367451863048,0.143017999565904,0.13928912305493,0.973927222291651,0.941,0.00745110730026082,0.832,0.0118226900492231,1539.781,114.964,605.018,-0.997976134342249,0.497129333333333,0.160538599268419,0.0235663306021012,0.00138071172449107,0
confirmation,B,23,naive,-4,0,0,4,0.5,750,0.25,1000,0.0231821929028909,0.138636996125274,0.134973211398457,0.973572820897635,0.94,0.00750999334220744,0.885,0.0100883596287999,1539.864,114.964,605.018,-0.997976134342249,0.497129333333333,0.160538599268419,0.0235663306021012,0.00138071172449107,0
confirmation,B,23,strict,-4,0,0,4,0.5,750,0.25,1000,0.00476090281874957,0.149745474568544,0.144222120484655,0.96311505172491,0.941,0.00745110730026082,0.805,0.0125289664378192,1430.128,111.228,594.752,-0.997976134342249,0.497129333333333,0.160538599268419,0.0235663306021012,0.00138071172449107,0
confirmation,B,24,delayed,-4,0,0,6,0.5,750,0.25,1000,0.00442942252585827,0.128435642782864,0.123987408274146,0.965366043161099,0.944,0.00727076337120113,0.899,0.00952885092757778,1484.163,113.823,616.432,-0.997972104391339,0.498913333333333,0.157256028678391,0.00613639972803122,4.22584739463737e-05,0
confirmation,B,24,naive,-4,0,0,6,0.5,750,0.25,1000,0.0217819690426457,0.124896380611838,0.120461591103782,0.964492249604587,0.938,0.00762600813007697,0.938,0.00762600813007697,1484.279,113.823,616.432,-0.997972104391339,0.498913333333333,0.157256028678391,0.00613639972803122,4.22584739463737e-05,0
confirmation,B,24,strict,-4,0,0,6,0.5,750,0.25,1000,0.00377908263290739,0.136011798102722,0.129382906592282,0.95126237868399,0.944,0.00727076337120113,0.88,0.0102761860629321,1384.342,110.326,602.728,-0.997972104391339,0.498913333333333,0.157256028678391,0.00613639972803122,4.22584739463737e-05,0
confirmation,B,25,delayed,-4,0,0,2,0,1500,0.25,1000,0.0017364338806525,0.0842641363436926,0.0856940116105672,1.01696896602657,0.95,0.00689202437604511,0.998,0.00141279864099595,4158.683,387.104,1412.911,-0.997971577504066,0,0.137769828111958,0.0554418810981687,0.0179009424413003,0
confirmation,B,25,naive,-4,0,0,2,0,1500,0.25,1000,0.0166678090173829,0.0819183066553693,0.0832352351074946,1.01607611907392,0.949,0.00695693898205238,1,0,4158.882,387.104,1412.911,-0.997971577504066,0,0.137769828111958,0.0554418810981687,0.0179009424413003,0
confirmation,B,25,strict,-4,0,0,2,0,1500,0.25,1000,0.00129284987951253,0.0868618421065587,0.0891913085716413,1.02681806427988,0.959,0.00627048642451286,0.997,0.00172945077987204,3863.02,375.742,1387.569,-0.997971577504066,0,0.137769828111958,0.0554418810981687,0.0179009424413003,0
confirmation,B,26,delayed,-4,0,0,4,0,1500,0.25,1000,3.70118374343181e-06,0.0749054011326402,0.076655054145132,1.02335816891753,0.949,0.00695693898205238,1,0,4077.731,378.818,1412.357,-0.997964700672595,0,0.137553157507388,0.0178764594481201,0.000949514791175672,0
confirmation,B,26,naive,-4,0,0,4,0,1500,0.25,1000,0.0117430924531163,0.0732118148458908,0.0750039354255089,1.02447857061583,0.946,0.00714730718522718,1,0,4077.937,378.818,1412.357,-0.997964700672595,0,0.137553157507388,0.0178764594481201,0.000949514791175672,0
confirmation,B,26,strict,-4,0,0,4,0,1500,0.25,1000,0.000251671839451742,0.0773735783097269,0.0785833430894948,1.01563537329145,0.951,0.00682634602111555,1,0,3858.13,370.098,1408.549,-0.997964700672595,0,0.137553157507388,0.0178764594481201,0.000949514791175672,0
confirmation,B,27,delayed,-4,0,0,6,0,1500,0.25,1000,0.00319323987151132,0.0691956323450873,0.0687192218100054,0.993115020140202,0.948,0.00702111102319284,1,0,4001.547,371.264,1412.566,-0.997964819121301,0,0.137400630106074,0.00451684333020421,1.75424905788334e-05,0
confirmation,B,27,naive,-4,0,0,6,0,1500,0.25,1000,0.0143003532165573,0.0678205778459075,0.0673789392728143,0.993488133143061,0.946,0.00714730718522718,1,0,4001.746,371.264,1412.566,-0.997964819121301,0,0.137400630106074,0.00451684333020421,1.75424905788334e-05,0
confirmation,B,27,strict,-4,0,0,6,0,1500,0.25,1000,0.00232987982673652,0.0716000547833222,0.0709476892716305,0.990888756807995,0.945,0.00720936890441875,1,0,3801.617,363.366,1408.377,-0.997964819121301,0,0.137400630106074,0.00451684333020421,1.75424905788334e-05,0
confirmation,B,28,delayed,-4,0,0,2,0.15,1500,0.25,1000,-0.00186225037464175,0.091425561995879,0.0913409495996897,0.999074521453933,0.948,0.00702111102319284,0.992,0.00281709069786544,3900.451,341.401,1349.862,-0.99796939970799,0.153538,0.144343464190401,0.0591204545613446,0.0194492810551074,0
confirmation,B,28,naive,-4,0,0,2,0.15,1500,0.25,1000,0.0149924565130371,0.0885524975786789,0.0884617071411483,0.998974727534365,0.948,0.00702111102319284,0.998,0.00141279864099595,3900.634,341.401,1349.862,-0.99796939970799,0.153538,0.144343464190401,0.0591204545613446,0.0194492810551074,0
confirmation,B,28,strict,-4,0,0,2,0.15,1500,0.25,1000,-0.00331401741533702,0.0969376987950444,0.0954638241999892,0.984795651089558,0.944,0.00727076337120113,0.983,0.00408790900094413,3604.604,330.516,1322.613,-0.99796939970799,0.153538,0.144343464190401,0.0591204545613446,0.0194492810551074,0
confirmation,B,29,delayed,-4,0,0,4,0.15,1500,0.25,1000,0.0023921029851342,0.0788053839833891,0.0813040149362333,1.03170634830446,0.953,0.00669260786241059,0.999,0.000999499874937461,3809.846,336.342,1360.676,-0.99797617766322,0.152964,0.142918382169144,0.0194951887602989,0.00105629516504888,0
confirmation,B,29,naive,-4,0,0,4,0.15,1500,0.25,1000,0.0154756765072698,0.0768620159149405,0.0793748261237095,1.03269248378223,0.956,0.00648567652600714,0.999,0.000999499874937461,3810.066,336.342,1360.676,-0.99797617766322,0.152964,0.142918382169144,0.0194951887602989,0.00105629516504888,0
confirmation,B,29,strict,-4,0,0,4,0.15,1500,0.25,1000,0.0016831246974,0.0813154643213612,0.0836103056789809,1.02822146287637,0.948,0.00702111102319284,0.997,0.00172945077987204,3589.613,328.096,1352.889,-0.99797617766322,0.152964,0.142918382169144,0.0194951887602989,0.00105629516504888,0
confirmation,B,30,delayed,-4,0,0,6,0.15,1500,0.25,1000,0.00483569322543521,0.0726669186004154,0.0730577354360743,1.00537819468867,0.946,0.00714730718522718,1,0,3730.534,329.86,1368.645,-0.997971860644398,0.149668666666667,0.142063548619969,0.00497212314773956,2.05795387629706e-05,0
confirmation,B,30,naive,-4,0,0,6,0.15,1500,0.25,1000,0.0170722779978736,0.0711710112596164,0.0715037569534863,1.00467529810215,0.94,0.00750999334220744,1,0,3730.714,329.86,1368.645,-0.997971860644398,0.149668666666667,0.142063548619969,0.00497212314773956,2.05795387629706e-05,0
confirmation,B,30,strict,-4,0,0,6,0.15,1500,0.25,1000,0.00518274463406228,0.0750926970125872,0.0755560313989273,1.00617016573879,0.94,0.00750999334220744,1,0,3530.094,322.08,1358.673,-0.997971860644398,0.149668666666667,0.142063548619969,0.00497212314773956,2.05795387629706e-05,0
confirmation,B,31,delayed,-4,0,0,2,0.3,1500,0.25,1000,0.00177109966051852,0.0967130725480115,0.0979288183945057,1.01257064649549,0.947,0.00708456067798138,0.986,0.00371537346709587,3638.774,296.956,1285.139,-0.997967720007854,0.297658,0.151436397474408,0.0629212362391372,0.0211323821840644,0
confirmation,B,31,naive,-4,0,0,2,0.3,1500,0.25,1000,0.0208495660124189,0.0934267727001657,0.0944840823672334,1.0113169880165,0.945,0.00720936890441875,0.995,0.00223047080231955,3639.011,296.956,1285.139,-0.997967720007854,0.297658,0.151436397474408,0.0629212362391372,0.0211323821840644,0
confirmation,B,31,strict,-4,0,0,2,0.3,1500,0.25,1000,-4.85384033559875e-05,0.102522090566791,0.102581884274332,1.00058322754843,0.948,0.00702111102319284,0.976,0.00483983470792134,3343.966,286.738,1255.799,-0.997967720007854,0.297658,0.151436397474408,0.0629212362391372,0.0211323821840644,0
confirmation,B,32,delayed,-4,0,0,4,0.3,1500,0.25,1000,0.00183174960333595,0.0889976234722313,0.0868037593244106,0.975349182795817,0.935,0.0077958322198467,0.998,0.00141279864099595,3527.671,293.951,1304.002,-0.997970081015656,0.297993333333333,0.149649173126267,0.0205451428708189,0.00112337348074797,0
confirmation,B,32,naive,-4,0,0,4,0.3,1500,0.25,1000,0.0165439699864889,0.0867690887233778,0.0845550302670567,0.974483327082303,0.932,0.00796090447122687,0.999,0.000999499874937461,3527.856,293.951,1304.002,-0.997970081015656,0.297993333333333,0.149649173126267,0.0205451428708189,0.00112337348074797,0
confirmation,B,32,strict,-4,0,0,4,0.3,1500,0.25,1000,0.00117149208714268,0.0922136961564303,0.0896179350863387,0.971850590765951,0.937,0.00768316341099159,0.993,0.00263647491928143,3307.423,285.865,1291.411,-0.997970081015656,0.297993333333333,0.149649173126267,0.0205451428708189,0.00112337348074797,0
confirmation,B,33,delayed,-4,0,0,6,0.3,1500,0.25,1000,0.000943292702431887,0.0794236784564621,0.0780934920998055,0.983252017754557,0.947,0.00708456067798138,1,0,3423.971,288.396,1316.776,-0.997971301209316,0.30182,0.147284035218708,0.0053398843146049,1.95592881250196e-05,0
confirmation,B,33,naive,-4,0,0,6,0.3,1500,0.25,1000,0.0149644206602818,0.0775828789745347,0.0762276887792268,0.982532354905872,0.941,0.00745110730026082,1,0,3424.168,288.396,1316.776,-0.997971301209316,0.30182,0.147284035218708,0.0053398843146049,1.95592881250196e-05,0
confirmation,B,33,strict,-4,0,0,6,0.3,1500,0.25,1000,0.000767858340037283,0.0821807835689673,0.0810500154933309,0.98624048072397,0.946,0.00714730718522718,0.999,0.000999499874937461,3224.147,280.877,1300.092,-0.997971301209316,0.30182,0.147284035218708,0.0053398843146049,1.95592881250196e-05,0
confirmation,B,34,delayed,-4,0,0,2,0.5,1500,0.25,1000,-0.00117622002347228,0.118645935559798,0.111615209589048,0.940741956835038,0.928,0.00817410545564467,0.934,0.00785136930732468,3201.157,228.356,1173.005,-0.997972551939646,0.501973333333333,0.165666719479421,0.0720707216003407,0.025183772051187,0
confirmation,B,34,naive,-4,0,0,2,0.5,1500,0.25,1000,0.0227868818605249,0.113520714772619,0.106897072329229,0.941652565730782,0.93,0.00806845710157772,0.972,0.0052168956286282,3201.372,228.356,1173.005,-0.997972551939646,0.501973333333333,0.165666719479421,0.0720707216003407,0.025183772051187,0
confirmation,B,34,strict,-4,0,0,2,0.5,1500,0.25,1000,-0.00322252694023772,0.124916006990375,0.117796007560906,0.943001704897453,0.941,0.00745110730026082,0.903,0.00935900635751467,2905.979,218.95,1139.527,-0.997972551939646,0.501973333333333,0.165666719479421,0.0720707216003407,0.025183772051187,0
confirmation,B,35,delayed,-4,0,0,4,0.5,1500,0.25,1000,0.00221730278239685,0.104316094605918,0.0987105450024077,0.946263808814099,0.937,0.00768316341099159,0.981,0.00431729081716764,3078.716,229.688,1209.106,-0.997974798894467,0.497629333333333,0.160685895552295,0.0238712625887175,0.00145246868776582,0
confirmation,B,35,naive,-4,0,0,4,0.5,1500,0.25,1000,0.0205462356116763,0.101139655736465,0.0956226515061605,0.945451621422564,0.932,0.00796090447122687,0.99,0.00314642654451046,3078.914,229.688,1209.106,-0.997974798894467,0.497629333333333,0.160685895552295,0.0238712625887175,0.00145246868776582,0
confirmation,B,35,strict,-4,0,0,4,0.5,1500,0.25,1000,0.002480937179909,0.107413005927822,0.102217917383512,0.951634455255811,0.936,0.00773976743836661,0.976,0.00483983470792134,2859.056,222.214,1188.75,-0.997974798894467,0.497629333333333,0.160685895552295,0.0238712625887175,0.00145246868776582,0
confirmation,B,36,delayed,-4,0,0,6,0.5,1500,0.25,1000,0.00276064219795777,0.0892633331151907,0.0875192730094081,0.980461629149205,0.944,0.00727076337120113,0.995,0.00223047080231955,2970.206,227.921,1233.176,-0.997975880946928,0.498949333333333,0.157645218053372,0.00637572185172384,3.00687521606818e-05,0
confirmation,B,36,naive,-4,0,0,6,0.5,1500,0.25,1000,0.0199999984566228,0.0866389054769149,0.0850204963343376,0.981320064771496,0.939,0.00756828910652864,0.999,0.000999499874937461,2970.402,227.921,1233.176,-0.997975880946928,0.498949333333333,0.157645218053372,0.00637572185172384,3.00687521606818e-05,0
confirmation,B,36,strict,-4,0,0,6,0.5,1500,0.25,1000,0.000844482666356421,0.0938930486071562,0.0913743054679411,0.973174338499185,0.94,0.00750999334220744,0.991,0.00298646948753876,2769.765,221.063,1205.634,-0.997975880946928,0.498949333333333,0.157645218053372,0.00637572185172384,3.00687521606818e-05,0
confirmation,B,37,delayed,-4,0,0,2,0,500,4,1000,0.00512392150804508,0.150421741137525,0.150685985879704,1.00175669248462,0.94,0.00750999334220744,0.787,0.0129472390879291,1378.598,127.79,468.85,-0.703822005121736,0,0.220934115848464,0.131608491103551,0.0702760696845184,0
confirmation,B,37,naive,-4,0,0,2,0,500,4,1000,0.0450854570702686,0.144231202832247,0.144320295514608,1.00061770740735,0.933,0.00790638982089803,0.882,0.0102017645532525,1381.471,127.79,468.85,-0.703822005121736,0,0.220934115848464,0.131608491103551,0.0702760696845184,0
confirmation,B,37,strict,-4,0,0,2,0,500,4,1000,0.00697296588141974,0.159674792128419,0.158789348696858,0.994454707472869,0.944,0.00727076337120113,0.743,0.0138185020895899,1185.503,118.603,436.534,-0.703822005121736,0,0.220934115848464,0.131608491103551,0.0702760696845184,0
confirmation,B,38,delayed,-4,0,0,4,0,500,4,1000,0.0090546115790067,0.140342930907269,0.133826150380869,0.953565309743278,0.944,0.00727076337120113,0.86,0.0109726933794762,1353.433,123.775,468.823,-0.70572528746505,0,0.221562095373609,0.0699862411243294,0.0143354437031773,0
confirmation,B,38,naive,-4,0,0,4,0,500,4,1000,0.0386208286893852,0.135966328748877,0.129670856943368,0.953698302635378,0.935,0.0077958322198467,0.924,0.00837997613361756,1356.035,123.775,468.823,-0.70572528746505,0,0.221562095373609,0.0699862411243294,0.0143354437031773,0
confirmation,B,38,strict,-4,0,0,4,0,500,4,1000,0.00779908739313213,0.145126801425403,0.138081418598916,0.95145360638222,0.936,0.00773976743836661,0.839,0.0116223491601311,1214.289,117.392,461.015,-0.70572528746505,0,0.221562095373609,0.0699862411243294,0.0143354437031773,0
confirmation,B,39,delayed,-4,0,0,6,0,500,4,1000,-0.000329884717919611,0.120543739280543,0.120384947992816,0.998682708130055,0.954,0.00662449998113065,0.924,0.00837997613361756,1328.997,121.348,468.957,-0.706003622769336,0,0.22168662810868,0.0340022808979293,0.00204009368432088,0
confirmation,B,39,naive,-4,0,0,6,0,500,4,1000,0.0257158602486476,0.117399080012015,0.11726481262244,0.99885631650979,0.939,0.00756828910652864,0.957,0.00641490451994416,1331.523,121.348,468.957,-0.706003622769336,0,0.22168662810868,0.0340022808979293,0.00204009368432088,0
confirmation,B,39,strict,-4,0,0,6,0,500,4,1000,-0.000843191211515489,0.122855492062652,0.124124862239984,1.01033222166971,0.964,0.00589101010014412,0.911,0.00900438781928011,1211.618,115.879,465.495,-0.706003622769336,0,0.22168662810868,0.0340022808979293,0.00204009368432088,0
confirmation,B,40,delayed,-4,0,0,2,0.15,500,4,1000,0.00512394151432284,0.159406210737897,0.161521308992013,1.01326860631293,0.949,0.00695693898205238,0.718,0.0142294061717276,1290.532,110.523,446.217,-0.704615299256671,0.153952,0.231476762554025,0.139362633847334,0.0757560523012489,0
confirmation,B,40,naive,-4,0,0,2,0.15,500,4,1000,0.0493185796895356,0.151696796610647,0.154206168670465,1.01654202406303,0.934,0.00785136930732468,0.844,0.0114744934528719,1293.275,110.523,446.217,-0.704615299256671,0.153952,0.231476762554025,0.139362633847334,0.0757560523012489,0
confirmation,B,40,strict,-4,0,0,2,0.15,500,4,1000,0.00451225061752636,0.170602230721476,0.171132223509068,1.00310659939996,0.95,0.00689202437604511,0.67,0.0148694317309035,1098.388,102.002,413.35,-0.704615299256671,0.153952,0.231476762554025,0.139362633847334,0.0757560523012489,0
confirmation,B,41,delayed,-4,0,0,4,0.15,500,4,1000,0.0039440171404685,0.151047863992124,0.141469489286769,0.936587155539955,0.932,0.00796090447122687,0.797,0.0127197091161709,1265.01,110.044,450.63,-0.705296985430954,0.149962,0.230568324301234,0.0761424792232822,0.0163564611908004,0
confirmation,B,41,naive,-4,0,0,4,0.15,500,4,1000,0.0370116716917219,0.145682305120049,0.136662654703838,0.938086849952172,0.925,0.00832916562447884,0.881,0.0102390917565964,1267.686,110.044,450.63,-0.705296985430954,0.149962,0.230568324301234,0.0761424792232822,0.0163564611908004,0
confirmation,B,41,strict,-4,0,0,4,0.15,500,4,1000,0.00256734430652444,0.155667861732497,0.14655090419243,0.941433270563367,0.936,0.00773976743836661,0.774,0.0132258837133857,1125.147,103.745,440.799,-0.705296985430954,0.149962,0.230568324301234,0.0761424792232822,0.0163564611908004,0
confirmation,B,42,delayed,-4,0,0,6,0.15,500,4,1000,0.00272723174632643,0.131725615899601,0.129131536501807,0.980306948044401,0.949,0.00695693898205238,0.886,0.0100500746265886,1236.452,108.472,453.056,-0.704428386969666,0.149954,0.229472782754416,0.0369309239222884,0.00217216586118693,0
confirmation,B,42,naive,-4,0,0,6,0.15,500,4,1000,0.0318445191102868,0.127971628643189,0.1255072071543,0.980742438655989,0.938,0.00762600813007697,0.934,0.00785136930732468,1238.962,108.472,453.056,-0.704428386969666,0.149954,0.229472782754416,0.0369309239222884,0.00217216586118693,0
confirmation,B,42,strict,-4,0,0,6,0.15,500,4,1000,0.00384464705826186,0.135244117991505,0.133397712009783,0.986347606024253,0.942,0.00739161687318817,0.861,0.0109397897603199,1118.948,103.035,446.996,-0.704428386969666,0.149954,0.229472782754416,0.0369309239222884,0.00217216586118693,0
confirmation,B,43,delayed,-4,0,0,2,0.3,500,4,1000,-0.00281417884558525,0.177785044714986,0.172976871658546,0.97295513205766,0.952,0.00675988165576884,0.628,0.0152845019545944,1199.992,95.738,422.534,-0.704718093997636,0.298576,0.246140891219518,0.151579921747073,0.0842663994326627,0
confirmation,B,43,naive,-4,0,0,2,0.3,500,4,1000,0.0478520391286119,0.169083011889883,0.164227229910566,0.971281668542316,0.932,0.00796090447122687,0.774,0.0132258837133857,1202.828,95.738,422.534,-0.704718093997636,0.298576,0.246140891219518,0.151579921747073,0.0842663994326627,0
confirmation,B,43,strict,-4,0,0,2,0.3,500,4,1000,-0.0041337145117218,0.189857510370446,0.184160273112927,0.969992036415087,0.943,0.00733150734842434,0.577,0.0156227718411299,1006.058,87.5,388.429,-0.704718093997636,0.298576,0.246140891219518,0.151579921747073,0.0842663994326627,0
confirmation,B,44,delayed,-4,0,0,4,0.3,500,4,1000,0.00799300325296364,0.161949249360752,0.154141470638656,0.951788731637134,0.939,0.00756828910652864,0.74,0.0138708327075198,1165,94.816,429.349,-0.704823891697577,0.302352,0.241640415690463,0.0811560815734638,0.0181342109930268,0
confirmation,B,44,naive,-4,0,0,4,0.3,500,4,1000,0.0450600323364262,0.156007799162833,0.148467173843869,0.951665074698647,0.928,0.00817410545564467,0.84,0.0115931013969516,1167.607,94.816,429.349,-0.704823891697577,0.302352,0.241640415690463,0.0811560815734638,0.0181342109930268,0
confirmation,B,44,strict,-4,0,0,4,0.3,500,4,1000,0.00763168362870021,0.167070899831455,0.160140118386095,0.958515926757132,0.94,0.00750999334220744,0.722,0.0141674274305535,1025.948,88.856,417.437,-0.704823891697577,0.302352,0.241640415690463,0.0811560815734638,0.0181342109930268,0
confirmation,B,45,delayed,-4,0,0,6,0.3,500,4,1000,-0.00566081329979008,0.132228452733833,0.13761288893859,1.04072070793716,0.958,0.00634318531969546,0.841,0.0115636931816786,1135.624,93.941,434.39,-0.705375997473991,0.300362,0.238898856904161,0.0398886230317304,0.00238530183228047,0
confirmation,B,45,naive,-4,0,0,6,0.3,500,4,1000,0.0268541171266335,0.127384492198119,0.133391273349477,1.04715472855217,0.952,0.00675988165576884,0.913,0.00891240708226459,1138.064,93.941,434.39,-0.705375997473991,0.300362,0.238898856904161,0.0398886230317304,0.00238530183228047,0
confirmation,B,45,strict,-4,0,0,6,0.3,500,4,1000,-0.00648652527694332,0.13702421797998,0.142529553613566,1.04017782925344,0.959,0.00627048642451286,0.813,0.0123300851578568,1018.422,88.803,425.238,-0.705375997473991,0.300362,0.238898856904161,0.0398886230317304,0.00238530183228047,0
confirmation,B,46,delayed,-4,0,0,2,0.5,500,4,1000,-0.000714652525291788,0.207509448130478,0.19831629644946,0.955697671774261,0.923,0.00843036179532053,0.546,0.015744332313566,1055.771,73.727,384.315,-0.703586931841857,0.499638,0.270364251534579,0.170800240015419,0.0984908880068789,0
confirmation,B,46,naive,-4,0,0,2,0.5,500,4,1000,0.0611105611266677,0.19504931341961,0.186949574851247,0.958473380775569,0.931,0.00801492358042171,0.695,0.0145593612497252,1058.598,73.727,384.315,-0.703586931841857,0.499638,0.270364251534579,0.170800240015419,0.0984908880068789,0
confirmation,B,46,strict,-4,0,0,2,0.5,500,4,1000,-0.00340413854748516,0.225180285558629,0.212343086479435,0.942991461053764,0.929,0.00812151463706124,0.49,0.0158082257068907,862.753,66.277,348.848,-0.703586931841857,0.499638,0.270364251534579,0.170800240015419,0.0984908880068789,0
confirmation,B,47,delayed,-4,0,0,4,0.5,500,4,1000,0.00306821906036614,0.184619421925073,0.173389467659695,0.939172411286522,0.934,0.00785136930732468,0.649,0.0150930116279025,1013.042,74.293,395.282,-0.704900810638856,0.502962,0.26056741993948,0.0937748284785176,0.022403589682699,0
confirmation,B,47,naive,-4,0,0,4,0.5,500,4,1000,0.0488331330072666,0.176262225276293,0.165846031814592,0.94090512901801,0.922,0.00848033018225116,0.767,0.0133682833602524,1015.685,74.293,395.282,-0.704900810638856,0.502962,0.26056741993948,0.0937748284785176,0.022403589682699,0
confirmation,B,47,strict,-4,0,0,4,0.5,500,4,1000,0.00251534700865631,0.1909497188284,0.18099687096214,0.947877127406485,0.934,0.00785136930732468,0.612,0.0154096073927923,874.672,68.694,379.636,-0.704900810638856,0.502962,0.26056741993948,0.0937748284785176,0.022403589682699,0
confirmation,B,48,delayed,-4,0,0,6,0.5,500,4,1000,-0.000666762806653795,0.155908690485623,0.155244429884557,0.995739425435509,0.944,0.00727076337120113,0.743,0.0138185020895899,983.526,74.351,404.91,-0.704612702684217,0.49837,0.257022864217829,0.0466356590268633,0.00328931854965073,0
confirmation,B,48,naive,-4,0,0,6,0.5,500,4,1000,0.0391939479254176,0.150180020975018,0.149705919788762,0.99684311412944,0.934,0.00785136930732468,0.846,0.0114142016803629,986.136,74.351,404.91,-0.704612702684217,0.49837,0.257022864217829,0.0466356590268633,0.00328931854965073,0
confirmation,B,48,strict,-4,0,0,6,0.5,500,4,1000,0.000729717162138103,0.167052998294849,0.161659871444985,0.967716072713971,0.939,0.00756828910652864,0.709,0.0143638086871136,866.015,69.41,390.097,-0.704612702684217,0.49837,0.257022864217829,0.0466356590268633,0.00328931854965073,0
confirmation,B,49,delayed,-4,0,0,2,0,750,4,1000,0.00193008391394841,0.124768934094792,0.124225358613052,0.995643342746465,0.952,0.00675988165576884,0.901,0.00944452222190196,2067.389,189.4,703.04,-0.705792502122094,0,0.221238274355764,0.131545996843034,0.0706992670042131,0
confirmation,B,49,naive,-4,0,0,2,0,750,4,1000,0.0421122306530588,0.119577764892572,0.118874386426145,0.994117815573331,0.943,0.00733150734842434,0.964,0.00589101010014412,2071.702,189.4,703.04,-0.705792502122094,0,0.221238274355764,0.131545996843034,0.0706992670042131,0
confirmation,B,49,strict,-4,0,0,2,0,750,4,1000,0.00417386305782123,0.134051694252858,0.131049256482562,0.977602388488786,0.941,0.00745110730026082,0.878,0.0103496859855746,1777.368,175.727,654.259,-0.705792502122094,0,0.221238274355764,0.131545996843034,0.0706992670042131,0
confirmation,B,50,delayed,-4,0,0,4,0,750,4,1000,0.000533548593302071,0.109792199828695,0.109813212778011,1.00019138836227,0.948,0.00702111102319284,0.951,0.00682634602111555,2031.11,186.521,703.567,-0.706074106344349,0,0.222177960895781,0.0705368828388682,0.0146972721937401,0
confirmation,B,50,naive,-4,0,0,4,0,750,4,1000,0.0301878814726822,0.106216527393378,0.106401695222199,1.00174330524039,0.938,0.00762600813007697,0.982,0.00420428352992517,2034.987,186.521,703.567,-0.706074106344349,0,0.222177960895781,0.0705368828388682,0.0146972721937401,0
confirmation,B,50,strict,-4,0,0,4,0,750,4,1000,0.00101163090624328,0.114735752814042,0.113342126106971,0.987853596870278,0.95,0.00689202437604511,0.944,0.00727076337120113,1821.213,176.679,691.578,-0.706074106344349,0,0.222177960895781,0.0705368828388682,0.0146972721937401,0
confirmation,B,51,delayed,-4,0,0,6,0,750,4,1000,0.00361361380437509,0.0982397224928006,0.0983101500065079,1.00071689446916,0.952,0.00675988165576884,0.989,0.00329833291224522,1993.112,183.221,703.508,-0.705548895540273,0,0.221744974543927,0.0340655979665976,0.00192418809161419,0
confirmation,B,51,naive,-4,0,0,6,0,750,4,1000,0.0294735809651264,0.0959687061678848,0.0957761314454407,0.997993359188283,0.946,0.00714730718522718,0.996,0.00199599599197994,1996.744,183.221,703.508,-0.705548895540273,0,0.221744974543927,0.0340655979665976,0.00192418809161419,0
confirmation,B,51,strict,-4,0,0,6,0,750,4,1000,0.0034335028749562,0.102145888988339,0.101281571678871,0.991538403375524,0.947,0.00708456067798138,0.983,0.00408790900094413,1816.869,174.947,698.372,-0.705548895540273,0,0.221744974543927,0.0340655979665976,0.00192418809161419,0
confirmation,B,52,delayed,-4,0,0,2,0.15,750,4,1000,0.00202426067597666,0.137271383898755,0.132221388081085,0.963211590979554,0.945,0.00720936890441875,0.859,0.0110054077616415,1936.542,166.546,669.501,-0.704116843930489,0.153813333333333,0.23164353047559,0.139757409359099,0.0761094295603577,0
confirmation,B,52,naive,-4,0,0,2,0.15,750,4,1000,0.0463014705499739,0.13133906623523,0.126100264774376,0.960112389930722,0.924,0.00837997613361756,0.957,0.00641490451994416,1940.666,166.546,669.501,-0.704116843930489,0.153813333333333,0.23164353047559,0.139757409359099,0.0761094295603577,0
confirmation,B,52,strict,-4,0,0,2,0.15,750,4,1000,0.0052131971502432,0.145409641221483,0.139674196399945,0.96055664003185,0.947,0.00708456067798138,0.828,0.0119338174948338,1647.645,153.459,620.012,-0.704116843930489,0.153813333333333,0.23164353047559,0.139757409359099,0.0761094295603577,0
confirmation,B,53,delayed,-4,0,0,4,0.15,750,4,1000,0.00172820448718747,0.119559470730253,0.116774376345063,0.97670536371415,0.945,0.00720936890441875,0.931,0.00801492358042171,1896.373,165.379,675.64,-0.705611714068956,0.150070666666667,0.230598604870743,0.0751360153603459,0.0161707461548954,0
confirmation,B,53,naive,-4,0,0,4,0.15,750,4,1000,0.0346379239237432,0.115714757122811,0.112815128441614,0.974941582618375,0.939,0.00756828910652864,0.962,0.00604615580348373,1900.338,165.379,675.64,-0.705611714068956,0.150070666666667,0.230598604870743,0.0751360153603459,0.0161707461548954,0
confirmation,B,53,strict,-4,0,0,4,0.15,750,4,1000,0.001667189773439,0.125425412853867,0.120484592943555,0.960607505306217,0.939,0.00756828910652864,0.923,0.00843036179532053,1687.36,156.06,661.145,-0.705611714068956,0.150070666666667,0.230598604870743,0.0751360153603459,0.0161707461548954,0
confirmation,B,54,delayed,-4,0,0,6,0.15,750,4,1000,-0.00111504738947235,0.103114584565565,0.104185515607925,1.01038583481544,0.956,0.00648567652600714,0.966,0.00573096850453743,1855.992,161.983,679.716,-0.705513740907926,0.15052,0.229223234534315,0.0368062806388386,0.00211990543644707,0
confirmation,B,54,naive,-4,0,0,6,0.15,750,4,1000,0.0276084621490817,0.100166651045075,0.101268047942198,1.01099564461457,0.947,0.00708456067798138,0.989,0.00329833291224522,1859.753,161.983,679.716,-0.705513740907926,0.15052,0.229223234534315,0.0368062806388386,0.00211990543644707,0
confirmation,B,54,strict,-4,0,0,6,0.15,750,4,1000,-0.00137429879935801,0.107650902396692,0.107632871327395,0.999832504243846,0.953,0.00669260786241059,0.962,0.00604615580348373,1679.957,153.997,670.681,-0.705513740907926,0.15052,0.229223234534315,0.0368062806388386,0.00211990543644707,0
confirmation,B,55,delayed,-4,0,0,2,0.3,750,4,1000,0.00494327352184809,0.149616606760799,0.141692059638556,0.947034307930049,0.942,0.00739161687318817,0.806,0.0125045591685593,1799.934,144.256,634.062,-0.705356262530809,0.298644,0.244898496685789,0.150259147063898,0.0837040259593859,0
confirmation,B,55,naive,-4,0,0,2,0.3,750,4,1000,0.0547474090796973,0.142491141816891,0.134614350798592,0.944720837254422,0.922,0.00848033018225116,0.923,0.00843036179532053,1804.176,144.256,634.062,-0.705356262530809,0.298644,0.244898496685789,0.150259147063898,0.0837040259593859,0
confirmation,B,55,strict,-4,0,0,2,0.3,750,4,1000,0.00409964235414542,0.161150363963111,0.150980319048869,0.936890959076146,0.937,0.00768316341099159,0.754,0.0136192510807313,1510.898,131.838,583.234,-0.705356262530809,0.298644,0.244898496685789,0.150259147063898,0.0837040259593859,0
confirmation,B,56,delayed,-4,0,0,4,0.3,750,4,1000,-0.0045775648994453,0.122745556028206,0.125601203009985,1.02326476879638,0.954,0.00662449998113065,0.888,0.00997276290703835,1746.045,142.758,643.576,-0.704985233382403,0.302702666666667,0.241841103492267,0.0816697406330867,0.0183148265419248,0
confirmation,B,56,naive,-4,0,0,4,0.3,750,4,1000,0.0326084956265689,0.118493064497427,0.120933497918952,1.02059558027194,0.956,0.00648567652600714,0.967,0.00564898220921256,1750.001,142.758,643.576,-0.704985233382403,0.302702666666667,0.241841103492267,0.0816697406330867,0.0183148265419248,0
confirmation,B,56,strict,-4,0,0,4,0.3,750,4,1000,-0.00524671467492343,0.126669406124077,0.130531222892399,1.03048736775903,0.954,0.00662449998113065,0.869,0.0106695360723885,1537.143,133.702,625.431,-0.704985233382403,0.302702666666667,0.241841103492267,0.0816697406330867,0.0183148265419248,0
confirmation,B,57,delayed,-4,0,0,6,0.3,750,4,1000,0.00588653594130229,0.118044688498942,0.111925240577851,0.948159904533566,0.931,0.00801492358042171,0.944,0.00727076337120113,1703.32,142.003,651.831,-0.705747807624081,0.301738666666667,0.239043747980832,0.0397803738250831,0.00238931559298319,0
confirmation,B,57,naive,-4,0,0,6,0.3,750,4,1000,0.0374858318696977,0.11463318206657,0.108543033661136,0.946872726590654,0.917,0.00872416185085994,0.977,0.00474035863622153,1706.995,142.003,651.831,-0.705747807624081,0.301738666666667,0.239043747980832,0.0397803738250831,0.00238931559298319,0
confirmation,B,57,strict,-4,0,0,6,0.3,750,4,1000,0.00658974834750451,0.123130030901695,0.116037027205345,0.94239420193103,0.931,0.00801492358042171,0.928,0.00817410545564467,1527.445,134.14,637.997,-0.705747807624081,0.301738666666667,0.239043747980832,0.0397803738250831,0.00238931559298319,0
confirmation,B,58,delayed,-4,0,0,2,0.5,750,4,1000,1.56467966631264e-05,0.16712629488303,0.163085870141269,0.975824123040671,0.939,0.00756828910652864,0.703,0.0144496020706454,1583.915,111.134,576.468,-0.705802371870586,0.497882666666667,0.270932989710141,0.172155861081211,0.0998633694738353,0
confirmation,B,58,naive,-4,0,0,2,0.5,750,4,1000,0.0624735443837075,0.157425577269348,0.153454934847996,0.974777653731841,0.923,0.00843036179532053,0.856,0.0111024321659716,1588.23,111.134,576.468,-0.705802371870586,0.497882666666667,0.270932989710141,0.172155861081211,0.0998633694738353,0
confirmation,B,58,strict,-4,0,0,2,0.5,750,4,1000,0.00109270718988898,0.176499371845595,0.174377819338424,0.98797982970145,0.943,0.00733150734842434,0.653,0.0150529399121899,1292.717,99.727,522.596,-0.705802371870586,0.497882666666667,0.270932989710141,0.172155861081211,0.0998633694738353,0
confirmation,B,59,delayed,-4,0,0,4,0.5,750,4,1000,-0.000856730680033699,0.138550041820567,0.141581576708344,1.0218804328598,0.949,0.00695693898205238,0.827,0.011961229033841,1522.048,112.198,593.426,-0.704748093731196,0.501981333333333,0.262156089722251,0.0943775188902178,0.0227069357379047,0
confirmation,B,59,naive,-4,0,0,4,0.5,750,4,1000,0.0446626100314301,0.132600741823183,0.135466672932984,1.02161323587181,0.943,0.00733150734842434,0.924,0.00837997613361756,1526.023,112.198,593.426,-0.704748093731196,0.501981333333333,0.262156089722251,0.0943775188902178,0.0227069357379047,0
confirmation,B,59,strict,-4,0,0,4,0.5,750,4,1000,-0.00405695274581253,0.146460102324121,0.148118762909839,1.01132499950087,0.957,0.00641490451994416,0.771,0.0132875505643441,1312.903,103.751,569.844,-0.704748093731196,0.501981333333333,0.262156089722251,0.0943775188902178,0.0227069357379047,0
confirmation,B,60,delayed,-4,0,0,6,0.5,750,4,1000,-0.00128534083599536,0.123384284101404,0.127054172506536,1.02974356444063,0.963,0.00596917079668525,0.891,0.00985489725973843,1476.246,111.362,607.491,-0.704838389833417,0.498085333333333,0.25587875221858,0.046905502041599,0.0030801948050811,0
confirmation,B,60,naive,-4,0,0,6,0.5,750,4,1000,0.0381707918151231,0.118891440851935,0.122544697911435,1.03072767083418,0.949,0.00695693898205238,0.955,0.00655553201502365,1479.9,111.362,607.491,-0.704838389833417,0.498085333333333,0.25587875221858,0.046905502041599,0.0030801948050811,0
confirmation,B,60,strict,-4,0,0,6,0.5,750,4,1000,-0.000947569213542614,0.128755937819036,0.132459928118373,1.02876752996466,0.947,0.00708456067798138,0.873,0.0105295299040366,1300.346,103.962,585.757,-0.704838389833417,0.498085333333333,0.25587875221858,0.046905502041599,0.0030801948050811,0
confirmation,B,61,delayed,-4,0,0,2,0,1500,4,1000,-0.00239880984951274,0.0860464023360945,0.087388739797243,1.01560015787651,0.947,0.00708456067798138,0.996,0.00199599599197994,4137.852,379.451,1406.833,-0.704748660726254,0,0.221452373457297,0.131552035494018,0.07062614006246,0
confirmation,B,61,naive,-4,0,0,2,0,1500,4,1000,0.0374834588825025,0.0822391648345395,0.0836230581630633,1.01682766758768,0.929,0.00812151463706124,0.999,0.000999499874937461,4146.217,379.451,1406.833,-0.704748660726254,0,0.221452373457297,0.131552035494018,0.07062614006246,0
confirmation,B,61,strict,-4,0,0,2,0,1500,4,1000,-0.00244128616288741,0.0896756414703198,0.0922447171316051,1.02864853397381,0.956,0.00648567652600714,0.995,0.00223047080231955,3556.966,352.544,1309.345,-0.704748660726254,0,0.221452373457297,0.131552035494018,0.07062614006246,0
confirmation,B,62,delayed,-4,0,0,4,0,1500,4,1000,-0.00147062660173841,0.0739111754116807,0.077636231315996,1.05039908895464,0.961,0.00612200947402077,1,0,4060.93,373.487,1406.887,-0.706097398524521,0,0.221268581773962,0.0705268257693573,0.0146627709517551,0
confirmation,B,62,naive,-4,0,0,4,0,1500,4,1000,0.028175906243434,0.0713950985511632,0.075191545209873,1.05317517218621,0.933,0.00790638982089803,1,0,4068.643,373.487,1406.887,-0.706097398524521,0,0.221268581773962,0.0705268257693573,0.0146627709517551,0
confirmation,B,62,strict,-4,0,0,4,0,1500,4,1000,-0.00210969171828646,0.0752665313454615,0.0800914122754435,1.06410393628792,0.966,0.00573096850453743,1,0,3642.531,354.141,1383.018,-0.706097398524521,0,0.221268581773962,0.0705268257693573,0.0146627709517551,0
confirmation,B,63,delayed,-4,0,0,6,0,1500,4,1000,-0.000797687615233769,0.0731323917392466,0.0694631417926513,0.949827294590911,0.938,0.00762600813007697,1,0,3985.467,367.348,1406.779,-0.705375911820052,0,0.22133463181076,0.0340028115985707,0.00191673167946959,0
confirmation,B,63,naive,-4,0,0,6,0,1500,4,1000,0.0248931960732074,0.0711980305190285,0.0676690092438047,0.950433723383955,0.927,0.00822623850857729,1,0,3992.946,367.348,1406.779,-0.705375911820052,0,0.22133463181076,0.0340028115985707,0.00191673167946959,0
confirmation,B,63,strict,-4,0,0,6,0,1500,4,1000,-0.000101379447963761,0.0755279733638232,0.0714984054993871,0.946648007553103,0.932,0.00796090447122687,1,0,3633.907,350.662,1396.438,-0.705375911820052,0,0.22133463181076,0.0340028115985707,0.00191673167946959,0
confirmation,B,64,delayed,-4,0,0,2,0.15,1500,4,1000,0.00203917290091032,0.0931762213604276,0.092977740348395,0.997869831925628,0.951,0.00682634602111555,0.994,0.00244213021765835,3874.932,335.267,1339.658,-0.705744536540423,0.153564,0.232732665218667,0.140791081821853,0.0766129967419663,0
confirmation,B,64,naive,-4,0,0,2,0.15,1500,4,1000,0.045721022208803,0.0891744175433198,0.0887035632236579,0.994719849788386,0.911,0.00900438781928011,1,0,3883.396,335.267,1339.658,-0.705744536540423,0.153564,0.232732665218667,0.140791081821853,0.0766129967419663,0
confirmation,B,64,strict,-4,0,0,2,0.15,1500,4,1000,0.00175424922716956,0.0994356445436694,0.0985725884825402,0.99132045590804,0.948,0.00702111102319284,0.981,0.00431729081716764,3293.601,309.238,1240.005,-0.705744536540423,0.153564,0.232732665218667,0.140791081821853,0.0766129967419663,0
confirmation,B,65,delayed,-4,0,0,4,0.15,1500,4,1000,0.00310927442856646,0.0859095919821355,0.0822630941623818,0.957554241201471,0.934,0.00785136930732468,0.996,0.00199599599197994,3794.782,330.337,1351.825,-0.705283164463079,0.149607333333333,0.229993503906727,0.074945902045173,0.0160289823528469,0
confirmation,B,65,naive,-4,0,0,4,0.15,1500,4,1000,0.0352936011049186,0.0832476030242564,0.0795138241985873,0.955148512509348,0.908,0.00913980306133562,0.999,0.000999499874937461,3802.533,330.337,1351.825,-0.705283164463079,0.149607333333333,0.229993503906727,0.074945902045173,0.0160289823528469,0
confirmation,B,65,strict,-4,0,0,4,0.15,1500,4,1000,0.00195002911702364,0.0888390057944028,0.0850376524214797,0.957210761884027,0.941,0.00745110730026082,0.995,0.00223047080231955,3377.622,311.733,1322.685,-0.705283164463079,0.149607333333333,0.229993503906727,0.074945902045173,0.0160289823528469,0
confirmation,B,66,delayed,-4,0,0,6,0.15,1500,4,1000,0.00327171347137756,0.0751850005515062,0.0738199769107648,0.981844468567819,0.943,0.00733150734842434,1,0,3709.776,325.767,1358.605,-0.705898444439396,0.149818,0.229320509734475,0.0366808508076193,0.00206000555630678,0
confirmation,B,66,naive,-4,0,0,6,0.15,1500,4,1000,0.031623192921787,0.0730076796102573,0.0717522035198087,0.98280350646465,0.923,0.00843036179532053,1,0,3717.091,325.767,1358.605,-0.705898444439396,0.149818,0.229320509734475,0.0366808508076193,0.00206000555630678,0
confirmation,B,66,strict,-4,0,0,6,0.15,1500,4,1000,0.00305627392408289,0.0776457532934157,0.0763242644643988,0.98298053952773,0.942,0.00739161687318817,1,0,3357.804,309.666,1340.366,-0.705898444439396,0.149818,0.229320509734475,0.0366808508076193,0.00206000555630678,0
confirmation,B,67,delayed,-4,0,0,2,0.3,1500,4,1000,-0.000639108846452134,0.100028181817721,0.100659998722719,1.00631638897675,0.948,0.00702111102319284,0.975,0.00493710441453288,3603.623,288.784,1268.953,-0.704862928924904,0.298039333333333,0.245657010626563,0.150894848824868,0.083991574044093,0
confirmation,B,67,naive,-4,0,0,2,0.3,1500,4,1000,0.0487144855659892,0.0952682457488792,0.0956287519553071,1.0037841171903,0.93,0.00806845710157772,0.997,0.00172945077987204,3612.069,288.784,1268.953,-0.704862928924904,0.298039333333333,0.245657010626563,0.150894848824868,0.083991574044093,0
confirmation,B,67,strict,-4,0,0,2,0.3,1500,4,1000,-0.00040111428938377,0.106830901982434,0.107129257123812,1.00279277939099,0.953,0.00669260786241059,0.961,0.00612200947402077,3022.942,263.818,1166.785,-0.704862928924904,0.298039333333333,0.245657010626563,0.150894848824868,0.083991574044093,0
confirmation,B,68,delayed,-4,0,0,4,0.3,1500,4,1000,0.000711412905026059,0.0869568699597037,0.0889630819466144,1.02307134545943,0.954,0.00662449998113065,0.996,0.00199599599197994,3495.495,286.868,1288.289,-0.705894743057909,0.30226,0.241784827460899,0.0822667114300967,0.01831497786919,0
confirmation,B,68,naive,-4,0,0,4,0.3,1500,4,1000,0.0375446957960807,0.0836410929168156,0.085647348710659,1.02398648467971,0.936,0.00773976743836661,0.999,0.000999499874937461,3503.359,286.868,1288.289,-0.705894743057909,0.30226,0.241784827460899,0.0822667114300967,0.01831497786919,0
confirmation,B,68,strict,-4,0,0,4,0.3,1500,4,1000,0.00078073606084242,0.0913292583290441,0.0922777392389955,1.01038529084003,0.947,0.00708456067798138,0.993,0.00263647491928143,3076.63,268.707,1252.459,-0.705894743057909,0.30226,0.241784827460899,0.0822667114300967,0.01831497786919,0
confirmation,B,69,delayed,-4,0,0,6,0.3,1500,4,1000,0.00214440423488726,0.08057118596372,0.0794997076308372,0.986701470009822,0.949,0.00695693898205238,0.998,0.00141279864099595,3405.947,283.111,1303.361,-0.705079713486648,0.301007333333333,0.239115123148345,0.0395687885288222,0.00244942068822599,0
confirmation,B,69,naive,-4,0,0,6,0.3,1500,4,1000,0.0340360246030288,0.0785327175524584,0.0770780873535791,0.981477398920933,0.928,0.00817410545564467,1,0,3413.266,283.111,1303.361,-0.705079713486648,0.301007333333333,0.239115123148345,0.0395687885288222,0.00244942068822599,0
confirmation,B,69,strict,-4,0,0,6,0.3,1500,4,1000,0.00175696719089613,0.0841285650553925,0.0823927506972144,0.979367122724187,0.944,0.00727076337120113,0.997,0.00172945077987204,3054.325,267.745,1275.798,-0.705079713486648,0.301007333333333,0.239115123148345,0.0395687885288222,0.00244942068822599,0
confirmation,B,70,delayed,-4,0,0,2,0.5,1500,4,1000,0.00466063423630963,0.114010580487082,0.114950181123653,1.00824134595716,0.951,0.00682634602111555,0.942,0.00739161687318817,3168.051,223.105,1152.744,-0.705304130529927,0.499204666666667,0.270554235396853,0.172122440516911,0.0991353448368874,0
confirmation,B,70,naive,-4,0,0,2,0.5,1500,4,1000,0.0650611696583956,0.107738835599,0.108335541717331,1.00553844966871,0.913,0.00891240708226459,0.994,0.00244213021765835,3176.334,223.105,1152.744,-0.705304130529927,0.499204666666667,0.270554235396853,0.172122440516911,0.0991353448368874,0
confirmation,B,70,strict,-4,0,0,2,0.5,1500,4,1000,0.00346053066646035,0.123267912852593,0.123454888192778,1.00151682084865,0.945,0.00720936890441875,0.902,0.00940191469861325,2586.56,200.279,1045.613,-0.705304130529927,0.499204666666667,0.270554235396853,0.172122440516911,0.0991353448368874,0
confirmation,B,71,delayed,-4,0,0,4,0.5,1500,4,1000,-0.000534416933120564,0.097936546811226,0.100992520232922,1.0312036060204,0.956,0.00648567652600714,0.983,0.00408790900094413,3042.495,223.147,1186.513,-0.705388717118066,0.50171,0.262154846402915,0.0939838619150717,0.0223530985780593,0
confirmation,B,71,naive,-4,0,0,4,0.5,1500,4,1000,0.0442148850313382,0.0936511674642737,0.0966989837629183,1.03254434921815,0.926,0.00827792244467173,1,0,3050.373,223.147,1186.513,-0.705388717118066,0.50171,0.262154846402915,0.0939838619150717,0.0223530985780593,0
confirmation,B,71,strict,-4,0,0,4,0.5,1500,4,1000,-0.0028575445972725,0.103888994356491,0.105536974343848,1.01586289286527,0.947,0.00708456067798138,0.971,0.00530650544143696,2625.042,206.467,1139.651,-0.705388717118066,0.50171,0.262154846402915,0.0939838619150717,0.0223530985780593,0
confirmation,B,72,delayed,-4,0,0,6,0.5,1500,4,1000,0.00254064695086975,0.0902357770228592,0.0894466101831182,0.991254390821713,0.947,0.00708456067798138,0.995,0.00223047080231955,2952.451,223.903,1214.749,-0.706141183636339,0.497314666666667,0.256846821723629,0.0466571483873262,0.00323593503852573,0
confirmation,B,72,naive,-4,0,0,6,0.5,1500,4,1000,0.0414633175173112,0.0870166396022601,0.0862288517426553,0.990946698663547,0.917,0.00872416185085994,1,0,2960.027,223.903,1214.749,-0.706141183636339,0.497314666666667,0.256846821723629,0.0466571483873262,0.00323593503852573,0
confirmation,B,72,strict,-4,0,0,6,0.5,1500,4,1000,0.00375623807781605,0.0939684856087724,0.0931459507387055,0.991246694413152,0.948,0.00702111102319284,0.992,0.00281709069786544,2599.924,209.125,1171.506,-0.706141183636339,0.497314666666667,0.256846821723629,0.0466571483873262,0.00323593503852573,0
confirmation,B,73,delayed,-4,0,0,2,0,500,10,1000,0.00567602275564198,0.16211991534541,0.154848978735497,0.955150873386398,0.944,0.00727076337120113,0.731,0.0140228028582021,1336.347,114.876,463.186,-0.341652242413731,0,0.319117298564638,0.250703116644913,0.19010056133321,0
confirmation,B,73,naive,-4,0,0,2,0,500,10,1000,0.0664687406538038,0.15855915172717,0.151815486795463,0.957469090505031,0.927,0.00822623850857729,0.864,0.0108399261990108,1368.527,114.876,463.186,-0.341652242413731,0,0.319117298564638,0.250703116644913,0.19010056133321,0
confirmation,B,73,strict,-4,0,0,2,0,500,10,1000,0.00574007782317058,0.174057752122049,0.164463599243384,0.94487948533348,0.941,0.00745110730026082,0.701,0.0144775343204566,1020.969,99.572,377.264,-0.341652242413731,0,0.319117298564638,0.250703116644913,0.19010056133321,0
confirmation,B,74,delayed,-4,0,0,4,0,500,10,1000,0.0025834382380914,0.140982614451591,0.137572961096795,0.975815079270165,0.943,0.00733150734842434,0.835,0.0117377595817941,1303.165,115.314,463.555,-0.355461653188448,0,0.331530450624786,0.206096736502463,0.111976823774355,0
confirmation,B,74,naive,-4,0,0,4,0,500,10,1000,0.0610489508247877,0.138159651184318,0.134905055557102,0.976443226373854,0.919,0.00862780389206894,0.93,0.00806845710157772,1346.83,115.314,463.555,-0.355461653188448,0,0.331530450624786,0.206096736502463,0.111976823774355,0
confirmation,B,74,strict,-4,0,0,4,0,500,10,1000,0.00257471850869079,0.146550138879069,0.143480628729853,0.979054880652493,0.939,0.00756828910652864,0.806,0.0125045591685593,1051.96,103.099,413.007,-0.355461653188448,0,0.331530450624786,0.206096736502463,0.111976823774355,0
confirmation,B,75,delayed,-4,0,0,6,0,500,10,1000,0.00508993928419926,0.123999916216732,0.124563306414363,1.00454347240563,0.945,0.00720936890441875,0.908,0.00913980306133562,1278.94,114.152,463.882,-0.365313212741966,0,0.337331922744674,0.164083370300787,0.0596722076041029,0
confirmation,B,75,naive,-4,0,0,6,0,500,10,1000,0.0595734074496618,0.122285438573988,0.12225357610362,0.999739441827744,0.916,0.00877177291087725,0.959,0.00627048642451286,1325.492,114.152,463.882,-0.365313212741966,0,0.337331922744674,0.164083370300787,0.0596722076041029,0
confirmation,B,75,strict,-4,0,0,6,0,500,10,1000,0.00579153860458187,0.126536069490934,0.129253046658558,1.02147195798443,0.948,0.00702111102319284,0.901,0.00944452222190196,1071.395,103.797,435.053,-0.365313212741966,0,0.337331922744674,0.164083370300787,0.0596722076041029,0
confirmation,B,76,delayed,-4,0,0,2,0.15,500,10,1000,0.0102011560770755,0.177449616979349,0.165756397898291,0.934104004955847,0.928,0.00817410545564467,0.7,0.0144913767461894,1237.802,100.446,435.607,-0.341619065505491,0.151346,0.338250949195437,0.269850916281537,0.20633725061012,0
confirmation,B,76,naive,-4,0,0,2,0.15,500,10,1000,0.0767528203983294,0.174009987124065,0.162564753281127,0.934226569221126,0.903,0.00935900635751467,0.839,0.0116223491601311,1269.628,100.446,435.607,-0.341619065505491,0.151346,0.338250949195437,0.269850916281537,0.20633725061012,0
confirmation,B,76,strict,-4,0,0,2,0.15,500,10,1000,0.00918986269899332,0.189503269446966,0.176931983663286,0.933661905568341,0.926,0.00827792244467173,0.669,0.0148808265899445,923.309,85.804,349.697,-0.341619065505491,0.151346,0.338250949195437,0.269850916281537,0.20633725061012,0
confirmation,B,77,delayed,-4,0,0,4,0.15,500,10,1000,0.0090926579406998,0.151959616205626,0.148066499292343,0.974380582088236,0.945,0.00720936890441875,0.79,0.0128802173894698,1206.933,101.175,440.687,-0.357564556065874,0.14975,0.350468656611884,0.224248623769061,0.124781777649839,0
confirmation,B,77,naive,-4,0,0,4,0.15,500,10,1000,0.0735499540536866,0.148179613779054,0.145096239596204,0.979191643815141,0.925,0.00832916562447884,0.897,0.00961202372032029,1251.146,101.175,440.687,-0.357564556065874,0.14975,0.350468656611884,0.224248623769061,0.124781777649839,0
confirmation,B,77,strict,-4,0,0,4,0.15,500,10,1000,0.0085727217619711,0.159067758058799,0.155080670395583,0.974934658589064,0.943,0.00733150734842434,0.747,0.0137473997541353,954.017,89.319,387.967,-0.357564556065874,0.14975,0.350468656611884,0.224248623769061,0.124781777649839,0
confirmation,B,78,delayed,-4,0,0,6,0.15,500,10,1000,0.0034039630695031,0.135124681152645,0.13252344620575,0.980749372174603,0.946,0.00714730718522718,0.853,0.0111978122863352,1181.476,100.838,443.574,-0.363461277897818,0.149654,0.351853469867445,0.176615305159394,0.0671935733862646,0
confirmation,B,78,naive,-4,0,0,6,0.15,500,10,1000,0.0628071191895552,0.132182466628909,0.129824939850916,0.982164602930198,0.919,0.00862780389206894,0.956,0.00648567652600714,1228.24,100.838,443.574,-0.363461277897818,0.149654,0.351853469867445,0.176615305159394,0.0671935733862646,0
confirmation,B,78,strict,-4,0,0,6,0.15,500,10,1000,0.00523302679140358,0.139407815428572,0.137903272421569,0.989207613630713,0.947,0.00708456067798138,0.832,0.0118226900492231,974.546,90.791,411.544,-0.363461277897818,0.149654,0.351853469867445,0.176615305159394,0.0671935733862646,0
confirmation,B,79,delayed,-4,0,0,2,0.3,500,10,1000,-0.00222117246554489,0.182616856362489,0.179717303269433,0.984122204538991,0.947,0.00708456067798138,0.622,0.0153334927527945,1132.166,85.697,405.736,-0.344461356581523,0.301232,0.361661699551873,0.292957577609542,0.22926103858062,0
confirmation,B,79,naive,-4,0,0,2,0.3,500,10,1000,0.0719321885830011,0.178432137012974,0.17628280744078,0.987954358401045,0.925,0.00832916562447884,0.784,0.0130132240432569,1164.291,85.697,405.736,-0.344461356581523,0.301232,0.361661699551873,0.292957577609542,0.22926103858062,0
confirmation,B,79,strict,-4,0,0,2,0.3,500,10,1000,-0.00133233023091305,0.200980554595593,0.193948304667586,0.96501029693068,0.938,0.00762600813007697,0.553,0.0157223089907303,818.903,71.592,318.948,-0.344461356581523,0.301232,0.361661699551873,0.292957577609542,0.22926103858062,0
confirmation,B,80,delayed,-4,0,0,4,0.3,500,10,1000,-0.000286765268856913,0.162436977624036,0.160085995605922,0.985526805210846,0.944,0.00727076337120113,0.726,0.0141040419738457,1098.673,85.787,414.006,-0.354753944949757,0.30331,0.370575186386014,0.242617529143608,0.13953057841313,0
confirmation,B,80,naive,-4,0,0,4,0.3,500,10,1000,0.071811840921791,0.158640270868667,0.156780186404541,0.988274827986992,0.923,0.00843036179532053,0.853,0.0111978122863352,1142.557,85.787,414.006,-0.354753944949757,0.30331,0.370575186386014,0.242617529143608,0.13953057841313,0
confirmation,B,80,strict,-4,0,0,4,0.3,500,10,1000,-0.000631294830405796,0.173497243413935,0.168068929690646,0.968712392102174,0.942,0.00739161687318817,0.679,0.0147634345597493,848.191,74.346,359.54,-0.354753944949757,0.30331,0.370575186386014,0.242617529143608,0.13953057841313,0
confirmation,B,81,delayed,-4,0,0,6,0.3,500,10,1000,0.00418001392162287,0.145288613014525,0.143726850478069,0.989250619824557,0.948,0.00702111102319284,0.816,0.0122533260790693,1079.399,85.973,421.63,-0.365165557727882,0.29829,0.372803038021494,0.19274864094966,0.0764088706355934,0
confirmation,B,81,naive,-4,0,0,6,0.3,500,10,1000,0.0703482081566649,0.141861840275738,0.140717184219669,0.991931191264375,0.922,0.00848033018225116,0.918,0.00867617427210865,1126.188,85.973,421.63,-0.365165557727882,0.29829,0.372803038021494,0.19274864094966,0.0764088706355934,0
confirmation,B,81,strict,-4,0,0,6,0.3,500,10,1000,0.0035834137379418,0.152335173757732,0.15066169230031,0.989014477640708,0.951,0.00682634602111555,0.787,0.0129472390879291,871.431,76.438,386.336,-0.365165557727882,0.29829,0.372803038021494,0.19274864094966,0.0764088706355934,0
confirmation,B,82,delayed,-4,0,0,2,0.5,500,10,1000,0.015960613199033,0.229268957288457,0.205888222586734,0.898020495324596,0.916,0.00877177291087725,0.521,0.015797436500901,977.591,64.714,360.87,-0.342048956636632,0.49848,0.407145566384173,0.337615558129335,0.2710602973589,0
confirmation,B,82,naive,-4,0,0,2,0.5,500,10,1000,0.102138017008014,0.225004752787453,0.201702134841569,0.896434996784728,0.893,0.00977501918156686,0.708,0.0143783170086071,1009.311,64.714,360.87,-0.342048956636632,0.49848,0.407145566384173,0.337615558129335,0.2710602973589,0
confirmation,B,82,strict,-4,0,0,2,0.5,500,10,1000,0.0124984632215835,0.252847217021424,0.22511632776376,0.890325511254036,0.911,0.00900438781928011,0.475,0.0157916116973538,664.265,51.711,273.1,-0.342048956636632,0.49848,0.407145566384173,0.337615558129335,0.2710602973589,0
confirmation,B,83,delayed,-4,0,0,4,0.5,500,10,1000,0.00467237467884419,0.193881845981101,0.183366383345175,0.945763552112297,0.934,0.00785136930732468,0.6,0.0154919333848297,946.601,66.154,375.543,-0.355314972308006,0.49837,0.410799829288423,0.282132581853291,0.171995760704348,0
confirmation,B,83,naive,-4,0,0,4,0.5,500,10,1000,0.0898652818015263,0.188543817989741,0.17925454636852,0.950731497217656,0.899,0.00952885092757778,0.767,0.0133682833602524,990.876,66.154,375.543,-0.355314972308006,0.49837,0.410799829288423,0.282132581853291,0.171995760704348,0
confirmation,B,83,strict,-4,0,0,4,0.5,500,10,1000,0.00396670256780927,0.210084355418985,0.195265266736444,0.929461245921972,0.923,0.00843036179532053,0.57,0.0156556698994326,694.34,55.177,316.886,-0.355314972308006,0.49837,0.410799829288423,0.282132581853291,0.171995760704348,0
confirmation,B,84,delayed,-4,0,0,6,0.5,500,10,1000,0.00732675712005987,0.166256516634656,0.161730398981641,0.972776299271563,0.946,0.00714730718522718,0.706,0.0144070815920505,920.058,66.807,385.099,-0.366246640865935,0.498766,0.406872137212132,0.224694016935319,0.0960905757681599,0
confirmation,B,84,naive,-4,0,0,6,0.5,500,10,1000,0.0860563529951301,0.162436861771824,0.158208655287625,0.973970154076618,0.903,0.00935900635751467,0.866,0.0107723720693262,966.699,66.807,385.099,-0.366246640865935,0.498766,0.406872137212132,0.224694016935319,0.0960905757681599,0
confirmation,B,84,strict,-4,0,0,6,0.5,500,10,1000,0.00900396108272457,0.176112775727633,0.171417889806442,0.973341593749839,0.934,0.00785136930732468,0.674,0.0148230900961979,712.672,57.675,343.66,-0.366246640865935,0.498766,0.406872137212132,0.224694016935319,0.0960905757681599,0
confirmation,B,85,delayed,-4,0,0,2,0,750,10,1000,-0.000187208913834671,0.123463020162522,0.127015664541432,1.02877496738889,0.953,0.00669260786241059,0.889,0.00993373041711924,2005.609,172.611,694.904,-0.344620048534806,0,0.317328625698878,0.249621250364076,0.188084817292487,0
confirmation,B,85,naive,-4,0,0,2,0,750,10,1000,0.0607959276718692,0.12114574407576,0.124641590734521,1.02885653710274,0.932,0.00796090447122687,0.964,0.00589101010014412,2053.349,172.611,694.904,-0.344620048534806,0,0.317328625698878,0.249621250364076,0.188084817292487,0
confirmation,B,85,strict,-4,0,0,2,0,750,10,1000,-0.00175464574339117,0.133204827259544,0.135046627699854,1.01382682953915,0.952,0.00675988165576884,0.836,0.0117091417277271,1535.211,150.131,567.371,-0.344620048534806,0,0.317328625698878,0.249621250364076,0.188084817292487,0
confirmation,B,86,delayed,-4,0,0,4,0,750,10,1000,0.00334293458744817,0.114105479814051,0.113119456526656,0.991358668409247,0.946,0.00714730718522718,0.947,0.00708456067798138,1953.052,171.666,694.581,-0.357198811081563,0,0.331593751349022,0.207063041829082,0.112086491132535,0
confirmation,B,86,naive,-4,0,0,4,0,750,10,1000,0.0622113961876195,0.111301136616342,0.110823125760528,0.995705247310617,0.913,0.00891240708226459,0.991,0.00298646948753876,2018.971,171.666,694.581,-0.357198811081563,0,0.331593751349022,0.207063041829082,0.112086491132535,0
confirmation,B,86,strict,-4,0,0,4,0,750,10,1000,0.00200135211514457,0.119015238422769,0.11784745731798,0.990187969874571,0.944,0.00727076337120113,0.926,0.00827792244467173,1576.222,153.444,618.738,-0.357198811081563,0,0.331593751349022,0.207063041829082,0.112086491132535,0
confirmation,B,87,delayed,-4,0,0,6,0,750,10,1000,0.00143693231106584,0.102736445580803,0.101963833096254,0.9924796650285,0.957,0.00641490451994416,0.974,0.00503229569878401,1918.854,169.519,696.019,-0.362887709775652,0,0.338065641191125,0.165142025596605,0.06018441684561,0
confirmation,B,87,naive,-4,0,0,6,0,750,10,1000,0.0557152698082546,0.100986976022073,0.100051767795186,0.99073931843763,0.919,0.00862780389206894,0.992,0.00281709069786544,1989.568,169.519,696.019,-0.362887709775652,0,0.338065641191125,0.165142025596605,0.06018441684561,0
confirmation,B,87,strict,-4,0,0,6,0,750,10,1000,0.000903786992984596,0.105950871567487,0.105775472193394,0.998344521649535,0.948,0.00702111102319284,0.971,0.00530650544143696,1606.72,154.385,652.684,-0.362887709775652,0,0.338065641191125,0.165142025596605,0.06018441684561,0
confirmation,B,88,delayed,-4,0,0,2,0.15,750,10,1000,-0.00908293223005174,0.139063154797036,0.136324189756057,0.980304164356285,0.945,0.00720936890441875,0.818,0.0122014753206323,1857.739,151.325,653.695,-0.34297695229589,0.151045333333333,0.336204676986876,0.268028240106391,0.20573843233824,0
confirmation,B,88,naive,-4,0,0,2,0.15,750,10,1000,0.0576229792248924,0.136144087049114,0.133648537130149,0.981669788434773,0.934,0.00785136930732468,0.923,0.00843036179532053,1905.459,151.325,653.695,-0.34297695229589,0.151045333333333,0.336204676986876,0.268028240106391,0.20573843233824,0
confirmation,B,88,strict,-4,0,0,2,0.15,750,10,1000,-0.0089455431723408,0.150472890470751,0.145845893531909,0.969250295356415,0.944,0.00727076337120113,0.765,0.0134080199880519,1388.549,129.385,525.174,-0.34297695229589,0.151045333333333,0.336204676986876,0.268028240106391,0.20573843233824,0
confirmation,B,89,delayed,-4,0,0,4,0.15,750,10,1000,-0.00249662198444773,0.121401035092732,0.1214181267702,1.00014078691714,0.943,0.00733150734842434,0.905,0.00927227048785787,1810.535,151.75,661.032,-0.356605436489793,0.149725333333333,0.350755203165475,0.223922183103653,0.124806062818125,0
confirmation,B,89,naive,-4,0,0,4,0.15,750,10,1000,0.0623834638557845,0.119033952763918,0.118899807137161,0.998873047364703,0.914,0.00886588969026798,0.969,0.00548078461536303,1877.102,151.75,661.032,-0.356605436489793,0.149725333333333,0.350755203165475,0.223922183103653,0.124806062818125,0
confirmation,B,89,strict,-4,0,0,4,0.15,750,10,1000,0.00131621415436097,0.126991282110947,0.127081107376219,1.00070733410813,0.947,0.00708456067798138,0.888,0.00997276290703835,1431.369,133.576,581.915,-0.356605436489793,0.149725333333333,0.350755203165475,0.223922183103653,0.124806062818125,0
confirmation,B,90,delayed,-4,0,0,6,0.15,750,10,1000,0.00700812177343406,0.110941529097499,0.108541834799458,0.978369738387758,0.943,0.00733150734842434,0.969,0.00548078461536303,1770.911,150.871,665.339,-0.364040123366981,0.150666666666667,0.353975536907818,0.177207389439035,0.0675075318825775,0
confirmation,B,90,naive,-4,0,0,6,0.15,750,10,1000,0.0667476550989379,0.108589043282428,0.106307098555231,0.978985497447823,0.903,0.00935900635751467,0.994,0.00244213021765835,1841.468,150.871,665.339,-0.364040123366981,0.150666666666667,0.353975536907818,0.177207389439035,0.0675075318825775,0
confirmation,B,90,strict,-4,0,0,6,0.15,750,10,1000,0.00878250105305201,0.1159506264239,0.113281399593932,0.97697962561919,0.945,0.00720936890441875,0.957,0.00641490451994416,1459.087,135.768,617.253,-0.364040123366981,0.150666666666667,0.353975536907818,0.177207389439035,0.0675075318825775,0
confirmation,B,91,delayed,-4,0,0,2,0.3,750,10,1000,0.00408894134328525,0.158340268177101,0.148723017734968,0.939262131150517,0.93,0.00806845710157772,0.789,0.0129026741414329,1699.554,127.353,608.843,-0.34420177855921,0.300278666666667,0.36230908843803,0.293515837623099,0.228592627206608,0
confirmation,B,91,naive,-4,0,0,2,0.3,750,10,1000,0.0780845558747027,0.155623094488204,0.145696960772107,0.936216833698486,0.904,0.00931579304192617,0.908,0.00913980306133562,1747.292,127.353,608.843,-0.34420177855921,0.300278666666667,0.36230908843803,0.293515837623099,0.228592627206608,0
confirmation,B,91,strict,-4,0,0,2,0.3,750,10,1000,0.00358747723211032,0.172453486060817,0.160587016355692,0.931190317017192,0.915,0.00881901355027874,0.722,0.0141674274305535,1228.653,106.254,478.968,-0.34420177855921,0.300278666666667,0.36230908843803,0.293515837623099,0.228592627206608,0
confirmation,B,92,delayed,-4,0,0,4,0.3,750,10,1000,0.000360997553667974,0.131841593284731,0.130892355217208,0.992800162347301,0.944,0.00727076337120113,0.851,0.0112605062053178,1650.4,128.991,621.685,-0.357215028733549,0.302146666666667,0.370704318484042,0.242736844974755,0.139615009453722,0
confirmation,B,92,naive,-4,0,0,4,0.3,750,10,1000,0.0710369733386704,0.128238815943431,0.128021918831893,0.998308646957301,0.905,0.00927227048785787,0.957,0.00641490451994416,1716.309,128.991,621.685,-0.357215028733549,0.302146666666667,0.370704318484042,0.242736844974755,0.139615009453722,0
confirmation,B,92,strict,-4,0,0,4,0.3,750,10,1000,-0.000965910589436177,0.14017860973966,0.137778544156756,0.982878517718495,0.944,0.00727076337120113,0.828,0.0119338174948338,1273.934,111.91,539.945,-0.357215028733549,0.302146666666667,0.370704318484042,0.242736844974755,0.139615009453722,0
confirmation,B,93,delayed,-4,0,0,6,0.3,750,10,1000,0.00663408362894811,0.120199092818,0.116516051746668,0.969358828049492,0.936,0.00773976743836661,0.937,0.00768316341099159,1617.444,129.052,631.781,-0.363247990310347,0.297950666666667,0.371279247016337,0.193249157648319,0.0760603799059308,0
confirmation,B,93,naive,-4,0,0,6,0.3,750,10,1000,0.0715574060787526,0.117776804867238,0.114070768080132,0.968533389988939,0.901,0.00944452222190196,0.982,0.00420428352992517,1687.178,129.052,631.781,-0.363247990310347,0.297950666666667,0.371279247016337,0.193249157648319,0.0760603799059308,0
confirmation,B,93,strict,-4,0,0,6,0.3,750,10,1000,0.00676195700477437,0.127775839248197,0.122051884547105,0.955203153156575,0.935,0.0077958322198467,0.907,0.00918428004799505,1306.354,114.771,579.105,-0.363247990310347,0.297950666666667,0.371279247016337,0.193249157648319,0.0760603799059308,0
confirmation,B,94,delayed,-4,0,0,2,0.5,750,10,1000,-0.000547399839351158,0.177182943289384,0.170055142184734,0.959771516533572,0.947,0.00708456067798138,0.674,0.0148230900961979,1467.448,96.567,541.682,-0.344197663709267,0.498612,0.406741632557,0.33737464782157,0.270111453303727,0
confirmation,B,94,naive,-4,0,0,2,0.5,750,10,1000,0.0861169425175066,0.17340813579603,0.166694310322265,0.961283099879106,0.907,0.00918428004799505,0.827,0.011961229033841,1515.083,96.567,541.682,-0.344197663709267,0.498612,0.406741632557,0.33737464782157,0.270111453303727,0
confirmation,B,94,strict,-4,0,0,2,0.5,750,10,1000,0.000889753164261535,0.195011061684677,0.185963189365517,0.953603286700784,0.934,0.00785136930732468,0.589,0.0155588881350821,997.825,77.076,410.148,-0.344197663709267,0.498612,0.406741632557,0.33737464782157,0.270111453303727,0
confirmation,B,95,delayed,-4,0,0,4,0.5,750,10,1000,-0.00372694688756956,0.149191844768044,0.149420613938551,1.001533389247,0.955,0.00655553201502365,0.765,0.0134080199880519,1420.631,99.108,562.855,-0.355315868807569,0.498852,0.410545063555342,0.281771792202554,0.170751694635242,0
confirmation,B,95,naive,-4,0,0,4,0.5,750,10,1000,0.079848341478134,0.145717583349663,0.146035061104835,1.00217871960181,0.908,0.00913980306133562,0.908,0.00913980306133562,1486.469,99.108,562.855,-0.355315868807569,0.498852,0.410545063555342,0.281771792202554,0.170751694635242,0
confirmation,B,95,strict,-4,0,0,4,0.5,750,10,1000,-0.00305703364629156,0.163426439351662,0.159442104072134,0.975620008027251,0.941,0.00745110730026082,0.717,0.0142446832186609,1042.59,82.502,475.233,-0.355315868807569,0.498852,0.410545063555342,0.281771792202554,0.170751694635242,0
confirmation,B,96,delayed,-4,0,0,6,0.5,750,10,1000,0.0111146055992007,0.13191648170038,0.13253803212384,1.00471169648742,0.946,0.00714730718522718,0.886,0.0100500746265886,1379.35,101.003,578.164,-0.363000267553464,0.49924,0.406662654254559,0.225520401816453,0.0964279771169767,0
confirmation,B,96,naive,-4,0,0,6,0.5,750,10,1000,0.089690611525291,0.128619917835322,0.129502805518048,1.00686431539986,0.893,0.00977501918156686,0.97,0.00539444158370447,1449.454,101.003,578.164,-0.363000267553464,0.49924,0.406662654254559,0.225520401816453,0.0964279771169767,0
confirmation,B,96,strict,-4,0,0,6,0.5,750,10,1000,0.0137572015209708,0.138569642676087,0.139841903918515,1.00918138502675,0.953,0.00669260786241059,0.841,0.0115636931816786,1067.968,87.153,516.056,-0.363000267553464,0.49924,0.406662654254559,0.225520401816453,0.0964279771169767,0
confirmation,B,97,delayed,-4,0,0,2,0,1500,10,1000,0.0026753050078252,0.0897879509999413,0.0900395219515744,1.00280183419748,0.946,0.00714730718522718,0.994,0.00244213021765835,4010.168,345.769,1389.732,-0.34325794672588,0,0.317937086831302,0.249993420277502,0.188670219319019,0
confirmation,B,97,naive,-4,0,0,2,0,1500,10,1000,0.0633642492440532,0.0883458339089668,0.0882755431005833,0.999204367594109,0.896,0.00965318600255895,1,0,4105.688,345.769,1389.732,-0.34325794672588,0,0.317937086831302,0.249993420277502,0.188670219319019,0
confirmation,B,97,strict,-4,0,0,2,0,1500,10,1000,0.00221942033131526,0.0963819393151137,0.0957281392322898,0.993216570578785,0.942,0.00739161687318817,0.99,0.00314642654451046,3067.461,300.497,1133.834,-0.34325794672588,0,0.317937086831302,0.249993420277502,0.188670219319019,0
confirmation,B,98,delayed,-4,0,0,4,0,1500,10,1000,0.00116063707015422,0.0818749601462392,0.0802337568849559,0.979954759570547,0.943,0.00733150734842434,1,0,3911.279,344.141,1390.79,-0.358471057516762,0,0.331428049422779,0.206600958449854,0.111894056920854,0
confirmation,B,98,naive,-4,0,0,4,0,1500,10,1000,0.0599006417310359,0.0801625021333165,0.0785826259451282,0.980291580899498,0.871,0.0105999528300837,1,0,4043.032,344.141,1390.79,-0.358471057516762,0,0.331428049422779,0.206600958449854,0.111894056920854,0
confirmation,B,98,strict,-4,0,0,4,0,1500,10,1000,0.000543306410065557,0.0845975353729323,0.0837468733069978,0.989944599896622,0.943,0.00733150734842434,0.998,0.00141279864099595,3157.555,307.254,1239.173,-0.358471057516762,0,0.331428049422779,0.206600958449854,0.111894056920854,0
confirmation,B,99,delayed,-4,0,0,6,0,1500,10,1000,0.00263061456843284,0.0728396304041021,0.0721039174539965,0.989899551301619,0.949,0.00695693898205238,1,0,3836.218,340.684,1391.135,-0.364045774127253,0,0.338718265055751,0.164761757615159,0.0597265831733717,0
confirmation,B,99,naive,-4,0,0,6,0,1500,10,1000,0.0568662671452845,0.0712493814783321,0.070736250390488,0.992798097650854,0.869,0.0106695360723885,1,0,3976.621,340.684,1391.135,-0.364045774127253,0,0.338718265055751,0.164761757615159,0.0597265831733717,0
confirmation,B,99,strict,-4,0,0,6,0,1500,10,1000,0.00252804336800155,0.0753037738264448,0.0748014890156756,0.993329885273389,0.953,0.00669260786241059,1,0,3211.547,310.103,1304.901,-0.364045774127253,0,0.338718265055751,0.164761757615159,0.0597265831733717,0
confirmation,B,100,delayed,-4,0,0,2,0.15,1500,10,1000,0.00143721858351407,0.0969044865391229,0.0969251441556333,1.00021317502675,0.949,0.00695693898205238,0.99,0.00314642654451046,3712.863,301.93,1306.59,-0.342526987660698,0.151397333333333,0.337198166235604,0.268253275908947,0.205342015515244,0
confirmation,B,100,naive,-4,0,0,2,0.15,1500,10,1000,0.0674543356203088,0.0951075927901311,0.0949912260073373,0.998776472210262,0.885,0.0100883596287999,0.999,0.000999499874937461,3808.788,301.93,1306.59,-0.342526987660698,0.151397333333333,0.337198166235604,0.268253275908947,0.205342015515244,0
confirmation,B,100,strict,-4,0,0,2,0.15,1500,10,1000,0.000522302169148272,0.103127388537918,0.103564119669616,1.00423487046351,0.95,0.00689202437604511,0.975,0.00493710441453288,2774.467,258.294,1050.044,-0.342526987660698,0.151397333333333,0.337198166235604,0.268253275908947,0.205342015515244,0
confirmation,B,101,delayed,-4,0,0,4,0.15,1500,10,1000,-0.00108259435345377,0.0854652311381924,0.0855207124991287,1.00064916879294,0.943,0.00733150734842434,0.994,0.00244213021765835,3622.731,303.274,1322.146,-0.355972113558372,0.149328666666667,0.349093877695377,0.222299685453178,0.123613468963749,0
confirmation,B,101,naive,-4,0,0,4,0.15,1500,10,1000,0.0632088244546597,0.083708330923302,0.0837337285841984,1.00030340660979,0.884,0.0101264011376204,1,0,3754.585,303.274,1322.146,-0.355972113558372,0.149328666666667,0.349093877695377,0.222299685453178,0.123613468963749,0
confirmation,B,101,strict,-4,0,0,4,0.15,1500,10,1000,-0.00152307528512662,0.0912524591435836,0.0895155422432688,0.980965807205461,0.935,0.0077958322198467,0.991,0.00298646948753876,2868.682,267.42,1165.419,-0.355972113558372,0.149328666666667,0.349093877695377,0.222299685453178,0.123613468963749,0
confirmation,B,102,delayed,-4,0,0,6,0.15,1500,10,1000,0.00139066916472652,0.0760171503756431,0.0764880932688464,1.00619521898514,0.953,0.00669260786241059,1,0,3544.729,301.593,1330.966,-0.363976993437215,0.149642666666667,0.353373018506961,0.177394922394475,0.0674204163733749,0
confirmation,B,102,naive,-4,0,0,6,0.15,1500,10,1000,0.061040851095846,0.0744704598844196,0.0749606368839739,1.00658216694667,0.863,0.0108734079294396,1,0,3685.562,301.593,1330.966,-0.363976993437215,0.149642666666667,0.353373018506961,0.177394922394475,0.0674204163733749,0
confirmation,B,102,strict,-4,0,0,6,0.15,1500,10,1000,0.00101336618152948,0.0790720425896649,0.0796811118464574,1.00770271308095,0.957,0.00641490451994416,1,0,2921.11,271.688,1235.221,-0.363976993437215,0.149642666666667,0.353373018506961,0.177394922394475,0.0674204163733749,0
confirmation,B,103,delayed,-4,0,0,2,0.3,1500,10,1000,0.000728956935246771,0.108364736847576,0.104609071932522,0.965342370365954,0.938,0.00762600813007697,0.973,0.00512552436341883,3400.806,256.644,1218.024,-0.343649746622037,0.301008666666667,0.362598407698419,0.293646479227432,0.228637055428894,0
confirmation,B,103,naive,-4,0,0,2,0.3,1500,10,1000,0.0739636772868674,0.106625353539467,0.102512132935318,0.961423615794839,0.88,0.0102761860629321,0.991,0.00298646948753876,3496.513,256.644,1218.024,-0.343649746622037,0.301008666666667,0.362598407698419,0.293646479227432,0.228637055428894,0
confirmation,B,103,strict,-4,0,0,2,0.3,1500,10,1000,0.00319807568457218,0.115976853104978,0.112706275429097,0.971799737720763,0.935,0.0077958322198467,0.951,0.00682634602111555,2458.101,214.075,957.903,-0.343649746622037,0.301008666666667,0.362598407698419,0.293646479227432,0.228637055428894,0
confirmation,B,104,delayed,-4,0,0,4,0.3,1500,10,1000,-0.00140470474873419,0.0926625529827681,0.0924965855500757,0.998208905028515,0.947,0.00708456067798138,0.985,0.00384382621875652,3300.288,259.578,1243.39,-0.356906521836117,0.302411333333333,0.370884126686977,0.243528088895138,0.140082628960097,0
confirmation,B,104,naive,-4,0,0,4,0.3,1500,10,1000,0.0698682012643701,0.0906167044230376,0.0904827241510043,0.998521461656696,0.886,0.0100500746265886,0.998,0.00141279864099595,3432.054,259.578,1243.39,-0.356906521836117,0.302411333333333,0.370884126686977,0.243528088895138,0.140082628960097,0
confirmation,B,104,strict,-4,0,0,4,0.3,1500,10,1000,-0.00428666516901313,0.0977719145854084,0.097583130171827,0.998069134532325,0.941,0.00745110730026082,0.982,0.00420428352992517,2545.747,225.279,1079.411,-0.356906521836117,0.302411333333333,0.370884126686977,0.243528088895138,0.140082628960097,0
confirmation,B,105,delayed,-4,0,0,6,0.3,1500,10,1000,0.000855502921754769,0.0807934601022427,0.0824264097604392,1.02021140889535,0.951,0.00682634602111555,0.998,0.00141279864099595,3236.032,258.992,1264.254,-0.363992536789314,0.297596666666667,0.372157394751928,0.194217092275583,0.0767737889137253,0
confirmation,B,105,naive,-4,0,0,6,0.3,1500,10,1000,0.0669114337660253,0.0787894061851113,0.0807045741836325,1.02430743029109,0.881,0.0102390917565964,1,0,3377.037,258.992,1264.254,-0.363992536789314,0.297596666666667,0.372157394751928,0.194217092275583,0.0767737889137253,0
confirmation,B,105,strict,-4,0,0,6,0.3,1500,10,1000,6.00522502274213e-05,0.0849433817255508,0.0863153973357158,1.0161521190032,0.957,0.00641490451994416,0.996,0.00199599599197994,2611.854,230.361,1158.21,-0.363992536789314,0.297596666666667,0.372157394751928,0.194217092275583,0.0767737889137253,0
confirmation,B,106,delayed,-4,0,0,2,0.5,1500,10,1000,0.000710718891461097,0.121710822734041,0.120312559637661,0.988511596052263,0.95,0.00689202437604511,0.903,0.00935900635751467,2935.582,192.947,1083.578,-0.344386215233572,0.497936666666667,0.408192302779838,0.338892883159978,0.272018373143882,0
confirmation,B,106,naive,-4,0,0,2,0.5,1500,10,1000,0.0878702835252373,0.118898321777366,0.11785766184716,0.991247480076675,0.883,0.010164201887015,0.987,0.00358203852575597,3031.055,192.947,1083.578,-0.344386215233572,0.497936666666667,0.408192302779838,0.338892883159978,0.272018373143882,0
confirmation,B,106,strict,-4,0,0,2,0.5,1500,10,1000,0.00199753923794078,0.131620950990255,0.131864467392389,1.0018501340425,0.939,0.00756828910652864,0.867,0.0107382959542006,1991.378,153.746,818.854,-0.344386215233572,0.497936666666667,0.408192302779838,0.338892883159978,0.272018373143882,0
confirmation,B,107,delayed,-4,0,0,4,0.5,1500,10,1000,-0.000947477647194344,0.114127458466912,0.106092841856124,0.929599618543004,0.923,0.00843036179532053,0.949,0.00695693898205238,2837.762,197.279,1125.371,-0.356928733675317,0.499486,0.410377047198604,0.281598497147911,0.171574237262094,0
confirmation,B,107,naive,-4,0,0,4,0.5,1500,10,1000,0.0834712926043796,0.110983048742752,0.103700423187092,0.934380739778193,0.87,0.0106348483769163,0.995,0.00223047080231955,2969.891,197.279,1125.371,-0.356928733675317,0.499486,0.410377047198604,0.281598497147911,0.171574237262094,0
confirmation,B,107,strict,-4,0,0,4,0.5,1500,10,1000,0.00130121302864959,0.121315703300421,0.112969968108119,0.93120647232589,0.938,0.00762600813007697,0.93,0.00806845710157772,2082.557,164.654,949.407,-0.356928733675317,0.499486,0.410377047198604,0.281598497147911,0.171574237262094,0
confirmation,B,108,delayed,-4,0,0,6,0.5,1500,10,1000,0.00320408816669088,0.0947623092887599,0.0939959969180728,0.991913321061521,0.944,0.00727076337120113,0.991,0.00298646948753876,2764.559,199.92,1157.653,-0.361803682772799,0.499518,0.406650271070484,0.225000140708666,0.0966906522295942,0
confirmation,B,108,naive,-4,0,0,6,0.5,1500,10,1000,0.0805565127019751,0.09248894537811,0.091891477571973,0.993540116565342,0.861,0.0109397897603199,1,0,2904.648,199.92,1157.653,-0.361803682772799,0.499518,0.406650271070484,0.225000140708666,0.0966906522295942,0
confirmation,B,108,strict,-4,0,0,6,0.5,1500,10,1000,0.00417255697396385,0.101069153810892,0.0992887220009053,0.982384023781202,0.944,0.00727076337120113,0.984,0.00396787096564392,2140.685,172.709,1032.686,-0.361803682772799,0.499518,0.406650271070484,0.225000140708666,0.0966906522295942,0
frailty,C,1,delayed,0,0,-2,4,0.3,750,0.25,1000,0.00643361255217388,0.119745484115602,0.11822787150037,0.987326347824805,0.953,0.00669260786241059,0.937,0.00768316341099159,1761.671,150.987,653.22,-0.00620924539213591,0.301741333333333,0.00705746947082054,6.89285400405424e-06,0,0
frailty,C,1,naive,0,0,-2,4,0.3,750,0.25,1000,0.00643272595437953,0.119745934662247,0.118228436420475,0.987327350644074,0.953,0.00669260786241059,0.937,0.00768316341099159,1761.671,150.987,653.22,-0.00620924539213591,0.301741333333333,0.00705746947082054,6.89285400405424e-06,0,0
frailty,C,1,strict,0,0,-2,4,0.3,750,0.25,1000,0.00615265016383942,0.119885985958691,0.118327196302034,0.98699773251901,0.952,0.00675988165576884,0.937,0.00768316341099159,1757.056,150.6,652.808,-0.00620924539213591,0.301741333333333,0.00705746947082054,6.89285400405424e-06,0,0
frailty,C,2,delayed,0,0,-2,4,0.3,750,4,1000,-0.00429486795760133,0.115492440301417,0.120340965582876,1.04198132162421,0.957,0.00641490451994416,0.919,0.00862780389206894,1760.241,148.365,648.755,-0.0187046312725292,0.298238666666667,0.14114102677314,0.025374134327616,0.00219985527406912,0
frailty,C,2,naive,0,0,-2,4,0.3,750,4,1000,-0.00424605731415718,0.115365735411781,0.120319262165951,1.04293759092757,0.957,0.00641490451994416,0.92,0.00857904423581089,1760.494,148.365,648.755,-0.0187046312725292,0.298238666666667,0.14114102677314,0.025374134327616,0.00219985527406912,0
frailty,C,2,strict,0,0,-2,4,0.3,750,4,1000,-0.00367487183557913,0.117939261585511,0.121972078236075,1.03419401305679,0.963,0.00596917079668525,0.916,0.00877177291087725,1652.897,140.873,641.761,-0.0187046312725292,0.298238666666667,0.14114102677314,0.025374134327616,0.00219985527406912,0
frailty,C,3,delayed,0,0,-2,4,0.3,750,10,1000,-0.0024966170437622,0.132368110170668,0.127416052241643,0.962588738914225,0.942,0.00739161687318817,0.886,0.0100500746265886,1672.958,132.519,624.468,-0.0349308152312298,0.300145333333333,0.334533842300349,0.208455112572066,0.112222989416031,0
frailty,C,3,naive,0,0,-2,4,0.3,750,10,1000,-0.000720282610265965,0.13218278243225,0.12738991209353,0.963740585191751,0.937,0.00768316341099159,0.887,0.0100115433375679,1723.181,132.519,624.468,-0.0349308152312298,0.300145333333333,0.334533842300349,0.208455112572066,0.112222989416031,0
frailty,C,3,strict,0,0,-2,4,0.3,750,10,1000,-0.00301344592170689,0.138671920744548,0.133313646418949,0.961360062680103,0.936,0.00773976743836661,0.848,0.0113532374237483,1335.643,114.344,557.144,-0.0349308152312298,0.300145333333333,0.334533842300349,0.208455112572066,0.112222989416031,0
frailty,C,4,delayed,0,0,0,4,0.3,750,0.25,1000,0.00522070753105114,0.120990924135185,0.118872279032239,0.982489222905848,0.947,0.00708456067798138,0.935,0.0077958322198467,1760.383,151.373,652.96,-0.000792071910511625,0.302194666666667,0,0,0,0
frailty,C,4,naive,0,0,0,4,0.3,750,0.25,1000,0.00522070753105114,0.120990924135185,0.118872279032239,0.982489222905848,0.947,0.00708456067798138,0.935,0.0077958322198467,1760.383,151.373,652.96,-0.000792071910511625,0.302194666666667,0,0,0,0
frailty,C,4,strict,0,0,0,4,0.3,750,0.25,1000,0.00522070753105114,0.120990924135185,0.118872279032239,0.982489222905848,0.947,0.00708456067798138,0.935,0.0077958322198467,1760.383,151.373,652.96,-0.000792071910511625,0.302194666666667,0,0,0,0
frailty,C,5,delayed,0,0,0,4,0.3,750,4,1000,-0.002055912104776,0.12266923509377,0.119207856416251,0.971782829860536,0.942,0.00739161687318817,0.922,0.00848033018225116,1761.957,149.86,650.381,-0.0162183291958186,0.298044,0.113767103336768,0.0140598480216123,0.000696437751431217,0
frailty,C,5,naive,0,0,0,4,0.3,750,4,1000,-0.00192390815494829,0.122638911590397,0.119211274490758,0.972050982390589,0.942,0.00739161687318817,0.922,0.00848033018225116,1761.998,149.86,650.381,-0.0162183291958186,0.298044,0.113767103336768,0.0140598480216123,0.000696437751431217,0
frailty,C,5,strict,0,0,0,4,0.3,750,4,1000,-0.00206757469025022,0.125764130011971,0.120521726936866,0.958315593845348,0.939,0.00756828910652864,0.915,0.00881901355027874,1679.398,143.845,644.994,-0.0162183291958186,0.298044,0.113767103336768,0.0140598480216123,0.000696437751431217,0
frailty,C,6,delayed,0,0,0,4,0.3,750,10,1000,0.0021136075695392,0.12940595174657,0.127644314393849,0.986386736244007,0.942,0.00739161687318817,0.891,0.00985489725973843,1673.903,132.739,624.065,-0.0366237745959329,0.302804,0.33153366345374,0.203736268678614,0.10806937774773,0
frailty,C,6,naive,0,0,0,4,0.3,750,10,1000,0.00466614829236267,0.128836039019923,0.127710295170075,0.991262197608592,0.943,0.00733150734842434,0.896,0.00965318600255895,1721.668,132.739,624.065,-0.0366237745959329,0.302804,0.33153366345374,0.203736268678614,0.10806937774773,0
frailty,C,6,strict,0,0,0,4,0.3,750,10,1000,0.00244213289260064,0.135516534076927,0.133189699274341,0.982829882579016,0.952,0.00675988165576884,0.863,0.0108734079294396,1341.174,114.786,558.997,-0.0366237745959329,0.302804,0.33153366345374,0.203736268678614,0.10806937774773,0
frailty,C,7,delayed,0,0.5,-2,4,0.3,750,0.25,1000,-0.0567714947702068,0.12006857727421,0.119427407095123,0.994659966881903,0.915,0.00881901355027874,0.825,0.0120156148406979,1767.696,143.036,655.604,0.0742530992280125,0.303984,0.0108273642764035,3.39559552634614e-06,0,0
frailty,C,7,naive,0,0.5,-2,4,0.3,750,0.25,1000,-0.0568305483824497,0.120068116720845,0.119428165875813,0.994670101751326,0.915,0.00881901355027874,0.825,0.0120156148406979,1767.696,143.036,655.604,0.0742530992280125,0.303984,0.0108273642764035,3.39559552634614e-06,0,0
frailty,C,7,strict,0,0.5,-2,4,0.3,750,0.25,1000,-0.0563688517169328,0.12012235703524,0.119453081083073,0.994428381454663,0.916,0.00877177291087725,0.828,0.0119338174948338,1760.598,142.863,655.097,0.0742530992280125,0.303984,0.0108273642764035,3.39559552634614e-06,0,0
frailty,C,8,delayed,0,0.5,-2,4,0.3,750,4,1000,-0.0480548920416008,0.120979575524755,0.120811217279358,0.998608374639552,0.931,0.00801492358042171,0.846,0.0114142016803629,1760.737,141.834,649.313,0.0173776394665472,0.302496,0.165861789452068,0.0319354363555297,0.00302510744189287,0
frailty,C,8,naive,0,0.5,-2,4,0.3,750,4,1000,-0.0494794382341173,0.120951793656459,0.120839870215636,0.999074644224447,0.93,0.00806845710157772,0.844,0.0114744934528719,1761.11,141.834,649.313,0.0173776394665472,0.302496,0.165861789452068,0.0319354363555297,0.00302510744189287,0
frailty,C,8,strict,0,0.5,-2,4,0.3,750,4,1000,-0.0473729985653747,0.123134987666346,0.121998974778017,0.990774247759641,0.934,0.00785136930732468,0.835,0.0117377595817941,1633.108,135.533,641.311,0.0173776394665472,0.302496,0.165861789452068,0.0319354363555297,0.00302510744189287,0
frailty,C,9,delayed,0,0.5,-2,4,0.3,750,10,1000,-0.0555325232263383,0.132012206810467,0.128049204556258,0.96998003177162,0.916,0.00877177291087725,0.77,0.0133078923951165,1668.377,125.724,623.981,-0.0167582205693521,0.302757333333333,0.353964705527735,0.223415358767082,0.12262501323367,0
frailty,C,9,naive,0,0.5,-2,4,0.3,750,10,1000,-0.0582128558834213,0.131405601811149,0.128077092639411,0.974669959835343,0.911,0.00900438781928011,0.767,0.0133682833602524,1724.193,125.724,623.981,-0.0167582205693521,0.302757333333333,0.353964705527735,0.223415358767082,0.12262501323367,0
frailty,C,9,strict,0,0.5,-2,4,0.3,750,10,1000,-0.0535663823122196,0.139857051090446,0.133686919212651,0.955882582753694,0.909,0.00909499862561837,0.732,0.0140062843038402,1310.404,108.865,551.068,-0.0167582205693521,0.302757333333333,0.353964705527735,0.223415358767082,0.12262501323367,0
frailty,C,10,delayed,0,0.5,0,4,0.3,750,0.25,1000,-0.0535482994375558,0.118325950108364,0.11861684163446,1.00245839163623,0.918,0.00867617427210865,0.85,0.0112915897906362,1767.206,145.871,653.825,-0.00138332220418594,0.301085333333333,0,0,0,0
frailty,C,10,naive,0,0.5,0,4,0.3,750,0.25,1000,-0.0535482994375558,0.118325950108364,0.11861684163446,1.00245839163623,0.918,0.00867617427210865,0.85,0.0112915897906362,1767.206,145.871,653.825,-0.00138332220418594,0.301085333333333,0,0,0,0
frailty,C,10,strict,0,0.5,0,4,0.3,750,0.25,1000,-0.0535482994375558,0.118325950108364,0.11861684163446,1.00245839163623,0.918,0.00867617427210865,0.85,0.0112915897906362,1767.206,145.871,653.825,-0.00138332220418594,0.301085333333333,0,0,0,0
frailty,C,11,delayed,0,0.5,0,4,0.3,750,4,1000,-0.0492637000369906,0.11418976260405,0.119593152050333,1.04731938593322,0.941,0.00745110730026082,0.856,0.0111024321659716,1766.879,143.94,651.604,-0.0141893853369582,0.29926,0.113194979054104,0.0140300934941614,0.000782377312088757,0
frailty,C,11,naive,0,0.5,0,4,0.3,750,4,1000,-0.049203257247619,0.11415831273907,0.119597041815765,1.04764198897304,0.94,0.00750999334220744,0.856,0.0111024321659716,1766.953,143.94,651.604,-0.0141893853369582,0.29926,0.113194979054104,0.0140300934941614,0.000782377312088757,0
frailty,C,11,strict,0,0.5,0,4,0.3,750,4,1000,-0.0493310341009954,0.115450993587893,0.121085631804567,1.04880545451854,0.941,0.00745110730026082,0.838,0.0116514376795312,1684.542,138.269,646.29,-0.0141893853369582,0.29926,0.113194979054104,0.0140300934941614,0.000782377312088757,0
frailty,C,12,delayed,0,0.5,0,4,0.3,750,10,1000,-0.0510634683357173,0.130534056658601,0.127558488316329,0.977204658933921,0.921,0.00852988862764339,0.805,0.0125289664378192,1681.132,127.948,625.689,-0.0297237635755776,0.299633333333333,0.330789216538764,0.20290735692611,0.107321630219406,0
frailty,C,12,naive,0,0.5,0,4,0.3,750,10,1000,-0.0498634546520074,0.13032370115453,0.127589261327331,0.979018092618803,0.925,0.00832916562447884,0.809,0.0124305671632472,1728.69,127.948,625.689,-0.0297237635755776,0.299633333333333,0.330789216538764,0.20290735692611,0.107321630219406,0
frailty,C,12,strict,0,0.5,0,4,0.3,750,10,1000,-0.0527900038027307,0.135523412209471,0.133264326159535,0.983330658421994,0.928,0.00817410545564467,0.766,0.0133882037630147,1348.194,110.615,560.755,-0.0297237635755776,0.299633333333333,0.330789216538764,0.20290735692611,0.107321630219406,0
