entry_sd_index,replicate,entry_sd,outer_seed,bootstrap_seed_naive,bootstrap_seed_strict
1,1,0.25,710002001,810004001,910004001
1,2,0.25,710002002,810004002,910004002
1,3,0.25,710002003,810004003,910004003
1,4,0.25,710002004,810004004,910004004
1,5,0.25,710002005,810004005,910004005
1,6,0.25,710002006,810004006,910004006
1,7,0.25,710002007,810004007,910004007
1,8,0.25,710002008,810004008,910004008
1,9,0.25,710002009,810004009,910004009
1,10,0.25,710002010,810004010,910004010
1,11,0.25,710002011,810004011,910004011
1,12,0.25,710002012,810004012,910004012
1,13,0.25,710002013,810004013,910004013
1,14,0.25,710002014,810004014,910004014
1,15,0.25,710002015,810004015,910004015
1,16,0.25,710002016,810004016,910004016
1,17,0.25,710002017,810004017,910004017
1,18,0.25,710002018,810004018,910004018
1,19,0.25,710002019,810004019,910004019
1,20,0.25,710002020,810004020,910004020
1,21,0.25,710002021,810004021,910004021
1,22,0.25,710002022,810004022,910004022
1,23,0.25,710002023,810004023,910004023
1,24,0.25,710002024,810004024,910004024
1,25,0.25,710002025,810004025,910004025
1,26,0.25,710002026,810004026,910004026
1,27,0.25,710002027,810004027,910004027
1,28,0.25,710002028,810004028,910004028
1,29,0.25,710002029,810004029,910004029
1,30,0.25,710002030,810004030,910004030
1,31,0.25,710002031,810004031,910004031
1,32,0.25,710002032,810004032,910004032
1,33,0.25,710002033,810004033,910004033
1,34,0.25,710002034,810004034,910004034
1,35,0.25,710002035,810004035,910004035
1,36,0.25,710002036,810004036,910004036
1,37,0.25,710002037,810004037,910004037
1,38,0.25,710002038,810004038,910004038
1,39,0.25,710002039,810004039,910004039
1,40,0.25,710002040,810004040,910004040
1,41,0.25,710002041,810004041,910004041
1,42,0.25,710002042,810004042,910004042
1,43,0.25,710002043,810004043,910004043
1,44,0.25,710002044,810004044,910004044
1,45,0.25,710002045,810004045,910004045
1,46,0.25,710002046,810004046,910004046
1,47,0.25,710002047,810004047,910004047
1,48,0.25,710002048,810004048,910004048
1,49,0.25,710002049,810004049,910004049
1,50,0.25,710002050,810004050,910004050
1,51,0.25,710002051,810004051,910004051
1,52,0.25,710002052,810004052,910004052
1,53,0.25,710002053,810004053,910004053
1,54,0.25,710002054,810004054,910004054
1,55,0.25,710002055,810004055,910004055
1,56,0.25,710002056,810004056,910004056
1,57,0.25,710002057,810004057,910004057
1,58,0.25,710002058,810004058,910004058
1,59,0.25,710002059,810004059,910004059
1,60,0.25,710002060,810004060,910004060
1,61,0.25,710002061,810004061,910004061
1,62,0.25,710002062,810004062,910004062
1,63,0.25,710002063,810004063,910004063
1,64,0.25,710002064,810004064,910004064
1,65,0.25,710002065,810004065,910004065
1,66,0.25,710002066,810004066,910004066
1,67,0.25,710002067,810004067,910004067
1,68,0.25,710002068,810004068,910004068
1,69,0.25,710002069,810004069,910004069
1,70,0.25,710002070,810004070,910004070
1,71,0.25,710002071,810004071,910004071
1,72,0.25,710002072,810004072,910004072
1,73,0.25,710002073,810004073,910004073
1,74,0.25,710002074,810004074,910004074
1,75,0.25,710002075,810004075,910004075
1,76,0.25,710002076,810004076,910004076
1,77,0.25,710002077,810004077,910004077
1,78,0.25,710002078,810004078,910004078
1,79,0.25,710002079,810004079,910004079
1,80,0.25,710002080,810004080,910004080
1,81,0.25,710002081,810004081,910004081
1,82,0.25,710002082,810004082,910004082
1,83,0.25,710002083,810004083,910004083
1,84,0.25,710002084,810004084,910004084
1,85,0.25,710002085,810004085,910004085
1,86,0.25,710002086,810004086,910004086
1,87,0.25,710002087,810004087,910004087
1,88,0.25,710002088,810004088,910004088
1,89,0.25,710002089,810004089,910004089
1,90,0.25,710002090,810004090,910004090
1,91,0.25,710002091,810004091,910004091
1,92,0.25,710002092,810004092,910004092
1,93,0.25,710002093,810004093,910004093
1,94,0.25,710002094,810004094,910004094
1,95,0.25,710002095,810004095,910004095
1,96,0.25,710002096,810004096,910004096
1,97,0.25,710002097,810004097,910004097
1,98,0.25,710002098,810004098,910004098
1,99,0.25,710002099,810004099,910004099
1,100,0.25,710002100,810004100,910004100
1,101,0.25,710002101,810004101,910004101
1,102,0.25,710002102,810004102,910004102
1,103,0.25,710002103,810004103,910004103
1,104,0.25,710002104,810004104,910004104
1,105,0.25,710002105,810004105,910004105
1,106,0.25,710002106,810004106,910004106
1,107,0.25,710002107,810004107,910004107
1,108,0.25,710002108,810004108,910004108
1,109,0.25,710002109,810004109,910004109
1,110,0.25,710002110,810004110,910004110
1,111,0.25,710002111,810004111,910004111
1,112,0.25,710002112,810004112,910004112
1,113,0.25,710002113,810004113,910004113
1,114,0.25,710002114,810004114,910004114
1,115,0.25,710002115,810004115,910004115
1,116,0.25,710002116,810004116,910004116
1,117,0.25,710002117,810004117,910004117
1,118,0.25,710002118,810004118,910004118
1,119,0.25,710002119,810004119,910004119
1,120,0.25,710002120,810004120,910004120
1,121,0.25,710002121,810004121,910004121
1,122,0.25,710002122,810004122,910004122
1,123,0.25,710002123,810004123,910004123
1,124,0.25,710002124,810004124,910004124
1,125,0.25,710002125,810004125,910004125
1,126,0.25,710002126,810004126,910004126
1,127,0.25,710002127,810004127,910004127
1,128,0.25,710002128,810004128,910004128
1,129,0.25,710002129,810004129,910004129
1,130,0.25,710002130,810004130,910004130
1,131,0.25,710002131,810004131,910004131
1,132,0.25,710002132,810004132,910004132
1,133,0.25,710002133,810004133,910004133
1,134,0.25,710002134,810004134,910004134
1,135,0.25,710002135,810004135,910004135
1,136,0.25,710002136,810004136,910004136
1,137,0.25,710002137,810004137,910004137
1,138,0.25,710002138,810004138,910004138
1,139,0.25,710002139,810004139,910004139
1,140,0.25,710002140,810004140,910004140
1,141,0.25,710002141,810004141,910004141
1,142,0.25,710002142,810004142,910004142
1,143,0.25,710002143,810004143,910004143
1,144,0.25,710002144,810004144,910004144
1,145,0.25,710002145,810004145,910004145
1,146,0.25,710002146,810004146,910004146
1,147,0.25,710002147,810004147,910004147
1,148,0.25,710002148,810004148,910004148
1,149,0.25,710002149,810004149,910004149
1,150,0.25,710002150,810004150,910004150
1,151,0.25,710002151,810004151,910004151
1,152,0.25,710002152,810004152,910004152
1,153,0.25,710002153,810004153,910004153
1,154,0.25,710002154,810004154,910004154
1,155,0.25,710002155,810004155,910004155
1,156,0.25,710002156,810004156,910004156
1,157,0.25,710002157,810004157,910004157
1,158,0.25,710002158,810004158,910004158
1,159,0.25,710002159,810004159,910004159
1,160,0.25,710002160,810004160,910004160
1,161,0.25,710002161,810004161,910004161
1,162,0.25,710002162,810004162,910004162
1,163,0.25,710002163,810004163,910004163
1,164,0.25,710002164,810004164,910004164
1,165,0.25,710002165,810004165,910004165
1,166,0.25,710002166,810004166,910004166
1,167,0.25,710002167,810004167,910004167
1,168,0.25,710002168,810004168,910004168
1,169,0.25,710002169,810004169,910004169
1,170,0.25,710002170,810004170,910004170
1,171,0.25,710002171,810004171,910004171
1,172,0.25,710002172,810004172,910004172
1,173,0.25,710002173,810004173,910004173
1,174,0.25,710002174,810004174,910004174
1,175,0.25,710002175,810004175,910004175
1,176,0.25,710002176,810004176,910004176
1,177,0.25,710002177,810004177,910004177
1,178,0.25,710002178,810004178,910004178
1,179,0.25,710002179,810004179,910004179
1,180,0.25,710002180,810004180,910004180
1,181,0.25,710002181,810004181,910004181
1,182,0.25,710002182,810004182,910004182
1,183,0.25,710002183,810004183,910004183
1,184,0.25,710002184,810004184,910004184
1,185,0.25,710002185,810004185,910004185
1,186,0.25,710002186,810004186,910004186
1,187,0.25,710002187,810004187,910004187
1,188,0.25,710002188,810004188,910004188
1,189,0.25,710002189,810004189,910004189
1,190,0.25,710002190,810004190,910004190
1,191,0.25,710002191,810004191,910004191
1,192,0.25,710002192,810004192,910004192
1,193,0.25,710002193,810004193,910004193
1,194,0.25,710002194,810004194,910004194
1,195,0.25,710002195,810004195,910004195
1,196,0.25,710002196,810004196,910004196
1,197,0.25,710002197,810004197,910004197
1,198,0.25,710002198,810004198,910004198
1,199,0.25,710002199,810004199,910004199
1,200,0.25,710002200,810004200,910004200
1,201,0.25,710002201,810004201,910004201
1,202,0.25,710002202,810004202,910004202
1,203,0.25,710002203,810004203,910004203
1,204,0.25,710002204,810004204,910004204
1,205,0.25,710002205,810004205,910004205
1,206,0.25,710002206,810004206,910004206
1,207,0.25,710002207,810004207,910004207
1,208,0.25,710002208,810004208,910004208
1,209,0.25,710002209,810004209,910004209
1,210,0.25,710002210,810004210,910004210
1,211,0.25,710002211,810004211,910004211
1,212,0.25,710002212,810004212,910004212
1,213,0.25,710002213,810004213,910004213
1,214,0.25,710002214,810004214,910004214
1,215,0.25,710002215,810004215,910004215
1,216,0.25,710002216,810004216,910004216
1,217,0.25,710002217,810004217,910004217
1,218,0.25,710002218,810004218,910004218
1,219,0.25,710002219,810004219,910004219
1,220,0.25,710002220,810004220,910004220
1,221,0.25,710002221,810004221,910004221
1,222,0.25,710002222,810004222,910004222
1,223,0.25,710002223,810004223,910004223
1,224,0.25,710002224,810004224,910004224
1,225,0.25,710002225,810004225,910004225
1,226,0.25,710002226,810004226,910004226
1,227,0.25,710002227,810004227,910004227
1,228,0.25,710002228,810004228,910004228
1,229,0.25,710002229,810004229,910004229
1,230,0.25,710002230,810004230,910004230
1,231,0.25,710002231,810004231,910004231
1,232,0.25,710002232,810004232,910004232
1,233,0.25,710002233,810004233,910004233
1,234,0.25,710002234,810004234,910004234
1,235,0.25,710002235,810004235,910004235
1,236,0.25,710002236,810004236,910004236
1,237,0.25,710002237,810004237,910004237
1,238,0.25,710002238,810004238,910004238
1,239,0.25,710002239,810004239,910004239
1,240,0.25,710002240,810004240,910004240
1,241,0.25,710002241,810004241,910004241
1,242,0.25,710002242,810004242,910004242
1,243,0.25,710002243,810004243,910004243
1,244,0.25,710002244,810004244,910004244
1,245,0.25,710002245,810004245,910004245
1,246,0.25,710002246,810004246,910004246
1,247,0.25,710002247,810004247,910004247
1,248,0.25,710002248,810004248,910004248
1,249,0.25,710002249,810004249,910004249
1,250,0.25,710002250,810004250,910004250
1,251,0.25,710002251,810004251,910004251
1,252,0.25,710002252,810004252,910004252
1,253,0.25,710002253,810004253,910004253
1,254,0.25,710002254,810004254,910004254
1,255,0.25,710002255,810004255,910004255
1,256,0.25,710002256,810004256,910004256
1,257,0.25,710002257,810004257,910004257
1,258,0.25,710002258,810004258,910004258
1,259,0.25,710002259,810004259,910004259
1,260,0.25,710002260,810004260,910004260
1,261,0.25,710002261,810004261,910004261
1,262,0.25,710002262,810004262,910004262
1,263,0.25,710002263,810004263,910004263
1,264,0.25,710002264,810004264,910004264
1,265,0.25,710002265,810004265,910004265
1,266,0.25,710002266,810004266,910004266
1,267,0.25,710002267,810004267,910004267
1,268,0.25,710002268,810004268,910004268
1,269,0.25,710002269,810004269,910004269
1,270,0.25,710002270,810004270,910004270
1,271,0.25,710002271,810004271,910004271
1,272,0.25,710002272,810004272,910004272
1,273,0.25,710002273,810004273,910004273
1,274,0.25,710002274,810004274,910004274
1,275,0.25,710002275,810004275,910004275
1,276,0.25,710002276,810004276,910004276
1,277,0.25,710002277,810004277,910004277
1,278,0.25,710002278,810004278,910004278
1,279,0.25,710002279,810004279,910004279
1,280,0.25,710002280,810004280,910004280
1,281,0.25,710002281,810004281,910004281
1,282,0.25,710002282,810004282,910004282
1,283,0.25,710002283,810004283,910004283
1,284,0.25,710002284,810004284,910004284
1,285,0.25,710002285,810004285,910004285
1,286,0.25,710002286,810004286,910004286
1,287,0.25,710002287,810004287,910004287
1,288,0.25,710002288,810004288,910004288
1,289,0.25,710002289,810004289,910004289
1,290,0.25,710002290,810004290,910004290
1,291,0.25,710002291,810004291,910004291
1,292,0.25,710002292,810004292,910004292
1,293,0.25,710002293,810004293,910004293
1,294,0.25,710002294,810004294,910004294
1,295,0.25,710002295,810004295,910004295
1,296,0.25,710002296,810004296,910004296
1,297,0.25,710002297,810004297,910004297
1,298,0.25,710002298,810004298,910004298
1,299,0.25,710002299,810004299,910004299
1,300,0.25,710002300,810004300,910004300
1,301,0.25,710002301,810004301,910004301
1,302,0.25,710002302,810004302,910004302
1,303,0.25,710002303,810004303,910004303
1,304,0.25,710002304,810004304,910004304
1,305,0.25,710002305,810004305,910004305
1,306,0.25,710002306,810004306,910004306
1,307,0.25,710002307,810004307,910004307
1,308,0.25,710002308,810004308,910004308
1,309,0.25,710002309,810004309,910004309
1,310,0.25,710002310,810004310,910004310
1,311,0.25,710002311,810004311,910004311
1,312,0.25,710002312,810004312,910004312
1,313,0.25,710002313,810004313,910004313
1,314,0.25,710002314,810004314,910004314
1,315,0.25,710002315,810004315,910004315
1,316,0.25,710002316,810004316,910004316
1,317,0.25,710002317,810004317,910004317
1,318,0.25,710002318,810004318,910004318
1,319,0.25,710002319,810004319,910004319
1,320,0.25,710002320,810004320,910004320
1,321,0.25,710002321,810004321,910004321
1,322,0.25,710002322,810004322,910004322
1,323,0.25,710002323,810004323,910004323
1,324,0.25,710002324,810004324,910004324
1,325,0.25,710002325,810004325,910004325
1,326,0.25,710002326,810004326,910004326
1,327,0.25,710002327,810004327,910004327
1,328,0.25,710002328,810004328,910004328
1,329,0.25,710002329,810004329,910004329
1,330,0.25,710002330,810004330,910004330
1,331,0.25,710002331,810004331,910004331
1,332,0.25,710002332,810004332,910004332
1,333,0.25,710002333,810004333,910004333
1,334,0.25,710002334,810004334,910004334
1,335,0.25,710002335,810004335,910004335
1,336,0.25,710002336,810004336,910004336
1,337,0.25,710002337,810004337,910004337
1,338,0.25,710002338,810004338,910004338
1,339,0.25,710002339,810004339,910004339
1,340,0.25,710002340,810004340,910004340
1,341,0.25,710002341,810004341,910004341
1,342,0.25,710002342,810004342,910004342
1,343,0.25,710002343,810004343,910004343
1,344,0.25,710002344,810004344,910004344
1,345,0.25,710002345,810004345,910004345
1,346,0.25,710002346,810004346,910004346
1,347,0.25,710002347,810004347,910004347
1,348,0.25,710002348,810004348,910004348
1,349,0.25,710002349,810004349,910004349
1,350,0.25,710002350,810004350,910004350
1,351,0.25,710002351,810004351,910004351
1,352,0.25,710002352,810004352,910004352
1,353,0.25,710002353,810004353,910004353
1,354,0.25,710002354,810004354,910004354
1,355,0.25,710002355,810004355,910004355
1,356,0.25,710002356,810004356,910004356
1,357,0.25,710002357,810004357,910004357
1,358,0.25,710002358,810004358,910004358
1,359,0.25,710002359,810004359,910004359
1,360,0.25,710002360,810004360,910004360
1,361,0.25,710002361,810004361,910004361
1,362,0.25,710002362,810004362,910004362
1,363,0.25,710002363,810004363,910004363
1,364,0.25,710002364,810004364,910004364
1,365,0.25,710002365,810004365,910004365
1,366,0.25,710002366,810004366,910004366
1,367,0.25,710002367,810004367,910004367
1,368,0.25,710002368,810004368,910004368
1,369,0.25,710002369,810004369,910004369
1,370,0.25,710002370,810004370,910004370
1,371,0.25,710002371,810004371,910004371
1,372,0.25,710002372,810004372,910004372
1,373,0.25,710002373,810004373,910004373
1,374,0.25,710002374,810004374,910004374
1,375,0.25,710002375,810004375,910004375
1,376,0.25,710002376,810004376,910004376
1,377,0.25,710002377,810004377,910004377
1,378,0.25,710002378,810004378,910004378
1,379,0.25,710002379,810004379,910004379
1,380,0.25,710002380,810004380,910004380
1,381,0.25,710002381,810004381,910004381
1,382,0.25,710002382,810004382,910004382
1,383,0.25,710002383,810004383,910004383
1,384,0.25,710002384,810004384,910004384
1,385,0.25,710002385,810004385,910004385
1,386,0.25,710002386,810004386,910004386
1,387,0.25,710002387,810004387,910004387
1,388,0.25,710002388,810004388,910004388
1,389,0.25,710002389,810004389,910004389
1,390,0.25,710002390,810004390,910004390
1,391,0.25,710002391,810004391,910004391
1,392,0.25,710002392,810004392,910004392
1,393,0.25,710002393,810004393,910004393
1,394,0.25,710002394,810004394,910004394
1,395,0.25,710002395,810004395,910004395
1,396,0.25,710002396,810004396,910004396
1,397,0.25,710002397,810004397,910004397
1,398,0.25,710002398,810004398,910004398
1,399,0.25,710002399,810004399,910004399
1,400,0.25,710002400,810004400,910004400
1,401,0.25,710002401,810004401,910004401
1,402,0.25,710002402,810004402,910004402
1,403,0.25,710002403,810004403,910004403
1,404,0.25,710002404,810004404,910004404
1,405,0.25,710002405,810004405,910004405
1,406,0.25,710002406,810004406,910004406
1,407,0.25,710002407,810004407,910004407
1,408,0.25,710002408,810004408,910004408
1,409,0.25,710002409,810004409,910004409
1,410,0.25,710002410,810004410,910004410
1,411,0.25,710002411,810004411,910004411
1,412,0.25,710002412,810004412,910004412
1,413,0.25,710002413,810004413,910004413
1,414,0.25,710002414,810004414,910004414
1,415,0.25,710002415,810004415,910004415
1,416,0.25,710002416,810004416,910004416
1,417,0.25,710002417,810004417,910004417
1,418,0.25,710002418,810004418,910004418
1,419,0.25,710002419,810004419,910004419
1,420,0.25,710002420,810004420,910004420
1,421,0.25,710002421,810004421,910004421
1,422,0.25,710002422,810004422,910004422
1,423,0.25,710002423,810004423,910004423
1,424,0.25,710002424,810004424,910004424
1,425,0.25,710002425,810004425,910004425
1,426,0.25,710002426,810004426,910004426
1,427,0.25,710002427,810004427,910004427
1,428,0.25,710002428,810004428,910004428
1,429,0.25,710002429,810004429,910004429
1,430,0.25,710002430,810004430,910004430
1,431,0.25,710002431,810004431,910004431
1,432,0.25,710002432,810004432,910004432
1,433,0.25,710002433,810004433,910004433
1,434,0.25,710002434,810004434,910004434
1,435,0.25,710002435,810004435,910004435
1,436,0.25,710002436,810004436,910004436
1,437,0.25,710002437,810004437,910004437
1,438,0.25,710002438,810004438,910004438
1,439,0.25,710002439,810004439,910004439
1,440,0.25,710002440,810004440,910004440
1,441,0.25,710002441,810004441,910004441
1,442,0.25,710002442,810004442,910004442
1,443,0.25,710002443,810004443,910004443
1,444,0.25,710002444,810004444,910004444
1,445,0.25,710002445,810004445,910004445
1,446,0.25,710002446,810004446,910004446
1,447,0.25,710002447,810004447,910004447
1,448,0.25,710002448,810004448,910004448
1,449,0.25,710002449,810004449,910004449
1,450,0.25,710002450,810004450,910004450
1,451,0.25,710002451,810004451,910004451
1,452,0.25,710002452,810004452,910004452
1,453,0.25,710002453,810004453,910004453
1,454,0.25,710002454,810004454,910004454
1,455,0.25,710002455,810004455,910004455
1,456,0.25,710002456,810004456,910004456
1,457,0.25,710002457,810004457,910004457
1,458,0.25,710002458,810004458,910004458
1,459,0.25,710002459,810004459,910004459
1,460,0.25,710002460,810004460,910004460
1,461,0.25,710002461,810004461,910004461
1,462,0.25,710002462,810004462,910004462
1,463,0.25,710002463,810004463,910004463
1,464,0.25,710002464,810004464,910004464
1,465,0.25,710002465,810004465,910004465
1,466,0.25,710002466,810004466,910004466
1,467,0.25,710002467,810004467,910004467
1,468,0.25,710002468,810004468,910004468
1,469,0.25,710002469,810004469,910004469
1,470,0.25,710002470,810004470,910004470
1,471,0.25,710002471,810004471,910004471
1,472,0.25,710002472,810004472,910004472
1,473,0.25,710002473,810004473,910004473
1,474,0.25,710002474,810004474,910004474
1,475,0.25,710002475,810004475,910004475
1,476,0.25,710002476,810004476,910004476
1,477,0.25,710002477,810004477,910004477
1,478,0.25,710002478,810004478,910004478
1,479,0.25,710002479,810004479,910004479
1,480,0.25,710002480,810004480,910004480
1,481,0.25,710002481,810004481,910004481
1,482,0.25,710002482,810004482,910004482
1,483,0.25,710002483,810004483,910004483
1,484,0.25,710002484,810004484,910004484
1,485,0.25,710002485,810004485,910004485
1,486,0.25,710002486,810004486,910004486
1,487,0.25,710002487,810004487,910004487
1,488,0.25,710002488,810004488,910004488
1,489,0.25,710002489,810004489,910004489
1,490,0.25,710002490,810004490,910004490
1,491,0.25,710002491,810004491,910004491
1,492,0.25,710002492,810004492,910004492
1,493,0.25,710002493,810004493,910004493
1,494,0.25,710002494,810004494,910004494
1,495,0.25,710002495,810004495,910004495
1,496,0.25,710002496,810004496,910004496
1,497,0.25,710002497,810004497,910004497
1,498,0.25,710002498,810004498,910004498
1,499,0.25,710002499,810004499,910004499
1,500,0.25,710002500,810004500,910004500
1,501,0.25,710002501,810004501,910004501
1,502,0.25,710002502,810004502,910004502
1,503,0.25,710002503,810004503,910004503
1,504,0.25,710002504,810004504,910004504
1,505,0.25,710002505,810004505,910004505
1,506,0.25,710002506,810004506,910004506
1,507,0.25,710002507,810004507,910004507
1,508,0.25,710002508,810004508,910004508
1,509,0.25,710002509,810004509,910004509
1,510,0.25,710002510,810004510,910004510
1,511,0.25,710002511,810004511,910004511
1,512,0.25,710002512,810004512,910004512
1,513,0.25,710002513,810004513,910004513
1,514,0.25,710002514,810004514,910004514
1,515,0.25,710002515,810004515,910004515
1,516,0.25,710002516,810004516,910004516
1,517,0.25,710002517,810004517,910004517
1,518,0.25,710002518,810004518,910004518
1,519,0.25,710002519,810004519,910004519
1,520,0.25,710002520,810004520,910004520
1,521,0.25,710002521,810004521,910004521
1,522,0.25,710002522,810004522,910004522
1,523,0.25,710002523,810004523,910004523
1,524,0.25,710002524,810004524,910004524
1,525,0.25,710002525,810004525,910004525
1,526,0.25,710002526,810004526,910004526
1,527,0.25,710002527,810004527,910004527
1,528,0.25,710002528,810004528,910004528
1,529,0.25,710002529,810004529,910004529
1,530,0.25,710002530,810004530,910004530
1,531,0.25,710002531,810004531,910004531
1,532,0.25,710002532,810004532,910004532
1,533,0.25,710002533,810004533,910004533
1,534,0.25,710002534,810004534,910004534
1,535,0.25,710002535,810004535,910004535
1,536,0.25,710002536,810004536,910004536
1,537,0.25,710002537,810004537,910004537
1,538,0.25,710002538,810004538,910004538
1,539,0.25,710002539,810004539,910004539
1,540,0.25,710002540,810004540,910004540
1,541,0.25,710002541,810004541,910004541
1,542,0.25,710002542,810004542,910004542
1,543,0.25,710002543,810004543,910004543
1,544,0.25,710002544,810004544,910004544
1,545,0.25,710002545,810004545,910004545
1,546,0.25,710002546,810004546,910004546
1,547,0.25,710002547,810004547,910004547
1,548,0.25,710002548,810004548,910004548
1,549,0.25,710002549,810004549,910004549
1,550,0.25,710002550,810004550,910004550
1,551,0.25,710002551,810004551,910004551
1,552,0.25,710002552,810004552,910004552
1,553,0.25,710002553,810004553,910004553
1,554,0.25,710002554,810004554,910004554
1,555,0.25,710002555,810004555,910004555
1,556,0.25,710002556,810004556,910004556
1,557,0.25,710002557,810004557,910004557
1,558,0.25,710002558,810004558,910004558
1,559,0.25,710002559,810004559,910004559
1,560,0.25,710002560,810004560,910004560
1,561,0.25,710002561,810004561,910004561
1,562,0.25,710002562,810004562,910004562
1,563,0.25,710002563,810004563,910004563
1,564,0.25,710002564,810004564,910004564
1,565,0.25,710002565,810004565,910004565
1,566,0.25,710002566,810004566,910004566
1,567,0.25,710002567,810004567,910004567
1,568,0.25,710002568,810004568,910004568
1,569,0.25,710002569,810004569,910004569
1,570,0.25,710002570,810004570,910004570
1,571,0.25,710002571,810004571,910004571
1,572,0.25,710002572,810004572,910004572
1,573,0.25,710002573,810004573,910004573
1,574,0.25,710002574,810004574,910004574
1,575,0.25,710002575,810004575,910004575
1,576,0.25,710002576,810004576,910004576
1,577,0.25,710002577,810004577,910004577
1,578,0.25,710002578,810004578,910004578
1,579,0.25,710002579,810004579,910004579
1,580,0.25,710002580,810004580,910004580
1,581,0.25,710002581,810004581,910004581
1,582,0.25,710002582,810004582,910004582
1,583,0.25,710002583,810004583,910004583
1,584,0.25,710002584,810004584,910004584
1,585,0.25,710002585,810004585,910004585
1,586,0.25,710002586,810004586,910004586
1,587,0.25,710002587,810004587,910004587
1,588,0.25,710002588,810004588,910004588
1,589,0.25,710002589,810004589,910004589
1,590,0.25,710002590,810004590,910004590
1,591,0.25,710002591,810004591,910004591
1,592,0.25,710002592,810004592,910004592
1,593,0.25,710002593,810004593,910004593
1,594,0.25,710002594,810004594,910004594
1,595,0.25,710002595,810004595,910004595
1,596,0.25,710002596,810004596,910004596
1,597,0.25,710002597,810004597,910004597
1,598,0.25,710002598,810004598,910004598
1,599,0.25,710002599,810004599,910004599
1,600,0.25,710002600,810004600,910004600
1,601,0.25,710002601,810004601,910004601
1,602,0.25,710002602,810004602,910004602
1,603,0.25,710002603,810004603,910004603
1,604,0.25,710002604,810004604,910004604
1,605,0.25,710002605,810004605,910004605
1,606,0.25,710002606,810004606,910004606
1,607,0.25,710002607,810004607,910004607
1,608,0.25,710002608,810004608,910004608
1,609,0.25,710002609,810004609,910004609
1,610,0.25,710002610,810004610,910004610
1,611,0.25,710002611,810004611,910004611
1,612,0.25,710002612,810004612,910004612
1,613,0.25,710002613,810004613,910004613
1,614,0.25,710002614,810004614,910004614
1,615,0.25,710002615,810004615,910004615
1,616,0.25,710002616,810004616,910004616
1,617,0.25,710002617,810004617,910004617
1,618,0.25,710002618,810004618,910004618
1,619,0.25,710002619,810004619,910004619
1,620,0.25,710002620,810004620,910004620
1,621,0.25,710002621,810004621,910004621
1,622,0.25,710002622,810004622,910004622
1,623,0.25,710002623,810004623,910004623
1,624,0.25,710002624,810004624,910004624
1,625,0.25,710002625,810004625,910004625
1,626,0.25,710002626,810004626,910004626
1,627,0.25,710002627,810004627,910004627
1,628,0.25,710002628,810004628,910004628
1,629,0.25,710002629,810004629,910004629
1,630,0.25,710002630,810004630,910004630
1,631,0.25,710002631,810004631,910004631
1,632,0.25,710002632,810004632,910004632
1,633,0.25,710002633,810004633,910004633
1,634,0.25,710002634,810004634,910004634
1,635,0.25,710002635,810004635,910004635
1,636,0.25,710002636,810004636,910004636
1,637,0.25,710002637,810004637,910004637
1,638,0.25,710002638,810004638,910004638
1,639,0.25,710002639,810004639,910004639
1,640,0.25,710002640,810004640,910004640
1,641,0.25,710002641,810004641,910004641
1,642,0.25,710002642,810004642,910004642
1,643,0.25,710002643,810004643,910004643
1,644,0.25,710002644,810004644,910004644
1,645,0.25,710002645,810004645,910004645
1,646,0.25,710002646,810004646,910004646
1,647,0.25,710002647,810004647,910004647
1,648,0.25,710002648,810004648,910004648
1,649,0.25,710002649,810004649,910004649
1,650,0.25,710002650,810004650,910004650
1,651,0.25,710002651,810004651,910004651
1,652,0.25,710002652,810004652,910004652
1,653,0.25,710002653,810004653,910004653
1,654,0.25,710002654,810004654,910004654
1,655,0.25,710002655,810004655,910004655
1,656,0.25,710002656,810004656,910004656
1,657,0.25,710002657,810004657,910004657
1,658,0.25,710002658,810004658,910004658
1,659,0.25,710002659,810004659,910004659
1,660,0.25,710002660,810004660,910004660
1,661,0.25,710002661,810004661,910004661
1,662,0.25,710002662,810004662,910004662
1,663,0.25,710002663,810004663,910004663
1,664,0.25,710002664,810004664,910004664
1,665,0.25,710002665,810004665,910004665
1,666,0.25,710002666,810004666,910004666
1,667,0.25,710002667,810004667,910004667
1,668,0.25,710002668,810004668,910004668
1,669,0.25,710002669,810004669,910004669
1,670,0.25,710002670,810004670,910004670
1,671,0.25,710002671,810004671,910004671
1,672,0.25,710002672,810004672,910004672
1,673,0.25,710002673,810004673,910004673
1,674,0.25,710002674,810004674,910004674
1,675,0.25,710002675,810004675,910004675
1,676,0.25,710002676,810004676,910004676
1,677,0.25,710002677,810004677,910004677
1,678,0.25,710002678,810004678,910004678
1,679,0.25,710002679,810004679,910004679
1,680,0.25,710002680,810004680,910004680
1,681,0.25,710002681,810004681,910004681
1,682,0.25,710002682,810004682,910004682
1,683,0.25,710002683,810004683,910004683
1,684,0.25,710002684,810004684,910004684
1,685,0.25,710002685,810004685,910004685
1,686,0.25,710002686,810004686,910004686
1,687,0.25,710002687,810004687,910004687
1,688,0.25,710002688,810004688,910004688
1,689,0.25,710002689,810004689,910004689
1,690,0.25,710002690,810004690,910004690
1,691,0.25,710002691,810004691,910004691
1,692,0.25,710002692,810004692,910004692
1,693,0.25,710002693,810004693,910004693
1,694,0.25,710002694,810004694,910004694
1,695,0.25,710002695,810004695,910004695
1,696,0.25,710002696,810004696,910004696
1,697,0.25,710002697,810004697,910004697
1,698,0.25,710002698,810004698,910004698
1,699,0.25,710002699,810004699,910004699
1,700,0.25,710002700,810004700,910004700
1,701,0.25,710002701,810004701,910004701
1,702,0.25,710002702,810004702,910004702
1,703,0.25,710002703,810004703,910004703
1,704,0.25,710002704,810004704,910004704
1,705,0.25,710002705,810004705,910004705
1,706,0.25,710002706,810004706,910004706
1,707,0.25,710002707,810004707,910004707
1,708,0.25,710002708,810004708,910004708
1,709,0.25,710002709,810004709,910004709
1,710,0.25,710002710,810004710,910004710
1,711,0.25,710002711,810004711,910004711
1,712,0.25,710002712,810004712,910004712
1,713,0.25,710002713,810004713,910004713
1,714,0.25,710002714,810004714,910004714
1,715,0.25,710002715,810004715,910004715
1,716,0.25,710002716,810004716,910004716
1,717,0.25,710002717,810004717,910004717
1,718,0.25,710002718,810004718,910004718
1,719,0.25,710002719,810004719,910004719
1,720,0.25,710002720,810004720,910004720
1,721,0.25,710002721,810004721,910004721
1,722,0.25,710002722,810004722,910004722
1,723,0.25,710002723,810004723,910004723
1,724,0.25,710002724,810004724,910004724
1,725,0.25,710002725,810004725,910004725
1,726,0.25,710002726,810004726,910004726
1,727,0.25,710002727,810004727,910004727
1,728,0.25,710002728,810004728,910004728
1,729,0.25,710002729,810004729,910004729
1,730,0.25,710002730,810004730,910004730
1,731,0.25,710002731,810004731,910004731
1,732,0.25,710002732,810004732,910004732
1,733,0.25,710002733,810004733,910004733
1,734,0.25,710002734,810004734,910004734
1,735,0.25,710002735,810004735,910004735
1,736,0.25,710002736,810004736,910004736
1,737,0.25,710002737,810004737,910004737
1,738,0.25,710002738,810004738,910004738
1,739,0.25,710002739,810004739,910004739
1,740,0.25,710002740,810004740,910004740
1,741,0.25,710002741,810004741,910004741
1,742,0.25,710002742,810004742,910004742
1,743,0.25,710002743,810004743,910004743
1,744,0.25,710002744,810004744,910004744
1,745,0.25,710002745,810004745,910004745
1,746,0.25,710002746,810004746,910004746
1,747,0.25,710002747,810004747,910004747
1,748,0.25,710002748,810004748,910004748
1,749,0.25,710002749,810004749,910004749
1,750,0.25,710002750,810004750,910004750
1,751,0.25,710002751,810004751,910004751
1,752,0.25,710002752,810004752,910004752
1,753,0.25,710002753,810004753,910004753
1,754,0.25,710002754,810004754,910004754
1,755,0.25,710002755,810004755,910004755
1,756,0.25,710002756,810004756,910004756
1,757,0.25,710002757,810004757,910004757
1,758,0.25,710002758,810004758,910004758
1,759,0.25,710002759,810004759,910004759
1,760,0.25,710002760,810004760,910004760
1,761,0.25,710002761,810004761,910004761
1,762,0.25,710002762,810004762,910004762
1,763,0.25,710002763,810004763,910004763
1,764,0.25,710002764,810004764,910004764
1,765,0.25,710002765,810004765,910004765
1,766,0.25,710002766,810004766,910004766
1,767,0.25,710002767,810004767,910004767
1,768,0.25,710002768,810004768,910004768
1,769,0.25,710002769,810004769,910004769
1,770,0.25,710002770,810004770,910004770
1,771,0.25,710002771,810004771,910004771
1,772,0.25,710002772,810004772,910004772
1,773,0.25,710002773,810004773,910004773
1,774,0.25,710002774,810004774,910004774
1,775,0.25,710002775,810004775,910004775
1,776,0.25,710002776,810004776,910004776
1,777,0.25,710002777,810004777,910004777
1,778,0.25,710002778,810004778,910004778
1,779,0.25,710002779,810004779,910004779
1,780,0.25,710002780,810004780,910004780
1,781,0.25,710002781,810004781,910004781
1,782,0.25,710002782,810004782,910004782
1,783,0.25,710002783,810004783,910004783
1,784,0.25,710002784,810004784,910004784
1,785,0.25,710002785,810004785,910004785
1,786,0.25,710002786,810004786,910004786
1,787,0.25,710002787,810004787,910004787
1,788,0.25,710002788,810004788,910004788
1,789,0.25,710002789,810004789,910004789
1,790,0.25,710002790,810004790,910004790
1,791,0.25,710002791,810004791,910004791
1,792,0.25,710002792,810004792,910004792
1,793,0.25,710002793,810004793,910004793
1,794,0.25,710002794,810004794,910004794
1,795,0.25,710002795,810004795,910004795
1,796,0.25,710002796,810004796,910004796
1,797,0.25,710002797,810004797,910004797
1,798,0.25,710002798,810004798,910004798
1,799,0.25,710002799,810004799,910004799
1,800,0.25,710002800,810004800,910004800
1,801,0.25,710002801,810004801,910004801
1,802,0.25,710002802,810004802,910004802
1,803,0.25,710002803,810004803,910004803
1,804,0.25,710002804,810004804,910004804
1,805,0.25,710002805,810004805,910004805
1,806,0.25,710002806,810004806,910004806
1,807,0.25,710002807,810004807,910004807
1,808,0.25,710002808,810004808,910004808
1,809,0.25,710002809,810004809,910004809
1,810,0.25,710002810,810004810,910004810
1,811,0.25,710002811,810004811,910004811
1,812,0.25,710002812,810004812,910004812
1,813,0.25,710002813,810004813,910004813
1,814,0.25,710002814,810004814,910004814
1,815,0.25,710002815,810004815,910004815
1,816,0.25,710002816,810004816,910004816
1,817,0.25,710002817,810004817,910004817
1,818,0.25,710002818,810004818,910004818
1,819,0.25,710002819,810004819,910004819
1,820,0.25,710002820,810004820,910004820
1,821,0.25,710002821,810004821,910004821
1,822,0.25,710002822,810004822,910004822
1,823,0.25,710002823,810004823,910004823
1,824,0.25,710002824,810004824,910004824
1,825,0.25,710002825,810004825,910004825
1,826,0.25,710002826,810004826,910004826
1,827,0.25,710002827,810004827,910004827
1,828,0.25,710002828,810004828,910004828
1,829,0.25,710002829,810004829,910004829
1,830,0.25,710002830,810004830,910004830
1,831,0.25,710002831,810004831,910004831
1,832,0.25,710002832,810004832,910004832
1,833,0.25,710002833,810004833,910004833
1,834,0.25,710002834,810004834,910004834
1,835,0.25,710002835,810004835,910004835
1,836,0.25,710002836,810004836,910004836
1,837,0.25,710002837,810004837,910004837
1,838,0.25,710002838,810004838,910004838
1,839,0.25,710002839,810004839,910004839
1,840,0.25,710002840,810004840,910004840
1,841,0.25,710002841,810004841,910004841
1,842,0.25,710002842,810004842,910004842
1,843,0.25,710002843,810004843,910004843
1,844,0.25,710002844,810004844,910004844
1,845,0.25,710002845,810004845,910004845
1,846,0.25,710002846,810004846,910004846
1,847,0.25,710002847,810004847,910004847
1,848,0.25,710002848,810004848,910004848
1,849,0.25,710002849,810004849,910004849
1,850,0.25,710002850,810004850,910004850
1,851,0.25,710002851,810004851,910004851
1,852,0.25,710002852,810004852,910004852
1,853,0.25,710002853,810004853,910004853
1,854,0.25,710002854,810004854,910004854
1,855,0.25,710002855,810004855,910004855
1,856,0.25,710002856,810004856,910004856
1,857,0.25,710002857,810004857,910004857
1,858,0.25,710002858,810004858,910004858
1,859,0.25,710002859,810004859,910004859
1,860,0.25,710002860,810004860,910004860
1,861,0.25,710002861,810004861,910004861
1,862,0.25,710002862,810004862,910004862
1,863,0.25,710002863,810004863,910004863
1,864,0.25,710002864,810004864,910004864
1,865,0.25,710002865,810004865,910004865
1,866,0.25,710002866,810004866,910004866
1,867,0.25,710002867,810004867,910004867
1,868,0.25,710002868,810004868,910004868
1,869,0.25,710002869,810004869,910004869
1,870,0.25,710002870,810004870,910004870
1,871,0.25,710002871,810004871,910004871
1,872,0.25,710002872,810004872,910004872
1,873,0.25,710002873,810004873,910004873
1,874,0.25,710002874,810004874,910004874
1,875,0.25,710002875,810004875,910004875
1,876,0.25,710002876,810004876,910004876
1,877,0.25,710002877,810004877,910004877
1,878,0.25,710002878,810004878,910004878
1,879,0.25,710002879,810004879,910004879
1,880,0.25,710002880,810004880,910004880
1,881,0.25,710002881,810004881,910004881
1,882,0.25,710002882,810004882,910004882
1,883,0.25,710002883,810004883,910004883
1,884,0.25,710002884,810004884,910004884
1,885,0.25,710002885,810004885,910004885
1,886,0.25,710002886,810004886,910004886
1,887,0.25,710002887,810004887,910004887
1,888,0.25,710002888,810004888,910004888
1,889,0.25,710002889,810004889,910004889
1,890,0.25,710002890,810004890,910004890
1,891,0.25,710002891,810004891,910004891
1,892,0.25,710002892,810004892,910004892
1,893,0.25,710002893,810004893,910004893
1,894,0.25,710002894,810004894,910004894
1,895,0.25,710002895,810004895,910004895
1,896,0.25,710002896,810004896,910004896
1,897,0.25,710002897,810004897,910004897
1,898,0.25,710002898,810004898,910004898
1,899,0.25,710002899,810004899,910004899
1,900,0.25,710002900,810004900,910004900
1,901,0.25,710002901,810004901,910004901
1,902,0.25,710002902,810004902,910004902
1,903,0.25,710002903,810004903,910004903
1,904,0.25,710002904,810004904,910004904
1,905,0.25,710002905,810004905,910004905
1,906,0.25,710002906,810004906,910004906
1,907,0.25,710002907,810004907,910004907
1,908,0.25,710002908,810004908,910004908
1,909,0.25,710002909,810004909,910004909
1,910,0.25,710002910,810004910,910004910
1,911,0.25,710002911,810004911,910004911
1,912,0.25,710002912,810004912,910004912
1,913,0.25,710002913,810004913,910004913
1,914,0.25,710002914,810004914,910004914
1,915,0.25,710002915,810004915,910004915
1,916,0.25,710002916,810004916,910004916
1,917,0.25,710002917,810004917,910004917
1,918,0.25,710002918,810004918,910004918
1,919,0.25,710002919,810004919,910004919
1,920,0.25,710002920,810004920,910004920
1,921,0.25,710002921,810004921,910004921
1,922,0.25,710002922,810004922,910004922
1,923,0.25,710002923,810004923,910004923
1,924,0.25,710002924,810004924,910004924
1,925,0.25,710002925,810004925,910004925
1,926,0.25,710002926,810004926,910004926
1,927,0.25,710002927,810004927,910004927
1,928,0.25,710002928,810004928,910004928
1,929,0.25,710002929,810004929,910004929
1,930,0.25,710002930,810004930,910004930
1,931,0.25,710002931,810004931,910004931
1,932,0.25,710002932,810004932,910004932
1,933,0.25,710002933,810004933,910004933
1,934,0.25,710002934,810004934,910004934
1,935,0.25,710002935,810004935,910004935
1,936,0.25,710002936,810004936,910004936
1,937,0.25,710002937,810004937,910004937
1,938,0.25,710002938,810004938,910004938
1,939,0.25,710002939,810004939,910004939
1,940,0.25,710002940,810004940,910004940
1,941,0.25,710002941,810004941,910004941
1,942,0.25,710002942,810004942,910004942
1,943,0.25,710002943,810004943,910004943
1,944,0.25,710002944,810004944,910004944
1,945,0.25,710002945,810004945,910004945
1,946,0.25,710002946,810004946,910004946
1,947,0.25,710002947,810004947,910004947
1,948,0.25,710002948,810004948,910004948
1,949,0.25,710002949,810004949,910004949
1,950,0.25,710002950,810004950,910004950
1,951,0.25,710002951,810004951,910004951
1,952,0.25,710002952,810004952,910004952
1,953,0.25,710002953,810004953,910004953
1,954,0.25,710002954,810004954,910004954
1,955,0.25,710002955,810004955,910004955
1,956,0.25,710002956,810004956,910004956
1,957,0.25,710002957,810004957,910004957
1,958,0.25,710002958,810004958,910004958
1,959,0.25,710002959,810004959,910004959
1,960,0.25,710002960,810004960,910004960
1,961,0.25,710002961,810004961,910004961
1,962,0.25,710002962,810004962,910004962
1,963,0.25,710002963,810004963,910004963
1,964,0.25,710002964,810004964,910004964
1,965,0.25,710002965,810004965,910004965
1,966,0.25,710002966,810004966,910004966
1,967,0.25,710002967,810004967,910004967
1,968,0.25,710002968,810004968,910004968
1,969,0.25,710002969,810004969,910004969
1,970,0.25,710002970,810004970,910004970
1,971,0.25,710002971,810004971,910004971
1,972,0.25,710002972,810004972,910004972
1,973,0.25,710002973,810004973,910004973
1,974,0.25,710002974,810004974,910004974
1,975,0.25,710002975,810004975,910004975
1,976,0.25,710002976,810004976,910004976
1,977,0.25,710002977,810004977,910004977
1,978,0.25,710002978,810004978,910004978
1,979,0.25,710002979,810004979,910004979
1,980,0.25,710002980,810004980,910004980
1,981,0.25,710002981,810004981,910004981
1,982,0.25,710002982,810004982,910004982
1,983,0.25,710002983,810004983,910004983
1,984,0.25,710002984,810004984,910004984
1,985,0.25,710002985,810004985,910004985
1,986,0.25,710002986,810004986,910004986
1,987,0.25,710002987,810004987,910004987
1,988,0.25,710002988,810004988,910004988
1,989,0.25,710002989,810004989,910004989
1,990,0.25,710002990,810004990,910004990
1,991,0.25,710002991,810004991,910004991
1,992,0.25,710002992,810004992,910004992
1,993,0.25,710002993,810004993,910004993
1,994,0.25,710002994,810004994,910004994
1,995,0.25,710002995,810004995,910004995
1,996,0.25,710002996,810004996,910004996
1,997,0.25,710002997,810004997,910004997
1,998,0.25,710002998,810004998,910004998
1,999,0.25,710002999,810004999,910004999
1,1000,0.25,710003000,810005000,910005000
2,1,4,710004001,810008001,910008001
2,2,4,710004002,810008002,910008002
2,3,4,710004003,810008003,910008003
2,4,4,710004004,810008004,910008004
2,5,4,710004005,810008005,910008005
2,6,4,710004006,810008006,910008006
2,7,4,710004007,810008007,910008007
2,8,4,710004008,810008008,910008008
2,9,4,710004009,810008009,910008009
2,10,4,710004010,810008010,910008010
2,11,4,710004011,810008011,910008011
2,12,4,710004012,810008012,910008012
2,13,4,710004013,810008013,910008013
2,14,4,710004014,810008014,910008014
2,15,4,710004015,810008015,910008015
2,16,4,710004016,810008016,910008016
2,17,4,710004017,810008017,910008017
2,18,4,710004018,810008018,910008018
2,19,4,710004019,810008019,910008019
2,20,4,710004020,810008020,910008020
2,21,4,710004021,810008021,910008021
2,22,4,710004022,810008022,910008022
2,23,4,710004023,810008023,910008023
2,24,4,710004024,810008024,910008024
2,25,4,710004025,810008025,910008025
2,26,4,710004026,810008026,910008026
2,27,4,710004027,810008027,910008027
2,28,4,710004028,810008028,910008028
2,29,4,710004029,810008029,910008029
2,30,4,710004030,810008030,910008030
2,31,4,710004031,810008031,910008031
2,32,4,710004032,810008032,910008032
2,33,4,710004033,810008033,910008033
2,34,4,710004034,810008034,910008034
2,35,4,710004035,810008035,910008035
2,36,4,710004036,810008036,910008036
2,37,4,710004037,810008037,910008037
2,38,4,710004038,810008038,910008038
2,39,4,710004039,810008039,910008039
2,40,4,710004040,810008040,910008040
2,41,4,710004041,810008041,910008041
2,42,4,710004042,810008042,910008042
2,43,4,710004043,810008043,910008043
2,44,4,710004044,810008044,910008044
2,45,4,710004045,810008045,910008045
2,46,4,710004046,810008046,910008046
2,47,4,710004047,810008047,910008047
2,48,4,710004048,810008048,910008048
2,49,4,710004049,810008049,910008049
2,50,4,710004050,810008050,910008050
2,51,4,710004051,810008051,910008051
2,52,4,710004052,810008052,910008052
2,53,4,710004053,810008053,910008053
2,54,4,710004054,810008054,910008054
2,55,4,710004055,810008055,910008055
2,56,4,710004056,810008056,910008056
2,57,4,710004057,810008057,910008057
2,58,4,710004058,810008058,910008058
2,59,4,710004059,810008059,910008059
2,60,4,710004060,810008060,910008060
2,61,4,710004061,810008061,910008061
2,62,4,710004062,810008062,910008062
2,63,4,710004063,810008063,910008063
2,64,4,710004064,810008064,910008064
2,65,4,710004065,810008065,910008065
2,66,4,710004066,810008066,910008066
2,67,4,710004067,810008067,910008067
2,68,4,710004068,810008068,910008068
2,69,4,710004069,810008069,910008069
2,70,4,710004070,810008070,910008070
2,71,4,710004071,810008071,910008071
2,72,4,710004072,810008072,910008072
2,73,4,710004073,810008073,910008073
2,74,4,710004074,810008074,910008074
2,75,4,710004075,810008075,910008075
2,76,4,710004076,810008076,910008076
2,77,4,710004077,810008077,910008077
2,78,4,710004078,810008078,910008078
2,79,4,710004079,810008079,910008079
2,80,4,710004080,810008080,910008080
2,81,4,710004081,810008081,910008081
2,82,4,710004082,810008082,910008082
2,83,4,710004083,810008083,910008083
2,84,4,710004084,810008084,910008084
2,85,4,710004085,810008085,910008085
2,86,4,710004086,810008086,910008086
2,87,4,710004087,810008087,910008087
2,88,4,710004088,810008088,910008088
2,89,4,710004089,810008089,910008089
2,90,4,710004090,810008090,910008090
2,91,4,710004091,810008091,910008091
2,92,4,710004092,810008092,910008092
2,93,4,710004093,810008093,910008093
2,94,4,710004094,810008094,910008094
2,95,4,710004095,810008095,910008095
2,96,4,710004096,810008096,910008096
2,97,4,710004097,810008097,910008097
2,98,4,710004098,810008098,910008098
2,99,4,710004099,810008099,910008099
2,100,4,710004100,810008100,910008100
2,101,4,710004101,810008101,910008101
2,102,4,710004102,810008102,910008102
2,103,4,710004103,810008103,910008103
2,104,4,710004104,810008104,910008104
2,105,4,710004105,810008105,910008105
2,106,4,710004106,810008106,910008106
2,107,4,710004107,810008107,910008107
2,108,4,710004108,810008108,910008108
2,109,4,710004109,810008109,910008109
2,110,4,710004110,810008110,910008110
2,111,4,710004111,810008111,910008111
2,112,4,710004112,810008112,910008112
2,113,4,710004113,810008113,910008113
2,114,4,710004114,810008114,910008114
2,115,4,710004115,810008115,910008115
2,116,4,710004116,810008116,910008116
2,117,4,710004117,810008117,910008117
2,118,4,710004118,810008118,910008118
2,119,4,710004119,810008119,910008119
2,120,4,710004120,810008120,910008120
2,121,4,710004121,810008121,910008121
2,122,4,710004122,810008122,910008122
2,123,4,710004123,810008123,910008123
2,124,4,710004124,810008124,910008124
2,125,4,710004125,810008125,910008125
2,126,4,710004126,810008126,910008126
2,127,4,710004127,810008127,910008127
2,128,4,710004128,810008128,910008128
2,129,4,710004129,810008129,910008129
2,130,4,710004130,810008130,910008130
2,131,4,710004131,810008131,910008131
2,132,4,710004132,810008132,910008132
2,133,4,710004133,810008133,910008133
2,134,4,710004134,810008134,910008134
2,135,4,710004135,810008135,910008135
2,136,4,710004136,810008136,910008136
2,137,4,710004137,810008137,910008137
2,138,4,710004138,810008138,910008138
2,139,4,710004139,810008139,910008139
2,140,4,710004140,810008140,910008140
2,141,4,710004141,810008141,910008141
2,142,4,710004142,810008142,910008142
2,143,4,710004143,810008143,910008143
2,144,4,710004144,810008144,910008144
2,145,4,710004145,810008145,910008145
2,146,4,710004146,810008146,910008146
2,147,4,710004147,810008147,910008147
2,148,4,710004148,810008148,910008148
2,149,4,710004149,810008149,910008149
2,150,4,710004150,810008150,910008150
2,151,4,710004151,810008151,910008151
2,152,4,710004152,810008152,910008152
2,153,4,710004153,810008153,910008153
2,154,4,710004154,810008154,910008154
2,155,4,710004155,810008155,910008155
2,156,4,710004156,810008156,910008156
2,157,4,710004157,810008157,910008157
2,158,4,710004158,810008158,910008158
2,159,4,710004159,810008159,910008159
2,160,4,710004160,810008160,910008160
2,161,4,710004161,810008161,910008161
2,162,4,710004162,810008162,910008162
2,163,4,710004163,810008163,910008163
2,164,4,710004164,810008164,910008164
2,165,4,710004165,810008165,910008165
2,166,4,710004166,810008166,910008166
2,167,4,710004167,810008167,910008167
2,168,4,710004168,810008168,910008168
2,169,4,710004169,810008169,910008169
2,170,4,710004170,810008170,910008170
2,171,4,710004171,810008171,910008171
2,172,4,710004172,810008172,910008172
2,173,4,710004173,810008173,910008173
2,174,4,710004174,810008174,910008174
2,175,4,710004175,810008175,910008175
2,176,4,710004176,810008176,910008176
2,177,4,710004177,810008177,910008177
2,178,4,710004178,810008178,910008178
2,179,4,710004179,810008179,910008179
2,180,4,710004180,810008180,910008180
2,181,4,710004181,810008181,910008181
2,182,4,710004182,810008182,910008182
2,183,4,710004183,810008183,910008183
2,184,4,710004184,810008184,910008184
2,185,4,710004185,810008185,910008185
2,186,4,710004186,810008186,910008186
2,187,4,710004187,810008187,910008187
2,188,4,710004188,810008188,910008188
2,189,4,710004189,810008189,910008189
2,190,4,710004190,810008190,910008190
2,191,4,710004191,810008191,910008191
2,192,4,710004192,810008192,910008192
2,193,4,710004193,810008193,910008193
2,194,4,710004194,810008194,910008194
2,195,4,710004195,810008195,910008195
2,196,4,710004196,810008196,910008196
2,197,4,710004197,810008197,910008197
2,198,4,710004198,810008198,910008198
2,199,4,710004199,810008199,910008199
2,200,4,710004200,810008200,910008200
2,201,4,710004201,810008201,910008201
2,202,4,710004202,810008202,910008202
2,203,4,710004203,810008203,910008203
2,204,4,710004204,810008204,910008204
2,205,4,710004205,810008205,910008205
2,206,4,710004206,810008206,910008206
2,207,4,710004207,810008207,910008207
2,208,4,710004208,810008208,910008208
2,209,4,710004209,810008209,910008209
2,210,4,710004210,810008210,910008210
2,211,4,710004211,810008211,910008211
2,212,4,710004212,810008212,910008212
2,213,4,710004213,810008213,910008213
2,214,4,710004214,810008214,910008214
2,215,4,710004215,810008215,910008215
2,216,4,710004216,810008216,910008216
2,217,4,710004217,810008217,910008217
2,218,4,710004218,810008218,910008218
2,219,4,710004219,810008219,910008219
2,220,4,710004220,810008220,910008220
2,221,4,710004221,810008221,910008221
2,222,4,710004222,810008222,910008222
2,223,4,710004223,810008223,910008223
2,224,4,710004224,810008224,910008224
2,225,4,710004225,810008225,910008225
2,226,4,710004226,810008226,910008226
2,227,4,710004227,810008227,910008227
2,228,4,710004228,810008228,910008228
2,229,4,710004229,810008229,910008229
2,230,4,710004230,810008230,910008230
2,231,4,710004231,810008231,910008231
2,232,4,710004232,810008232,910008232
2,233,4,710004233,810008233,910008233
2,234,4,710004234,810008234,910008234
2,235,4,710004235,810008235,910008235
2,236,4,710004236,810008236,910008236
2,237,4,710004237,810008237,910008237
2,238,4,710004238,810008238,910008238
2,239,4,710004239,810008239,910008239
2,240,4,710004240,810008240,910008240
2,241,4,710004241,810008241,910008241
2,242,4,710004242,810008242,910008242
2,243,4,710004243,810008243,910008243
2,244,4,710004244,810008244,910008244
2,245,4,710004245,810008245,910008245
2,246,4,710004246,810008246,910008246
2,247,4,710004247,810008247,910008247
2,248,4,710004248,810008248,910008248
2,249,4,710004249,810008249,910008249
2,250,4,710004250,810008250,910008250
2,251,4,710004251,810008251,910008251
2,252,4,710004252,810008252,910008252
2,253,4,710004253,810008253,910008253
2,254,4,710004254,810008254,910008254
2,255,4,710004255,810008255,910008255
2,256,4,710004256,810008256,910008256
2,257,4,710004257,810008257,910008257
2,258,4,710004258,810008258,910008258
2,259,4,710004259,810008259,910008259
2,260,4,710004260,810008260,910008260
2,261,4,710004261,810008261,910008261
2,262,4,710004262,810008262,910008262
2,263,4,710004263,810008263,910008263
2,264,4,710004264,810008264,910008264
2,265,4,710004265,810008265,910008265
2,266,4,710004266,810008266,910008266
2,267,4,710004267,810008267,910008267
2,268,4,710004268,810008268,910008268
2,269,4,710004269,810008269,910008269
2,270,4,710004270,810008270,910008270
2,271,4,710004271,810008271,910008271
2,272,4,710004272,810008272,910008272
2,273,4,710004273,810008273,910008273
2,274,4,710004274,810008274,910008274
2,275,4,710004275,810008275,910008275
2,276,4,710004276,810008276,910008276
2,277,4,710004277,810008277,910008277
2,278,4,710004278,810008278,910008278
2,279,4,710004279,810008279,910008279
2,280,4,710004280,810008280,910008280
2,281,4,710004281,810008281,910008281
2,282,4,710004282,810008282,910008282
2,283,4,710004283,810008283,910008283
2,284,4,710004284,810008284,910008284
2,285,4,710004285,810008285,910008285
2,286,4,710004286,810008286,910008286
2,287,4,710004287,810008287,910008287
2,288,4,710004288,810008288,910008288
2,289,4,710004289,810008289,910008289
2,290,4,710004290,810008290,910008290
2,291,4,710004291,810008291,910008291
2,292,4,710004292,810008292,910008292
2,293,4,710004293,810008293,910008293
2,294,4,710004294,810008294,910008294
2,295,4,710004295,810008295,910008295
2,296,4,710004296,810008296,910008296
2,297,4,710004297,810008297,910008297
2,298,4,710004298,810008298,910008298
2,299,4,710004299,810008299,910008299
2,300,4,710004300,810008300,910008300
2,301,4,710004301,810008301,910008301
2,302,4,710004302,810008302,910008302
2,303,4,710004303,810008303,910008303
2,304,4,710004304,810008304,910008304
2,305,4,710004305,810008305,910008305
2,306,4,710004306,810008306,910008306
2,307,4,710004307,810008307,910008307
2,308,4,710004308,810008308,910008308
2,309,4,710004309,810008309,910008309
2,310,4,710004310,810008310,910008310
2,311,4,710004311,810008311,910008311
2,312,4,710004312,810008312,910008312
2,313,4,710004313,810008313,910008313
2,314,4,710004314,810008314,910008314
2,315,4,710004315,810008315,910008315
2,316,4,710004316,810008316,910008316
2,317,4,710004317,810008317,910008317
2,318,4,710004318,810008318,910008318
2,319,4,710004319,810008319,910008319
2,320,4,710004320,810008320,910008320
2,321,4,710004321,810008321,910008321
2,322,4,710004322,810008322,910008322
2,323,4,710004323,810008323,910008323
2,324,4,710004324,810008324,910008324
2,325,4,710004325,810008325,910008325
2,326,4,710004326,810008326,910008326
2,327,4,710004327,810008327,910008327
2,328,4,710004328,810008328,910008328
2,329,4,710004329,810008329,910008329
2,330,4,710004330,810008330,910008330
2,331,4,710004331,810008331,910008331
2,332,4,710004332,810008332,910008332
2,333,4,710004333,810008333,910008333
2,334,4,710004334,810008334,910008334
2,335,4,710004335,810008335,910008335
2,336,4,710004336,810008336,910008336
2,337,4,710004337,810008337,910008337
2,338,4,710004338,810008338,910008338
2,339,4,710004339,810008339,910008339
2,340,4,710004340,810008340,910008340
2,341,4,710004341,810008341,910008341
2,342,4,710004342,810008342,910008342
2,343,4,710004343,810008343,910008343
2,344,4,710004344,810008344,910008344
2,345,4,710004345,810008345,910008345
2,346,4,710004346,810008346,910008346
2,347,4,710004347,810008347,910008347
2,348,4,710004348,810008348,910008348
2,349,4,710004349,810008349,910008349
2,350,4,710004350,810008350,910008350
2,351,4,710004351,810008351,910008351
2,352,4,710004352,810008352,910008352
2,353,4,710004353,810008353,910008353
2,354,4,710004354,810008354,910008354
2,355,4,710004355,810008355,910008355
2,356,4,710004356,810008356,910008356
2,357,4,710004357,810008357,910008357
2,358,4,710004358,810008358,910008358
2,359,4,710004359,810008359,910008359
2,360,4,710004360,810008360,910008360
2,361,4,710004361,810008361,910008361
2,362,4,710004362,810008362,910008362
2,363,4,710004363,810008363,910008363
2,364,4,710004364,810008364,910008364
2,365,4,710004365,810008365,910008365
2,366,4,710004366,810008366,910008366
2,367,4,710004367,810008367,910008367
2,368,4,710004368,810008368,910008368
2,369,4,710004369,810008369,910008369
2,370,4,710004370,810008370,910008370
2,371,4,710004371,810008371,910008371
2,372,4,710004372,810008372,910008372
2,373,4,710004373,810008373,910008373
2,374,4,710004374,810008374,910008374
2,375,4,710004375,810008375,910008375
2,376,4,710004376,810008376,910008376
2,377,4,710004377,810008377,910008377
2,378,4,710004378,810008378,910008378
2,379,4,710004379,810008379,910008379
2,380,4,710004380,810008380,910008380
2,381,4,710004381,810008381,910008381
2,382,4,710004382,810008382,910008382
2,383,4,710004383,810008383,910008383
2,384,4,710004384,810008384,910008384
2,385,4,710004385,810008385,910008385
2,386,4,710004386,810008386,910008386
2,387,4,710004387,810008387,910008387
2,388,4,710004388,810008388,910008388
2,389,4,710004389,810008389,910008389
2,390,4,710004390,810008390,910008390
2,391,4,710004391,810008391,910008391
2,392,4,710004392,810008392,910008392
2,393,4,710004393,810008393,910008393
2,394,4,710004394,810008394,910008394
2,395,4,710004395,810008395,910008395
2,396,4,710004396,810008396,910008396
2,397,4,710004397,810008397,910008397
2,398,4,710004398,810008398,910008398
2,399,4,710004399,810008399,910008399
2,400,4,710004400,810008400,910008400
2,401,4,710004401,810008401,910008401
2,402,4,710004402,810008402,910008402
2,403,4,710004403,810008403,910008403
2,404,4,710004404,810008404,910008404
2,405,4,710004405,810008405,910008405
2,406,4,710004406,810008406,910008406
2,407,4,710004407,810008407,910008407
2,408,4,710004408,810008408,910008408
2,409,4,710004409,810008409,910008409
2,410,4,710004410,810008410,910008410
2,411,4,710004411,810008411,910008411
2,412,4,710004412,810008412,910008412
2,413,4,710004413,810008413,910008413
2,414,4,710004414,810008414,910008414
2,415,4,710004415,810008415,910008415
2,416,4,710004416,810008416,910008416
2,417,4,710004417,810008417,910008417
2,418,4,710004418,810008418,910008418
2,419,4,710004419,810008419,910008419
2,420,4,710004420,810008420,910008420
2,421,4,710004421,810008421,910008421
2,422,4,710004422,810008422,910008422
2,423,4,710004423,810008423,910008423
2,424,4,710004424,810008424,910008424
2,425,4,710004425,810008425,910008425
2,426,4,710004426,810008426,910008426
2,427,4,710004427,810008427,910008427
2,428,4,710004428,810008428,910008428
2,429,4,710004429,810008429,910008429
2,430,4,710004430,810008430,910008430
2,431,4,710004431,810008431,910008431
2,432,4,710004432,810008432,910008432
2,433,4,710004433,810008433,910008433
2,434,4,710004434,810008434,910008434
2,435,4,710004435,810008435,910008435
2,436,4,710004436,810008436,910008436
2,437,4,710004437,810008437,910008437
2,438,4,710004438,810008438,910008438
2,439,4,710004439,810008439,910008439
2,440,4,710004440,810008440,910008440
2,441,4,710004441,810008441,910008441
2,442,4,710004442,810008442,910008442
2,443,4,710004443,810008443,910008443
2,444,4,710004444,810008444,910008444
2,445,4,710004445,810008445,910008445
2,446,4,710004446,810008446,910008446
2,447,4,710004447,810008447,910008447
2,448,4,710004448,810008448,910008448
2,449,4,710004449,810008449,910008449
2,450,4,710004450,810008450,910008450
2,451,4,710004451,810008451,910008451
2,452,4,710004452,810008452,910008452
2,453,4,710004453,810008453,910008453
2,454,4,710004454,810008454,910008454
2,455,4,710004455,810008455,910008455
2,456,4,710004456,810008456,910008456
2,457,4,710004457,810008457,910008457
2,458,4,710004458,810008458,910008458
2,459,4,710004459,810008459,910008459
2,460,4,710004460,810008460,910008460
2,461,4,710004461,810008461,910008461
2,462,4,710004462,810008462,910008462
2,463,4,710004463,810008463,910008463
2,464,4,710004464,810008464,910008464
2,465,4,710004465,810008465,910008465
2,466,4,710004466,810008466,910008466
2,467,4,710004467,810008467,910008467
2,468,4,710004468,810008468,910008468
2,469,4,710004469,810008469,910008469
2,470,4,710004470,810008470,910008470
2,471,4,710004471,810008471,910008471
2,472,4,710004472,810008472,910008472
2,473,4,710004473,810008473,910008473
2,474,4,710004474,810008474,910008474
2,475,4,710004475,810008475,910008475
2,476,4,710004476,810008476,910008476
2,477,4,710004477,810008477,910008477
2,478,4,710004478,810008478,910008478
2,479,4,710004479,810008479,910008479
2,480,4,710004480,810008480,910008480
2,481,4,710004481,810008481,910008481
2,482,4,710004482,810008482,910008482
2,483,4,710004483,810008483,910008483
2,484,4,710004484,810008484,910008484
2,485,4,710004485,810008485,910008485
2,486,4,710004486,810008486,910008486
2,487,4,710004487,810008487,910008487
2,488,4,710004488,810008488,910008488
2,489,4,710004489,810008489,910008489
2,490,4,710004490,810008490,910008490
2,491,4,710004491,810008491,910008491
2,492,4,710004492,810008492,910008492
2,493,4,710004493,810008493,910008493
2,494,4,710004494,810008494,910008494
2,495,4,710004495,810008495,910008495
2,496,4,710004496,810008496,910008496
2,497,4,710004497,810008497,910008497
2,498,4,710004498,810008498,910008498
2,499,4,710004499,810008499,910008499
2,500,4,710004500,810008500,910008500
2,501,4,710004501,810008501,910008501
2,502,4,710004502,810008502,910008502
2,503,4,710004503,810008503,910008503
2,504,4,710004504,810008504,910008504
2,505,4,710004505,810008505,910008505
2,506,4,710004506,810008506,910008506
2,507,4,710004507,810008507,910008507
2,508,4,710004508,810008508,910008508
2,509,4,710004509,810008509,910008509
2,510,4,710004510,810008510,910008510
2,511,4,710004511,810008511,910008511
2,512,4,710004512,810008512,910008512
2,513,4,710004513,810008513,910008513
2,514,4,710004514,810008514,910008514
2,515,4,710004515,810008515,910008515
2,516,4,710004516,810008516,910008516
2,517,4,710004517,810008517,910008517
2,518,4,710004518,810008518,910008518
2,519,4,710004519,810008519,910008519
2,520,4,710004520,810008520,910008520
2,521,4,710004521,810008521,910008521
2,522,4,710004522,810008522,910008522
2,523,4,710004523,810008523,910008523
2,524,4,710004524,810008524,910008524
2,525,4,710004525,810008525,910008525
2,526,4,710004526,810008526,910008526
2,527,4,710004527,810008527,910008527
2,528,4,710004528,810008528,910008528
2,529,4,710004529,810008529,910008529
2,530,4,710004530,810008530,910008530
2,531,4,710004531,810008531,910008531
2,532,4,710004532,810008532,910008532
2,533,4,710004533,810008533,910008533
2,534,4,710004534,810008534,910008534
2,535,4,710004535,810008535,910008535
2,536,4,710004536,810008536,910008536
2,537,4,710004537,810008537,910008537
2,538,4,710004538,810008538,910008538
2,539,4,710004539,810008539,910008539
2,540,4,710004540,810008540,910008540
2,541,4,710004541,810008541,910008541
2,542,4,710004542,810008542,910008542
2,543,4,710004543,810008543,910008543
2,544,4,710004544,810008544,910008544
2,545,4,710004545,810008545,910008545
2,546,4,710004546,810008546,910008546
2,547,4,710004547,810008547,910008547
2,548,4,710004548,810008548,910008548
2,549,4,710004549,810008549,910008549
2,550,4,710004550,810008550,910008550
2,551,4,710004551,810008551,910008551
2,552,4,710004552,810008552,910008552
2,553,4,710004553,810008553,910008553
2,554,4,710004554,810008554,910008554
2,555,4,710004555,810008555,910008555
2,556,4,710004556,810008556,910008556
2,557,4,710004557,810008557,910008557
2,558,4,710004558,810008558,910008558
2,559,4,710004559,810008559,910008559
2,560,4,710004560,810008560,910008560
2,561,4,710004561,810008561,910008561
2,562,4,710004562,810008562,910008562
2,563,4,710004563,810008563,910008563
2,564,4,710004564,810008564,910008564
2,565,4,710004565,810008565,910008565
2,566,4,710004566,810008566,910008566
2,567,4,710004567,810008567,910008567
2,568,4,710004568,810008568,910008568
2,569,4,710004569,810008569,910008569
2,570,4,710004570,810008570,910008570
2,571,4,710004571,810008571,910008571
2,572,4,710004572,810008572,910008572
2,573,4,710004573,810008573,910008573
2,574,4,710004574,810008574,910008574
2,575,4,710004575,810008575,910008575
2,576,4,710004576,810008576,910008576
2,577,4,710004577,810008577,910008577
2,578,4,710004578,810008578,910008578
2,579,4,710004579,810008579,910008579
2,580,4,710004580,810008580,910008580
2,581,4,710004581,810008581,910008581
2,582,4,710004582,810008582,910008582
2,583,4,710004583,810008583,910008583
2,584,4,710004584,810008584,910008584
2,585,4,710004585,810008585,910008585
2,586,4,710004586,810008586,910008586
2,587,4,710004587,810008587,910008587
2,588,4,710004588,810008588,910008588
2,589,4,710004589,810008589,910008589
2,590,4,710004590,810008590,910008590
2,591,4,710004591,810008591,910008591
2,592,4,710004592,810008592,910008592
2,593,4,710004593,810008593,910008593
2,594,4,710004594,810008594,910008594
2,595,4,710004595,810008595,910008595
2,596,4,710004596,810008596,910008596
2,597,4,710004597,810008597,910008597
2,598,4,710004598,810008598,910008598
2,599,4,710004599,810008599,910008599
2,600,4,710004600,810008600,910008600
2,601,4,710004601,810008601,910008601
2,602,4,710004602,810008602,910008602
2,603,4,710004603,810008603,910008603
2,604,4,710004604,810008604,910008604
2,605,4,710004605,810008605,910008605
2,606,4,710004606,810008606,910008606
2,607,4,710004607,810008607,910008607
2,608,4,710004608,810008608,910008608
2,609,4,710004609,810008609,910008609
2,610,4,710004610,810008610,910008610
2,611,4,710004611,810008611,910008611
2,612,4,710004612,810008612,910008612
2,613,4,710004613,810008613,910008613
2,614,4,710004614,810008614,910008614
2,615,4,710004615,810008615,910008615
2,616,4,710004616,810008616,910008616
2,617,4,710004617,810008617,910008617
2,618,4,710004618,810008618,910008618
2,619,4,710004619,810008619,910008619
2,620,4,710004620,810008620,910008620
2,621,4,710004621,810008621,910008621
2,622,4,710004622,810008622,910008622
2,623,4,710004623,810008623,910008623
2,624,4,710004624,810008624,910008624
2,625,4,710004625,810008625,910008625
2,626,4,710004626,810008626,910008626
2,627,4,710004627,810008627,910008627
2,628,4,710004628,810008628,910008628
2,629,4,710004629,810008629,910008629
2,630,4,710004630,810008630,910008630
2,631,4,710004631,810008631,910008631
2,632,4,710004632,810008632,910008632
2,633,4,710004633,810008633,910008633
2,634,4,710004634,810008634,910008634
2,635,4,710004635,810008635,910008635
2,636,4,710004636,810008636,910008636
2,637,4,710004637,810008637,910008637
2,638,4,710004638,810008638,910008638
2,639,4,710004639,810008639,910008639
2,640,4,710004640,810008640,910008640
2,641,4,710004641,810008641,910008641
2,642,4,710004642,810008642,910008642
2,643,4,710004643,810008643,910008643
2,644,4,710004644,810008644,910008644
2,645,4,710004645,810008645,910008645
2,646,4,710004646,810008646,910008646
2,647,4,710004647,810008647,910008647
2,648,4,710004648,810008648,910008648
2,649,4,710004649,810008649,910008649
2,650,4,710004650,810008650,910008650
2,651,4,710004651,810008651,910008651
2,652,4,710004652,810008652,910008652
2,653,4,710004653,810008653,910008653
2,654,4,710004654,810008654,910008654
2,655,4,710004655,810008655,910008655
2,656,4,710004656,810008656,910008656
2,657,4,710004657,810008657,910008657
2,658,4,710004658,810008658,910008658
2,659,4,710004659,810008659,910008659
2,660,4,710004660,810008660,910008660
2,661,4,710004661,810008661,910008661
2,662,4,710004662,810008662,910008662
2,663,4,710004663,810008663,910008663
2,664,4,710004664,810008664,910008664
2,665,4,710004665,810008665,910008665
2,666,4,710004666,810008666,910008666
2,667,4,710004667,810008667,910008667
2,668,4,710004668,810008668,910008668
2,669,4,710004669,810008669,910008669
2,670,4,710004670,810008670,910008670
2,671,4,710004671,810008671,910008671
2,672,4,710004672,810008672,910008672
2,673,4,710004673,810008673,910008673
2,674,4,710004674,810008674,910008674
2,675,4,710004675,810008675,910008675
2,676,4,710004676,810008676,910008676
2,677,4,710004677,810008677,910008677
2,678,4,710004678,810008678,910008678
2,679,4,710004679,810008679,910008679
2,680,4,710004680,810008680,910008680
2,681,4,710004681,810008681,910008681
2,682,4,710004682,810008682,910008682
2,683,4,710004683,810008683,910008683
2,684,4,710004684,810008684,910008684
2,685,4,710004685,810008685,910008685
2,686,4,710004686,810008686,910008686
2,687,4,710004687,810008687,910008687
2,688,4,710004688,810008688,910008688
2,689,4,710004689,810008689,910008689
2,690,4,710004690,810008690,910008690
2,691,4,710004691,810008691,910008691
2,692,4,710004692,810008692,910008692
2,693,4,710004693,810008693,910008693
2,694,4,710004694,810008694,910008694
2,695,4,710004695,810008695,910008695
2,696,4,710004696,810008696,910008696
2,697,4,710004697,810008697,910008697
2,698,4,710004698,810008698,910008698
2,699,4,710004699,810008699,910008699
2,700,4,710004700,810008700,910008700
2,701,4,710004701,810008701,910008701
2,702,4,710004702,810008702,910008702
2,703,4,710004703,810008703,910008703
2,704,4,710004704,810008704,910008704
2,705,4,710004705,810008705,910008705
2,706,4,710004706,810008706,910008706
2,707,4,710004707,810008707,910008707
2,708,4,710004708,810008708,910008708
2,709,4,710004709,810008709,910008709
2,710,4,710004710,810008710,910008710
2,711,4,710004711,810008711,910008711
2,712,4,710004712,810008712,910008712
2,713,4,710004713,810008713,910008713
2,714,4,710004714,810008714,910008714
2,715,4,710004715,810008715,910008715
2,716,4,710004716,810008716,910008716
2,717,4,710004717,810008717,910008717
2,718,4,710004718,810008718,910008718
2,719,4,710004719,810008719,910008719
2,720,4,710004720,810008720,910008720
2,721,4,710004721,810008721,910008721
2,722,4,710004722,810008722,910008722
2,723,4,710004723,810008723,910008723
2,724,4,710004724,810008724,910008724
2,725,4,710004725,810008725,910008725
2,726,4,710004726,810008726,910008726
2,727,4,710004727,810008727,910008727
2,728,4,710004728,810008728,910008728
2,729,4,710004729,810008729,910008729
2,730,4,710004730,810008730,910008730
2,731,4,710004731,810008731,910008731
2,732,4,710004732,810008732,910008732
2,733,4,710004733,810008733,910008733
2,734,4,710004734,810008734,910008734
2,735,4,710004735,810008735,910008735
2,736,4,710004736,810008736,910008736
2,737,4,710004737,810008737,910008737
2,738,4,710004738,810008738,910008738
2,739,4,710004739,810008739,910008739
2,740,4,710004740,810008740,910008740
2,741,4,710004741,810008741,910008741
2,742,4,710004742,810008742,910008742
2,743,4,710004743,810008743,910008743
2,744,4,710004744,810008744,910008744
2,745,4,710004745,810008745,910008745
2,746,4,710004746,810008746,910008746
2,747,4,710004747,810008747,910008747
2,748,4,710004748,810008748,910008748
2,749,4,710004749,810008749,910008749
2,750,4,710004750,810008750,910008750
2,751,4,710004751,810008751,910008751
2,752,4,710004752,810008752,910008752
2,753,4,710004753,810008753,910008753
2,754,4,710004754,810008754,910008754
2,755,4,710004755,810008755,910008755
2,756,4,710004756,810008756,910008756
2,757,4,710004757,810008757,910008757
2,758,4,710004758,810008758,910008758
2,759,4,710004759,810008759,910008759
2,760,4,710004760,810008760,910008760
2,761,4,710004761,810008761,910008761
2,762,4,710004762,810008762,910008762
2,763,4,710004763,810008763,910008763
2,764,4,710004764,810008764,910008764
2,765,4,710004765,810008765,910008765
2,766,4,710004766,810008766,910008766
2,767,4,710004767,810008767,910008767
2,768,4,710004768,810008768,910008768
2,769,4,710004769,810008769,910008769
2,770,4,710004770,810008770,910008770
2,771,4,710004771,810008771,910008771
2,772,4,710004772,810008772,910008772
2,773,4,710004773,810008773,910008773
2,774,4,710004774,810008774,910008774
2,775,4,710004775,810008775,910008775
2,776,4,710004776,810008776,910008776
2,777,4,710004777,810008777,910008777
2,778,4,710004778,810008778,910008778
2,779,4,710004779,810008779,910008779
2,780,4,710004780,810008780,910008780
2,781,4,710004781,810008781,910008781
2,782,4,710004782,810008782,910008782
2,783,4,710004783,810008783,910008783
2,784,4,710004784,810008784,910008784
2,785,4,710004785,810008785,910008785
2,786,4,710004786,810008786,910008786
2,787,4,710004787,810008787,910008787
2,788,4,710004788,810008788,910008788
2,789,4,710004789,810008789,910008789
2,790,4,710004790,810008790,910008790
2,791,4,710004791,810008791,910008791
2,792,4,710004792,810008792,910008792
2,793,4,710004793,810008793,910008793
2,794,4,710004794,810008794,910008794
2,795,4,710004795,810008795,910008795
2,796,4,710004796,810008796,910008796
2,797,4,710004797,810008797,910008797
2,798,4,710004798,810008798,910008798
2,799,4,710004799,810008799,910008799
2,800,4,710004800,810008800,910008800
2,801,4,710004801,810008801,910008801
2,802,4,710004802,810008802,910008802
2,803,4,710004803,810008803,910008803
2,804,4,710004804,810008804,910008804
2,805,4,710004805,810008805,910008805
2,806,4,710004806,810008806,910008806
2,807,4,710004807,810008807,910008807
2,808,4,710004808,810008808,910008808
2,809,4,710004809,810008809,910008809
2,810,4,710004810,810008810,910008810
2,811,4,710004811,810008811,910008811
2,812,4,710004812,810008812,910008812
2,813,4,710004813,810008813,910008813
2,814,4,710004814,810008814,910008814
2,815,4,710004815,810008815,910008815
2,816,4,710004816,810008816,910008816
2,817,4,710004817,810008817,910008817
2,818,4,710004818,810008818,910008818
2,819,4,710004819,810008819,910008819
2,820,4,710004820,810008820,910008820
2,821,4,710004821,810008821,910008821
2,822,4,710004822,810008822,910008822
2,823,4,710004823,810008823,910008823
2,824,4,710004824,810008824,910008824
2,825,4,710004825,810008825,910008825
2,826,4,710004826,810008826,910008826
2,827,4,710004827,810008827,910008827
2,828,4,710004828,810008828,910008828
2,829,4,710004829,810008829,910008829
2,830,4,710004830,810008830,910008830
2,831,4,710004831,810008831,910008831
2,832,4,710004832,810008832,910008832
2,833,4,710004833,810008833,910008833
2,834,4,710004834,810008834,910008834
2,835,4,710004835,810008835,910008835
2,836,4,710004836,810008836,910008836
2,837,4,710004837,810008837,910008837
2,838,4,710004838,810008838,910008838
2,839,4,710004839,810008839,910008839
2,840,4,710004840,810008840,910008840
2,841,4,710004841,810008841,910008841
2,842,4,710004842,810008842,910008842
2,843,4,710004843,810008843,910008843
2,844,4,710004844,810008844,910008844
2,845,4,710004845,810008845,910008845
2,846,4,710004846,810008846,910008846
2,847,4,710004847,810008847,910008847
2,848,4,710004848,810008848,910008848
2,849,4,710004849,810008849,910008849
2,850,4,710004850,810008850,910008850
2,851,4,710004851,810008851,910008851
2,852,4,710004852,810008852,910008852
2,853,4,710004853,810008853,910008853
2,854,4,710004854,810008854,910008854
2,855,4,710004855,810008855,910008855
2,856,4,710004856,810008856,910008856
2,857,4,710004857,810008857,910008857
2,858,4,710004858,810008858,910008858
2,859,4,710004859,810008859,910008859
2,860,4,710004860,810008860,910008860
2,861,4,710004861,810008861,910008861
2,862,4,710004862,810008862,910008862
2,863,4,710004863,810008863,910008863
2,864,4,710004864,810008864,910008864
2,865,4,710004865,810008865,910008865
2,866,4,710004866,810008866,910008866
2,867,4,710004867,810008867,910008867
2,868,4,710004868,810008868,910008868
2,869,4,710004869,810008869,910008869
2,870,4,710004870,810008870,910008870
2,871,4,710004871,810008871,910008871
2,872,4,710004872,810008872,910008872
2,873,4,710004873,810008873,910008873
2,874,4,710004874,810008874,910008874
2,875,4,710004875,810008875,910008875
2,876,4,710004876,810008876,910008876
2,877,4,710004877,810008877,910008877
2,878,4,710004878,810008878,910008878
2,879,4,710004879,810008879,910008879
2,880,4,710004880,810008880,910008880
2,881,4,710004881,810008881,910008881
2,882,4,710004882,810008882,910008882
2,883,4,710004883,810008883,910008883
2,884,4,710004884,810008884,910008884
2,885,4,710004885,810008885,910008885
2,886,4,710004886,810008886,910008886
2,887,4,710004887,810008887,910008887
2,888,4,710004888,810008888,910008888
2,889,4,710004889,810008889,910008889
2,890,4,710004890,810008890,910008890
2,891,4,710004891,810008891,910008891
2,892,4,710004892,810008892,910008892
2,893,4,710004893,810008893,910008893
2,894,4,710004894,810008894,910008894
2,895,4,710004895,810008895,910008895
2,896,4,710004896,810008896,910008896
2,897,4,710004897,810008897,910008897
2,898,4,710004898,810008898,910008898
2,899,4,710004899,810008899,910008899
2,900,4,710004900,810008900,910008900
2,901,4,710004901,810008901,910008901
2,902,4,710004902,810008902,910008902
2,903,4,710004903,810008903,910008903
2,904,4,710004904,810008904,910008904
2,905,4,710004905,810008905,910008905
2,906,4,710004906,810008906,910008906
2,907,4,710004907,810008907,910008907
2,908,4,710004908,810008908,910008908
2,909,4,710004909,810008909,910008909
2,910,4,710004910,810008910,910008910
2,911,4,710004911,810008911,910008911
2,912,4,710004912,810008912,910008912
2,913,4,710004913,810008913,910008913
2,914,4,710004914,810008914,910008914
2,915,4,710004915,810008915,910008915
2,916,4,710004916,810008916,910008916
2,917,4,710004917,810008917,910008917
2,918,4,710004918,810008918,910008918
2,919,4,710004919,810008919,910008919
2,920,4,710004920,810008920,910008920
2,921,4,710004921,810008921,910008921
2,922,4,710004922,810008922,910008922
2,923,4,710004923,810008923,910008923
2,924,4,710004924,810008924,910008924
2,925,4,710004925,810008925,910008925
2,926,4,710004926,810008926,910008926
2,927,4,710004927,810008927,910008927
2,928,4,710004928,810008928,910008928
2,929,4,710004929,810008929,910008929
2,930,4,710004930,810008930,910008930
2,931,4,710004931,810008931,910008931
2,932,4,710004932,810008932,910008932
2,933,4,710004933,810008933,910008933
2,934,4,710004934,810008934,910008934
2,935,4,710004935,810008935,910008935
2,936,4,710004936,810008936,910008936
2,937,4,710004937,810008937,910008937
2,938,4,710004938,810008938,910008938
2,939,4,710004939,810008939,910008939
2,940,4,710004940,810008940,910008940
2,941,4,710004941,810008941,910008941
2,942,4,710004942,810008942,910008942
2,943,4,710004943,810008943,910008943
2,944,4,710004944,810008944,910008944
2,945,4,710004945,810008945,910008945
2,946,4,710004946,810008946,910008946
2,947,4,710004947,810008947,910008947
2,948,4,710004948,810008948,910008948
2,949,4,710004949,810008949,910008949
2,950,4,710004950,810008950,910008950
2,951,4,710004951,810008951,910008951
2,952,4,710004952,810008952,910008952
2,953,4,710004953,810008953,910008953
2,954,4,710004954,810008954,910008954
2,955,4,710004955,810008955,910008955
2,956,4,710004956,810008956,910008956
2,957,4,710004957,810008957,910008957
2,958,4,710004958,810008958,910008958
2,959,4,710004959,810008959,910008959
2,960,4,710004960,810008960,910008960
2,961,4,710004961,810008961,910008961
2,962,4,710004962,810008962,910008962
2,963,4,710004963,810008963,910008963
2,964,4,710004964,810008964,910008964
2,965,4,710004965,810008965,910008965
2,966,4,710004966,810008966,910008966
2,967,4,710004967,810008967,910008967
2,968,4,710004968,810008968,910008968
2,969,4,710004969,810008969,910008969
2,970,4,710004970,810008970,910008970
2,971,4,710004971,810008971,910008971
2,972,4,710004972,810008972,910008972
2,973,4,710004973,810008973,910008973
2,974,4,710004974,810008974,910008974
2,975,4,710004975,810008975,910008975
2,976,4,710004976,810008976,910008976
2,977,4,710004977,810008977,910008977
2,978,4,710004978,810008978,910008978
2,979,4,710004979,810008979,910008979
2,980,4,710004980,810008980,910008980
2,981,4,710004981,810008981,910008981
2,982,4,710004982,810008982,910008982
2,983,4,710004983,810008983,910008983
2,984,4,710004984,810008984,910008984
2,985,4,710004985,810008985,910008985
2,986,4,710004986,810008986,910008986
2,987,4,710004987,810008987,910008987
2,988,4,710004988,810008988,910008988
2,989,4,710004989,810008989,910008989
2,990,4,710004990,810008990,910008990
2,991,4,710004991,810008991,910008991
2,992,4,710004992,810008992,910008992
2,993,4,710004993,810008993,910008993
2,994,4,710004994,810008994,910008994
2,995,4,710004995,810008995,910008995
2,996,4,710004996,810008996,910008996
2,997,4,710004997,810008997,910008997
2,998,4,710004998,810008998,910008998
2,999,4,710004999,810008999,910008999
2,1000,4,710005000,810009000,910009000
3,1,10,710006001,810012001,910012001
3,2,10,710006002,810012002,910012002
3,3,10,710006003,810012003,910012003
3,4,10,710006004,810012004,910012004
3,5,10,710006005,810012005,910012005
3,6,10,710006006,810012006,910012006
3,7,10,710006007,810012007,910012007
3,8,10,710006008,810012008,910012008
3,9,10,710006009,810012009,910012009
3,10,10,710006010,810012010,910012010
3,11,10,710006011,810012011,910012011
3,12,10,710006012,810012012,910012012
3,13,10,710006013,810012013,910012013
3,14,10,710006014,810012014,910012014
3,15,10,710006015,810012015,910012015
3,16,10,710006016,810012016,910012016
3,17,10,710006017,810012017,910012017
3,18,10,710006018,810012018,910012018
3,19,10,710006019,810012019,910012019
3,20,10,710006020,810012020,910012020
3,21,10,710006021,810012021,910012021
3,22,10,710006022,810012022,910012022
3,23,10,710006023,810012023,910012023
3,24,10,710006024,810012024,910012024
3,25,10,710006025,810012025,910012025
3,26,10,710006026,810012026,910012026
3,27,10,710006027,810012027,910012027
3,28,10,710006028,810012028,910012028
3,29,10,710006029,810012029,910012029
3,30,10,710006030,810012030,910012030
3,31,10,710006031,810012031,910012031
3,32,10,710006032,810012032,910012032
3,33,10,710006033,810012033,910012033
3,34,10,710006034,810012034,910012034
3,35,10,710006035,810012035,910012035
3,36,10,710006036,810012036,910012036
3,37,10,710006037,810012037,910012037
3,38,10,710006038,810012038,910012038
3,39,10,710006039,810012039,910012039
3,40,10,710006040,810012040,910012040
3,41,10,710006041,810012041,910012041
3,42,10,710006042,810012042,910012042
3,43,10,710006043,810012043,910012043
3,44,10,710006044,810012044,910012044
3,45,10,710006045,810012045,910012045
3,46,10,710006046,810012046,910012046
3,47,10,710006047,810012047,910012047
3,48,10,710006048,810012048,910012048
3,49,10,710006049,810012049,910012049
3,50,10,710006050,810012050,910012050
3,51,10,710006051,810012051,910012051
3,52,10,710006052,810012052,910012052
3,53,10,710006053,810012053,910012053
3,54,10,710006054,810012054,910012054
3,55,10,710006055,810012055,910012055
3,56,10,710006056,810012056,910012056
3,57,10,710006057,810012057,910012057
3,58,10,710006058,810012058,910012058
3,59,10,710006059,810012059,910012059
3,60,10,710006060,810012060,910012060
3,61,10,710006061,810012061,910012061
3,62,10,710006062,810012062,910012062
3,63,10,710006063,810012063,910012063
3,64,10,710006064,810012064,910012064
3,65,10,710006065,810012065,910012065
3,66,10,710006066,810012066,910012066
3,67,10,710006067,810012067,910012067
3,68,10,710006068,810012068,910012068
3,69,10,710006069,810012069,910012069
3,70,10,710006070,810012070,910012070
3,71,10,710006071,810012071,910012071
3,72,10,710006072,810012072,910012072
3,73,10,710006073,810012073,910012073
3,74,10,710006074,810012074,910012074
3,75,10,710006075,810012075,910012075
3,76,10,710006076,810012076,910012076
3,77,10,710006077,810012077,910012077
3,78,10,710006078,810012078,910012078
3,79,10,710006079,810012079,910012079
3,80,10,710006080,810012080,910012080
3,81,10,710006081,810012081,910012081
3,82,10,710006082,810012082,910012082
3,83,10,710006083,810012083,910012083
3,84,10,710006084,810012084,910012084
3,85,10,710006085,810012085,910012085
3,86,10,710006086,810012086,910012086
3,87,10,710006087,810012087,910012087
3,88,10,710006088,810012088,910012088
3,89,10,710006089,810012089,910012089
3,90,10,710006090,810012090,910012090
3,91,10,710006091,810012091,910012091
3,92,10,710006092,810012092,910012092
3,93,10,710006093,810012093,910012093
3,94,10,710006094,810012094,910012094
3,95,10,710006095,810012095,910012095
3,96,10,710006096,810012096,910012096
3,97,10,710006097,810012097,910012097
3,98,10,710006098,810012098,910012098
3,99,10,710006099,810012099,910012099
3,100,10,710006100,810012100,910012100
3,101,10,710006101,810012101,910012101
3,102,10,710006102,810012102,910012102
3,103,10,710006103,810012103,910012103
3,104,10,710006104,810012104,910012104
3,105,10,710006105,810012105,910012105
3,106,10,710006106,810012106,910012106
3,107,10,710006107,810012107,910012107
3,108,10,710006108,810012108,910012108
3,109,10,710006109,810012109,910012109
3,110,10,710006110,810012110,910012110
3,111,10,710006111,810012111,910012111
3,112,10,710006112,810012112,910012112
3,113,10,710006113,810012113,910012113
3,114,10,710006114,810012114,910012114
3,115,10,710006115,810012115,910012115
3,116,10,710006116,810012116,910012116
3,117,10,710006117,810012117,910012117
3,118,10,710006118,810012118,910012118
3,119,10,710006119,810012119,910012119
3,120,10,710006120,810012120,910012120
3,121,10,710006121,810012121,910012121
3,122,10,710006122,810012122,910012122
3,123,10,710006123,810012123,910012123
3,124,10,710006124,810012124,910012124
3,125,10,710006125,810012125,910012125
3,126,10,710006126,810012126,910012126
3,127,10,710006127,810012127,910012127
3,128,10,710006128,810012128,910012128
3,129,10,710006129,810012129,910012129
3,130,10,710006130,810012130,910012130
3,131,10,710006131,810012131,910012131
3,132,10,710006132,810012132,910012132
3,133,10,710006133,810012133,910012133
3,134,10,710006134,810012134,910012134
3,135,10,710006135,810012135,910012135
3,136,10,710006136,810012136,910012136
3,137,10,710006137,810012137,910012137
3,138,10,710006138,810012138,910012138
3,139,10,710006139,810012139,910012139
3,140,10,710006140,810012140,910012140
3,141,10,710006141,810012141,910012141
3,142,10,710006142,810012142,910012142
3,143,10,710006143,810012143,910012143
3,144,10,710006144,810012144,910012144
3,145,10,710006145,810012145,910012145
3,146,10,710006146,810012146,910012146
3,147,10,710006147,810012147,910012147
3,148,10,710006148,810012148,910012148
3,149,10,710006149,810012149,910012149
3,150,10,710006150,810012150,910012150
3,151,10,710006151,810012151,910012151
3,152,10,710006152,810012152,910012152
3,153,10,710006153,810012153,910012153
3,154,10,710006154,810012154,910012154
3,155,10,710006155,810012155,910012155
3,156,10,710006156,810012156,910012156
3,157,10,710006157,810012157,910012157
3,158,10,710006158,810012158,910012158
3,159,10,710006159,810012159,910012159
3,160,10,710006160,810012160,910012160
3,161,10,710006161,810012161,910012161
3,162,10,710006162,810012162,910012162
3,163,10,710006163,810012163,910012163
3,164,10,710006164,810012164,910012164
3,165,10,710006165,810012165,910012165
3,166,10,710006166,810012166,910012166
3,167,10,710006167,810012167,910012167
3,168,10,710006168,810012168,910012168
3,169,10,710006169,810012169,910012169
3,170,10,710006170,810012170,910012170
3,171,10,710006171,810012171,910012171
3,172,10,710006172,810012172,910012172
3,173,10,710006173,810012173,910012173
3,174,10,710006174,810012174,910012174
3,175,10,710006175,810012175,910012175
3,176,10,710006176,810012176,910012176
3,177,10,710006177,810012177,910012177
3,178,10,710006178,810012178,910012178
3,179,10,710006179,810012179,910012179
3,180,10,710006180,810012180,910012180
3,181,10,710006181,810012181,910012181
3,182,10,710006182,810012182,910012182
3,183,10,710006183,810012183,910012183
3,184,10,710006184,810012184,910012184
3,185,10,710006185,810012185,910012185
3,186,10,710006186,810012186,910012186
3,187,10,710006187,810012187,910012187
3,188,10,710006188,810012188,910012188
3,189,10,710006189,810012189,910012189
3,190,10,710006190,810012190,910012190
3,191,10,710006191,810012191,910012191
3,192,10,710006192,810012192,910012192
3,193,10,710006193,810012193,910012193
3,194,10,710006194,810012194,910012194
3,195,10,710006195,810012195,910012195
3,196,10,710006196,810012196,910012196
3,197,10,710006197,810012197,910012197
3,198,10,710006198,810012198,910012198
3,199,10,710006199,810012199,910012199
3,200,10,710006200,810012200,910012200
3,201,10,710006201,810012201,910012201
3,202,10,710006202,810012202,910012202
3,203,10,710006203,810012203,910012203
3,204,10,710006204,810012204,910012204
3,205,10,710006205,810012205,910012205
3,206,10,710006206,810012206,910012206
3,207,10,710006207,810012207,910012207
3,208,10,710006208,810012208,910012208
3,209,10,710006209,810012209,910012209
3,210,10,710006210,810012210,910012210
3,211,10,710006211,810012211,910012211
3,212,10,710006212,810012212,910012212
3,213,10,710006213,810012213,910012213
3,214,10,710006214,810012214,910012214
3,215,10,710006215,810012215,910012215
3,216,10,710006216,810012216,910012216
3,217,10,710006217,810012217,910012217
3,218,10,710006218,810012218,910012218
3,219,10,710006219,810012219,910012219
3,220,10,710006220,810012220,910012220
3,221,10,710006221,810012221,910012221
3,222,10,710006222,810012222,910012222
3,223,10,710006223,810012223,910012223
3,224,10,710006224,810012224,910012224
3,225,10,710006225,810012225,910012225
3,226,10,710006226,810012226,910012226
3,227,10,710006227,810012227,910012227
3,228,10,710006228,810012228,910012228
3,229,10,710006229,810012229,910012229
3,230,10,710006230,810012230,910012230
3,231,10,710006231,810012231,910012231
3,232,10,710006232,810012232,910012232
3,233,10,710006233,810012233,910012233
3,234,10,710006234,810012234,910012234
3,235,10,710006235,810012235,910012235
3,236,10,710006236,810012236,910012236
3,237,10,710006237,810012237,910012237
3,238,10,710006238,810012238,910012238
3,239,10,710006239,810012239,910012239
3,240,10,710006240,810012240,910012240
3,241,10,710006241,810012241,910012241
3,242,10,710006242,810012242,910012242
3,243,10,710006243,810012243,910012243
3,244,10,710006244,810012244,910012244
3,245,10,710006245,810012245,910012245
3,246,10,710006246,810012246,910012246
3,247,10,710006247,810012247,910012247
3,248,10,710006248,810012248,910012248
3,249,10,710006249,810012249,910012249
3,250,10,710006250,810012250,910012250
3,251,10,710006251,810012251,910012251
3,252,10,710006252,810012252,910012252
3,253,10,710006253,810012253,910012253
3,254,10,710006254,810012254,910012254
3,255,10,710006255,810012255,910012255
3,256,10,710006256,810012256,910012256
3,257,10,710006257,810012257,910012257
3,258,10,710006258,810012258,910012258
3,259,10,710006259,810012259,910012259
3,260,10,710006260,810012260,910012260
3,261,10,710006261,810012261,910012261
3,262,10,710006262,810012262,910012262
3,263,10,710006263,810012263,910012263
3,264,10,710006264,810012264,910012264
3,265,10,710006265,810012265,910012265
3,266,10,710006266,810012266,910012266
3,267,10,710006267,810012267,910012267
3,268,10,710006268,810012268,910012268
3,269,10,710006269,810012269,910012269
3,270,10,710006270,810012270,910012270
3,271,10,710006271,810012271,910012271
3,272,10,710006272,810012272,910012272
3,273,10,710006273,810012273,910012273
3,274,10,710006274,810012274,910012274
3,275,10,710006275,810012275,910012275
3,276,10,710006276,810012276,910012276
3,277,10,710006277,810012277,910012277
3,278,10,710006278,810012278,910012278
3,279,10,710006279,810012279,910012279
3,280,10,710006280,810012280,910012280
3,281,10,710006281,810012281,910012281
3,282,10,710006282,810012282,910012282
3,283,10,710006283,810012283,910012283
3,284,10,710006284,810012284,910012284
3,285,10,710006285,810012285,910012285
3,286,10,710006286,810012286,910012286
3,287,10,710006287,810012287,910012287
3,288,10,710006288,810012288,910012288
3,289,10,710006289,810012289,910012289
3,290,10,710006290,810012290,910012290
3,291,10,710006291,810012291,910012291
3,292,10,710006292,810012292,910012292
3,293,10,710006293,810012293,910012293
3,294,10,710006294,810012294,910012294
3,295,10,710006295,810012295,910012295
3,296,10,710006296,810012296,910012296
3,297,10,710006297,810012297,910012297
3,298,10,710006298,810012298,910012298
3,299,10,710006299,810012299,910012299
3,300,10,710006300,810012300,910012300
3,301,10,710006301,810012301,910012301
3,302,10,710006302,810012302,910012302
3,303,10,710006303,810012303,910012303
3,304,10,710006304,810012304,910012304
3,305,10,710006305,810012305,910012305
3,306,10,710006306,810012306,910012306
3,307,10,710006307,810012307,910012307
3,308,10,710006308,810012308,910012308
3,309,10,710006309,810012309,910012309
3,310,10,710006310,810012310,910012310
3,311,10,710006311,810012311,910012311
3,312,10,710006312,810012312,910012312
3,313,10,710006313,810012313,910012313
3,314,10,710006314,810012314,910012314
3,315,10,710006315,810012315,910012315
3,316,10,710006316,810012316,910012316
3,317,10,710006317,810012317,910012317
3,318,10,710006318,810012318,910012318
3,319,10,710006319,810012319,910012319
3,320,10,710006320,810012320,910012320
3,321,10,710006321,810012321,910012321
3,322,10,710006322,810012322,910012322
3,323,10,710006323,810012323,910012323
3,324,10,710006324,810012324,910012324
3,325,10,710006325,810012325,910012325
3,326,10,710006326,810012326,910012326
3,327,10,710006327,810012327,910012327
3,328,10,710006328,810012328,910012328
3,329,10,710006329,810012329,910012329
3,330,10,710006330,810012330,910012330
3,331,10,710006331,810012331,910012331
3,332,10,710006332,810012332,910012332
3,333,10,710006333,810012333,910012333
3,334,10,710006334,810012334,910012334
3,335,10,710006335,810012335,910012335
3,336,10,710006336,810012336,910012336
3,337,10,710006337,810012337,910012337
3,338,10,710006338,810012338,910012338
3,339,10,710006339,810012339,910012339
3,340,10,710006340,810012340,910012340
3,341,10,710006341,810012341,910012341
3,342,10,710006342,810012342,910012342
3,343,10,710006343,810012343,910012343
3,344,10,710006344,810012344,910012344
3,345,10,710006345,810012345,910012345
3,346,10,710006346,810012346,910012346
3,347,10,710006347,810012347,910012347
3,348,10,710006348,810012348,910012348
3,349,10,710006349,810012349,910012349
3,350,10,710006350,810012350,910012350
3,351,10,710006351,810012351,910012351
3,352,10,710006352,810012352,910012352
3,353,10,710006353,810012353,910012353
3,354,10,710006354,810012354,910012354
3,355,10,710006355,810012355,910012355
3,356,10,710006356,810012356,910012356
3,357,10,710006357,810012357,910012357
3,358,10,710006358,810012358,910012358
3,359,10,710006359,810012359,910012359
3,360,10,710006360,810012360,910012360
3,361,10,710006361,810012361,910012361
3,362,10,710006362,810012362,910012362
3,363,10,710006363,810012363,910012363
3,364,10,710006364,810012364,910012364
3,365,10,710006365,810012365,910012365
3,366,10,710006366,810012366,910012366
3,367,10,710006367,810012367,910012367
3,368,10,710006368,810012368,910012368
3,369,10,710006369,810012369,910012369
3,370,10,710006370,810012370,910012370
3,371,10,710006371,810012371,910012371
3,372,10,710006372,810012372,910012372
3,373,10,710006373,810012373,910012373
3,374,10,710006374,810012374,910012374
3,375,10,710006375,810012375,910012375
3,376,10,710006376,810012376,910012376
3,377,10,710006377,810012377,910012377
3,378,10,710006378,810012378,910012378
3,379,10,710006379,810012379,910012379
3,380,10,710006380,810012380,910012380
3,381,10,710006381,810012381,910012381
3,382,10,710006382,810012382,910012382
3,383,10,710006383,810012383,910012383
3,384,10,710006384,810012384,910012384
3,385,10,710006385,810012385,910012385
3,386,10,710006386,810012386,910012386
3,387,10,710006387,810012387,910012387
3,388,10,710006388,810012388,910012388
3,389,10,710006389,810012389,910012389
3,390,10,710006390,810012390,910012390
3,391,10,710006391,810012391,910012391
3,392,10,710006392,810012392,910012392
3,393,10,710006393,810012393,910012393
3,394,10,710006394,810012394,910012394
3,395,10,710006395,810012395,910012395
3,396,10,710006396,810012396,910012396
3,397,10,710006397,810012397,910012397
3,398,10,710006398,810012398,910012398
3,399,10,710006399,810012399,910012399
3,400,10,710006400,810012400,910012400
3,401,10,710006401,810012401,910012401
3,402,10,710006402,810012402,910012402
3,403,10,710006403,810012403,910012403
3,404,10,710006404,810012404,910012404
3,405,10,710006405,810012405,910012405
3,406,10,710006406,810012406,910012406
3,407,10,710006407,810012407,910012407
3,408,10,710006408,810012408,910012408
3,409,10,710006409,810012409,910012409
3,410,10,710006410,810012410,910012410
3,411,10,710006411,810012411,910012411
3,412,10,710006412,810012412,910012412
3,413,10,710006413,810012413,910012413
3,414,10,710006414,810012414,910012414
3,415,10,710006415,810012415,910012415
3,416,10,710006416,810012416,910012416
3,417,10,710006417,810012417,910012417
3,418,10,710006418,810012418,910012418
3,419,10,710006419,810012419,910012419
3,420,10,710006420,810012420,910012420
3,421,10,710006421,810012421,910012421
3,422,10,710006422,810012422,910012422
3,423,10,710006423,810012423,910012423
3,424,10,710006424,810012424,910012424
3,425,10,710006425,810012425,910012425
3,426,10,710006426,810012426,910012426
3,427,10,710006427,810012427,910012427
3,428,10,710006428,810012428,910012428
3,429,10,710006429,810012429,910012429
3,430,10,710006430,810012430,910012430
3,431,10,710006431,810012431,910012431
3,432,10,710006432,810012432,910012432
3,433,10,710006433,810012433,910012433
3,434,10,710006434,810012434,910012434
3,435,10,710006435,810012435,910012435
3,436,10,710006436,810012436,910012436
3,437,10,710006437,810012437,910012437
3,438,10,710006438,810012438,910012438
3,439,10,710006439,810012439,910012439
3,440,10,710006440,810012440,910012440
3,441,10,710006441,810012441,910012441
3,442,10,710006442,810012442,910012442
3,443,10,710006443,810012443,910012443
3,444,10,710006444,810012444,910012444
3,445,10,710006445,810012445,910012445
3,446,10,710006446,810012446,910012446
3,447,10,710006447,810012447,910012447
3,448,10,710006448,810012448,910012448
3,449,10,710006449,810012449,910012449
3,450,10,710006450,810012450,910012450
3,451,10,710006451,810012451,910012451
3,452,10,710006452,810012452,910012452
3,453,10,710006453,810012453,910012453
3,454,10,710006454,810012454,910012454
3,455,10,710006455,810012455,910012455
3,456,10,710006456,810012456,910012456
3,457,10,710006457,810012457,910012457
3,458,10,710006458,810012458,910012458
3,459,10,710006459,810012459,910012459
3,460,10,710006460,810012460,910012460
3,461,10,710006461,810012461,910012461
3,462,10,710006462,810012462,910012462
3,463,10,710006463,810012463,910012463
3,464,10,710006464,810012464,910012464
3,465,10,710006465,810012465,910012465
3,466,10,710006466,810012466,910012466
3,467,10,710006467,810012467,910012467
3,468,10,710006468,810012468,910012468
3,469,10,710006469,810012469,910012469
3,470,10,710006470,810012470,910012470
3,471,10,710006471,810012471,910012471
3,472,10,710006472,810012472,910012472
3,473,10,710006473,810012473,910012473
3,474,10,710006474,810012474,910012474
3,475,10,710006475,810012475,910012475
3,476,10,710006476,810012476,910012476
3,477,10,710006477,810012477,910012477
3,478,10,710006478,810012478,910012478
3,479,10,710006479,810012479,910012479
3,480,10,710006480,810012480,910012480
3,481,10,710006481,810012481,910012481
3,482,10,710006482,810012482,910012482
3,483,10,710006483,810012483,910012483
3,484,10,710006484,810012484,910012484
3,485,10,710006485,810012485,910012485
3,486,10,710006486,810012486,910012486
3,487,10,710006487,810012487,910012487
3,488,10,710006488,810012488,910012488
3,489,10,710006489,810012489,910012489
3,490,10,710006490,810012490,910012490
3,491,10,710006491,810012491,910012491
3,492,10,710006492,810012492,910012492
3,493,10,710006493,810012493,910012493
3,494,10,710006494,810012494,910012494
3,495,10,710006495,810012495,910012495
3,496,10,710006496,810012496,910012496
3,497,10,710006497,810012497,910012497
3,498,10,710006498,810012498,910012498
3,499,10,710006499,810012499,910012499
3,500,10,710006500,810012500,910012500
3,501,10,710006501,810012501,910012501
3,502,10,710006502,810012502,910012502
3,503,10,710006503,810012503,910012503
3,504,10,710006504,810012504,910012504
3,505,10,710006505,810012505,910012505
3,506,10,710006506,810012506,910012506
3,507,10,710006507,810012507,910012507
3,508,10,710006508,810012508,910012508
3,509,10,710006509,810012509,910012509
3,510,10,710006510,810012510,910012510
3,511,10,710006511,810012511,910012511
3,512,10,710006512,810012512,910012512
3,513,10,710006513,810012513,910012513
3,514,10,710006514,810012514,910012514
3,515,10,710006515,810012515,910012515
3,516,10,710006516,810012516,910012516
3,517,10,710006517,810012517,910012517
3,518,10,710006518,810012518,910012518
3,519,10,710006519,810012519,910012519
3,520,10,710006520,810012520,910012520
3,521,10,710006521,810012521,910012521
3,522,10,710006522,810012522,910012522
3,523,10,710006523,810012523,910012523
3,524,10,710006524,810012524,910012524
3,525,10,710006525,810012525,910012525
3,526,10,710006526,810012526,910012526
3,527,10,710006527,810012527,910012527
3,528,10,710006528,810012528,910012528
3,529,10,710006529,810012529,910012529
3,530,10,710006530,810012530,910012530
3,531,10,710006531,810012531,910012531
3,532,10,710006532,810012532,910012532
3,533,10,710006533,810012533,910012533
3,534,10,710006534,810012534,910012534
3,535,10,710006535,810012535,910012535
3,536,10,710006536,810012536,910012536
3,537,10,710006537,810012537,910012537
3,538,10,710006538,810012538,910012538
3,539,10,710006539,810012539,910012539
3,540,10,710006540,810012540,910012540
3,541,10,710006541,810012541,910012541
3,542,10,710006542,810012542,910012542
3,543,10,710006543,810012543,910012543
3,544,10,710006544,810012544,910012544
3,545,10,710006545,810012545,910012545
3,546,10,710006546,810012546,910012546
3,547,10,710006547,810012547,910012547
3,548,10,710006548,810012548,910012548
3,549,10,710006549,810012549,910012549
3,550,10,710006550,810012550,910012550
3,551,10,710006551,810012551,910012551
3,552,10,710006552,810012552,910012552
3,553,10,710006553,810012553,910012553
3,554,10,710006554,810012554,910012554
3,555,10,710006555,810012555,910012555
3,556,10,710006556,810012556,910012556
3,557,10,710006557,810012557,910012557
3,558,10,710006558,810012558,910012558
3,559,10,710006559,810012559,910012559
3,560,10,710006560,810012560,910012560
3,561,10,710006561,810012561,910012561
3,562,10,710006562,810012562,910012562
3,563,10,710006563,810012563,910012563
3,564,10,710006564,810012564,910012564
3,565,10,710006565,810012565,910012565
3,566,10,710006566,810012566,910012566
3,567,10,710006567,810012567,910012567
3,568,10,710006568,810012568,910012568
3,569,10,710006569,810012569,910012569
3,570,10,710006570,810012570,910012570
3,571,10,710006571,810012571,910012571
3,572,10,710006572,810012572,910012572
3,573,10,710006573,810012573,910012573
3,574,10,710006574,810012574,910012574
3,575,10,710006575,810012575,910012575
3,576,10,710006576,810012576,910012576
3,577,10,710006577,810012577,910012577
3,578,10,710006578,810012578,910012578
3,579,10,710006579,810012579,910012579
3,580,10,710006580,810012580,910012580
3,581,10,710006581,810012581,910012581
3,582,10,710006582,810012582,910012582
3,583,10,710006583,810012583,910012583
3,584,10,710006584,810012584,910012584
3,585,10,710006585,810012585,910012585
3,586,10,710006586,810012586,910012586
3,587,10,710006587,810012587,910012587
3,588,10,710006588,810012588,910012588
3,589,10,710006589,810012589,910012589
3,590,10,710006590,810012590,910012590
3,591,10,710006591,810012591,910012591
3,592,10,710006592,810012592,910012592
3,593,10,710006593,810012593,910012593
3,594,10,710006594,810012594,910012594
3,595,10,710006595,810012595,910012595
3,596,10,710006596,810012596,910012596
3,597,10,710006597,810012597,910012597
3,598,10,710006598,810012598,910012598
3,599,10,710006599,810012599,910012599
3,600,10,710006600,810012600,910012600
3,601,10,710006601,810012601,910012601
3,602,10,710006602,810012602,910012602
3,603,10,710006603,810012603,910012603
3,604,10,710006604,810012604,910012604
3,605,10,710006605,810012605,910012605
3,606,10,710006606,810012606,910012606
3,607,10,710006607,810012607,910012607
3,608,10,710006608,810012608,910012608
3,609,10,710006609,810012609,910012609
3,610,10,710006610,810012610,910012610
3,611,10,710006611,810012611,910012611
3,612,10,710006612,810012612,910012612
3,613,10,710006613,810012613,910012613
3,614,10,710006614,810012614,910012614
3,615,10,710006615,810012615,910012615
3,616,10,710006616,810012616,910012616
3,617,10,710006617,810012617,910012617
3,618,10,710006618,810012618,910012618
3,619,10,710006619,810012619,910012619
3,620,10,710006620,810012620,910012620
3,621,10,710006621,810012621,910012621
3,622,10,710006622,810012622,910012622
3,623,10,710006623,810012623,910012623
3,624,10,710006624,810012624,910012624
3,625,10,710006625,810012625,910012625
3,626,10,710006626,810012626,910012626
3,627,10,710006627,810012627,910012627
3,628,10,710006628,810012628,910012628
3,629,10,710006629,810012629,910012629
3,630,10,710006630,810012630,910012630
3,631,10,710006631,810012631,910012631
3,632,10,710006632,810012632,910012632
3,633,10,710006633,810012633,910012633
3,634,10,710006634,810012634,910012634
3,635,10,710006635,810012635,910012635
3,636,10,710006636,810012636,910012636
3,637,10,710006637,810012637,910012637
3,638,10,710006638,810012638,910012638
3,639,10,710006639,810012639,910012639
3,640,10,710006640,810012640,910012640
3,641,10,710006641,810012641,910012641
3,642,10,710006642,810012642,910012642
3,643,10,710006643,810012643,910012643
3,644,10,710006644,810012644,910012644
3,645,10,710006645,810012645,910012645
3,646,10,710006646,810012646,910012646
3,647,10,710006647,810012647,910012647
3,648,10,710006648,810012648,910012648
3,649,10,710006649,810012649,910012649
3,650,10,710006650,810012650,910012650
3,651,10,710006651,810012651,910012651
3,652,10,710006652,810012652,910012652
3,653,10,710006653,810012653,910012653
3,654,10,710006654,810012654,910012654
3,655,10,710006655,810012655,910012655
3,656,10,710006656,810012656,910012656
3,657,10,710006657,810012657,910012657
3,658,10,710006658,810012658,910012658
3,659,10,710006659,810012659,910012659
3,660,10,710006660,810012660,910012660
3,661,10,710006661,810012661,910012661
3,662,10,710006662,810012662,910012662
3,663,10,710006663,810012663,910012663
3,664,10,710006664,810012664,910012664
3,665,10,710006665,810012665,910012665
3,666,10,710006666,810012666,910012666
3,667,10,710006667,810012667,910012667
3,668,10,710006668,810012668,910012668
3,669,10,710006669,810012669,910012669
3,670,10,710006670,810012670,910012670
3,671,10,710006671,810012671,910012671
3,672,10,710006672,810012672,910012672
3,673,10,710006673,810012673,910012673
3,674,10,710006674,810012674,910012674
3,675,10,710006675,810012675,910012675
3,676,10,710006676,810012676,910012676
3,677,10,710006677,810012677,910012677
3,678,10,710006678,810012678,910012678
3,679,10,710006679,810012679,910012679
3,680,10,710006680,810012680,910012680
3,681,10,710006681,810012681,910012681
3,682,10,710006682,810012682,910012682
3,683,10,710006683,810012683,910012683
3,684,10,710006684,810012684,910012684
3,685,10,710006685,810012685,910012685
3,686,10,710006686,810012686,910012686
3,687,10,710006687,810012687,910012687
3,688,10,710006688,810012688,910012688
3,689,10,710006689,810012689,910012689
3,690,10,710006690,810012690,910012690
3,691,10,710006691,810012691,910012691
3,692,10,710006692,810012692,910012692
3,693,10,710006693,810012693,910012693
3,694,10,710006694,810012694,910012694
3,695,10,710006695,810012695,910012695
3,696,10,710006696,810012696,910012696
3,697,10,710006697,810012697,910012697
3,698,10,710006698,810012698,910012698
3,699,10,710006699,810012699,910012699
3,700,10,710006700,810012700,910012700
3,701,10,710006701,810012701,910012701
3,702,10,710006702,810012702,910012702
3,703,10,710006703,810012703,910012703
3,704,10,710006704,810012704,910012704
3,705,10,710006705,810012705,910012705
3,706,10,710006706,810012706,910012706
3,707,10,710006707,810012707,910012707
3,708,10,710006708,810012708,910012708
3,709,10,710006709,810012709,910012709
3,710,10,710006710,810012710,910012710
3,711,10,710006711,810012711,910012711
3,712,10,710006712,810012712,910012712
3,713,10,710006713,810012713,910012713
3,714,10,710006714,810012714,910012714
3,715,10,710006715,810012715,910012715
3,716,10,710006716,810012716,910012716
3,717,10,710006717,810012717,910012717
3,718,10,710006718,810012718,910012718
3,719,10,710006719,810012719,910012719
3,720,10,710006720,810012720,910012720
3,721,10,710006721,810012721,910012721
3,722,10,710006722,810012722,910012722
3,723,10,710006723,810012723,910012723
3,724,10,710006724,810012724,910012724
3,725,10,710006725,810012725,910012725
3,726,10,710006726,810012726,910012726
3,727,10,710006727,810012727,910012727
3,728,10,710006728,810012728,910012728
3,729,10,710006729,810012729,910012729
3,730,10,710006730,810012730,910012730
3,731,10,710006731,810012731,910012731
3,732,10,710006732,810012732,910012732
3,733,10,710006733,810012733,910012733
3,734,10,710006734,810012734,910012734
3,735,10,710006735,810012735,910012735
3,736,10,710006736,810012736,910012736
3,737,10,710006737,810012737,910012737
3,738,10,710006738,810012738,910012738
3,739,10,710006739,810012739,910012739
3,740,10,710006740,810012740,910012740
3,741,10,710006741,810012741,910012741
3,742,10,710006742,810012742,910012742
3,743,10,710006743,810012743,910012743
3,744,10,710006744,810012744,910012744
3,745,10,710006745,810012745,910012745
3,746,10,710006746,810012746,910012746
3,747,10,710006747,810012747,910012747
3,748,10,710006748,810012748,910012748
3,749,10,710006749,810012749,910012749
3,750,10,710006750,810012750,910012750
3,751,10,710006751,810012751,910012751
3,752,10,710006752,810012752,910012752
3,753,10,710006753,810012753,910012753
3,754,10,710006754,810012754,910012754
3,755,10,710006755,810012755,910012755
3,756,10,710006756,810012756,910012756
3,757,10,710006757,810012757,910012757
3,758,10,710006758,810012758,910012758
3,759,10,710006759,810012759,910012759
3,760,10,710006760,810012760,910012760
3,761,10,710006761,810012761,910012761
3,762,10,710006762,810012762,910012762
3,763,10,710006763,810012763,910012763
3,764,10,710006764,810012764,910012764
3,765,10,710006765,810012765,910012765
3,766,10,710006766,810012766,910012766
3,767,10,710006767,810012767,910012767
3,768,10,710006768,810012768,910012768
3,769,10,710006769,810012769,910012769
3,770,10,710006770,810012770,910012770
3,771,10,710006771,810012771,910012771
3,772,10,710006772,810012772,910012772
3,773,10,710006773,810012773,910012773
3,774,10,710006774,810012774,910012774
3,775,10,710006775,810012775,910012775
3,776,10,710006776,810012776,910012776
3,777,10,710006777,810012777,910012777
3,778,10,710006778,810012778,910012778
3,779,10,710006779,810012779,910012779
3,780,10,710006780,810012780,910012780
3,781,10,710006781,810012781,910012781
3,782,10,710006782,810012782,910012782
3,783,10,710006783,810012783,910012783
3,784,10,710006784,810012784,910012784
3,785,10,710006785,810012785,910012785
3,786,10,710006786,810012786,910012786
3,787,10,710006787,810012787,910012787
3,788,10,710006788,810012788,910012788
3,789,10,710006789,810012789,910012789
3,790,10,710006790,810012790,910012790
3,791,10,710006791,810012791,910012791
3,792,10,710006792,810012792,910012792
3,793,10,710006793,810012793,910012793
3,794,10,710006794,810012794,910012794
3,795,10,710006795,810012795,910012795
3,796,10,710006796,810012796,910012796
3,797,10,710006797,810012797,910012797
3,798,10,710006798,810012798,910012798
3,799,10,710006799,810012799,910012799
3,800,10,710006800,810012800,910012800
3,801,10,710006801,810012801,910012801
3,802,10,710006802,810012802,910012802
3,803,10,710006803,810012803,910012803
3,804,10,710006804,810012804,910012804
3,805,10,710006805,810012805,910012805
3,806,10,710006806,810012806,910012806
3,807,10,710006807,810012807,910012807
3,808,10,710006808,810012808,910012808
3,809,10,710006809,810012809,910012809
3,810,10,710006810,810012810,910012810
3,811,10,710006811,810012811,910012811
3,812,10,710006812,810012812,910012812
3,813,10,710006813,810012813,910012813
3,814,10,710006814,810012814,910012814
3,815,10,710006815,810012815,910012815
3,816,10,710006816,810012816,910012816
3,817,10,710006817,810012817,910012817
3,818,10,710006818,810012818,910012818
3,819,10,710006819,810012819,910012819
3,820,10,710006820,810012820,910012820
3,821,10,710006821,810012821,910012821
3,822,10,710006822,810012822,910012822
3,823,10,710006823,810012823,910012823
3,824,10,710006824,810012824,910012824
3,825,10,710006825,810012825,910012825
3,826,10,710006826,810012826,910012826
3,827,10,710006827,810012827,910012827
3,828,10,710006828,810012828,910012828
3,829,10,710006829,810012829,910012829
3,830,10,710006830,810012830,910012830
3,831,10,710006831,810012831,910012831
3,832,10,710006832,810012832,910012832
3,833,10,710006833,810012833,910012833
3,834,10,710006834,810012834,910012834
3,835,10,710006835,810012835,910012835
3,836,10,710006836,810012836,910012836
3,837,10,710006837,810012837,910012837
3,838,10,710006838,810012838,910012838
3,839,10,710006839,810012839,910012839
3,840,10,710006840,810012840,910012840
3,841,10,710006841,810012841,910012841
3,842,10,710006842,810012842,910012842
3,843,10,710006843,810012843,910012843
3,844,10,710006844,810012844,910012844
3,845,10,710006845,810012845,910012845
3,846,10,710006846,810012846,910012846
3,847,10,710006847,810012847,910012847
3,848,10,710006848,810012848,910012848
3,849,10,710006849,810012849,910012849
3,850,10,710006850,810012850,910012850
3,851,10,710006851,810012851,910012851
3,852,10,710006852,810012852,910012852
3,853,10,710006853,810012853,910012853
3,854,10,710006854,810012854,910012854
3,855,10,710006855,810012855,910012855
3,856,10,710006856,810012856,910012856
3,857,10,710006857,810012857,910012857
3,858,10,710006858,810012858,910012858
3,859,10,710006859,810012859,910012859
3,860,10,710006860,810012860,910012860
3,861,10,710006861,810012861,910012861
3,862,10,710006862,810012862,910012862
3,863,10,710006863,810012863,910012863
3,864,10,710006864,810012864,910012864
3,865,10,710006865,810012865,910012865
3,866,10,710006866,810012866,910012866
3,867,10,710006867,810012867,910012867
3,868,10,710006868,810012868,910012868
3,869,10,710006869,810012869,910012869
3,870,10,710006870,810012870,910012870
3,871,10,710006871,810012871,910012871
3,872,10,710006872,810012872,910012872
3,873,10,710006873,810012873,910012873
3,874,10,710006874,810012874,910012874
3,875,10,710006875,810012875,910012875
3,876,10,710006876,810012876,910012876
3,877,10,710006877,810012877,910012877
3,878,10,710006878,810012878,910012878
3,879,10,710006879,810012879,910012879
3,880,10,710006880,810012880,910012880
3,881,10,710006881,810012881,910012881
3,882,10,710006882,810012882,910012882
3,883,10,710006883,810012883,910012883
3,884,10,710006884,810012884,910012884
3,885,10,710006885,810012885,910012885
3,886,10,710006886,810012886,910012886
3,887,10,710006887,810012887,910012887
3,888,10,710006888,810012888,910012888
3,889,10,710006889,810012889,910012889
3,890,10,710006890,810012890,910012890
3,891,10,710006891,810012891,910012891
3,892,10,710006892,810012892,910012892
3,893,10,710006893,810012893,910012893
3,894,10,710006894,810012894,910012894
3,895,10,710006895,810012895,910012895
3,896,10,710006896,810012896,910012896
3,897,10,710006897,810012897,910012897
3,898,10,710006898,810012898,910012898
3,899,10,710006899,810012899,910012899
3,900,10,710006900,810012900,910012900
3,901,10,710006901,810012901,910012901
3,902,10,710006902,810012902,910012902
3,903,10,710006903,810012903,910012903
3,904,10,710006904,810012904,910012904
3,905,10,710006905,810012905,910012905
3,906,10,710006906,810012906,910012906
3,907,10,710006907,810012907,910012907
3,908,10,710006908,810012908,910012908
3,909,10,710006909,810012909,910012909
3,910,10,710006910,810012910,910012910
3,911,10,710006911,810012911,910012911
3,912,10,710006912,810012912,910012912
3,913,10,710006913,810012913,910012913
3,914,10,710006914,810012914,910012914
3,915,10,710006915,810012915,910012915
3,916,10,710006916,810012916,910012916
3,917,10,710006917,810012917,910012917
3,918,10,710006918,810012918,910012918
3,919,10,710006919,810012919,910012919
3,920,10,710006920,810012920,910012920
3,921,10,710006921,810012921,910012921
3,922,10,710006922,810012922,910012922
3,923,10,710006923,810012923,910012923
3,924,10,710006924,810012924,910012924
3,925,10,710006925,810012925,910012925
3,926,10,710006926,810012926,910012926
3,927,10,710006927,810012927,910012927
3,928,10,710006928,810012928,910012928
3,929,10,710006929,810012929,910012929
3,930,10,710006930,810012930,910012930
3,931,10,710006931,810012931,910012931
3,932,10,710006932,810012932,910012932
3,933,10,710006933,810012933,910012933
3,934,10,710006934,810012934,910012934
3,935,10,710006935,810012935,910012935
3,936,10,710006936,810012936,910012936
3,937,10,710006937,810012937,910012937
3,938,10,710006938,810012938,910012938
3,939,10,710006939,810012939,910012939
3,940,10,710006940,810012940,910012940
3,941,10,710006941,810012941,910012941
3,942,10,710006942,810012942,910012942
3,943,10,710006943,810012943,910012943
3,944,10,710006944,810012944,910012944
3,945,10,710006945,810012945,910012945
3,946,10,710006946,810012946,910012946
3,947,10,710006947,810012947,910012947
3,948,10,710006948,810012948,910012948
3,949,10,710006949,810012949,910012949
3,950,10,710006950,810012950,910012950
3,951,10,710006951,810012951,910012951
3,952,10,710006952,810012952,910012952
3,953,10,710006953,810012953,910012953
3,954,10,710006954,810012954,910012954
3,955,10,710006955,810012955,910012955
3,956,10,710006956,810012956,910012956
3,957,10,710006957,810012957,910012957
3,958,10,710006958,810012958,910012958
3,959,10,710006959,810012959,910012959
3,960,10,710006960,810012960,910012960
3,961,10,710006961,810012961,910012961
3,962,10,710006962,810012962,910012962
3,963,10,710006963,810012963,910012963
3,964,10,710006964,810012964,910012964
3,965,10,710006965,810012965,910012965
3,966,10,710006966,810012966,910012966
3,967,10,710006967,810012967,910012967
3,968,10,710006968,810012968,910012968
3,969,10,710006969,810012969,910012969
3,970,10,710006970,810012970,910012970
3,971,10,710006971,810012971,910012971
3,972,10,710006972,810012972,910012972
3,973,10,710006973,810012973,910012973
3,974,10,710006974,810012974,910012974
3,975,10,710006975,810012975,910012975
3,976,10,710006976,810012976,910012976
3,977,10,710006977,810012977,910012977
3,978,10,710006978,810012978,910012978
3,979,10,710006979,810012979,910012979
3,980,10,710006980,810012980,910012980
3,981,10,710006981,810012981,910012981
3,982,10,710006982,810012982,910012982
3,983,10,710006983,810012983,910012983
3,984,10,710006984,810012984,910012984
3,985,10,710006985,810012985,910012985
3,986,10,710006986,810012986,910012986
3,987,10,710006987,810012987,910012987
3,988,10,710006988,810012988,910012988
3,989,10,710006989,810012989,910012989
3,990,10,710006990,810012990,910012990
3,991,10,710006991,810012991,910012991
3,992,10,710006992,810012992,910012992
3,993,10,710006993,810012993,910012993
3,994,10,710006994,810012994,910012994
3,995,10,710006995,810012995,910012995
3,996,10,710006996,810012996,910012996
3,997,10,710006997,810012997,910012997
3,998,10,710006998,810012998,910012998
3,999,10,710006999,810012999,910012999
3,1000,10,710007000,810013000,910013000
