entry_sd,replicate,outer_seed,bootstrap_seed,method,estimate,estimated_se,covered,reject_half,converged,error
0.25,1,710002001,810004001,naive,0.609636307706098,0.0427339859134845,1,1,1,""
0.25,1,710002001,910004001,strict,0.609636307706098,0.0414884881107477,1,1,1,""
0.25,2,710002002,810004002,naive,0.56728310735643,0.0321851626176821,1,1,1,""
0.25,2,710002002,910004002,strict,0.56728310735643,0.0336327270861591,1,1,1,""
0.25,3,710002003,810004003,naive,0.631403834532168,0.0320169392657898,1,1,1,""
0.25,3,710002003,910004003,strict,0.631403834532168,0.032525295390301,1,1,1,""
0.25,4,710002004,810004004,naive,0.631046462306358,0.0337600795768575,1,1,1,""
0.25,4,710002004,910004004,strict,0.631046462306358,0.033643500402026,1,1,1,""
0.25,5,710002005,810004005,naive,0.545234347353724,0.0337328662689162,0,0,1,""
0.25,5,710002005,910004005,strict,0.545234347353724,0.0344780258725917,0,0,1,""
0.25,6,710002006,810004006,naive,0.646421671290828,0.0355697367412531,1,1,1,""
0.25,6,710002006,910004006,strict,0.646421671290828,0.0339192819020374,1,1,1,""
0.25,7,710002007,810004007,naive,0.620048980464256,0.0294093443041461,1,1,1,""
0.25,7,710002007,910004007,strict,0.620048980464256,0.0281888109655612,1,1,1,""
0.25,8,710002008,810004008,naive,0.648118675712239,0.0276020397322148,1,1,1,""
0.25,8,710002008,910004008,strict,0.648118675712239,0.0283232264059809,1,1,1,""
0.25,9,710002009,810004009,naive,0.615236575837866,0.0328386694396577,1,1,1,""
0.25,9,710002009,910004009,strict,0.615236575837866,0.0296058651917578,1,1,1,""
0.25,10,710002010,810004010,naive,0.575337480773979,0.0303641620557703,1,1,1,""
0.25,10,710002010,910004010,strict,0.575337480773979,0.0366733735393073,1,1,1,""
0.25,11,710002011,810004011,naive,0.648212421362906,0.0319479624884413,1,1,1,""
0.25,11,710002011,910004011,strict,0.648212421362906,0.0293842926307501,1,1,1,""
0.25,12,710002012,810004012,naive,0.678895900388888,0.0310075719069465,0,1,1,""
0.25,12,710002012,910004012,strict,0.678895900388888,0.0340575723215468,1,1,1,""
0.25,13,710002013,810004013,naive,0.573772152596824,0.0307893257378831,1,1,1,""
0.25,13,710002013,910004013,strict,0.573772152596824,0.0318937296865402,1,1,1,""
0.25,14,710002014,810004014,naive,0.583877515155666,0.0448799758825088,1,0,1,""
0.25,14,710002014,910004014,strict,0.583877515155666,0.0404787830814976,1,1,1,""
0.25,15,710002015,810004015,naive,0.559832195526624,0.0393756804346109,1,0,1,""
0.25,15,710002015,910004015,strict,0.559832195526624,0.0325609965216315,1,0,1,""
0.25,16,710002016,810004016,naive,0.6068606842357,0.0420320266710614,1,1,1,""
0.25,16,710002016,910004016,strict,0.6068606842357,0.0348625398311368,1,1,1,""
0.25,17,710002017,810004017,naive,0.659577966463011,0.0373335763386466,1,1,1,""
0.25,17,710002017,910004017,strict,0.659577966463011,0.0392176004182816,1,1,1,""
0.25,18,710002018,810004018,naive,0.584595355601271,0.0348287337159614,1,1,1,""
0.25,18,710002018,910004018,strict,0.584595355601271,0.0380202436711329,1,1,1,""
0.25,19,710002019,810004019,naive,0.616435844070351,0.037249191174298,1,1,1,""
0.25,19,710002019,910004019,strict,0.616435844070351,0.0359153382531171,1,1,1,""
0.25,20,710002020,810004020,naive,0.616772965105186,0.0361274443258329,1,1,1,""
0.25,20,710002020,910004020,strict,0.616772965105186,0.0342662139205745,1,1,1,""
0.25,21,710002021,810004021,naive,0.662395287366566,0.0306028589994971,1,1,1,""
0.25,21,710002021,910004021,strict,0.662395287366566,0.03417490254897,1,1,1,""
0.25,22,710002022,810004022,naive,0.618098171918732,0.0278873647985977,1,1,1,""
0.25,22,710002022,910004022,strict,0.618098171918732,0.0330782421578228,1,1,1,""
0.25,23,710002023,810004023,naive,0.592646983550995,0.0331322230749671,1,1,1,""
0.25,23,710002023,910004023,strict,0.592646983550995,0.037119444367467,1,1,1,""
0.25,24,710002024,810004024,naive,0.674649596696713,0.0311762253164002,0,1,1,""
0.25,24,710002024,910004024,strict,0.674649596696713,0.0306253522706178,0,1,1,""
0.25,25,710002025,810004025,naive,0.633823529158466,0.0341386042083517,1,1,1,""
0.25,25,710002025,910004025,strict,0.633823529158466,0.0301754019871078,1,1,1,""
0.25,26,710002026,810004026,naive,0.530955832840606,0.0320081883782145,0,0,1,""
0.25,26,710002026,910004026,strict,0.530955832840606,0.0326207468434903,0,0,1,""
0.25,27,710002027,810004027,naive,0.574143462388772,0.0389844394711867,1,0,1,""
0.25,27,710002027,910004027,strict,0.574143462388772,0.0342985826241253,1,1,1,""
0.25,28,710002028,810004028,naive,0.566857054146422,0.0305548568455751,1,1,1,""
0.25,28,710002028,910004028,strict,0.566857054146422,0.0294647440077112,1,1,1,""
0.25,29,710002029,810004029,naive,0.586312419406048,0.0338987431752688,1,1,1,""
0.25,29,710002029,910004029,strict,0.586312419406048,0.0345517998979842,1,1,1,""
0.25,30,710002030,810004030,naive,0.632880112538862,0.0338497149903183,1,1,1,""
0.25,30,710002030,910004030,strict,0.632880112538862,0.0319569864890897,1,1,1,""
0.25,31,710002031,810004031,naive,0.625596579824123,0.0343279925778015,1,1,1,""
0.25,31,710002031,910004031,strict,0.625596579824123,0.034807248500213,1,1,1,""
0.25,32,710002032,810004032,naive,0.61036145539856,0.0348536327102997,1,1,1,""
0.25,32,710002032,910004032,strict,0.61036145539856,0.0321246952648903,1,1,1,""
0.25,33,710002033,810004033,naive,0.607272570497194,0.0310130857144522,1,1,1,""
0.25,33,710002033,910004033,strict,0.607272570497194,0.0371058512993583,1,1,1,""
0.25,34,710002034,810004034,naive,0.608854217694864,0.0353948810263623,1,1,1,""
0.25,34,710002034,910004034,strict,0.608854217694864,0.0366987089939718,1,1,1,""
0.25,35,710002035,810004035,naive,0.609927620094583,0.0359426494586625,1,1,1,""
0.25,35,710002035,910004035,strict,0.609927620094583,0.0403914815716067,1,1,1,""
0.25,36,710002036,810004036,naive,0.651393340433564,0.0307250260498243,1,1,1,""
0.25,36,710002036,910004036,strict,0.651393340433564,0.0277528308073517,1,1,1,""
0.25,37,710002037,810004037,naive,0.624366720576875,0.0280958923689944,1,1,1,""
0.25,37,710002037,910004037,strict,0.624366720576875,0.0287529541531645,1,1,1,""
0.25,38,710002038,810004038,naive,0.631605504238178,0.0347640677946979,1,1,1,""
0.25,38,710002038,910004038,strict,0.631605504238178,0.0371692033602033,1,1,1,""
0.25,39,710002039,810004039,naive,0.603715424789079,0.0432544691290748,1,1,1,""
0.25,39,710002039,910004039,strict,0.603715424789079,0.0391887740204377,1,1,1,""
0.25,40,710002040,810004040,naive,0.641041039025885,0.032871274237871,1,1,1,""
0.25,40,710002040,910004040,strict,0.641041039025885,0.0313577833740528,1,1,1,""
0.25,41,710002041,810004041,naive,0.56131560482443,0.0295078197372859,1,1,1,""
0.25,41,710002041,910004041,strict,0.56131560482443,0.0343999271894447,1,0,1,""
0.25,42,710002042,810004042,naive,0.631955083282406,0.0310824119351754,1,1,1,""
0.25,42,710002042,910004042,strict,0.631955083282406,0.0325335873607379,1,1,1,""
0.25,43,710002043,810004043,naive,0.616952077051719,0.0321308221163298,1,1,1,""
0.25,43,710002043,910004043,strict,0.616952077051719,0.0357466949687573,1,1,1,""
0.25,44,710002044,810004044,naive,0.552245658841543,0.0373322044195491,1,0,1,""
0.25,44,710002044,910004044,strict,0.552245658841543,0.0326774503790138,1,0,1,""
0.25,45,710002045,810004045,naive,0.62172251021837,0.030658900547801,1,1,1,""
0.25,45,710002045,910004045,strict,0.62172251021837,0.0330982211666396,1,1,1,""
0.25,46,710002046,810004046,naive,0.668572163038645,0.0314745484595736,1,1,1,""
0.25,46,710002046,910004046,strict,0.668572163038645,0.0321300848492332,1,1,1,""
0.25,47,710002047,810004047,naive,0.60242861635063,0.0323311107834491,1,1,1,""
0.25,47,710002047,910004047,strict,0.60242861635063,0.0309337729341296,1,1,1,""
0.25,48,710002048,810004048,naive,0.601030095642666,0.0316388163204471,1,1,1,""
0.25,48,710002048,910004048,strict,0.601030095642666,0.0362529260179188,1,1,1,""
0.25,49,710002049,810004049,naive,0.617412875115449,0.0294743719590344,1,1,1,""
0.25,49,710002049,910004049,strict,0.617412875115449,0.0326357057895704,1,1,1,""
0.25,50,710002050,810004050,naive,0.620044912011571,0.0326729730313393,1,1,1,""
0.25,50,710002050,910004050,strict,0.620044912011571,0.0313786619171136,1,1,1,""
0.25,51,710002051,810004051,naive,0.597541066540908,0.038422588413909,1,1,1,""
0.25,51,710002051,910004051,strict,0.597541066540908,0.0387306553723226,1,1,1,""
0.25,52,710002052,810004052,naive,0.660570747002104,0.0345374103130822,1,1,1,""
0.25,52,710002052,910004052,strict,0.660570747002104,0.0296114125773734,1,1,1,""
0.25,53,710002053,810004053,naive,0.640356741110288,0.028334287688253,1,1,1,""
0.25,53,710002053,910004053,strict,0.640356741110288,0.0315460698154048,1,1,1,""
0.25,54,710002054,810004054,naive,0.534856025048879,0.0377882223771768,0,0,1,""
0.25,54,710002054,910004054,strict,0.534856025048879,0.0380152175570545,0,0,1,""
0.25,55,710002055,810004055,naive,0.577985686828342,0.0351871769526862,1,1,1,""
0.25,55,710002055,910004055,strict,0.577985686828342,0.0337661040417816,1,1,1,""
0.25,56,710002056,810004056,naive,0.604834402656062,0.0352544308995061,1,1,1,""
0.25,56,710002056,910004056,strict,0.604834402656062,0.0309541368439603,1,1,1,""
0.25,57,710002057,810004057,naive,0.619235124665253,0.0287328220358378,1,1,1,""
0.25,57,710002057,910004057,strict,0.619235124665253,0.0288995655973119,1,1,1,""
0.25,58,710002058,810004058,naive,0.578381461969305,0.0357156007363116,1,1,1,""
0.25,58,710002058,910004058,strict,0.578381461969305,0.0345696019857914,1,1,1,""
0.25,59,710002059,810004059,naive,0.64186497691519,0.0323309790411175,1,1,1,""
0.25,59,710002059,910004059,strict,0.64186497691519,0.035560809828397,1,1,1,""
0.25,60,710002060,810004060,naive,0.604370083536216,0.0363775152186775,1,1,1,""
0.25,60,710002060,910004060,strict,0.604370083536216,0.0337129383193033,1,1,1,""
0.25,61,710002061,810004061,naive,0.666643977175481,0.0283778772596147,1,1,1,""
0.25,61,710002061,910004061,strict,0.666643977175481,0.0287931970844438,1,1,1,""
0.25,62,710002062,810004062,naive,0.63881741199528,0.03586643305022,1,1,1,""
0.25,62,710002062,910004062,strict,0.63881741199528,0.0386693857688255,1,1,1,""
0.25,63,710002063,810004063,naive,0.625898067937021,0.0303192588113738,1,1,1,""
0.25,63,710002063,910004063,strict,0.625898067937021,0.0291054675827155,1,1,1,""
0.25,64,710002064,810004064,naive,0.642389409105682,0.033754635695058,1,1,1,""
0.25,64,710002064,910004064,strict,0.642389409105682,0.0305629822132474,1,1,1,""
0.25,65,710002065,810004065,naive,0.634108431090004,0.0312510287721373,1,1,1,""
0.25,65,710002065,910004065,strict,0.634108431090004,0.030783870481946,1,1,1,""
0.25,66,710002066,810004066,naive,0.632622450327561,0.0326474032346753,1,1,1,""
0.25,66,710002066,910004066,strict,0.632622450327561,0.0385415439393148,1,1,1,""
0.25,67,710002067,810004067,naive,0.604253184303234,0.0335310811696814,1,1,1,""
0.25,67,710002067,910004067,strict,0.604253184303234,0.0361271125183656,1,1,1,""
0.25,68,710002068,810004068,naive,0.654004817950132,0.0346628812043327,1,1,1,""
0.25,68,710002068,910004068,strict,0.654004817950132,0.0306179390375826,1,1,1,""
0.25,69,710002069,810004069,naive,0.572378943803586,0.0362370717999582,1,1,1,""
0.25,69,710002069,910004069,strict,0.572378943803586,0.0349312841179457,1,1,1,""
0.25,70,710002070,810004070,naive,0.671840932132913,0.0307026049938731,1,1,1,""
0.25,70,710002070,910004070,strict,0.671840932132913,0.0387823415192025,1,1,1,""
0.25,71,710002071,810004071,naive,0.621590602922011,0.0285247295027486,1,1,1,""
0.25,71,710002071,910004071,strict,0.621590602922011,0.0242617767532849,1,1,1,""
0.25,72,710002072,810004072,naive,0.629925426138711,0.0426169576998166,1,1,1,""
0.25,72,710002072,910004072,strict,0.629925426138711,0.033853950500201,1,1,1,""
0.25,73,710002073,810004073,naive,0.62120711729987,0.0400088931249093,1,1,1,""
0.25,73,710002073,910004073,strict,0.62120711729987,0.0350088948435905,1,1,1,""
0.25,74,710002074,810004074,naive,0.658501355179634,0.0349464015303929,1,1,1,""
0.25,74,710002074,910004074,strict,0.658501355179634,0.0330043589065744,1,1,1,""
0.25,75,710002075,810004075,naive,0.583219892380098,0.0307040318406054,1,1,1,""
0.25,75,710002075,910004075,strict,0.583219892380098,0.0352279910300694,1,1,1,""
0.25,76,710002076,810004076,naive,0.59961177224817,0.0370546219390356,1,1,1,""
0.25,76,710002076,910004076,strict,0.59961177224817,0.0368954163229264,1,1,1,""
0.25,77,710002077,810004077,naive,0.609738163609886,0.0335901551759325,1,1,1,""
0.25,77,710002077,910004077,strict,0.609738163609886,0.035866274648235,1,1,1,""
0.25,78,710002078,810004078,naive,0.670984937651593,0.0320646737616957,1,1,1,""
0.25,78,710002078,910004078,strict,0.670984937651593,0.0324607805068308,1,1,1,""
0.25,79,710002079,810004079,naive,0.63466544836547,0.0306669388199868,1,1,1,""
0.25,79,710002079,910004079,strict,0.63466544836547,0.0278265477819743,1,1,1,""
0.25,80,710002080,810004080,naive,0.582713472262028,0.0319181600655096,1,1,1,""
0.25,80,710002080,910004080,strict,0.582713472262028,0.0345491962223269,1,1,1,""
0.25,81,710002081,810004081,naive,0.589960613578441,0.030151556387011,1,1,1,""
0.25,81,710002081,910004081,strict,0.589960613578441,0.0312775360920172,1,1,1,""
0.25,82,710002082,810004082,naive,0.613516556292592,0.0308003934051632,1,1,1,""
0.25,82,710002082,910004082,strict,0.613516556292592,0.0381122953716826,1,1,1,""
0.25,83,710002083,810004083,naive,0.652441990663267,0.0319709028057331,1,1,1,""
0.25,83,710002083,910004083,strict,0.652441990663267,0.0298520989734761,1,1,1,""
0.25,84,710002084,810004084,naive,0.669487361170365,0.0324982590473671,1,1,1,""
0.25,84,710002084,910004084,strict,0.669487361170365,0.0319517767929368,1,1,1,""
0.25,85,710002085,810004085,naive,0.632237220038974,0.0357071610081663,1,1,1,""
0.25,85,710002085,910004085,strict,0.632237220038974,0.0349337657043524,1,1,1,""
0.25,86,710002086,810004086,naive,0.590617182741894,0.0312018625075064,1,1,1,""
0.25,86,710002086,910004086,strict,0.590617182741894,0.0367185906669267,1,1,1,""
0.25,87,710002087,810004087,naive,0.544868239544955,0.0368231189584068,1,0,1,""
0.25,87,710002087,910004087,strict,0.544868239544955,0.0328408035391633,0,0,1,""
0.25,88,710002088,810004088,naive,0.570615108809158,0.0373971618198607,1,0,1,""
0.25,88,710002088,910004088,strict,0.570615108809158,0.0319087499998068,1,1,1,""
0.25,89,710002089,810004089,naive,0.684305084999334,0.0305738352833246,0,1,1,""
0.25,89,710002089,910004089,strict,0.684305084999334,0.035913593317833,0,1,1,""
0.25,90,710002090,810004090,naive,0.686612399039189,0.033279592621641,0,1,1,""
0.25,90,710002090,910004090,strict,0.686612399039189,0.0286958861094264,0,1,1,""
0.25,91,710002091,810004091,naive,0.608466303751983,0.0324891372070849,1,1,1,""
0.25,91,710002091,910004091,strict,0.608466303751983,0.0311034943147325,1,1,1,""
0.25,92,710002092,810004092,naive,0.626846538176177,0.0371708921980261,1,1,1,""
0.25,92,710002092,910004092,strict,0.626846538176177,0.0366900807501797,1,1,1,""
0.25,93,710002093,810004093,naive,0.619424833851589,0.0356182316134544,1,1,1,""
0.25,93,710002093,910004093,strict,0.619424833851589,0.0343443609993751,1,1,1,""
0.25,94,710002094,810004094,naive,0.571860399772764,0.0330562166383104,1,1,1,""
0.25,94,710002094,910004094,strict,0.571860399772764,0.035089181710346,1,1,1,""
0.25,95,710002095,810004095,naive,0.581325516315592,0.0414079140963571,1,1,1,""
0.25,95,710002095,910004095,strict,0.581325516315592,0.0389588621089004,1,1,1,""
0.25,96,710002096,810004096,naive,0.570172373575579,0.0350953543430774,1,1,1,""
0.25,96,710002096,910004096,strict,0.570172373575579,0.0312911565251914,1,1,1,""
0.25,97,710002097,810004097,naive,0.580990683938379,0.0370388702021877,1,1,1,""
0.25,97,710002097,910004097,strict,0.580990683938379,0.0355069609067517,1,1,1,""
0.25,98,710002098,810004098,naive,0.594520493929828,0.0284149929820259,1,1,1,""
0.25,98,710002098,910004098,strict,0.594520493929828,0.0350621365413606,1,1,1,""
0.25,99,710002099,810004099,naive,0.557980107578593,0.0391305587358437,1,0,1,""
0.25,99,710002099,910004099,strict,0.557980107578593,0.0346890889468172,1,0,1,""
0.25,100,710002100,810004100,naive,0.624918302329851,0.034813267489495,1,1,1,""
0.25,100,710002100,910004100,strict,0.624918302329851,0.0300419805419181,1,1,1,""
0.25,101,710002101,810004101,naive,0.65045403209341,0.0268025495596264,1,1,1,""
0.25,101,710002101,910004101,strict,0.65045403209341,0.0281069526528344,1,1,1,""
0.25,102,710002102,810004102,naive,0.614383142236493,0.0345345224286068,1,1,1,""
0.25,102,710002102,910004102,strict,0.614383142236493,0.0261471456349967,1,1,1,""
0.25,103,710002103,810004103,naive,0.562631651498224,0.0356588141653866,1,0,1,""
0.25,103,710002103,910004103,strict,0.562631651498224,0.0322825253453065,1,0,1,""
0.25,104,710002104,810004104,naive,0.586022424676628,0.0329905964195812,1,1,1,""
0.25,104,710002104,910004104,strict,0.586022424676628,0.0336058385856947,1,1,1,""
0.25,105,710002105,810004105,naive,0.672560170762908,0.0257479207908814,0,1,1,""
0.25,105,710002105,910004105,strict,0.672560170762908,0.0313355534655697,1,1,1,""
0.25,106,710002106,810004106,naive,0.643631396106116,0.031022425200693,1,1,1,""
0.25,106,710002106,910004106,strict,0.643631396106116,0.0314897788458861,1,1,1,""
0.25,107,710002107,810004107,naive,0.641314763009277,0.0369771263439998,1,1,1,""
0.25,107,710002107,910004107,strict,0.641314763009277,0.0369450862287421,1,1,1,""
0.25,108,710002108,810004108,naive,0.648295588001344,0.0348224029214493,1,1,1,""
0.25,108,710002108,910004108,strict,0.648295588001344,0.0338225151207709,1,1,1,""
0.25,109,710002109,810004109,naive,0.648664817215399,0.0285010399974066,1,1,1,""
0.25,109,710002109,910004109,strict,0.648664817215399,0.030757851700788,1,1,1,""
0.25,110,710002110,810004110,naive,0.597686752926279,0.0347412175765561,1,1,1,""
0.25,110,710002110,910004110,strict,0.597686752926279,0.0308964040635228,1,1,1,""
0.25,111,710002111,810004111,naive,0.567026013709265,0.0275259028685003,1,1,1,""
0.25,111,710002111,910004111,strict,0.567026013709265,0.0301414510661359,1,1,1,""
0.25,112,710002112,810004112,naive,0.534114681993707,0.0284565464303199,0,0,1,""
0.25,112,710002112,910004112,strict,0.534114681993707,0.0311901795179937,0,0,1,""
0.25,113,710002113,810004113,naive,0.62975138672953,0.03614422190255,1,1,1,""
0.25,113,710002113,910004113,strict,0.62975138672953,0.0356874833134742,1,1,1,""
0.25,114,710002114,810004114,naive,0.565381861792087,0.0307129404637353,1,1,1,""
0.25,114,710002114,910004114,strict,0.565381861792087,0.0324517170944913,1,1,1,""
0.25,115,710002115,810004115,naive,0.648310641664135,0.0386618246003373,1,1,1,""
0.25,115,710002115,910004115,strict,0.648310641664135,0.0371349700860048,1,1,1,""
0.25,116,710002116,810004116,naive,0.607441953312826,0.034551426056869,1,1,1,""
0.25,116,710002116,910004116,strict,0.607441953312826,0.0307983768318622,1,1,1,""
0.25,117,710002117,810004117,naive,0.621814410093586,0.0294584282538002,1,1,1,""
0.25,117,710002117,910004117,strict,0.621814410093586,0.035000263764689,1,1,1,""
0.25,118,710002118,810004118,naive,0.647861837901081,0.0316589092125134,1,1,1,""
0.25,118,710002118,910004118,strict,0.647861837901081,0.0341650004211794,1,1,1,""
0.25,119,710002119,810004119,naive,0.631065627844142,0.031281723164451,1,1,1,""
0.25,119,710002119,910004119,strict,0.631065627844142,0.0321542742612198,1,1,1,""
0.25,120,710002120,810004120,naive,0.628209610339845,0.0323789073010953,1,1,1,""
0.25,120,710002120,910004120,strict,0.628209610339845,0.0295261083395454,1,1,1,""
0.25,121,710002121,810004121,naive,0.589626481008727,0.0377474022130043,1,1,1,""
0.25,121,710002121,910004121,strict,0.589626481008727,0.0295867991697622,1,1,1,""
0.25,122,710002122,810004122,naive,0.58685713269928,0.0284996531195454,1,1,1,""
0.25,122,710002122,910004122,strict,0.58685713269928,0.030846543741498,1,1,1,""
0.25,123,710002123,810004123,naive,0.694249255194083,0.026779770849133,0,1,1,""
0.25,123,710002123,910004123,strict,0.694249255194083,0.0343772431454741,0,1,1,""
0.25,124,710002124,810004124,naive,0.632747655344487,0.0325578928820366,1,1,1,""
0.25,124,710002124,910004124,strict,0.632747655344487,0.0330366310492832,1,1,1,""
0.25,125,710002125,810004125,naive,0.637392849177637,0.0320291343384992,1,1,1,""
0.25,125,710002125,910004125,strict,0.637392849177637,0.0329062597365288,1,1,1,""
0.25,126,710002126,810004126,naive,0.60902940821587,0.0309559164544709,1,1,1,""
0.25,126,710002126,910004126,strict,0.60902940821587,0.0370023865520007,1,1,1,""
0.25,127,710002127,810004127,naive,0.630666401110665,0.0291565035781169,1,1,1,""
0.25,127,710002127,910004127,strict,0.630666401110665,0.0332537754264731,1,1,1,""
0.25,128,710002128,810004128,naive,0.601788963780972,0.0331400699697759,1,1,1,""
0.25,128,710002128,910004128,strict,0.601788963780972,0.0285626860228606,1,1,1,""
0.25,129,710002129,810004129,naive,0.632490226782817,0.0265028017116267,1,1,1,""
0.25,129,710002129,910004129,strict,0.632490226782817,0.0328654199061814,1,1,1,""
0.25,130,710002130,810004130,naive,0.633141315946379,0.0356922967881736,1,1,1,""
0.25,130,710002130,910004130,strict,0.633141315946379,0.0363422075689115,1,1,1,""
0.25,131,710002131,810004131,naive,0.614324680726067,0.0315292327310562,1,1,1,""
0.25,131,710002131,910004131,strict,0.614324680726067,0.034840534590126,1,1,1,""
0.25,132,710002132,810004132,naive,0.567265183571073,0.03518363669936,1,0,1,""
0.25,132,710002132,910004132,strict,0.567265183571073,0.0397146221352149,1,0,1,""
0.25,133,710002133,810004133,naive,0.59091183409722,0.0356749552370606,1,1,1,""
0.25,133,710002133,910004133,strict,0.59091183409722,0.0303357637359723,1,1,1,""
0.25,134,710002134,810004134,naive,0.625188330425483,0.0309623234518126,1,1,1,""
0.25,134,710002134,910004134,strict,0.625188330425483,0.0307667342873823,1,1,1,""
0.25,135,710002135,810004135,naive,0.561072329138201,0.0335170104278141,1,0,1,""
0.25,135,710002135,910004135,strict,0.561072329138201,0.0361903815599304,1,0,1,""
0.25,136,710002136,810004136,naive,0.561235417497164,0.0311617353739234,1,1,1,""
0.25,136,710002136,910004136,strict,0.561235417497164,0.0362040087568983,1,0,1,""
0.25,137,710002137,810004137,naive,0.617168585658884,0.0289263327749918,1,1,1,""
0.25,137,710002137,910004137,strict,0.617168585658884,0.0276314621546512,1,1,1,""
0.25,138,710002138,810004138,naive,0.607765165831972,0.0283548291123822,1,1,1,""
0.25,138,710002138,910004138,strict,0.607765165831972,0.0321075747172007,1,1,1,""
0.25,139,710002139,810004139,naive,0.645138640584742,0.035853211024022,1,1,1,""
0.25,139,710002139,910004139,strict,0.645138640584742,0.035644143928653,1,1,1,""
0.25,140,710002140,810004140,naive,0.559643321955991,0.0354481865828541,1,0,1,""
0.25,140,710002140,910004140,strict,0.559643321955991,0.0333979052671871,1,0,1,""
0.25,141,710002141,810004141,naive,0.650617463458942,0.0312855587576906,1,1,1,""
0.25,141,710002141,910004141,strict,0.650617463458942,0.0298341828037736,1,1,1,""
0.25,142,710002142,810004142,naive,0.601751469699132,0.0312996513984493,1,1,1,""
0.25,142,710002142,910004142,strict,0.601751469699132,0.0322248936259392,1,1,1,""
0.25,143,710002143,810004143,naive,0.630234859350882,0.037616186263274,1,1,1,""
0.25,143,710002143,910004143,strict,0.630234859350882,0.0330665631954154,1,1,1,""
0.25,144,710002144,810004144,naive,0.587825930928361,0.0389221821240582,1,1,1,""
0.25,144,710002144,910004144,strict,0.587825930928361,0.0360808873823689,1,1,1,""
0.25,145,710002145,810004145,naive,0.653179460393461,0.0258083779245807,1,1,1,""
0.25,145,710002145,910004145,strict,0.653179460393461,0.0311141353922973,1,1,1,""
0.25,146,710002146,810004146,naive,0.612713409541704,0.034807380577579,1,1,1,""
0.25,146,710002146,910004146,strict,0.612713409541704,0.0311055752274421,1,1,1,""
0.25,147,710002147,810004147,naive,0.597035217281455,0.0380599375149469,1,1,1,""
0.25,147,710002147,910004147,strict,0.597035217281455,0.0391382585248583,1,1,1,""
0.25,148,710002148,810004148,naive,0.633195763591031,0.0367868896068071,1,1,1,""
0.25,148,710002148,910004148,strict,0.633195763591031,0.0374500378181947,1,1,1,""
0.25,149,710002149,810004149,naive,0.609581249228109,0.0302721326951259,1,1,1,""
0.25,149,710002149,910004149,strict,0.609581249228109,0.0307652416689483,1,1,1,""
0.25,150,710002150,810004150,naive,0.594947738121343,0.0340561399841428,1,1,1,""
0.25,150,710002150,910004150,strict,0.594947738121343,0.0349702821439832,1,1,1,""
0.25,151,710002151,810004151,naive,0.580069944757367,0.0370277511134839,1,1,1,""
0.25,151,710002151,910004151,strict,0.580069944757367,0.0328327652009765,1,1,1,""
0.25,152,710002152,810004152,naive,0.575882578778996,0.0326772256489031,1,1,1,""
0.25,152,710002152,910004152,strict,0.575882578778996,0.0302072124054539,1,1,1,""
0.25,153,710002153,810004153,naive,0.619540476674062,0.038068037002878,1,1,1,""
0.25,153,710002153,910004153,strict,0.619540476674062,0.0380596280096484,1,1,1,""
0.25,154,710002154,810004154,naive,0.574582191164794,0.0383377577603163,1,0,1,""
0.25,154,710002154,910004154,strict,0.574582191164794,0.0390122195236489,1,0,1,""
0.25,155,710002155,810004155,naive,0.662351692994944,0.032638865410225,1,1,1,""
0.25,155,710002155,910004155,strict,0.662351692994944,0.0303036332586973,1,1,1,""
0.25,156,710002156,810004156,naive,0.673586848740138,0.0377175437250082,1,1,1,""
0.25,156,710002156,910004156,strict,0.673586848740138,0.0368414442761828,1,1,1,""
0.25,157,710002157,810004157,naive,0.649995070121673,0.0310254649887852,1,1,1,""
0.25,157,710002157,910004157,strict,0.649995070121673,0.0314959533278381,1,1,1,""
0.25,158,710002158,810004158,naive,0.637801033593274,0.0376872020434405,1,1,1,""
0.25,158,710002158,910004158,strict,0.637801033593274,0.0289145522343884,1,1,1,""
0.25,159,710002159,810004159,naive,0.624402738901197,0.0320318583237744,1,1,1,""
0.25,159,710002159,910004159,strict,0.624402738901197,0.0324580996678587,1,1,1,""
0.25,160,710002160,810004160,naive,0.610057935877833,0.0237101162467912,1,1,1,""
0.25,160,710002160,910004160,strict,0.610057935877833,0.0266858432488641,1,1,1,""
0.25,161,710002161,810004161,naive,0.611946264204443,0.0349210610453967,1,1,1,""
0.25,161,710002161,910004161,strict,0.611946264204443,0.0323218353343846,1,1,1,""
0.25,162,710002162,810004162,naive,0.602206547617715,0.0341798367263775,1,1,1,""
0.25,162,710002162,910004162,strict,0.602206547617715,0.0304440228896912,1,1,1,""
0.25,163,710002163,810004163,naive,0.603050215936749,0.0330444040495825,1,1,1,""
0.25,163,710002163,910004163,strict,0.603050215936749,0.0385999867147072,1,1,1,""
0.25,164,710002164,810004164,naive,0.627184534879387,0.0350479422000766,1,1,1,""
0.25,164,710002164,910004164,strict,0.627184534879387,0.0349015740003084,1,1,1,""
0.25,165,710002165,810004165,naive,0.645399654552414,0.0348250677916877,1,1,1,""
0.25,165,710002165,910004165,strict,0.645399654552414,0.037398872748915,1,1,1,""
0.25,166,710002166,810004166,naive,0.605302785538929,0.0383999482659649,1,1,1,""
0.25,166,710002166,910004166,strict,0.605302785538929,0.0349829827751393,1,1,1,""
0.25,167,710002167,810004167,naive,0.468789177903111,0.0346578054708473,0,0,1,""
0.25,167,710002167,910004167,strict,0.468789177903111,0.029718623907198,0,0,1,""
0.25,168,710002168,810004168,naive,0.633213548027098,0.038467191346001,1,1,1,""
0.25,168,710002168,910004168,strict,0.633213548027098,0.0351050259908247,1,1,1,""
0.25,169,710002169,810004169,naive,0.565204621715765,0.0311088309022438,1,1,1,""
0.25,169,710002169,910004169,strict,0.565204621715765,0.0291328277908675,1,1,1,""
0.25,170,710002170,810004170,naive,0.642484271197822,0.0311934081063231,1,1,1,""
0.25,170,710002170,910004170,strict,0.642484271197822,0.0310842429591998,1,1,1,""
0.25,171,710002171,810004171,naive,0.595190066722134,0.0428486309794334,1,1,1,""
0.25,171,710002171,910004171,strict,0.595190066722134,0.0395891277643179,1,1,1,""
0.25,172,710002172,810004172,naive,0.623077516228276,0.0341233691427731,1,1,1,""
0.25,172,710002172,910004172,strict,0.623077516228276,0.0374739982866302,1,1,1,""
0.25,173,710002173,810004173,naive,0.593997042385019,0.0362500959140394,1,1,1,""
0.25,173,710002173,910004173,strict,0.593997042385019,0.0320342709085118,1,1,1,""
0.25,174,710002174,810004174,naive,0.606361040288052,0.0306388037891268,1,1,1,""
0.25,174,710002174,910004174,strict,0.606361040288052,0.0372956774386323,1,1,1,""
0.25,175,710002175,810004175,naive,0.618318349145387,0.0320705020214816,1,1,1,""
0.25,175,710002175,910004175,strict,0.618318349145387,0.0354314330830335,1,1,1,""
0.25,176,710002176,810004176,naive,0.663207591530599,0.0314218426144701,1,1,1,""
0.25,176,710002176,910004176,strict,0.663207591530599,0.0305778760207087,1,1,1,""
0.25,177,710002177,810004177,naive,0.657605614994315,0.0291038534453509,1,1,1,""
0.25,177,710002177,910004177,strict,0.657605614994315,0.0344238995871136,1,1,1,""
0.25,178,710002178,810004178,naive,0.634999217837387,0.0301212375203485,1,1,1,""
0.25,178,710002178,910004178,strict,0.634999217837387,0.0375992614519263,1,1,1,""
0.25,179,710002179,810004179,naive,0.584735133654182,0.0346139457282112,1,1,1,""
0.25,179,710002179,910004179,strict,0.584735133654182,0.0366859443010588,1,1,1,""
0.25,180,710002180,810004180,naive,0.605436604296108,0.0353327771195505,1,1,1,""
0.25,180,710002180,910004180,strict,0.605436604296108,0.0344075019475429,1,1,1,""
0.25,181,710002181,810004181,naive,0.583066258663054,0.0314358868392709,1,1,1,""
0.25,181,710002181,910004181,strict,0.583066258663054,0.0297209413384925,1,1,1,""
0.25,182,710002182,810004182,naive,0.625331546036458,0.0334070627726219,1,1,1,""
0.25,182,710002182,910004182,strict,0.625331546036458,0.0277417994686267,1,1,1,""
0.25,183,710002183,810004183,naive,0.642947928058264,0.0304325928258307,1,1,1,""
0.25,183,710002183,910004183,strict,0.642947928058264,0.0313236043688241,1,1,1,""
0.25,184,710002184,810004184,naive,0.581024211300693,0.0357492658849478,1,1,1,""
0.25,184,710002184,910004184,strict,0.581024211300693,0.0370568986218616,1,1,1,""
0.25,185,710002185,810004185,naive,0.627029511432998,0.0375951346300689,1,1,1,""
0.25,185,710002185,910004185,strict,0.627029511432998,0.0379573143535562,1,1,1,""
0.25,186,710002186,810004186,naive,0.628227712781509,0.0286225070890469,1,1,1,""
0.25,186,710002186,910004186,strict,0.628227712781509,0.0316705035277313,1,1,1,""
0.25,187,710002187,810004187,naive,0.594024674885271,0.0329984731696238,1,1,1,""
0.25,187,710002187,910004187,strict,0.594024674885271,0.0342842422793248,1,1,1,""
0.25,188,710002188,810004188,naive,0.660033829622307,0.0303247276177096,1,1,1,""
0.25,188,710002188,910004188,strict,0.660033829622307,0.0324087815772868,1,1,1,""
0.25,189,710002189,810004189,naive,0.58642401706063,0.0369447606436688,1,1,1,""
0.25,189,710002189,910004189,strict,0.58642401706063,0.0337801743074695,1,1,1,""
0.25,190,710002190,810004190,naive,0.645975555785559,0.0360696969002639,1,1,1,""
0.25,190,710002190,910004190,strict,0.645975555785559,0.0358771011885518,1,1,1,""
0.25,191,710002191,810004191,naive,0.581265905938182,0.0274903745005067,1,1,1,""
0.25,191,710002191,910004191,strict,0.581265905938182,0.0300843606812368,1,1,1,""
0.25,192,710002192,810004192,naive,0.606047287667345,0.0379032939358277,1,1,1,""
0.25,192,710002192,910004192,strict,0.606047287667345,0.0333848423915503,1,1,1,""
0.25,193,710002193,810004193,naive,0.616682812477063,0.0343952869743716,1,1,1,""
0.25,193,710002193,910004193,strict,0.616682812477063,0.0335344070723187,1,1,1,""
0.25,194,710002194,810004194,naive,0.641701067788713,0.0299418727095138,1,1,1,""
0.25,194,710002194,910004194,strict,0.641701067788713,0.0331754068118371,1,1,1,""
0.25,195,710002195,810004195,naive,0.686209568716334,0.0267735459162522,0,1,1,""
0.25,195,710002195,910004195,strict,0.686209568716334,0.0303002871551094,0,1,1,""
0.25,196,710002196,810004196,naive,0.649545150047863,0.0291761536645371,1,1,1,""
0.25,196,710002196,910004196,strict,0.649545150047863,0.0328854397203124,1,1,1,""
0.25,197,710002197,810004197,naive,0.615522386861162,0.0288263338656187,1,1,1,""
0.25,197,710002197,910004197,strict,0.615522386861162,0.02996020730128,1,1,1,""
0.25,198,710002198,810004198,naive,0.643393638104901,0.0268337498425441,1,1,1,""
0.25,198,710002198,910004198,strict,0.643393638104901,0.0316152652208147,1,1,1,""
0.25,199,710002199,810004199,naive,0.633902297749893,0.0293645766532175,1,1,1,""
0.25,199,710002199,910004199,strict,0.633902297749893,0.0334956542079503,1,1,1,""
0.25,200,710002200,810004200,naive,0.56327016929449,0.0344126346270982,1,0,1,""
0.25,200,710002200,910004200,strict,0.56327016929449,0.0353975981927317,1,0,1,""
0.25,201,710002201,810004201,naive,0.623077634699415,0.0397247789856974,1,1,1,""
0.25,201,710002201,910004201,strict,0.623077634699415,0.0372642751360991,1,1,1,""
0.25,202,710002202,810004202,naive,0.59763762594619,0.035146588169931,1,1,1,""
0.25,202,710002202,910004202,strict,0.59763762594619,0.0353131517404531,1,1,1,""
0.25,203,710002203,810004203,naive,0.670601646382552,0.027555593059647,0,1,1,""
0.25,203,710002203,910004203,strict,0.670601646382552,0.026773637052612,0,1,1,""
0.25,204,710002204,810004204,naive,0.622746498812244,0.0374221736446229,1,1,1,""
0.25,204,710002204,910004204,strict,0.622746498812244,0.0374638762555404,1,1,1,""
0.25,205,710002205,810004205,naive,0.617111671998983,0.0385765014246065,1,1,1,""
0.25,205,710002205,910004205,strict,0.617111671998983,0.0313087623676495,1,1,1,""
0.25,206,710002206,810004206,naive,0.639563890593389,0.0338409037467379,1,1,1,""
0.25,206,710002206,910004206,strict,0.639563890593389,0.0305419349620565,1,1,1,""
0.25,207,710002207,810004207,naive,0.573024493233916,0.0354026434181192,1,1,1,""
0.25,207,710002207,910004207,strict,0.573024493233916,0.0342279856997041,1,1,1,""
0.25,208,710002208,810004208,naive,0.637162131941706,0.03098501172924,1,1,1,""
0.25,208,710002208,910004208,strict,0.637162131941706,0.0307609318917564,1,1,1,""
0.25,209,710002209,810004209,naive,0.5691166550406,0.0320937090274003,1,1,1,""
0.25,209,710002209,910004209,strict,0.5691166550406,0.0368938634331805,1,0,1,""
0.25,210,710002210,810004210,naive,0.581178933752551,0.0419568279817351,1,0,1,""
0.25,210,710002210,910004210,strict,0.581178933752551,0.0350797346549499,1,1,1,""
0.25,211,710002211,810004211,naive,0.640779466473659,0.0312028325895374,1,1,1,""
0.25,211,710002211,910004211,strict,0.640779466473659,0.0332008784369205,1,1,1,""
0.25,212,710002212,810004212,naive,0.602368044683047,0.0297967628289147,1,1,1,""
0.25,212,710002212,910004212,strict,0.602368044683047,0.0293569884549855,1,1,1,""
0.25,213,710002213,810004213,naive,0.655223825718135,0.0373332752445563,1,1,1,""
0.25,213,710002213,910004213,strict,0.655223825718135,0.0361879976941109,1,1,1,""
0.25,214,710002214,810004214,naive,0.599788298081337,0.0354913213394129,1,1,1,""
0.25,214,710002214,910004214,strict,0.599788298081337,0.0339548128306512,1,1,1,""
0.25,215,710002215,810004215,naive,0.650878708581435,0.0382459381261402,1,1,1,""
0.25,215,710002215,910004215,strict,0.650878708581435,0.0333826978473605,1,1,1,""
0.25,216,710002216,810004216,naive,0.670931991282861,0.0292541683082971,0,1,1,""
0.25,216,710002216,910004216,strict,0.670931991282861,0.0354153138615366,1,1,1,""
0.25,217,710002217,810004217,naive,0.638068593347905,0.0323621062820459,1,1,1,""
0.25,217,710002217,910004217,strict,0.638068593347905,0.0412330090099284,1,1,1,""
0.25,218,710002218,810004218,naive,0.647829773926221,0.0269290187927155,1,1,1,""
0.25,218,710002218,910004218,strict,0.647829773926221,0.0360410555528099,1,1,1,""
0.25,219,710002219,810004219,naive,0.601178824855595,0.0340430232236952,1,1,1,""
0.25,219,710002219,910004219,strict,0.601178824855595,0.0369200055118939,1,1,1,""
0.25,220,710002220,810004220,naive,0.656526687709861,0.0304938623142105,1,1,1,""
0.25,220,710002220,910004220,strict,0.656526687709861,0.0306038062518156,1,1,1,""
0.25,221,710002221,810004221,naive,0.588802611741828,0.0353331229029531,1,1,1,""
0.25,221,710002221,910004221,strict,0.588802611741828,0.030407861608006,1,1,1,""
0.25,222,710002222,810004222,naive,0.53965418138537,0.0324557758457232,0,0,1,""
0.25,222,710002222,910004222,strict,0.53965418138537,0.0364580744725514,0,0,1,""
0.25,223,710002223,810004223,naive,0.632113299173588,0.036502794360644,1,1,1,""
0.25,223,710002223,910004223,strict,0.632113299173588,0.0331662391568093,1,1,1,""
0.25,224,710002224,810004224,naive,0.636011483643717,0.035127873453312,1,1,1,""
0.25,224,710002224,910004224,strict,0.636011483643717,0.0291511738618156,1,1,1,""
0.25,225,710002225,810004225,naive,0.593966767429106,0.0370610758781367,1,1,1,""
0.25,225,710002225,910004225,strict,0.593966767429106,0.0401833851138067,1,1,1,""
0.25,226,710002226,810004226,naive,0.586518651579762,0.0380306373007763,1,1,1,""
0.25,226,710002226,910004226,strict,0.586518651579762,0.0382866020863255,1,1,1,""
0.25,227,710002227,810004227,naive,0.647270979455525,0.0364970830123373,1,1,1,""
0.25,227,710002227,910004227,strict,0.647270979455525,0.0324207772694474,1,1,1,""
0.25,228,710002228,810004228,naive,0.6005131672673,0.035818403533851,1,1,1,""
0.25,228,710002228,910004228,strict,0.6005131672673,0.0344628573849891,1,1,1,""
0.25,229,710002229,810004229,naive,0.607865450291036,0.028486558324937,1,1,1,""
0.25,229,710002229,910004229,strict,0.607865450291036,0.0332197570111647,1,1,1,""
0.25,230,710002230,810004230,naive,0.577222691793202,0.0354287579384524,1,1,1,""
0.25,230,710002230,910004230,strict,0.577222691793202,0.0364737491102143,1,1,1,""
0.25,231,710002231,810004231,naive,0.609373220149158,0.0380275645386004,1,1,1,""
0.25,231,710002231,910004231,strict,0.609373220149158,0.032304505171719,1,1,1,""
0.25,232,710002232,810004232,naive,0.624870133184117,0.0333497940271143,1,1,1,""
0.25,232,710002232,910004232,strict,0.624870133184117,0.0380951565436385,1,1,1,""
0.25,233,710002233,810004233,naive,0.576424164011328,0.0340308437306116,1,1,1,""
0.25,233,710002233,910004233,strict,0.576424164011328,0.0375976105450423,1,1,1,""
0.25,234,710002234,810004234,naive,0.618874468571495,0.0385564822751409,1,1,1,""
0.25,234,710002234,910004234,strict,0.618874468571495,0.038188554614691,1,1,1,""
0.25,235,710002235,810004235,naive,0.60751362993076,0.0338619467392138,1,1,1,""
0.25,235,710002235,910004235,strict,0.60751362993076,0.0309334314716894,1,1,1,""
0.25,236,710002236,810004236,naive,0.66534574674168,0.030569216383313,1,1,1,""
0.25,236,710002236,910004236,strict,0.66534574674168,0.0329062294156211,1,1,1,""
0.25,237,710002237,810004237,naive,0.609629514738641,0.0298168072670121,1,1,1,""
0.25,237,710002237,910004237,strict,0.609629514738641,0.0299717534828452,1,1,1,""
0.25,238,710002238,810004238,naive,0.611977159842916,0.0350757708906215,1,1,1,""
0.25,238,710002238,910004238,strict,0.611977159842916,0.0380108828924194,1,1,1,""
0.25,239,710002239,810004239,naive,0.628546311600745,0.033016342232196,1,1,1,""
0.25,239,710002239,910004239,strict,0.628546311600745,0.0343663085374958,1,1,1,""
0.25,240,710002240,810004240,naive,0.66408181551472,0.0336900833618992,1,1,1,""
0.25,240,710002240,910004240,strict,0.66408181551472,0.03026719768435,1,1,1,""
0.25,241,710002241,810004241,naive,0.65861263943107,0.0364959640713971,1,1,1,""
0.25,241,710002241,910004241,strict,0.65861263943107,0.0367092544492019,1,1,1,""
0.25,242,710002242,810004242,naive,0.586005703425701,0.0309889767330717,1,1,1,""
0.25,242,710002242,910004242,strict,0.586005703425701,0.0312490077770814,1,1,1,""
0.25,243,710002243,810004243,naive,0.617058039746863,0.0293995973916717,1,1,1,""
0.25,243,710002243,910004243,strict,0.617058039746863,0.0301746909881681,1,1,1,""
0.25,244,710002244,810004244,naive,0.619583045320781,0.0333059962021294,1,1,1,""
0.25,244,710002244,910004244,strict,0.619583045320781,0.0363478487886923,1,1,1,""
0.25,245,710002245,810004245,naive,0.520242427295547,0.0392161757254435,0,0,1,""
0.25,245,710002245,910004245,strict,0.520242427295547,0.0288181787425115,0,0,1,""
0.25,246,710002246,810004246,naive,0.593146244406117,0.0334338306261128,1,1,1,""
0.25,246,710002246,910004246,strict,0.593146244406117,0.0326004095529744,1,1,1,""
0.25,247,710002247,810004247,naive,0.595788996037874,0.0336638460651131,1,1,1,""
0.25,247,710002247,910004247,strict,0.595788996037874,0.0318727551770083,1,1,1,""
0.25,248,710002248,810004248,naive,0.654578906141347,0.0299353765208222,1,1,1,""
0.25,248,710002248,910004248,strict,0.654578906141347,0.0318078517728144,1,1,1,""
0.25,249,710002249,810004249,naive,0.550437725619334,0.0306892692027556,0,0,1,""
0.25,249,710002249,910004249,strict,0.550437725619334,0.0323008713141646,1,0,1,""
0.25,250,710002250,810004250,naive,0.669470950209094,0.0327067813178467,1,1,1,""
0.25,250,710002250,910004250,strict,0.669470950209094,0.0367658734024719,1,1,1,""
0.25,251,710002251,810004251,naive,0.598345940863215,0.0369858810547633,1,1,1,""
0.25,251,710002251,910004251,strict,0.598345940863215,0.0320447679049677,1,1,1,""
0.25,252,710002252,810004252,naive,0.578327612605175,0.0345710528567686,1,1,1,""
0.25,252,710002252,910004252,strict,0.578327612605175,0.0419191043708276,1,0,1,""
0.25,253,710002253,810004253,naive,0.638414185652273,0.0343020718996723,1,1,1,""
0.25,253,710002253,910004253,strict,0.638414185652273,0.0325863072460679,1,1,1,""
0.25,254,710002254,810004254,naive,0.554349807129856,0.0355195743212375,1,0,1,""
0.25,254,710002254,910004254,strict,0.554349807129856,0.0313205893191706,1,0,1,""
0.25,255,710002255,810004255,naive,0.611207401018995,0.0317371526912178,1,1,1,""
0.25,255,710002255,910004255,strict,0.611207401018995,0.0309121728681596,1,1,1,""
0.25,256,710002256,810004256,naive,0.657288078787645,0.0300619989473299,1,1,1,""
0.25,256,710002256,910004256,strict,0.657288078787645,0.0301727128461384,1,1,1,""
0.25,257,710002257,810004257,naive,0.604684864029159,0.0358636450825058,1,1,1,""
0.25,257,710002257,910004257,strict,0.604684864029159,0.0316352351034058,1,1,1,""
0.25,258,710002258,810004258,naive,0.596710775381459,0.0324347659705991,1,1,1,""
0.25,258,710002258,910004258,strict,0.596710775381459,0.0323190624123525,1,1,1,""
0.25,259,710002259,810004259,naive,0.629090943244165,0.0300911658550273,1,1,1,""
0.25,259,710002259,910004259,strict,0.629090943244165,0.0281851910798629,1,1,1,""
0.25,260,710002260,810004260,naive,0.699745969554054,0.0380336638592382,0,1,1,""
0.25,260,710002260,910004260,strict,0.699745969554054,0.0319321693073758,0,1,1,""
0.25,261,710002261,810004261,naive,0.660325825230711,0.0321343381953844,1,1,1,""
0.25,261,710002261,910004261,strict,0.660325825230711,0.029490566630548,1,1,1,""
0.25,262,710002262,810004262,naive,0.651259704869057,0.0361427269306349,1,1,1,""
0.25,262,710002262,910004262,strict,0.651259704869057,0.0332590807788286,1,1,1,""
0.25,263,710002263,810004263,naive,0.614932344763461,0.0296276007507166,1,1,1,""
0.25,263,710002263,910004263,strict,0.614932344763461,0.030077012577179,1,1,1,""
0.25,264,710002264,810004264,naive,0.610317939160113,0.0404898691348902,1,1,1,""
0.25,264,710002264,910004264,strict,0.610317939160113,0.0431292499743157,1,1,1,""
0.25,265,710002265,810004265,naive,0.640194967910032,0.031422609641782,1,1,1,""
0.25,265,710002265,910004265,strict,0.640194967910032,0.0293733620317242,1,1,1,""
0.25,266,710002266,810004266,naive,0.598542117068439,0.0379455475251346,1,1,1,""
0.25,266,710002266,910004266,strict,0.598542117068439,0.036033852796802,1,1,1,""
0.25,267,710002267,810004267,naive,0.624813526941266,0.0278455966242719,1,1,1,""
0.25,267,710002267,910004267,strict,0.624813526941266,0.0289786638592625,1,1,1,""
0.25,268,710002268,810004268,naive,0.632773553465147,0.0360435318292063,1,1,1,""
0.25,268,710002268,910004268,strict,0.632773553465147,0.0326389034009228,1,1,1,""
0.25,269,710002269,810004269,naive,0.601392040368285,0.0347031214071063,1,1,1,""
0.25,269,710002269,910004269,strict,0.601392040368285,0.0370730015741772,1,1,1,""
0.25,270,710002270,810004270,naive,0.605062821939807,0.0349028079501133,1,1,1,""
0.25,270,710002270,910004270,strict,0.605062821939807,0.0364647268772055,1,1,1,""
0.25,271,710002271,810004271,naive,0.627289425133409,0.0297882762556389,1,1,1,""
0.25,271,710002271,910004271,strict,0.627289425133409,0.0318704437548234,1,1,1,""
0.25,272,710002272,810004272,naive,0.611846316821645,0.0351126570910258,1,1,1,""
0.25,272,710002272,910004272,strict,0.611846316821645,0.0343610715926242,1,1,1,""
0.25,273,710002273,810004273,naive,0.63484727876236,0.0287513338301666,1,1,1,""
0.25,273,710002273,910004273,strict,0.63484727876236,0.0315888324501158,1,1,1,""
0.25,274,710002274,810004274,naive,0.528306339820086,0.0358022456558831,0,0,1,""
0.25,274,710002274,910004274,strict,0.528306339820086,0.034045100705829,0,0,1,""
0.25,275,710002275,810004275,naive,0.602815314084654,0.0326084833367861,1,1,1,""
0.25,275,710002275,910004275,strict,0.602815314084654,0.0374170570729421,1,1,1,""
0.25,276,710002276,810004276,naive,0.585016592059647,0.0381575537257599,1,1,1,""
0.25,276,710002276,910004276,strict,0.585016592059647,0.0306670042620048,1,1,1,""
0.25,277,710002277,810004277,naive,0.608345204774433,0.0305564780477592,1,1,1,""
0.25,277,710002277,910004277,strict,0.608345204774433,0.0369925232430413,1,1,1,""
0.25,278,710002278,810004278,naive,0.59521683645576,0.0315197529134546,1,1,1,""
0.25,278,710002278,910004278,strict,0.59521683645576,0.0329488555217336,1,1,1,""
0.25,279,710002279,810004279,naive,0.596822085184679,0.0298524988559435,1,1,1,""
0.25,279,710002279,910004279,strict,0.596822085184679,0.0349741251701357,1,1,1,""
0.25,280,710002280,810004280,naive,0.578803811301882,0.0344417419061487,1,1,1,""
0.25,280,710002280,910004280,strict,0.578803811301882,0.0322781669624889,1,1,1,""
0.25,281,710002281,810004281,naive,0.647382541016424,0.0301773961200494,1,1,1,""
0.25,281,710002281,910004281,strict,0.647382541016424,0.0300784909605246,1,1,1,""
0.25,282,710002282,810004282,naive,0.591831320723316,0.0269444874584925,1,1,1,""
0.25,282,710002282,910004282,strict,0.591831320723316,0.0309994623010191,1,1,1,""
0.25,283,710002283,810004283,naive,0.57761736052691,0.0306779098294939,1,1,1,""
0.25,283,710002283,910004283,strict,0.57761736052691,0.0287303560594098,1,1,1,""
0.25,284,710002284,810004284,naive,0.620415183655463,0.0365593967441232,1,1,1,""
0.25,284,710002284,910004284,strict,0.620415183655463,0.0342992495184478,1,1,1,""
0.25,285,710002285,810004285,naive,0.695531979512152,0.0288694697241168,0,1,1,""
0.25,285,710002285,910004285,strict,0.695531979512152,0.0325034290314677,0,1,1,""
0.25,286,710002286,810004286,naive,0.672158622779489,0.033974946044262,1,1,1,""
0.25,286,710002286,910004286,strict,0.672158622779489,0.0351757082460224,1,1,1,""
0.25,287,710002287,810004287,naive,0.605419620112357,0.0410716344676366,1,1,1,""
0.25,287,710002287,910004287,strict,0.605419620112357,0.0369131405090374,1,1,1,""
0.25,288,710002288,810004288,naive,0.587136073033773,0.0385270610314486,1,1,1,""
0.25,288,710002288,910004288,strict,0.587136073033773,0.0381488582017409,1,1,1,""
0.25,289,710002289,810004289,naive,0.669330159366261,0.032748794126461,1,1,1,""
0.25,289,710002289,910004289,strict,0.669330159366261,0.0323901614433971,1,1,1,""
0.25,290,710002290,810004290,naive,0.618276011117128,0.0365248890207683,1,1,1,""
0.25,290,710002290,910004290,strict,0.618276011117128,0.0356137987020159,1,1,1,""
0.25,291,710002291,810004291,naive,0.72345335063846,0.0287725984623924,0,1,1,""
0.25,291,710002291,910004291,strict,0.72345335063846,0.0259374250531041,0,1,1,""
0.25,292,710002292,810004292,naive,0.650531226319837,0.0311578516417415,1,1,1,""
0.25,292,710002292,910004292,strict,0.650531226319837,0.0311524117428649,1,1,1,""
0.25,293,710002293,810004293,naive,0.695589911670736,0.0296097433027742,0,1,1,""
0.25,293,710002293,910004293,strict,0.695589911670736,0.0359914344569608,0,1,1,""
0.25,294,710002294,810004294,naive,0.636406384044572,0.032517630333309,1,1,1,""
0.25,294,710002294,910004294,strict,0.636406384044572,0.0302747873744381,1,1,1,""
0.25,295,710002295,810004295,naive,0.643065464088624,0.0311550262772583,1,1,1,""
0.25,295,710002295,910004295,strict,0.643065464088624,0.0328845299454023,1,1,1,""
0.25,296,710002296,810004296,naive,0.691545703995987,0.0269314507281656,0,1,1,""
0.25,296,710002296,910004296,strict,0.691545703995987,0.0297361957797276,0,1,1,""
0.25,297,710002297,810004297,naive,0.599666829498582,0.0369995668816723,1,1,1,""
0.25,297,710002297,910004297,strict,0.599666829498582,0.0372292199488362,1,1,1,""
0.25,298,710002298,810004298,naive,0.587449589136327,0.0285271362749383,1,1,1,""
0.25,298,710002298,910004298,strict,0.587449589136327,0.0324903673308014,1,1,1,""
0.25,299,710002299,810004299,naive,0.638720286878651,0.0298166058667463,1,1,1,""
0.25,299,710002299,910004299,strict,0.638720286878651,0.0384842332256205,1,1,1,""
0.25,300,710002300,810004300,naive,0.633459408707335,0.0315339731168274,1,1,1,""
0.25,300,710002300,910004300,strict,0.633459408707335,0.0284569835365276,1,1,1,""
0.25,301,710002301,810004301,naive,0.538685946397928,0.0270852710454796,0,0,1,""
0.25,301,710002301,910004301,strict,0.538685946397928,0.0338134406380906,0,0,1,""
0.25,302,710002302,810004302,naive,0.625741534951081,0.0378796054906961,1,1,1,""
0.25,302,710002302,910004302,strict,0.625741534951081,0.0269197393858361,1,1,1,""
0.25,303,710002303,810004303,naive,0.696854373420424,0.0301123162950999,0,1,1,""
0.25,303,710002303,910004303,strict,0.696854373420424,0.0287416561425998,0,1,1,""
0.25,304,710002304,810004304,naive,0.539696548581499,0.030079466984885,0,0,1,""
0.25,304,710002304,910004304,strict,0.539696548581499,0.0317735625886599,0,0,1,""
0.25,305,710002305,810004305,naive,0.644039735409339,0.030044950435984,1,1,1,""
0.25,305,710002305,910004305,strict,0.644039735409339,0.0317864382812227,1,1,1,""
0.25,306,710002306,810004306,naive,0.586388650820771,0.0369434505022235,1,1,1,""
0.25,306,710002306,910004306,strict,0.586388650820771,0.0363439549657561,1,1,1,""
0.25,307,710002307,810004307,naive,0.597286346091525,0.0354919718146341,1,1,1,""
0.25,307,710002307,910004307,strict,0.597286346091525,0.0357452143874098,1,1,1,""
0.25,308,710002308,810004308,naive,0.631006134649172,0.0276128563010256,1,1,1,""
0.25,308,710002308,910004308,strict,0.631006134649172,0.0307141193725321,1,1,1,""
0.25,309,710002309,810004309,naive,0.587022867012287,0.0331684739855812,1,1,1,""
0.25,309,710002309,910004309,strict,0.587022867012287,0.0315214479458387,1,1,1,""
0.25,310,710002310,810004310,naive,0.624603884706239,0.0352984441449019,1,1,1,""
0.25,310,710002310,910004310,strict,0.624603884706239,0.0405519836155361,1,1,1,""
0.25,311,710002311,810004311,naive,0.650541702924072,0.0349007630374216,1,1,1,""
0.25,311,710002311,910004311,strict,0.650541702924072,0.0341289956133399,1,1,1,""
0.25,312,710002312,810004312,naive,0.611850035172499,0.0264808908937178,1,1,1,""
0.25,312,710002312,910004312,strict,0.611850035172499,0.0294489786688682,1,1,1,""
0.25,313,710002313,810004313,naive,0.594449581973132,0.0310837031541353,1,1,1,""
0.25,313,710002313,910004313,strict,0.594449581973132,0.0353922127778727,1,1,1,""
0.25,314,710002314,810004314,naive,0.626446072356033,0.031969554039847,1,1,1,""
0.25,314,710002314,910004314,strict,0.626446072356033,0.0361218552204481,1,1,1,""
0.25,315,710002315,810004315,naive,0.591252201984602,0.0372967036205907,1,1,1,""
0.25,315,710002315,910004315,strict,0.591252201984602,0.0340683989205043,1,1,1,""
0.25,316,710002316,810004316,naive,0.632290388561186,0.0319903387691791,1,1,1,""
0.25,316,710002316,910004316,strict,0.632290388561186,0.0284065293084475,1,1,1,""
0.25,317,710002317,810004317,naive,0.579866273006423,0.0389428081072612,1,1,1,""
0.25,317,710002317,910004317,strict,0.579866273006423,0.0345697188108346,1,1,1,""
0.25,318,710002318,810004318,naive,0.597894709026494,0.0311807760526047,1,1,1,""
0.25,318,710002318,910004318,strict,0.597894709026494,0.0258030043749233,1,1,1,""
0.25,319,710002319,810004319,naive,0.61135786250218,0.0351351208507822,1,1,1,""
0.25,319,710002319,910004319,strict,0.61135786250218,0.0329051218409079,1,1,1,""
0.25,320,710002320,810004320,naive,0.595133618903359,0.0359613557830132,1,1,1,""
0.25,320,710002320,910004320,strict,0.595133618903359,0.0335276721162472,1,1,1,""
0.25,321,710002321,810004321,naive,0.571841541794926,0.0429837163647757,1,0,1,""
0.25,321,710002321,910004321,strict,0.571841541794926,0.0425902618515408,1,0,1,""
0.25,322,710002322,810004322,naive,0.656274090896607,0.0308058131930427,1,1,1,""
0.25,322,710002322,910004322,strict,0.656274090896607,0.0277535961714075,1,1,1,""
0.25,323,710002323,810004323,naive,0.631914003726881,0.0375027954366015,1,1,1,""
0.25,323,710002323,910004323,strict,0.631914003726881,0.0410131388456749,1,1,1,""
0.25,324,710002324,810004324,naive,0.558963051419321,0.0325280446633042,1,0,1,""
0.25,324,710002324,910004324,strict,0.558963051419321,0.03183573743695,1,0,1,""
0.25,325,710002325,810004325,naive,0.619690180984743,0.035607190804514,1,1,1,""
0.25,325,710002325,910004325,strict,0.619690180984743,0.0374152071136519,1,1,1,""
0.25,326,710002326,810004326,naive,0.602095190972587,0.0379276629637262,1,1,1,""
0.25,326,710002326,910004326,strict,0.602095190972587,0.036695162113894,1,1,1,""
0.25,327,710002327,810004327,naive,0.690853987900643,0.0299287141607452,0,1,1,""
0.25,327,710002327,910004327,strict,0.690853987900643,0.0299718485212186,0,1,1,""
0.25,328,710002328,810004328,naive,0.697079103161714,0.0348902151956439,0,1,1,""
0.25,328,710002328,910004328,strict,0.697079103161714,0.0304319779541834,0,1,1,""
0.25,329,710002329,810004329,naive,0.644852378965827,0.0291419617689456,1,1,1,""
0.25,329,710002329,910004329,strict,0.644852378965827,0.0240490074619017,1,1,1,""
0.25,330,710002330,810004330,naive,0.599042891665322,0.0370736017127584,1,1,1,""
0.25,330,710002330,910004330,strict,0.599042891665322,0.0305086107523337,1,1,1,""
0.25,331,710002331,810004331,naive,0.614611917460593,0.0348858900662015,1,1,1,""
0.25,331,710002331,910004331,strict,0.614611917460593,0.0347129585714387,1,1,1,""
0.25,332,710002332,810004332,naive,0.678557032012217,0.0293729086260923,0,1,1,""
0.25,332,710002332,910004332,strict,0.678557032012217,0.0312417310449963,0,1,1,""
0.25,333,710002333,810004333,naive,0.590142815672717,0.0370368151617471,1,1,1,""
0.25,333,710002333,910004333,strict,0.590142815672717,0.035730070435987,1,1,1,""
0.25,334,710002334,810004334,naive,0.626121639602889,0.032080070358175,1,1,1,""
0.25,334,710002334,910004334,strict,0.626121639602889,0.0307176789463473,1,1,1,""
0.25,335,710002335,810004335,naive,0.629920409053453,0.0378938493402723,1,1,1,""
0.25,335,710002335,910004335,strict,0.629920409053453,0.0303235566684856,1,1,1,""
0.25,336,710002336,810004336,naive,0.565729423406347,0.0373915339258798,1,0,1,""
0.25,336,710002336,910004336,strict,0.565729423406347,0.0379610865159844,1,0,1,""
0.25,337,710002337,810004337,naive,0.638454511427534,0.0310288565735334,1,1,1,""
0.25,337,710002337,910004337,strict,0.638454511427534,0.0301512219472601,1,1,1,""
0.25,338,710002338,810004338,naive,0.572911009494343,0.0351650587720726,1,1,1,""
0.25,338,710002338,910004338,strict,0.572911009494343,0.0363256440885177,1,1,1,""
0.25,339,710002339,810004339,naive,0.5631029077143,0.0335116478399437,1,0,1,""
0.25,339,710002339,910004339,strict,0.5631029077143,0.0339681265510553,1,0,1,""
0.25,340,710002340,810004340,naive,0.599228360053457,0.0349013059472001,1,1,1,""
0.25,340,710002340,910004340,strict,0.599228360053457,0.032700906247438,1,1,1,""
0.25,341,710002341,810004341,naive,0.564700685480722,0.0365194475448399,1,0,1,""
0.25,341,710002341,910004341,strict,0.564700685480722,0.0341180380919255,1,0,1,""
0.25,342,710002342,810004342,naive,0.61934537266052,0.0287816524314849,1,1,1,""
0.25,342,710002342,910004342,strict,0.61934537266052,0.0332873673299449,1,1,1,""
0.25,343,710002343,810004343,naive,0.624884100329241,0.0284828462346259,1,1,1,""
0.25,343,710002343,910004343,strict,0.624884100329241,0.0273255066610773,1,1,1,""
0.25,344,710002344,810004344,naive,0.617058783510926,0.0336799225448732,1,1,1,""
0.25,344,710002344,910004344,strict,0.617058783510926,0.0366476537940034,1,1,1,""
0.25,345,710002345,810004345,naive,0.592303557208953,0.0347575915889636,1,1,1,""
0.25,345,710002345,910004345,strict,0.592303557208953,0.0319110701592453,1,1,1,""
0.25,346,710002346,810004346,naive,0.645434616146308,0.0331905587608077,1,1,1,""
0.25,346,710002346,910004346,strict,0.645434616146308,0.0325556662757674,1,1,1,""
0.25,347,710002347,810004347,naive,0.596658504272602,0.0350836790229692,1,1,1,""
0.25,347,710002347,910004347,strict,0.596658504272602,0.0348322612170597,1,1,1,""
0.25,348,710002348,810004348,naive,0.618907702772522,0.0346813731946919,1,1,1,""
0.25,348,710002348,910004348,strict,0.618907702772522,0.0300801437253687,1,1,1,""
0.25,349,710002349,810004349,naive,0.583488296625657,0.0312884781698025,1,1,1,""
0.25,349,710002349,910004349,strict,0.583488296625657,0.0314354843924151,1,1,1,""
0.25,350,710002350,810004350,naive,0.644689322526752,0.0289793962641187,1,1,1,""
0.25,350,710002350,910004350,strict,0.644689322526752,0.0284414800083986,1,1,1,""
0.25,351,710002351,810004351,naive,0.615817015153409,0.0339852270471296,1,1,1,""
0.25,351,710002351,910004351,strict,0.615817015153409,0.0313903346866152,1,1,1,""
0.25,352,710002352,810004352,naive,0.574806725225969,0.0341333659347873,1,1,1,""
0.25,352,710002352,910004352,strict,0.574806725225969,0.0363833315551779,1,1,1,""
0.25,353,710002353,810004353,naive,0.68148985068513,0.0357365624485861,1,1,1,""
0.25,353,710002353,910004353,strict,0.68148985068513,0.0291416162948594,0,1,1,""
0.25,354,710002354,810004354,naive,0.625089187179503,0.0381508835695147,1,1,1,""
0.25,354,710002354,910004354,strict,0.625089187179503,0.0322652287202748,1,1,1,""
0.25,355,710002355,810004355,naive,0.606918962252018,0.0349800560383751,1,1,1,""
0.25,355,710002355,910004355,strict,0.606918962252018,0.0367343967993252,1,1,1,""
0.25,356,710002356,810004356,naive,0.637551813521494,0.0254492153253563,1,1,1,""
0.25,356,710002356,910004356,strict,0.637551813521494,0.0259547129396347,1,1,1,""
0.25,357,710002357,810004357,naive,0.65795969863594,0.0372897065198475,1,1,1,""
0.25,357,710002357,910004357,strict,0.65795969863594,0.0350698974835739,1,1,1,""
0.25,358,710002358,810004358,naive,0.563724220353743,0.0347447286216762,1,0,1,""
0.25,358,710002358,910004358,strict,0.563724220353743,0.0360498647173978,1,0,1,""
0.25,359,710002359,810004359,naive,0.692098818885264,0.0309960487876191,0,1,1,""
0.25,359,710002359,910004359,strict,0.692098818885264,0.0279442561033499,0,1,1,""
0.25,360,710002360,810004360,naive,0.61952545333524,0.0312041759651821,1,1,1,""
0.25,360,710002360,910004360,strict,0.61952545333524,0.0317418060780701,1,1,1,""
0.25,361,710002361,810004361,naive,0.576718683211959,0.0367018333454159,1,1,1,""
0.25,361,710002361,910004361,strict,0.576718683211959,0.034757142895826,1,1,1,""
0.25,362,710002362,810004362,naive,0.638997037757196,0.0337685360324254,1,1,1,""
0.25,362,710002362,910004362,strict,0.638997037757196,0.0365255903646405,1,1,1,""
0.25,363,710002363,810004363,naive,0.611654174347566,0.0294254430365331,1,1,1,""
0.25,363,710002363,910004363,strict,0.611654174347566,0.0351694741193535,1,1,1,""
0.25,364,710002364,810004364,naive,0.645385120090507,0.0365240292916585,1,1,1,""
0.25,364,710002364,910004364,strict,0.645385120090507,0.0346406740499796,1,1,1,""
0.25,365,710002365,810004365,naive,0.649177360278817,0.0317493048492275,1,1,1,""
0.25,365,710002365,910004365,strict,0.649177360278817,0.0336880300622208,1,1,1,""
0.25,366,710002366,810004366,naive,0.6047713827149,0.0342822124264712,1,1,1,""
0.25,366,710002366,910004366,strict,0.6047713827149,0.0255142985692098,1,1,1,""
0.25,367,710002367,810004367,naive,0.647274898431033,0.0390241013146323,1,1,1,""
0.25,367,710002367,910004367,strict,0.647274898431033,0.034968934978536,1,1,1,""
0.25,368,710002368,810004368,naive,0.585147417225385,0.0328128074155068,1,1,1,""
0.25,368,710002368,910004368,strict,0.585147417225385,0.0316493426246854,1,1,1,""
0.25,369,710002369,810004369,naive,0.649146610520131,0.0324960953549337,1,1,1,""
0.25,369,710002369,910004369,strict,0.649146610520131,0.0299013572260736,1,1,1,""
0.25,370,710002370,810004370,naive,0.627373352608221,0.0377152466578718,1,1,1,""
0.25,370,710002370,910004370,strict,0.627373352608221,0.0339035357193147,1,1,1,""
0.25,371,710002371,810004371,naive,0.589990879795182,0.0356466717969334,1,1,1,""
0.25,371,710002371,910004371,strict,0.589990879795182,0.0360669044932824,1,1,1,""
0.25,372,710002372,810004372,naive,0.602690611039659,0.029412064898474,1,1,1,""
0.25,372,710002372,910004372,strict,0.602690611039659,0.0327895696618844,1,1,1,""
0.25,373,710002373,810004373,naive,0.675107755946939,0.0306405282465469,0,1,1,""
0.25,373,710002373,910004373,strict,0.675107755946939,0.0360799152326771,1,1,1,""
0.25,374,710002374,810004374,naive,0.554891540046529,0.0382596449090789,1,0,1,""
0.25,374,710002374,910004374,strict,0.554891540046529,0.0398694617152,1,0,1,""
0.25,375,710002375,810004375,naive,0.605772927346108,0.0320276453636867,1,1,1,""
0.25,375,710002375,910004375,strict,0.605772927346108,0.0323802155060096,1,1,1,""
0.25,376,710002376,810004376,naive,0.638156184928507,0.0334919102561934,1,1,1,""
0.25,376,710002376,910004376,strict,0.638156184928507,0.0341193364799699,1,1,1,""
0.25,377,710002377,810004377,naive,0.617418468800729,0.0330666793542959,1,1,1,""
0.25,377,710002377,910004377,strict,0.617418468800729,0.0303127516456384,1,1,1,""
0.25,378,710002378,810004378,naive,0.608216046509722,0.029301519012632,1,1,1,""
0.25,378,710002378,910004378,strict,0.608216046509722,0.0321125338812208,1,1,1,""
0.25,379,710002379,810004379,naive,0.579670485263794,0.0307503744489874,1,1,1,""
0.25,379,710002379,910004379,strict,0.579670485263794,0.0271889135675288,1,1,1,""
0.25,380,710002380,810004380,naive,0.613533331417902,0.0300698857893595,1,1,1,""
0.25,380,710002380,910004380,strict,0.613533331417902,0.0342558286629794,1,1,1,""
0.25,381,710002381,810004381,naive,0.60703505422899,0.0367627030637929,1,1,1,""
0.25,381,710002381,910004381,strict,0.60703505422899,0.0316826635401786,1,1,1,""
0.25,382,710002382,810004382,naive,0.592975135880573,0.0386551764176628,1,1,1,""
0.25,382,710002382,910004382,strict,0.592975135880573,0.0425080170371429,1,1,1,""
0.25,383,710002383,810004383,naive,0.544362236738703,0.0289394839883609,0,0,1,""
0.25,383,710002383,910004383,strict,0.544362236738703,0.0314496712372461,0,0,1,""
0.25,384,710002384,810004384,naive,0.605224963020487,0.037490750553459,1,1,1,""
0.25,384,710002384,910004384,strict,0.605224963020487,0.0382833291497534,1,1,1,""
0.25,385,710002385,810004385,naive,0.628117894788081,0.0289325087077162,1,1,1,""
0.25,385,710002385,910004385,strict,0.628117894788081,0.0337348304214649,1,1,1,""
0.25,386,710002386,810004386,naive,0.597297328833076,0.0380487071093841,1,1,1,""
0.25,386,710002386,910004386,strict,0.597297328833076,0.0358728001103517,1,1,1,""
0.25,387,710002387,810004387,naive,0.649503392947708,0.0312738132883041,1,1,1,""
0.25,387,710002387,910004387,strict,0.649503392947708,0.0332170195126418,1,1,1,""
0.25,388,710002388,810004388,naive,0.584505464119586,0.0372817267105354,1,1,1,""
0.25,388,710002388,910004388,strict,0.584505464119586,0.0361598814745673,1,1,1,""
0.25,389,710002389,810004389,naive,0.650210707054015,0.0303307220035714,1,1,1,""
0.25,389,710002389,910004389,strict,0.650210707054015,0.0281921372749037,1,1,1,""
0.25,390,710002390,810004390,naive,0.602429473787972,0.0390437139842874,1,1,1,""
0.25,390,710002390,910004390,strict,0.602429473787972,0.0354933944986519,1,1,1,""
0.25,391,710002391,810004391,naive,0.58736317837989,0.0365722552105522,1,1,1,""
0.25,391,710002391,910004391,strict,0.58736317837989,0.0347310581449091,1,1,1,""
0.25,392,710002392,810004392,naive,0.629490272242085,0.034466016586324,1,1,1,""
0.25,392,710002392,910004392,strict,0.629490272242085,0.0320209538068177,1,1,1,""
0.25,393,710002393,810004393,naive,0.615452063821445,0.0283660883840738,1,1,1,""
0.25,393,710002393,910004393,strict,0.615452063821445,0.0301030524124907,1,1,1,""
0.25,394,710002394,810004394,naive,0.645048350638166,0.0326751126606536,1,1,1,""
0.25,394,710002394,910004394,strict,0.645048350638166,0.0321028155211064,1,1,1,""
0.25,395,710002395,810004395,naive,0.574972052260019,0.0324157221270308,1,1,1,""
0.25,395,710002395,910004395,strict,0.574972052260019,0.0293224768382338,1,1,1,""
0.25,396,710002396,810004396,naive,0.622568790721635,0.0337645455138338,1,1,1,""
0.25,396,710002396,910004396,strict,0.622568790721635,0.0358111445659118,1,1,1,""
0.25,397,710002397,810004397,naive,0.55394795582065,0.0401985288134783,1,0,1,""
0.25,397,710002397,910004397,strict,0.55394795582065,0.0406267464776436,1,0,1,""
0.25,398,710002398,810004398,naive,0.66500875265113,0.0348622446694808,1,1,1,""
0.25,398,710002398,910004398,strict,0.66500875265113,0.032494242444639,1,1,1,""
0.25,399,710002399,810004399,naive,0.607073318689526,0.0349865405116753,1,1,1,""
0.25,399,710002399,910004399,strict,0.607073318689526,0.0356415955735035,1,1,1,""
0.25,400,710002400,810004400,naive,0.648984088999293,0.0253698762270826,1,1,1,""
0.25,400,710002400,910004400,strict,0.648984088999293,0.0298146302763963,1,1,1,""
0.25,401,710002401,810004401,naive,0.620664637853468,0.0351882200327502,1,1,1,""
0.25,401,710002401,910004401,strict,0.620664637853468,0.0320253974216724,1,1,1,""
0.25,402,710002402,810004402,naive,0.585382354854482,0.0376991991416227,1,1,1,""
0.25,402,710002402,910004402,strict,0.585382354854482,0.0368093544040363,1,1,1,""
0.25,403,710002403,810004403,naive,0.654165130615121,0.0354313065259401,1,1,1,""
0.25,403,710002403,910004403,strict,0.654165130615121,0.0301154699532821,1,1,1,""
0.25,404,710002404,810004404,naive,0.659208740318396,0.0334265350513818,1,1,1,""
0.25,404,710002404,910004404,strict,0.659208740318396,0.0356424956861137,1,1,1,""
0.25,405,710002405,810004405,naive,0.56626674686889,0.0316609672403901,1,1,1,""
0.25,405,710002405,910004405,strict,0.56626674686889,0.0338858728262677,1,0,1,""
0.25,406,710002406,810004406,naive,0.587443212622593,0.0322951203446128,1,1,1,""
0.25,406,710002406,910004406,strict,0.587443212622593,0.029810054848718,1,1,1,""
0.25,407,710002407,810004407,naive,0.633885889819287,0.0288505165509749,1,1,1,""
0.25,407,710002407,910004407,strict,0.633885889819287,0.0356885022730424,1,1,1,""
0.25,408,710002408,810004408,naive,0.629145296478168,0.0292369866816729,1,1,1,""
0.25,408,710002408,910004408,strict,0.629145296478168,0.028712517641677,1,1,1,""
0.25,409,710002409,810004409,naive,0.564677906631379,0.0425011703286393,1,0,1,""
0.25,409,710002409,910004409,strict,0.564677906631379,0.0397284030551063,1,0,1,""
0.25,410,710002410,810004410,naive,0.656329796736263,0.0310848670487598,1,1,1,""
0.25,410,710002410,910004410,strict,0.656329796736263,0.0309139508321301,1,1,1,""
0.25,411,710002411,810004411,naive,0.574815672579848,0.0343738598534835,1,1,1,""
0.25,411,710002411,910004411,strict,0.574815672579848,0.0334697780619657,1,1,1,""
0.25,412,710002412,810004412,naive,0.653685627466888,0.0302199179081092,1,1,1,""
0.25,412,710002412,910004412,strict,0.653685627466888,0.0322665027248164,1,1,1,""
0.25,413,710002413,810004413,naive,0.629643993072071,0.0354369629197484,1,1,1,""
0.25,413,710002413,910004413,strict,0.629643993072071,0.0318132214805927,1,1,1,""
0.25,414,710002414,810004414,naive,0.627368698535553,0.0342913840313373,1,1,1,""
0.25,414,710002414,910004414,strict,0.627368698535553,0.0310054546034593,1,1,1,""
0.25,415,710002415,810004415,naive,0.64854102889805,0.0379685088494669,1,1,1,""
0.25,415,710002415,910004415,strict,0.64854102889805,0.0381098975479312,1,1,1,""
0.25,416,710002416,810004416,naive,0.653343191116392,0.0330385598487367,1,1,1,""
0.25,416,710002416,910004416,strict,0.653343191116392,0.0316539285067566,1,1,1,""
0.25,417,710002417,810004417,naive,0.621358409612167,0.0350338207150127,1,1,1,""
0.25,417,710002417,910004417,strict,0.621358409612167,0.0402892150256279,1,1,1,""
0.25,418,710002418,810004418,naive,0.659473899834123,0.0349440679462506,1,1,1,""
0.25,418,710002418,910004418,strict,0.659473899834123,0.0310067633167554,1,1,1,""
0.25,419,710002419,810004419,naive,0.575032679672183,0.0368801177107412,1,1,1,""
0.25,419,710002419,910004419,strict,0.575032679672183,0.0319422178122747,1,1,1,""
0.25,420,710002420,810004420,naive,0.640275885813314,0.0268761889210621,1,1,1,""
0.25,420,710002420,910004420,strict,0.640275885813314,0.0333957111987727,1,1,1,""
0.25,421,710002421,810004421,naive,0.604682492394688,0.0379757722831084,1,1,1,""
0.25,421,710002421,910004421,strict,0.604682492394688,0.0369904955392438,1,1,1,""
0.25,422,710002422,810004422,naive,0.619519467400313,0.0316787422307491,1,1,1,""
0.25,422,710002422,910004422,strict,0.619519467400313,0.0332429862708171,1,1,1,""
0.25,423,710002423,810004423,naive,0.640064852655594,0.0309621627633251,1,1,1,""
0.25,423,710002423,910004423,strict,0.640064852655594,0.0383042982246488,1,1,1,""
0.25,424,710002424,810004424,naive,0.600561304349526,0.0326461479969854,1,1,1,""
0.25,424,710002424,910004424,strict,0.600561304349526,0.0343638998816995,1,1,1,""
0.25,425,710002425,810004425,naive,0.619252534652911,0.0353547569577073,1,1,1,""
0.25,425,710002425,910004425,strict,0.619252534652911,0.0320372880867714,1,1,1,""
0.25,426,710002426,810004426,naive,0.604987065074918,0.0317841265099812,1,1,1,""
0.25,426,710002426,910004426,strict,0.604987065074918,0.0358058968215471,1,1,1,""
0.25,427,710002427,810004427,naive,0.596987433437129,0.0321813230512047,1,1,1,""
0.25,427,710002427,910004427,strict,0.596987433437129,0.0288058017140125,1,1,1,""
0.25,428,710002428,810004428,naive,0.595278533882945,0.0323009674764888,1,1,1,""
0.25,428,710002428,910004428,strict,0.595278533882945,0.0306244696422646,1,1,1,""
0.25,429,710002429,810004429,naive,0.579817529289454,0.0307604779953917,1,1,1,""
0.25,429,710002429,910004429,strict,0.579817529289454,0.0341507631877242,1,1,1,""
0.25,430,710002430,810004430,naive,0.629184160564192,0.0317618048011422,1,1,1,""
0.25,430,710002430,910004430,strict,0.629184160564192,0.0339465000690265,1,1,1,""
0.25,431,710002431,810004431,naive,0.595521216855865,0.0349090543291245,1,1,1,""
0.25,431,710002431,910004431,strict,0.595521216855865,0.0343780006696654,1,1,1,""
0.25,432,710002432,810004432,naive,0.637740079175504,0.0291680673417751,1,1,1,""
0.25,432,710002432,910004432,strict,0.637740079175504,0.0267703368426821,1,1,1,""
0.25,433,710002433,810004433,naive,0.528310354019309,0.0340659563069413,0,0,1,""
0.25,433,710002433,910004433,strict,0.528310354019309,0.0350425021254857,0,0,1,""
0.25,434,710002434,810004434,naive,0.630186948689589,0.0344149011230352,1,1,1,""
0.25,434,710002434,910004434,strict,0.630186948689589,0.0338007154350655,1,1,1,""
0.25,435,710002435,810004435,naive,0.616143784453971,0.0311483171258514,1,1,1,""
0.25,435,710002435,910004435,strict,0.616143784453971,0.0319057570150907,1,1,1,""
0.25,436,710002436,810004436,naive,0.603268727509149,0.0316322256875756,1,1,1,""
0.25,436,710002436,910004436,strict,0.603268727509149,0.0330926293082418,1,1,1,""
0.25,437,710002437,810004437,naive,0.664554662024647,0.0278830292247583,1,1,1,""
0.25,437,710002437,910004437,strict,0.664554662024647,0.031707424378412,1,1,1,""
0.25,438,710002438,810004438,naive,0.647359770630874,0.0308723907697872,1,1,1,""
0.25,438,710002438,910004438,strict,0.647359770630874,0.03213169814179,1,1,1,""
0.25,439,710002439,810004439,naive,0.592375771202259,0.0310064317626537,1,1,1,""
0.25,439,710002439,910004439,strict,0.592375771202259,0.0324771144528907,1,1,1,""
0.25,440,710002440,810004440,naive,0.569529843447391,0.0355895647815748,1,0,1,""
0.25,440,710002440,910004440,strict,0.569529843447391,0.0404616191262152,1,0,1,""
0.25,441,710002441,810004441,naive,0.621860705514552,0.0331673924181222,1,1,1,""
0.25,441,710002441,910004441,strict,0.621860705514552,0.0313024049761804,1,1,1,""
0.25,442,710002442,810004442,naive,0.632461268784301,0.0363544082557309,1,1,1,""
0.25,442,710002442,910004442,strict,0.632461268784301,0.0348216869291352,1,1,1,""
0.25,443,710002443,810004443,naive,0.581393256320035,0.0357159810311912,1,1,1,""
0.25,443,710002443,910004443,strict,0.581393256320035,0.0318414129663652,1,1,1,""
0.25,444,710002444,810004444,naive,0.675481867713011,0.0274500779635011,0,1,1,""
0.25,444,710002444,910004444,strict,0.675481867713011,0.0315578819451744,0,1,1,""
0.25,445,710002445,810004445,naive,0.604603935791182,0.0356171865240747,1,1,1,""
0.25,445,710002445,910004445,strict,0.604603935791182,0.0365943349098667,1,1,1,""
0.25,446,710002446,810004446,naive,0.523486224640569,0.0346430998159348,0,0,1,""
0.25,446,710002446,910004446,strict,0.523486224640569,0.0318676343077283,0,0,1,""
0.25,447,710002447,810004447,naive,0.651135029680333,0.0333303468153803,1,1,1,""
0.25,447,710002447,910004447,strict,0.651135029680333,0.0322648671269326,1,1,1,""
0.25,448,710002448,810004448,naive,0.539777380287898,0.0356397448985235,0,0,1,""
0.25,448,710002448,910004448,strict,0.539777380287898,0.0343812931016837,0,0,1,""
0.25,449,710002449,810004449,naive,0.623710771683407,0.0329379160071608,1,1,1,""
0.25,449,710002449,910004449,strict,0.623710771683407,0.0324508368402867,1,1,1,""
0.25,450,710002450,810004450,naive,0.663888017517841,0.0317229537761038,1,1,1,""
0.25,450,710002450,910004450,strict,0.663888017517841,0.026411589350387,1,1,1,""
0.25,451,710002451,810004451,naive,0.648889790799198,0.0330520910722209,1,1,1,""
0.25,451,710002451,910004451,strict,0.648889790799198,0.0341883874350837,1,1,1,""
0.25,452,710002452,810004452,naive,0.61482971322573,0.03720695474663,1,1,1,""
0.25,452,710002452,910004452,strict,0.61482971322573,0.0367586917852879,1,1,1,""
0.25,453,710002453,810004453,naive,0.656467406912152,0.0297237495224448,1,1,1,""
0.25,453,710002453,910004453,strict,0.656467406912152,0.0309894308400407,1,1,1,""
0.25,454,710002454,810004454,naive,0.655495034395273,0.0303664030888345,1,1,1,""
0.25,454,710002454,910004454,strict,0.655495034395273,0.0371468469021758,1,1,1,""
0.25,455,710002455,810004455,naive,0.621861256190348,0.0411001933297061,1,1,1,""
0.25,455,710002455,910004455,strict,0.621861256190348,0.0377854406762019,1,1,1,""
0.25,456,710002456,810004456,naive,0.526564771378296,0.0332729770031564,0,0,1,""
0.25,456,710002456,910004456,strict,0.526564771378296,0.0320647772711992,0,0,1,""
0.25,457,710002457,810004457,naive,0.617305867064403,0.0357692452916191,1,1,1,""
0.25,457,710002457,910004457,strict,0.617305867064403,0.0309405712531911,1,1,1,""
0.25,458,710002458,810004458,naive,0.632504300637693,0.0354548888849622,1,1,1,""
0.25,458,710002458,910004458,strict,0.632504300637693,0.0298241795374829,1,1,1,""
0.25,459,710002459,810004459,naive,0.634260312262198,0.0313590471746459,1,1,1,""
0.25,459,710002459,910004459,strict,0.634260312262198,0.031184877803097,1,1,1,""
0.25,460,710002460,810004460,naive,0.6713898223194,0.029664573998225,0,1,1,""
0.25,460,710002460,910004460,strict,0.6713898223194,0.0274773841808758,0,1,1,""
0.25,461,710002461,810004461,naive,0.629874182019055,0.0385160443777317,1,1,1,""
0.25,461,710002461,910004461,strict,0.629874182019055,0.0407161256412974,1,1,1,""
0.25,462,710002462,810004462,naive,0.601856468964225,0.0318075901342045,1,1,1,""
0.25,462,710002462,910004462,strict,0.601856468964225,0.031237621647938,1,1,1,""
0.25,463,710002463,810004463,naive,0.600396639704366,0.0346874166648598,1,1,1,""
0.25,463,710002463,910004463,strict,0.600396639704366,0.036847263940605,1,1,1,""
0.25,464,710002464,810004464,naive,0.634946222080859,0.036208472005179,1,1,1,""
0.25,464,710002464,910004464,strict,0.634946222080859,0.0326223062523653,1,1,1,""
0.25,465,710002465,810004465,naive,0.647937789598093,0.0350783660676599,1,1,1,""
0.25,465,710002465,910004465,strict,0.647937789598093,0.0312359333617704,1,1,1,""
0.25,466,710002466,810004466,naive,0.624469375111635,0.0333144256098959,1,1,1,""
0.25,466,710002466,910004466,strict,0.624469375111635,0.0344362966368941,1,1,1,""
0.25,467,710002467,810004467,naive,0.630111387288982,0.0355374588933163,1,1,1,""
0.25,467,710002467,910004467,strict,0.630111387288982,0.0342607607725058,1,1,1,""
0.25,468,710002468,810004468,naive,0.62979425708309,0.0304779311270873,1,1,1,""
0.25,468,710002468,910004468,strict,0.62979425708309,0.0350941638443099,1,1,1,""
0.25,469,710002469,810004469,naive,0.615471400732062,0.0350762669230072,1,1,1,""
0.25,469,710002469,910004469,strict,0.615471400732062,0.0329760076170279,1,1,1,""
0.25,470,710002470,810004470,naive,0.663063920832298,0.029189644601223,1,1,1,""
0.25,470,710002470,910004470,strict,0.663063920832298,0.0323948557803477,1,1,1,""
0.25,471,710002471,810004471,naive,0.594951493208749,0.0355519414799433,1,1,1,""
0.25,471,710002471,910004471,strict,0.594951493208749,0.0352922867388732,1,1,1,""
0.25,472,710002472,810004472,naive,0.61136589166872,0.0392515634290464,1,1,1,""
0.25,472,710002472,910004472,strict,0.61136589166872,0.0331987062932337,1,1,1,""
0.25,473,710002473,810004473,naive,0.589367075605932,0.0363497518253798,1,1,1,""
0.25,473,710002473,910004473,strict,0.589367075605932,0.0369627313072117,1,1,1,""
0.25,474,710002474,810004474,naive,0.604648075162905,0.0302684909804491,1,1,1,""
0.25,474,710002474,910004474,strict,0.604648075162905,0.0325980309663353,1,1,1,""
0.25,475,710002475,810004475,naive,0.611283665799614,0.0281788681538798,1,1,1,""
0.25,475,710002475,910004475,strict,0.611283665799614,0.0302430248369445,1,1,1,""
0.25,476,710002476,810004476,naive,0.599533431138446,0.0346714392952152,1,1,1,""
0.25,476,710002476,910004476,strict,0.599533431138446,0.0310377404583279,1,1,1,""
0.25,477,710002477,810004477,naive,0.586073261281769,0.0284368436040546,1,1,1,""
0.25,477,710002477,910004477,strict,0.586073261281769,0.0341828430621175,1,1,1,""
0.25,478,710002478,810004478,naive,0.606822292581025,0.0256421980564909,1,1,1,""
0.25,478,710002478,910004478,strict,0.606822292581025,0.0324101377739028,1,1,1,""
0.25,479,710002479,810004479,naive,0.608869283855266,0.031606840006371,1,1,1,""
0.25,479,710002479,910004479,strict,0.608869283855266,0.0386530121225224,1,1,1,""
0.25,480,710002480,810004480,naive,0.613672894714731,0.0381810227625248,1,1,1,""
0.25,480,710002480,910004480,strict,0.613672894714731,0.0400380087834416,1,1,1,""
0.25,481,710002481,810004481,naive,0.6069978321174,0.0299135085117434,1,1,1,""
0.25,481,710002481,910004481,strict,0.6069978321174,0.0300103339306282,1,1,1,""
0.25,482,710002482,810004482,naive,0.559784221708244,0.0327754515399698,1,0,1,""
0.25,482,710002482,910004482,strict,0.559784221708244,0.0316583709197956,1,0,1,""
0.25,483,710002483,810004483,naive,0.614627860505955,0.0301841776991646,1,1,1,""
0.25,483,710002483,910004483,strict,0.614627860505955,0.0293062758967936,1,1,1,""
0.25,484,710002484,810004484,naive,0.543304896097765,0.0362903339955489,1,0,1,""
0.25,484,710002484,910004484,strict,0.543304896097765,0.0393726756099254,1,0,1,""
0.25,485,710002485,810004485,naive,0.64693857940198,0.0323661564753655,1,1,1,""
0.25,485,710002485,910004485,strict,0.64693857940198,0.0307423124759875,1,1,1,""
0.25,486,710002486,810004486,naive,0.554712666666423,0.0403799749251513,1,0,1,""
0.25,486,710002486,910004486,strict,0.554712666666423,0.045836136340759,1,0,1,""
0.25,487,710002487,810004487,naive,0.686657574875735,0.0319631477431563,0,1,1,""
0.25,487,710002487,910004487,strict,0.686657574875735,0.0326546473613024,0,1,1,""
0.25,488,710002488,810004488,naive,0.590426812258554,0.0326967071513212,1,1,1,""
0.25,488,710002488,910004488,strict,0.590426812258554,0.0338658714706434,1,1,1,""
0.25,489,710002489,810004489,naive,0.611907609461471,0.0337910662739153,1,1,1,""
0.25,489,710002489,910004489,strict,0.611907609461471,0.0311743882876866,1,1,1,""
0.25,490,710002490,810004490,naive,0.665903508763254,0.0325026386916584,1,1,1,""
0.25,490,710002490,910004490,strict,0.665903508763254,0.0333237491986458,1,1,1,""
0.25,491,710002491,810004491,naive,0.677154146904844,0.0293633694409526,0,1,1,""
0.25,491,710002491,910004491,strict,0.677154146904844,0.0277592082197772,0,1,1,""
0.25,492,710002492,810004492,naive,0.637805538456496,0.0353663515878457,1,1,1,""
0.25,492,710002492,910004492,strict,0.637805538456496,0.0352216263075926,1,1,1,""
0.25,493,710002493,810004493,naive,0.598680748987735,0.0271271840317786,1,1,1,""
0.25,493,710002493,910004493,strict,0.598680748987735,0.0321406031259003,1,1,1,""
0.25,494,710002494,810004494,naive,0.647341802972117,0.0297326618992979,1,1,1,""
0.25,494,710002494,910004494,strict,0.647341802972117,0.0312530741010927,1,1,1,""
0.25,495,710002495,810004495,naive,0.569254136902464,0.035489581226443,1,0,1,""
0.25,495,710002495,910004495,strict,0.569254136902464,0.0363174853409214,1,0,1,""
0.25,496,710002496,810004496,naive,0.580599444424277,0.0318735010570548,1,1,1,""
0.25,496,710002496,910004496,strict,0.580599444424277,0.0295353851663301,1,1,1,""
0.25,497,710002497,810004497,naive,0.614248040050313,0.0293587102329525,1,1,1,""
0.25,497,710002497,910004497,strict,0.614248040050313,0.0286988843956146,1,1,1,""
0.25,498,710002498,810004498,naive,0.657122175604029,0.0312117445458288,1,1,1,""
0.25,498,710002498,910004498,strict,0.657122175604029,0.0307706984217818,1,1,1,""
0.25,499,710002499,810004499,naive,0.601901288996152,0.0352858810337976,1,1,1,""
0.25,499,710002499,910004499,strict,0.601901288996152,0.0369584072800187,1,1,1,""
0.25,500,710002500,810004500,naive,0.567701145231991,0.0389750767386797,1,0,1,""
0.25,500,710002500,910004500,strict,0.567701145231991,0.0341975154370552,1,1,1,""
0.25,501,710002501,810004501,naive,0.575272399290184,0.0375951475629481,1,1,1,""
0.25,501,710002501,910004501,strict,0.575272399290184,0.0377196571529904,1,1,1,""
0.25,502,710002502,810004502,naive,0.681146164070782,0.0348114847608906,1,1,1,""
0.25,502,710002502,910004502,strict,0.681146164070782,0.0343642929471764,0,1,1,""
0.25,503,710002503,810004503,naive,0.602298628587444,0.0347048979973989,1,1,1,""
0.25,503,710002503,910004503,strict,0.602298628587444,0.0340563853381923,1,1,1,""
0.25,504,710002504,810004504,naive,0.66280139885226,0.0268713397743914,1,1,1,""
0.25,504,710002504,910004504,strict,0.66280139885226,0.0270107436994842,1,1,1,""
0.25,505,710002505,810004505,naive,0.652900136689433,0.031463964943652,1,1,1,""
0.25,505,710002505,910004505,strict,0.652900136689433,0.0337634706980664,1,1,1,""
0.25,506,710002506,810004506,naive,0.650521021391595,0.0324005544589992,1,1,1,""
0.25,506,710002506,910004506,strict,0.650521021391595,0.0306573116647909,1,1,1,""
0.25,507,710002507,810004507,naive,0.616199424011519,0.0366617673348368,1,1,1,""
0.25,507,710002507,910004507,strict,0.616199424011519,0.0338153740424049,1,1,1,""
0.25,508,710002508,810004508,naive,0.651359970598296,0.0314580612466847,1,1,1,""
0.25,508,710002508,910004508,strict,0.651359970598296,0.0319987105283094,1,1,1,""
0.25,509,710002509,810004509,naive,0.585159332574568,0.0323710923121044,1,1,1,""
0.25,509,710002509,910004509,strict,0.585159332574568,0.0306524014019293,1,1,1,""
0.25,510,710002510,810004510,naive,0.593205022461159,0.0392256135876925,1,1,1,""
0.25,510,710002510,910004510,strict,0.593205022461159,0.0339564212578905,1,1,1,""
0.25,511,710002511,810004511,naive,0.600975594701428,0.0317795981009503,1,1,1,""
0.25,511,710002511,910004511,strict,0.600975594701428,0.0362073903890981,1,1,1,""
0.25,512,710002512,810004512,naive,0.675655677361486,0.0326099075831321,1,1,1,""
0.25,512,710002512,910004512,strict,0.675655677361486,0.030969189705254,0,1,1,""
0.25,513,710002513,810004513,naive,0.603497379913159,0.0337571983000553,1,1,1,""
0.25,513,710002513,910004513,strict,0.603497379913159,0.0327982457709245,1,1,1,""
0.25,514,710002514,810004514,naive,0.582993883036524,0.0369995820358622,1,1,1,""
0.25,514,710002514,910004514,strict,0.582993883036524,0.0371852083402569,1,1,1,""
0.25,515,710002515,810004515,naive,0.658023867036241,0.0336368880395324,1,1,1,""
0.25,515,710002515,910004515,strict,0.658023867036241,0.0310992432632598,1,1,1,""
0.25,516,710002516,810004516,naive,0.575883979280318,0.0309829265037715,1,1,1,""
0.25,516,710002516,910004516,strict,0.575883979280318,0.0334412513168413,1,1,1,""
0.25,517,710002517,810004517,naive,0.60008155650386,0.0363523333771005,1,1,1,""
0.25,517,710002517,910004517,strict,0.60008155650386,0.0330695900832802,1,1,1,""
0.25,518,710002518,810004518,naive,0.627091634987881,0.035941356883516,1,1,1,""
0.25,518,710002518,910004518,strict,0.627091634987881,0.0337716217030244,1,1,1,""
0.25,519,710002519,810004519,naive,0.604906230436784,0.0324645775956824,1,1,1,""
0.25,519,710002519,910004519,strict,0.604906230436784,0.0410625541357781,1,1,1,""
0.25,520,710002520,810004520,naive,0.630063032963458,0.0266756510308644,1,1,1,""
0.25,520,710002520,910004520,strict,0.630063032963458,0.0321369529709506,1,1,1,""
0.25,521,710002521,810004521,naive,0.556651668126308,0.0369584675750419,1,0,1,""
0.25,521,710002521,910004521,strict,0.556651668126308,0.0407911800956166,1,0,1,""
0.25,522,710002522,810004522,naive,0.62438299510725,0.0276658045833934,1,1,1,""
0.25,522,710002522,910004522,strict,0.62438299510725,0.0286465599541834,1,1,1,""
0.25,523,710002523,810004523,naive,0.576867697187066,0.0384631565996889,1,1,1,""
0.25,523,710002523,910004523,strict,0.576867697187066,0.0351117248961155,1,1,1,""
0.25,524,710002524,810004524,naive,0.610919790555542,0.0310766538028254,1,1,1,""
0.25,524,710002524,910004524,strict,0.610919790555542,0.0346468371028596,1,1,1,""
0.25,525,710002525,810004525,naive,0.673339161467326,0.0313363728557002,1,1,1,""
0.25,525,710002525,910004525,strict,0.673339161467326,0.0338156369921106,1,1,1,""
0.25,526,710002526,810004526,naive,0.616599937313891,0.0297318907070069,1,1,1,""
0.25,526,710002526,910004526,strict,0.616599937313891,0.0307569827444,1,1,1,""
0.25,527,710002527,810004527,naive,0.64522785010315,0.0347297629665325,1,1,1,""
0.25,527,710002527,910004527,strict,0.64522785010315,0.0281317540094527,1,1,1,""
0.25,528,710002528,810004528,naive,0.584032512777697,0.0433136944722154,1,0,1,""
0.25,528,710002528,910004528,strict,0.584032512777697,0.0371545510920858,1,1,1,""
0.25,529,710002529,810004529,naive,0.603549765287838,0.0288657550788802,1,1,1,""
0.25,529,710002529,910004529,strict,0.603549765287838,0.0289564169540157,1,1,1,""
0.25,530,710002530,810004530,naive,0.614744023447538,0.026343894334343,1,1,1,""
0.25,530,710002530,910004530,strict,0.614744023447538,0.0312299464696489,1,1,1,""
0.25,531,710002531,810004531,naive,0.577791632752781,0.0332470410746683,1,1,1,""
0.25,531,710002531,910004531,strict,0.577791632752781,0.0353697680629147,1,1,1,""
0.25,532,710002532,810004532,naive,0.596693593147864,0.0288252798877792,1,1,1,""
0.25,532,710002532,910004532,strict,0.596693593147864,0.0317181175372742,1,1,1,""
0.25,533,710002533,810004533,naive,0.602848090454047,0.0371926735614612,1,1,1,""
0.25,533,710002533,910004533,strict,0.602848090454047,0.034926089300562,1,1,1,""
0.25,534,710002534,810004534,naive,0.550570748102388,0.0385204819074899,1,0,1,""
0.25,534,710002534,910004534,strict,0.550570748102388,0.036521380469371,1,0,1,""
0.25,535,710002535,810004535,naive,0.634973869688306,0.0287686097405931,1,1,1,""
0.25,535,710002535,910004535,strict,0.634973869688306,0.0316510698979021,1,1,1,""
0.25,536,710002536,810004536,naive,0.649715223481287,0.0283327292179121,1,1,1,""
0.25,536,710002536,910004536,strict,0.649715223481287,0.0256684368154063,1,1,1,""
0.25,537,710002537,810004537,naive,0.655734124633334,0.026916924777158,1,1,1,""
0.25,537,710002537,910004537,strict,0.655734124633334,0.0272911220760818,1,1,1,""
0.25,538,710002538,810004538,naive,0.536126362552543,0.0392650862063026,1,0,1,""
0.25,538,710002538,910004538,strict,0.536126362552543,0.0304057210027072,0,0,1,""
0.25,539,710002539,810004539,naive,0.651953192799125,0.0317653370277832,1,1,1,""
0.25,539,710002539,910004539,strict,0.651953192799125,0.0340221836186933,1,1,1,""
0.25,540,710002540,810004540,naive,0.64339534112429,0.0287164210471238,1,1,1,""
0.25,540,710002540,910004540,strict,0.64339534112429,0.0299213300311099,1,1,1,""
0.25,541,710002541,810004541,naive,0.604448119984978,0.0311437672719231,1,1,1,""
0.25,541,710002541,910004541,strict,0.604448119984978,0.0337296337480137,1,1,1,""
0.25,542,710002542,810004542,naive,0.635369078890835,0.0349621127553444,1,1,1,""
0.25,542,710002542,910004542,strict,0.635369078890835,0.0334256499708183,1,1,1,""
0.25,543,710002543,810004543,naive,0.683447730689728,0.0283437730718015,0,1,1,""
0.25,543,710002543,910004543,strict,0.683447730689728,0.0353141317075139,0,1,1,""
0.25,544,710002544,810004544,naive,0.652896137828412,0.0322239768605455,1,1,1,""
0.25,544,710002544,910004544,strict,0.652896137828412,0.0292904509392505,1,1,1,""
0.25,545,710002545,810004545,naive,0.587561839328281,0.0355548567759791,1,1,1,""
0.25,545,710002545,910004545,strict,0.587561839328281,0.0282643526805918,1,1,1,""
0.25,546,710002546,810004546,naive,0.647067578900465,0.0337575719604714,1,1,1,""
0.25,546,710002546,910004546,strict,0.647067578900465,0.0299768432027275,1,1,1,""
0.25,547,710002547,810004547,naive,0.587641402332105,0.0346473840325364,1,1,1,""
0.25,547,710002547,910004547,strict,0.587641402332105,0.0343918429715268,1,1,1,""
0.25,548,710002548,810004548,naive,0.616625405149626,0.0329571634681538,1,1,1,""
0.25,548,710002548,910004548,strict,0.616625405149626,0.0330690346131763,1,1,1,""
0.25,549,710002549,810004549,naive,0.606263334482773,0.0351655127433926,1,1,1,""
0.25,549,710002549,910004549,strict,0.606263334482773,0.0323859025475629,1,1,1,""
0.25,550,710002550,810004550,naive,0.671157579179726,0.0322813068055745,1,1,1,""
0.25,550,710002550,910004550,strict,0.671157579179726,0.0312959768777452,1,1,1,""
0.25,551,710002551,810004551,naive,0.594662135444209,0.0339805277777559,1,1,1,""
0.25,551,710002551,910004551,strict,0.594662135444209,0.0340473895593877,1,1,1,""
0.25,552,710002552,810004552,naive,0.615624912742909,0.028315505732345,1,1,1,""
0.25,552,710002552,910004552,strict,0.615624912742909,0.0300835701815651,1,1,1,""
0.25,553,710002553,810004553,naive,0.568262519679022,0.0358784777986388,1,0,1,""
0.25,553,710002553,910004553,strict,0.568262519679022,0.0367513764369873,1,0,1,""
0.25,554,710002554,810004554,naive,0.613035404765921,0.0302097721867844,1,1,1,""
0.25,554,710002554,910004554,strict,0.613035404765921,0.0293129220579992,1,1,1,""
0.25,555,710002555,810004555,naive,0.59519317235231,0.0366206553535003,1,1,1,""
0.25,555,710002555,910004555,strict,0.59519317235231,0.027647555317753,1,1,1,""
0.25,556,710002556,810004556,naive,0.583445732699754,0.0354835059912826,1,1,1,""
0.25,556,710002556,910004556,strict,0.583445732699754,0.0354566955961143,1,1,1,""
0.25,557,710002557,810004557,naive,0.646308962348135,0.0264465424114056,1,1,1,""
0.25,557,710002557,910004557,strict,0.646308962348135,0.0288761276630652,1,1,1,""
0.25,558,710002558,810004558,naive,0.610548320310142,0.031344975893343,1,1,1,""
0.25,558,710002558,910004558,strict,0.610548320310142,0.0290411971918289,1,1,1,""
0.25,559,710002559,810004559,naive,0.587414133748146,0.0323611235702621,1,1,1,""
0.25,559,710002559,910004559,strict,0.587414133748146,0.0356289830598712,1,1,1,""
0.25,560,710002560,810004560,naive,0.624341684997092,0.0365096767594802,1,1,1,""
0.25,560,710002560,910004560,strict,0.624341684997092,0.0376344080240468,1,1,1,""
0.25,561,710002561,810004561,naive,0.648489882231546,0.0367834997790945,1,1,1,""
0.25,561,710002561,910004561,strict,0.648489882231546,0.0320871529248632,1,1,1,""
0.25,562,710002562,810004562,naive,0.604910502296439,0.0343551902305328,1,1,1,""
0.25,562,710002562,910004562,strict,0.604910502296439,0.0337106479932099,1,1,1,""
0.25,563,710002563,810004563,naive,0.576210353158986,0.0314908001966806,1,1,1,""
0.25,563,710002563,910004563,strict,0.576210353158986,0.0300584207956017,1,1,1,""
0.25,564,710002564,810004564,naive,0.58849454744882,0.035039275331293,1,1,1,""
0.25,564,710002564,910004564,strict,0.58849454744882,0.0343453840316227,1,1,1,""
0.25,565,710002565,810004565,naive,0.613642202550872,0.0376977685098285,1,1,1,""
0.25,565,710002565,910004565,strict,0.613642202550872,0.0349124970574144,1,1,1,""
0.25,566,710002566,810004566,naive,0.583422193827469,0.0392116360209973,1,1,1,""
0.25,566,710002566,910004566,strict,0.583422193827469,0.0342228186609592,1,1,1,""
0.25,567,710002567,810004567,naive,0.66047719424338,0.0325764945150707,1,1,1,""
0.25,567,710002567,910004567,strict,0.66047719424338,0.0407756419205666,1,1,1,""
0.25,568,710002568,810004568,naive,0.640737523974114,0.0290871200914045,1,1,1,""
0.25,568,710002568,910004568,strict,0.640737523974114,0.033360058813012,1,1,1,""
0.25,569,710002569,810004569,naive,0.651874221011047,0.0296602546315915,1,1,1,""
0.25,569,710002569,910004569,strict,0.651874221011047,0.0348599988938934,1,1,1,""
0.25,570,710002570,810004570,naive,0.647986042953227,0.0334724823889952,1,1,1,""
0.25,570,710002570,910004570,strict,0.647986042953227,0.0350814268710979,1,1,1,""
0.25,571,710002571,810004571,naive,0.554931195125576,0.0382857751662118,1,0,1,""
0.25,571,710002571,910004571,strict,0.554931195125576,0.0344282583058221,1,0,1,""
0.25,572,710002572,810004572,naive,0.61206557189904,0.0282091283905539,1,1,1,""
0.25,572,710002572,910004572,strict,0.61206557189904,0.0306572432820072,1,1,1,""
0.25,573,710002573,810004573,naive,0.587174528015636,0.0372506053426794,1,1,1,""
0.25,573,710002573,910004573,strict,0.587174528015636,0.0345941549402652,1,1,1,""
0.25,574,710002574,810004574,naive,0.636063502760154,0.0356711767868533,1,1,1,""
0.25,574,710002574,910004574,strict,0.636063502760154,0.0315093376169114,1,1,1,""
0.25,575,710002575,810004575,naive,0.615137165472244,0.0356763885202808,1,1,1,""
0.25,575,710002575,910004575,strict,0.615137165472244,0.0348920309405626,1,1,1,""
0.25,576,710002576,810004576,naive,0.559764956702428,0.027014856672607,0,1,1,""
0.25,576,710002576,910004576,strict,0.559764956702428,0.030382588896558,1,1,1,""
0.25,577,710002577,810004577,naive,0.634782389711037,0.0335774123498829,1,1,1,""
0.25,577,710002577,910004577,strict,0.634782389711037,0.0321916167127934,1,1,1,""
0.25,578,710002578,810004578,naive,0.624121998096382,0.032305957862898,1,1,1,""
0.25,578,710002578,910004578,strict,0.624121998096382,0.0357376436949493,1,1,1,""
0.25,579,710002579,810004579,naive,0.659271371563236,0.0306621230896246,1,1,1,""
0.25,579,710002579,910004579,strict,0.659271371563236,0.0332560252128541,1,1,1,""
0.25,580,710002580,810004580,naive,0.600156810696586,0.0315558497095238,1,1,1,""
0.25,580,710002580,910004580,strict,0.600156810696586,0.0328023213425853,1,1,1,""
0.25,581,710002581,810004581,naive,0.629891318348849,0.041881459667179,1,1,1,""
0.25,581,710002581,910004581,strict,0.629891318348849,0.0433769538349609,1,1,1,""
0.25,582,710002582,810004582,naive,0.622748934475488,0.0304027623422171,1,1,1,""
0.25,582,710002582,910004582,strict,0.622748934475488,0.0317983961941614,1,1,1,""
0.25,583,710002583,810004583,naive,0.544390925640215,0.0317219152318562,0,0,1,""
0.25,583,710002583,910004583,strict,0.544390925640215,0.0305465770600672,0,0,1,""
0.25,584,710002584,810004584,naive,0.640939242874143,0.0315478721106466,1,1,1,""
0.25,584,710002584,910004584,strict,0.640939242874143,0.0345342713462535,1,1,1,""
0.25,585,710002585,810004585,naive,0.617711981099715,0.0303024486913507,1,1,1,""
0.25,585,710002585,910004585,strict,0.617711981099715,0.0350377287420782,1,1,1,""
0.25,586,710002586,810004586,naive,0.607262700508218,0.0314512297442917,1,1,1,""
0.25,586,710002586,910004586,strict,0.607262700508218,0.0325610069266781,1,1,1,""
0.25,587,710002587,810004587,naive,0.529706013587561,0.0315762551111282,0,0,1,""
0.25,587,710002587,910004587,strict,0.529706013587561,0.0299492297976292,0,0,1,""
0.25,588,710002588,810004588,naive,0.596335231148912,0.0290241814010377,1,1,1,""
0.25,588,710002588,910004588,strict,0.596335231148912,0.0297467390797342,1,1,1,""
0.25,589,710002589,810004589,naive,0.584073349890163,0.0304250226517589,1,1,1,""
0.25,589,710002589,910004589,strict,0.584073349890163,0.0304164451814339,1,1,1,""
0.25,590,710002590,810004590,naive,0.655645782366105,0.0310641755483861,1,1,1,""
0.25,590,710002590,910004590,strict,0.655645782366105,0.0255396880898885,1,1,1,""
0.25,591,710002591,810004591,naive,0.62199588966625,0.0270454760465166,1,1,1,""
0.25,591,710002591,910004591,strict,0.62199588966625,0.0305811016935637,1,1,1,""
0.25,592,710002592,810004592,naive,0.604706645759813,0.0340585346009035,1,1,1,""
0.25,592,710002592,910004592,strict,0.604706645759813,0.0334250900134471,1,1,1,""
0.25,593,710002593,810004593,naive,0.604044596540318,0.0353180519349511,1,1,1,""
0.25,593,710002593,910004593,strict,0.604044596540318,0.0298679415276071,1,1,1,""
0.25,594,710002594,810004594,naive,0.637090478694033,0.0342603458675708,1,1,1,""
0.25,594,710002594,910004594,strict,0.637090478694033,0.0370892461505229,1,1,1,""
0.25,595,710002595,810004595,naive,0.592273496958622,0.0373998318631468,1,1,1,""
0.25,595,710002595,910004595,strict,0.592273496958622,0.0323190799808611,1,1,1,""
0.25,596,710002596,810004596,naive,0.655042621570671,0.0332170131821888,1,1,1,""
0.25,596,710002596,910004596,strict,0.655042621570671,0.0305538254747314,1,1,1,""
0.25,597,710002597,810004597,naive,0.579288638104998,0.0308534440733622,1,1,1,""
0.25,597,710002597,910004597,strict,0.579288638104998,0.0320097710605885,1,1,1,""
0.25,598,710002598,810004598,naive,0.578754246336637,0.0307269347384348,1,1,1,""
0.25,598,710002598,910004598,strict,0.578754246336637,0.0313590275568299,1,1,1,""
0.25,599,710002599,810004599,naive,0.631901269885954,0.0361910872838749,1,1,1,""
0.25,599,710002599,910004599,strict,0.631901269885954,0.0293262568386483,1,1,1,""
0.25,600,710002600,810004600,naive,0.672565295241383,0.0279321662728427,0,1,1,""
0.25,600,710002600,910004600,strict,0.672565295241383,0.0343881339187004,1,1,1,""
0.25,601,710002601,810004601,naive,0.628712458191671,0.0323765341970281,1,1,1,""
0.25,601,710002601,910004601,strict,0.628712458191671,0.0355044196100641,1,1,1,""
0.25,602,710002602,810004602,naive,0.632516420682577,0.0340385916899326,1,1,1,""
0.25,602,710002602,910004602,strict,0.632516420682577,0.0341178293069852,1,1,1,""
0.25,603,710002603,810004603,naive,0.598942219158122,0.0297241662256086,1,1,1,""
0.25,603,710002603,910004603,strict,0.598942219158122,0.0309495954434227,1,1,1,""
0.25,604,710002604,810004604,naive,0.638036259052911,0.0322711083220342,1,1,1,""
0.25,604,710002604,910004604,strict,0.638036259052911,0.0322801716938921,1,1,1,""
0.25,605,710002605,810004605,naive,0.581931369004088,0.0302835182057551,1,1,1,""
0.25,605,710002605,910004605,strict,0.581931369004088,0.0340129724775159,1,1,1,""
0.25,606,710002606,810004606,naive,0.602266346928113,0.0338756487908522,1,1,1,""
0.25,606,710002606,910004606,strict,0.602266346928113,0.0348825379987572,1,1,1,""
0.25,607,710002607,810004607,naive,0.637339467876769,0.0377156490131695,1,1,1,""
0.25,607,710002607,910004607,strict,0.637339467876769,0.0302440415998271,1,1,1,""
0.25,608,710002608,810004608,naive,0.573656980587523,0.0359343862026576,1,1,1,""
0.25,608,710002608,910004608,strict,0.573656980587523,0.034640008372217,1,1,1,""
0.25,609,710002609,810004609,naive,0.591194470925939,0.0367921269389198,1,1,1,""
0.25,609,710002609,910004609,strict,0.591194470925939,0.0324213844186858,1,1,1,""
0.25,610,710002610,810004610,naive,0.584531081578292,0.0377469832595477,1,1,1,""
0.25,610,710002610,910004610,strict,0.584531081578292,0.0405858771646129,1,1,1,""
0.25,611,710002611,810004611,naive,0.552052597432741,0.0288297968973442,0,0,1,""
0.25,611,710002611,910004611,strict,0.552052597432741,0.0239986682895443,0,1,1,""
0.25,612,710002612,810004612,naive,0.648404619713886,0.0362244826939401,1,1,1,""
0.25,612,710002612,910004612,strict,0.648404619713886,0.032546549383584,1,1,1,""
0.25,613,710002613,810004613,naive,0.634094385223379,0.0307643034161785,1,1,1,""
0.25,613,710002613,910004613,strict,0.634094385223379,0.0296474982169202,1,1,1,""
0.25,614,710002614,810004614,naive,0.696126890388953,0.0321914900677992,0,1,1,""
0.25,614,710002614,910004614,strict,0.696126890388953,0.0302886098050754,0,1,1,""
0.25,615,710002615,810004615,naive,0.552193358348079,0.0354137555069101,1,0,1,""
0.25,615,710002615,910004615,strict,0.552193358348079,0.0362772929235716,1,0,1,""
0.25,616,710002616,810004616,naive,0.596138460492516,0.0327252660784942,1,1,1,""
0.25,616,710002616,910004616,strict,0.596138460492516,0.0323893637562685,1,1,1,""
0.25,617,710002617,810004617,naive,0.609632430981926,0.0362906059521315,1,1,1,""
0.25,617,710002617,910004617,strict,0.609632430981926,0.0343130158207116,1,1,1,""
0.25,618,710002618,810004618,naive,0.61746624884645,0.0346081452462918,1,1,1,""
0.25,618,710002618,910004618,strict,0.61746624884645,0.0331331548202652,1,1,1,""
0.25,619,710002619,810004619,naive,0.605604681165851,0.0297893311540107,1,1,1,""
0.25,619,710002619,910004619,strict,0.605604681165851,0.032270809647486,1,1,1,""
0.25,620,710002620,810004620,naive,0.585735894590063,0.0299562919533626,1,1,1,""
0.25,620,710002620,910004620,strict,0.585735894590063,0.0318811624602806,1,1,1,""
0.25,621,710002621,810004621,naive,0.636208315160752,0.0296297783030089,1,1,1,""
0.25,621,710002621,910004621,strict,0.636208315160752,0.0298334516301631,1,1,1,""
0.25,622,710002622,810004622,naive,0.59879468099089,0.0341961502048075,1,1,1,""
0.25,622,710002622,910004622,strict,0.59879468099089,0.0298392772371161,1,1,1,""
0.25,623,710002623,810004623,naive,0.634732969494389,0.0313718265853361,1,1,1,""
0.25,623,710002623,910004623,strict,0.634732969494389,0.0376690614338189,1,1,1,""
0.25,624,710002624,810004624,naive,0.61338194613611,0.0297155648855519,1,1,1,""
0.25,624,710002624,910004624,strict,0.61338194613611,0.0314207938786047,1,1,1,""
0.25,625,710002625,810004625,naive,0.579832997619679,0.0337515274578437,1,1,1,""
0.25,625,710002625,910004625,strict,0.579832997619679,0.0334222412796547,1,1,1,""
0.25,626,710002626,810004626,naive,0.582435535328584,0.036114866947468,1,1,1,""
0.25,626,710002626,910004626,strict,0.582435535328584,0.0362901167656748,1,1,1,""
0.25,627,710002627,810004627,naive,0.559791078607292,0.0390610014169101,1,0,1,""
0.25,627,710002627,910004627,strict,0.559791078607292,0.037628092494496,1,0,1,""
0.25,628,710002628,810004628,naive,0.635089191806108,0.0351621952608185,1,1,1,""
0.25,628,710002628,910004628,strict,0.635089191806108,0.0314130176271986,1,1,1,""
0.25,629,710002629,810004629,naive,0.643168458610589,0.0305556090490075,1,1,1,""
0.25,629,710002629,910004629,strict,0.643168458610589,0.0371412541396562,1,1,1,""
0.25,630,710002630,810004630,naive,0.553289210769489,0.0359881496116894,1,0,1,""
0.25,630,710002630,910004630,strict,0.553289210769489,0.0393800685238199,1,0,1,""
0.25,631,710002631,810004631,naive,0.57817423101549,0.0398651964417662,1,1,1,""
0.25,631,710002631,910004631,strict,0.57817423101549,0.0365905123770118,1,1,1,""
0.25,632,710002632,810004632,naive,0.608104923731201,0.0303791313856946,1,1,1,""
0.25,632,710002632,910004632,strict,0.608104923731201,0.0338788416766614,1,1,1,""
0.25,633,710002633,810004633,naive,0.656294528296839,0.0374517271648016,1,1,1,""
0.25,633,710002633,910004633,strict,0.656294528296839,0.0355637671121764,1,1,1,""
0.25,634,710002634,810004634,naive,0.695650937696938,0.0357213228142132,0,1,1,""
0.25,634,710002634,910004634,strict,0.695650937696938,0.0356290970811065,0,1,1,""
0.25,635,710002635,810004635,naive,0.575643566719452,0.0397012510428452,1,0,1,""
0.25,635,710002635,910004635,strict,0.575643566719452,0.0320115615234529,1,1,1,""
0.25,636,710002636,810004636,naive,0.579173269992897,0.0342802838918381,1,1,1,""
0.25,636,710002636,910004636,strict,0.579173269992897,0.0347663680915407,1,1,1,""
0.25,637,710002637,810004637,naive,0.634333657124932,0.0262021250413465,1,1,1,""
0.25,637,710002637,910004637,strict,0.634333657124932,0.031847932538061,1,1,1,""
0.25,638,710002638,810004638,naive,0.568465204299665,0.0324711234127667,1,1,1,""
0.25,638,710002638,910004638,strict,0.568465204299665,0.0335682107066268,1,1,1,""
0.25,639,710002639,810004639,naive,0.637069249608858,0.0379519163464473,1,1,1,""
0.25,639,710002639,910004639,strict,0.637069249608858,0.0352352050595678,1,1,1,""
0.25,640,710002640,810004640,naive,0.590430267979645,0.0389044249439997,1,1,1,""
0.25,640,710002640,910004640,strict,0.590430267979645,0.0393892075402065,1,1,1,""
0.25,641,710002641,810004641,naive,0.659595549306248,0.0330702053438972,1,1,1,""
0.25,641,710002641,910004641,strict,0.659595549306248,0.0316785356378966,1,1,1,""
0.25,642,710002642,810004642,naive,0.690664533876719,0.0259938923855173,0,1,1,""
0.25,642,710002642,910004642,strict,0.690664533876719,0.0270882587113399,0,1,1,""
0.25,643,710002643,810004643,naive,0.598359883552584,0.0343683443786513,1,1,1,""
0.25,643,710002643,910004643,strict,0.598359883552584,0.0318684552575181,1,1,1,""
0.25,644,710002644,810004644,naive,0.624356566591728,0.0326329843764639,1,1,1,""
0.25,644,710002644,910004644,strict,0.624356566591728,0.0351004636800755,1,1,1,""
0.25,645,710002645,810004645,naive,0.604351024404276,0.0348466452342302,1,1,1,""
0.25,645,710002645,910004645,strict,0.604351024404276,0.0319974032694771,1,1,1,""
0.25,646,710002646,810004646,naive,0.577174314291741,0.0324357223712437,1,1,1,""
0.25,646,710002646,910004646,strict,0.577174314291741,0.0312601459674692,1,1,1,""
0.25,647,710002647,810004647,naive,0.625771154381398,0.0365141077374993,1,1,1,""
0.25,647,710002647,910004647,strict,0.625771154381398,0.0356333607405383,1,1,1,""
0.25,648,710002648,810004648,naive,0.601776399921547,0.0300847971375579,1,1,1,""
0.25,648,710002648,910004648,strict,0.601776399921547,0.0292461033423945,1,1,1,""
0.25,649,710002649,810004649,naive,0.596478543826998,0.0375442608931721,1,1,1,""
0.25,649,710002649,910004649,strict,0.596478543826998,0.035562148665266,1,1,1,""
0.25,650,710002650,810004650,naive,0.672241736364666,0.0287791842623933,0,1,1,""
0.25,650,710002650,910004650,strict,0.672241736364666,0.0336662487173365,1,1,1,""
0.25,651,710002651,810004651,naive,0.606806839944168,0.0349505591314599,1,1,1,""
0.25,651,710002651,910004651,strict,0.606806839944168,0.0330338622944916,1,1,1,""
0.25,652,710002652,810004652,naive,0.621018639060803,0.0369668072344276,1,1,1,""
0.25,652,710002652,910004652,strict,0.621018639060803,0.032925540457839,1,1,1,""
0.25,653,710002653,810004653,naive,0.628518003958157,0.0371979046612042,1,1,1,""
0.25,653,710002653,910004653,strict,0.628518003958157,0.0326281185636109,1,1,1,""
0.25,654,710002654,810004654,naive,0.551538614059073,0.0336910927142541,1,0,1,""
0.25,654,710002654,910004654,strict,0.551538614059073,0.0332427348641215,1,0,1,""
0.25,655,710002655,810004655,naive,0.618178231438867,0.0322175230788012,1,1,1,""
0.25,655,710002655,910004655,strict,0.618178231438867,0.0369989093226514,1,1,1,""
0.25,656,710002656,810004656,naive,0.56146233892996,0.0308649667998893,1,1,1,""
0.25,656,710002656,910004656,strict,0.56146233892996,0.0313481669783736,1,1,1,""
0.25,657,710002657,810004657,naive,0.667617860870039,0.0324574657050069,1,1,1,""
0.25,657,710002657,910004657,strict,0.667617860870039,0.0280010387769203,1,1,1,""
0.25,658,710002658,810004658,naive,0.643319205188411,0.0354452227336682,1,1,1,""
0.25,658,710002658,910004658,strict,0.643319205188411,0.036638100478819,1,1,1,""
0.25,659,710002659,810004659,naive,0.578798103443072,0.0316865742405373,1,1,1,""
0.25,659,710002659,910004659,strict,0.578798103443072,0.0343229798899096,1,1,1,""
0.25,660,710002660,810004660,naive,0.645782956411879,0.0323297196786795,1,1,1,""
0.25,660,710002660,910004660,strict,0.645782956411879,0.0294425292902129,1,1,1,""
0.25,661,710002661,810004661,naive,0.58780701751898,0.0366695158652961,1,1,1,""
0.25,661,710002661,910004661,strict,0.58780701751898,0.0358466244919128,1,1,1,""
0.25,662,710002662,810004662,naive,0.633558771746772,0.0332094237036678,1,1,1,""
0.25,662,710002662,910004662,strict,0.633558771746772,0.0348027521960117,1,1,1,""
0.25,663,710002663,810004663,naive,0.639139055330774,0.0342155341431272,1,1,1,""
0.25,663,710002663,910004663,strict,0.639139055330774,0.0373767838240445,1,1,1,""
0.25,664,710002664,810004664,naive,0.681431890335835,0.0302345942174293,0,1,1,""
0.25,664,710002664,910004664,strict,0.681431890335835,0.0342595762236763,0,1,1,""
0.25,665,710002665,810004665,naive,0.632650318273046,0.0367351845746162,1,1,1,""
0.25,665,710002665,910004665,strict,0.632650318273046,0.0309333317066477,1,1,1,""
0.25,666,710002666,810004666,naive,0.65331038058429,0.0273972160595804,1,1,1,""
0.25,666,710002666,910004666,strict,0.65331038058429,0.0349946361774587,1,1,1,""
0.25,667,710002667,810004667,naive,0.639918172954894,0.0247928923472864,1,1,1,""
0.25,667,710002667,910004667,strict,0.639918172954894,0.0282805492545412,1,1,1,""
0.25,668,710002668,810004668,naive,0.625162290780011,0.0285155171946241,1,1,1,""
0.25,668,710002668,910004668,strict,0.625162290780011,0.0287465904299132,1,1,1,""
0.25,669,710002669,810004669,naive,0.546253546727001,0.0362194523681322,1,0,1,""
0.25,669,710002669,910004669,strict,0.546253546727001,0.034552937247097,1,0,1,""
0.25,670,710002670,810004670,naive,0.647791259346754,0.0274768964865515,1,1,1,""
0.25,670,710002670,910004670,strict,0.647791259346754,0.0257153433338886,1,1,1,""
0.25,671,710002671,810004671,naive,0.5392710791457,0.0401377929963418,1,0,1,""
0.25,671,710002671,910004671,strict,0.5392710791457,0.0396625927885799,1,0,1,""
0.25,672,710002672,810004672,naive,0.599359129783978,0.0308275922428357,1,1,1,""
0.25,672,710002672,910004672,strict,0.599359129783978,0.0307417661889172,1,1,1,""
0.25,673,710002673,810004673,naive,0.632121458708316,0.034208913139112,1,1,1,""
0.25,673,710002673,910004673,strict,0.632121458708316,0.0279357547823021,1,1,1,""
0.25,674,710002674,810004674,naive,0.633027176384294,0.0340603964769745,1,1,1,""
0.25,674,710002674,910004674,strict,0.633027176384294,0.0350770432974528,1,1,1,""
0.25,675,710002675,810004675,naive,0.672710733932668,0.0321874783221075,1,1,1,""
0.25,675,710002675,910004675,strict,0.672710733932668,0.0343068748371373,1,1,1,""
0.25,676,710002676,810004676,naive,0.604339537743919,0.0380783366713642,1,1,1,""
0.25,676,710002676,910004676,strict,0.604339537743919,0.041137705449488,1,1,1,""
0.25,677,710002677,810004677,naive,0.646531090955346,0.0294758024603639,1,1,1,""
0.25,677,710002677,910004677,strict,0.646531090955346,0.0344148826819547,1,1,1,""
0.25,678,710002678,810004678,naive,0.62602128542092,0.0334383169257607,1,1,1,""
0.25,678,710002678,910004678,strict,0.62602128542092,0.0360640437293088,1,1,1,""
0.25,679,710002679,810004679,naive,0.572862607008934,0.0362475806506157,1,1,1,""
0.25,679,710002679,910004679,strict,0.572862607008934,0.0363950507972852,1,1,1,""
0.25,680,710002680,810004680,naive,0.610598631502333,0.034177941868896,1,1,1,""
0.25,680,710002680,910004680,strict,0.610598631502333,0.0332173732976943,1,1,1,""
0.25,681,710002681,810004681,naive,0.622259146595073,0.0352991812774385,1,1,1,""
0.25,681,710002681,910004681,strict,0.622259146595073,0.037544097999349,1,1,1,""
0.25,682,710002682,810004682,naive,0.611791456999719,0.0329675687415689,1,1,1,""
0.25,682,710002682,910004682,strict,0.611791456999719,0.0339013280423953,1,1,1,""
0.25,683,710002683,810004683,naive,0.627721761858884,0.0314967789446903,1,1,1,""
0.25,683,710002683,910004683,strict,0.627721761858884,0.0281144380682172,1,1,1,""
0.25,684,710002684,810004684,naive,0.659065538391474,0.0400223914405665,1,1,1,""
0.25,684,710002684,910004684,strict,0.659065538391474,0.0399517749861077,1,1,1,""
0.25,685,710002685,810004685,naive,0.629540725444118,0.030189204767287,1,1,1,""
0.25,685,710002685,910004685,strict,0.629540725444118,0.0325960573357726,1,1,1,""
0.25,686,710002686,810004686,naive,0.58472070906081,0.0309010917419068,1,1,1,""
0.25,686,710002686,910004686,strict,0.58472070906081,0.0285686329997598,1,1,1,""
0.25,687,710002687,810004687,naive,0.583509922094305,0.0331692263942773,1,1,1,""
0.25,687,710002687,910004687,strict,0.583509922094305,0.0311320161292323,1,1,1,""
0.25,688,710002688,810004688,naive,0.571243182381017,0.0346387577446203,1,1,1,""
0.25,688,710002688,910004688,strict,0.571243182381017,0.0349259554953229,1,1,1,""
0.25,689,710002689,810004689,naive,0.640201325226776,0.0296227700749947,1,1,1,""
0.25,689,710002689,910004689,strict,0.640201325226776,0.0322588467772971,1,1,1,""
0.25,690,710002690,810004690,naive,0.595553810741887,0.0343719933760334,1,1,1,""
0.25,690,710002690,910004690,strict,0.595553810741887,0.0352397496127486,1,1,1,""
0.25,691,710002691,810004691,naive,0.631746638767327,0.0328515803845798,1,1,1,""
0.25,691,710002691,910004691,strict,0.631746638767327,0.0316194985063831,1,1,1,""
0.25,692,710002692,810004692,naive,0.608696800139508,0.0365945282432936,1,1,1,""
0.25,692,710002692,910004692,strict,0.608696800139508,0.0356569885906387,1,1,1,""
0.25,693,710002693,810004693,naive,0.647736586621021,0.0326582021171442,1,1,1,""
0.25,693,710002693,910004693,strict,0.647736586621021,0.0387776449347066,1,1,1,""
0.25,694,710002694,810004694,naive,0.593893231027772,0.0390543028723233,1,1,1,""
0.25,694,710002694,910004694,strict,0.593893231027772,0.037783112173087,1,1,1,""
0.25,695,710002695,810004695,naive,0.621215533578881,0.0317662436132429,1,1,1,""
0.25,695,710002695,910004695,strict,0.621215533578881,0.0335004664270922,1,1,1,""
0.25,696,710002696,810004696,naive,0.64750036748773,0.0298033128406505,1,1,1,""
0.25,696,710002696,910004696,strict,0.64750036748773,0.031063187497716,1,1,1,""
0.25,697,710002697,810004697,naive,0.603965892090451,0.0387796348596192,1,1,1,""
0.25,697,710002697,910004697,strict,0.603965892090451,0.037605020720802,1,1,1,""
0.25,698,710002698,810004698,naive,0.596572962430128,0.0338434863329619,1,1,1,""
0.25,698,710002698,910004698,strict,0.596572962430128,0.0311113103805817,1,1,1,""
0.25,699,710002699,810004699,naive,0.625532110417892,0.0298448344762634,1,1,1,""
0.25,699,710002699,910004699,strict,0.625532110417892,0.029248180417813,1,1,1,""
0.25,700,710002700,810004700,naive,0.646349031672536,0.0320266572679333,1,1,1,""
0.25,700,710002700,910004700,strict,0.646349031672536,0.0309927421497434,1,1,1,""
0.25,701,710002701,810004701,naive,0.62776055303371,0.0316493164988008,1,1,1,""
0.25,701,710002701,910004701,strict,0.62776055303371,0.0296562275230888,1,1,1,""
0.25,702,710002702,810004702,naive,0.61315927097208,0.0338866734582403,1,1,1,""
0.25,702,710002702,910004702,strict,0.61315927097208,0.0303565506023972,1,1,1,""
0.25,703,710002703,810004703,naive,0.575880632371983,0.0331041020689115,1,1,1,""
0.25,703,710002703,910004703,strict,0.575880632371983,0.0299690756919204,1,1,1,""
0.25,704,710002704,810004704,naive,0.603908356743713,0.0385587401197468,1,1,1,""
0.25,704,710002704,910004704,strict,0.603908356743713,0.0381708748201614,1,1,1,""
0.25,705,710002705,810004705,naive,0.64323453793453,0.0332859617446497,1,1,1,""
0.25,705,710002705,910004705,strict,0.64323453793453,0.0338161905275171,1,1,1,""
0.25,706,710002706,810004706,naive,0.603823875797915,0.0343872904409789,1,1,1,""
0.25,706,710002706,910004706,strict,0.603823875797915,0.0338167227376237,1,1,1,""
0.25,707,710002707,810004707,naive,0.595683829327423,0.0316192339850944,1,1,1,""
0.25,707,710002707,910004707,strict,0.595683829327423,0.0355551990887462,1,1,1,""
0.25,708,710002708,810004708,naive,0.587865915075882,0.033335154927476,1,1,1,""
0.25,708,710002708,910004708,strict,0.587865915075882,0.038226274819323,1,1,1,""
0.25,709,710002709,810004709,naive,0.643110647919803,0.0305878004863553,1,1,1,""
0.25,709,710002709,910004709,strict,0.643110647919803,0.0342234888432514,1,1,1,""
0.25,710,710002710,810004710,naive,0.573011789144541,0.0372405096734054,1,1,1,""
0.25,710,710002710,910004710,strict,0.573011789144541,0.0334229077052696,1,1,1,""
0.25,711,710002711,810004711,naive,0.576621182785759,0.0377613830087875,1,1,1,""
0.25,711,710002711,910004711,strict,0.576621182785759,0.033247262756792,1,1,1,""
0.25,712,710002712,810004712,naive,0.617507264469405,0.0311736044092095,1,1,1,""
0.25,712,710002712,910004712,strict,0.617507264469405,0.0333996099252538,1,1,1,""
0.25,713,710002713,810004713,naive,0.621321666196156,0.0332713114219354,1,1,1,""
0.25,713,710002713,910004713,strict,0.621321666196156,0.0371481854246317,1,1,1,""
0.25,714,710002714,810004714,naive,0.555835694407025,0.0331342481393403,1,0,1,""
0.25,714,710002714,910004714,strict,0.555835694407025,0.0342287804168975,1,0,1,""
0.25,715,710002715,810004715,naive,0.554428448805666,0.0368154080942054,1,0,1,""
0.25,715,710002715,910004715,strict,0.554428448805666,0.0353257861723805,1,0,1,""
0.25,716,710002716,810004716,naive,0.585082425333554,0.0245905559540569,1,1,1,""
0.25,716,710002716,910004716,strict,0.585082425333554,0.0279855304077835,1,1,1,""
0.25,717,710002717,810004717,naive,0.649988557429535,0.0395407663410553,1,1,1,""
0.25,717,710002717,910004717,strict,0.649988557429535,0.0413026456772567,1,1,1,""
0.25,718,710002718,810004718,naive,0.602840907508409,0.035581991733214,1,1,1,""
0.25,718,710002718,910004718,strict,0.602840907508409,0.0315555636715337,1,1,1,""
0.25,719,710002719,810004719,naive,0.644224972312297,0.0304940527368767,1,1,1,""
0.25,719,710002719,910004719,strict,0.644224972312297,0.0292919051290424,1,1,1,""
0.25,720,710002720,810004720,naive,0.563620958372153,0.0325839405397553,1,0,1,""
0.25,720,710002720,910004720,strict,0.563620958372153,0.0281833350459874,1,1,1,""
0.25,721,710002721,810004721,naive,0.574945215339982,0.0341256282115344,1,1,1,""
0.25,721,710002721,910004721,strict,0.574945215339982,0.0325092008502865,1,1,1,""
0.25,722,710002722,810004722,naive,0.588558755112324,0.0346657052577472,1,1,1,""
0.25,722,710002722,910004722,strict,0.588558755112324,0.0349071397938555,1,1,1,""
0.25,723,710002723,810004723,naive,0.653399882781291,0.0333081405891293,1,1,1,""
0.25,723,710002723,910004723,strict,0.653399882781291,0.0330306369552607,1,1,1,""
0.25,724,710002724,810004724,naive,0.599184063844086,0.0364869557790723,1,1,1,""
0.25,724,710002724,910004724,strict,0.599184063844086,0.0360495673994582,1,1,1,""
0.25,725,710002725,810004725,naive,0.626211496473363,0.0386097840024336,1,1,1,""
0.25,725,710002725,910004725,strict,0.626211496473363,0.036842186617987,1,1,1,""
0.25,726,710002726,810004726,naive,0.627723010495919,0.0334273135346065,1,1,1,""
0.25,726,710002726,910004726,strict,0.627723010495919,0.0334407884080267,1,1,1,""
0.25,727,710002727,810004727,naive,0.54148474911966,0.0375864723987322,1,0,1,""
0.25,727,710002727,910004727,strict,0.54148474911966,0.0364797078007063,0,0,1,""
0.25,728,710002728,810004728,naive,0.612187122656684,0.029867968390141,1,1,1,""
0.25,728,710002728,910004728,strict,0.612187122656684,0.0340087671887399,1,1,1,""
0.25,729,710002729,810004729,naive,0.638876030810286,0.0343395040765307,1,1,1,""
0.25,729,710002729,910004729,strict,0.638876030810286,0.0346600558927478,1,1,1,""
0.25,730,710002730,810004730,naive,0.595839065519834,0.03044859479945,1,1,1,""
0.25,730,710002730,910004730,strict,0.595839065519834,0.0375944081631139,1,1,1,""
0.25,731,710002731,810004731,naive,0.601348323573191,0.0329713242061595,1,1,1,""
0.25,731,710002731,910004731,strict,0.601348323573191,0.0292804897157084,1,1,1,""
0.25,732,710002732,810004732,naive,0.613781732115738,0.033150834959163,1,1,1,""
0.25,732,710002732,910004732,strict,0.613781732115738,0.029837361321006,1,1,1,""
0.25,733,710002733,810004733,naive,0.601397164968969,0.0293589432030916,1,1,1,""
0.25,733,710002733,910004733,strict,0.601397164968969,0.0382432191670357,1,1,1,""
0.25,734,710002734,810004734,naive,0.58983249210901,0.0331969978711598,1,1,1,""
0.25,734,710002734,910004734,strict,0.58983249210901,0.0325005662423275,1,1,1,""
0.25,735,710002735,810004735,naive,0.576983865936131,0.0321138438673167,1,1,1,""
0.25,735,710002735,910004735,strict,0.576983865936131,0.0361507080590135,1,1,1,""
0.25,736,710002736,810004736,naive,0.613255167441725,0.0387811405857637,1,1,1,""
0.25,736,710002736,910004736,strict,0.613255167441725,0.0369816830800546,1,1,1,""
0.25,737,710002737,810004737,naive,0.616750465901509,0.040141775021303,1,1,1,""
0.25,737,710002737,910004737,strict,0.616750465901509,0.0359711321797599,1,1,1,""
0.25,738,710002738,810004738,naive,0.597029812107295,0.0374810655960545,1,1,1,""
0.25,738,710002738,910004738,strict,0.597029812107295,0.0352694764169909,1,1,1,""
0.25,739,710002739,810004739,naive,0.586669674923643,0.0330399691883038,1,1,1,""
0.25,739,710002739,910004739,strict,0.586669674923643,0.0338056503556374,1,1,1,""
0.25,740,710002740,810004740,naive,0.576654767166798,0.043765906998757,1,0,1,""
0.25,740,710002740,910004740,strict,0.576654767166798,0.0433948573864735,1,0,1,""
0.25,741,710002741,810004741,naive,0.625520349655442,0.0285917528398753,1,1,1,""
0.25,741,710002741,910004741,strict,0.625520349655442,0.0315634559386435,1,1,1,""
0.25,742,710002742,810004742,naive,0.626228928873503,0.0397790500487851,1,1,1,""
0.25,742,710002742,910004742,strict,0.626228928873503,0.0361054556217242,1,1,1,""
0.25,743,710002743,810004743,naive,0.668767506214648,0.0297741727004583,1,1,1,""
0.25,743,710002743,910004743,strict,0.668767506214648,0.0307831895682083,1,1,1,""
0.25,744,710002744,810004744,naive,0.618567370541873,0.030268559531816,1,1,1,""
0.25,744,710002744,910004744,strict,0.618567370541873,0.0278631822980447,1,1,1,""
0.25,745,710002745,810004745,naive,0.634383787239905,0.0313589876768435,1,1,1,""
0.25,745,710002745,910004745,strict,0.634383787239905,0.0334325885536603,1,1,1,""
0.25,746,710002746,810004746,naive,0.647871409037794,0.0353780365281247,1,1,1,""
0.25,746,710002746,910004746,strict,0.647871409037794,0.0331259043301775,1,1,1,""
0.25,747,710002747,810004747,naive,0.599080965607879,0.0364428095729074,1,1,1,""
0.25,747,710002747,910004747,strict,0.599080965607879,0.0333172207924311,1,1,1,""
0.25,748,710002748,810004748,naive,0.605614621604984,0.0405009007832014,1,1,1,""
0.25,748,710002748,910004748,strict,0.605614621604984,0.0338431853735826,1,1,1,""
0.25,749,710002749,810004749,naive,0.64208451502598,0.0280108744633886,1,1,1,""
0.25,749,710002749,910004749,strict,0.64208451502598,0.0279699109298893,1,1,1,""
0.25,750,710002750,810004750,naive,0.605731985921127,0.0388663125746999,1,1,1,""
0.25,750,710002750,910004750,strict,0.605731985921127,0.0334142286022536,1,1,1,""
0.25,751,710002751,810004751,naive,0.595623512700206,0.0358066207519762,1,1,1,""
0.25,751,710002751,910004751,strict,0.595623512700206,0.0386850583565984,1,1,1,""
0.25,752,710002752,810004752,naive,0.614489241778889,0.0309359506198254,1,1,1,""
0.25,752,710002752,910004752,strict,0.614489241778889,0.0336469338710551,1,1,1,""
0.25,753,710002753,810004753,naive,0.622625630822603,0.037599871841452,1,1,1,""
0.25,753,710002753,910004753,strict,0.622625630822603,0.0365535906803171,1,1,1,""
0.25,754,710002754,810004754,naive,0.61912587575096,0.0340687779280539,1,1,1,""
0.25,754,710002754,910004754,strict,0.61912587575096,0.0330908072084937,1,1,1,""
0.25,755,710002755,810004755,naive,0.602500041745145,0.0350272933603903,1,1,1,""
0.25,755,710002755,910004755,strict,0.602500041745145,0.0331226179914342,1,1,1,""
0.25,756,710002756,810004756,naive,0.629307313302129,0.0336289633431956,1,1,1,""
0.25,756,710002756,910004756,strict,0.629307313302129,0.0355069502268718,1,1,1,""
0.25,757,710002757,810004757,naive,0.626479712265032,0.0298699926666989,1,1,1,""
0.25,757,710002757,910004757,strict,0.626479712265032,0.0364515831492646,1,1,1,""
0.25,758,710002758,810004758,naive,0.618936275014088,0.0338629234418193,1,1,1,""
0.25,758,710002758,910004758,strict,0.618936275014088,0.0342011566068845,1,1,1,""
0.25,759,710002759,810004759,naive,0.629906164423477,0.0355951160611363,1,1,1,""
0.25,759,710002759,910004759,strict,0.629906164423477,0.0330688099183786,1,1,1,""
0.25,760,710002760,810004760,naive,0.570404812265222,0.042114765535851,1,0,1,""
0.25,760,710002760,910004760,strict,0.570404812265222,0.036182599576279,1,0,1,""
0.25,761,710002761,810004761,naive,0.599004785496866,0.0386507319114063,1,1,1,""
0.25,761,710002761,910004761,strict,0.599004785496866,0.0404261082154825,1,1,1,""
0.25,762,710002762,810004762,naive,0.560089919280224,0.0316911582347838,1,0,1,""
0.25,762,710002762,910004762,strict,0.560089919280224,0.0311158693992792,1,0,1,""
0.25,763,710002763,810004763,naive,0.620060494930122,0.03359456008586,1,1,1,""
0.25,763,710002763,910004763,strict,0.620060494930122,0.0318722202304564,1,1,1,""
0.25,764,710002764,810004764,naive,0.59669101859548,0.0332776485960842,1,1,1,""
0.25,764,710002764,910004764,strict,0.59669101859548,0.0362728983319447,1,1,1,""
0.25,765,710002765,810004765,naive,0.668602289076674,0.0313056829437604,1,1,1,""
0.25,765,710002765,910004765,strict,0.668602289076674,0.0346330542163934,1,1,1,""
0.25,766,710002766,810004766,naive,0.574929788403813,0.0368794525865646,1,1,1,""
0.25,766,710002766,910004766,strict,0.574929788403813,0.0336022842663302,1,1,1,""
0.25,767,710002767,810004767,naive,0.642102428754875,0.0335993023220798,1,1,1,""
0.25,767,710002767,910004767,strict,0.642102428754875,0.0268119323598724,1,1,1,""
0.25,768,710002768,810004768,naive,0.653705483247171,0.033967750940682,1,1,1,""
0.25,768,710002768,910004768,strict,0.653705483247171,0.0348757932467899,1,1,1,""
0.25,769,710002769,810004769,naive,0.586332939428412,0.0319931774035291,1,1,1,""
0.25,769,710002769,910004769,strict,0.586332939428412,0.035236991768403,1,1,1,""
0.25,770,710002770,810004770,naive,0.625506092667658,0.0282396467991039,1,1,1,""
0.25,770,710002770,910004770,strict,0.625506092667658,0.0315151813053339,1,1,1,""
0.25,771,710002771,810004771,naive,0.609401927891374,0.0337167977450199,1,1,1,""
0.25,771,710002771,910004771,strict,0.609401927891374,0.0303795320257645,1,1,1,""
0.25,772,710002772,810004772,naive,0.609019894679092,0.0376233106202248,1,1,1,""
0.25,772,710002772,910004772,strict,0.609019894679092,0.036549215598424,1,1,1,""
0.25,773,710002773,810004773,naive,0.648367045269216,0.0288221998888474,1,1,1,""
0.25,773,710002773,910004773,strict,0.648367045269216,0.0281149643878704,1,1,1,""
0.25,774,710002774,810004774,naive,0.587586598995202,0.0336124942840795,1,1,1,""
0.25,774,710002774,910004774,strict,0.587586598995202,0.0305622738514074,1,1,1,""
0.25,775,710002775,810004775,naive,0.583710653493605,0.0351306821512047,1,1,1,""
0.25,775,710002775,910004775,strict,0.583710653493605,0.037843047700709,1,1,1,""
0.25,776,710002776,810004776,naive,0.589484761320087,0.0377056068856759,1,1,1,""
0.25,776,710002776,910004776,strict,0.589484761320087,0.0393956364351161,1,1,1,""
0.25,777,710002777,810004777,naive,0.626124753433605,0.0390222980996201,1,1,1,""
0.25,777,710002777,910004777,strict,0.626124753433605,0.0414939593437764,1,1,1,""
0.25,778,710002778,810004778,naive,0.63786658742716,0.0379289673900633,1,1,1,""
0.25,778,710002778,910004778,strict,0.63786658742716,0.0369398554572922,1,1,1,""
0.25,779,710002779,810004779,naive,0.606293223962607,0.0352574971241143,1,1,1,""
0.25,779,710002779,910004779,strict,0.606293223962607,0.0392402919576103,1,1,1,""
0.25,780,710002780,810004780,naive,0.626440267783615,0.0311340707857968,1,1,1,""
0.25,780,710002780,910004780,strict,0.626440267783615,0.0345505253981272,1,1,1,""
0.25,781,710002781,810004781,naive,0.569252196042421,0.0386158178361498,1,0,1,""
0.25,781,710002781,910004781,strict,0.569252196042421,0.0376019258056022,1,0,1,""
0.25,782,710002782,810004782,naive,0.630706544051466,0.0370639500649584,1,1,1,""
0.25,782,710002782,910004782,strict,0.630706544051466,0.0305843158621388,1,1,1,""
0.25,783,710002783,810004783,naive,0.611189251155662,0.0361417418750448,1,1,1,""
0.25,783,710002783,910004783,strict,0.611189251155662,0.0330482847413887,1,1,1,""
0.25,784,710002784,810004784,naive,0.612703705244977,0.0291837353508775,1,1,1,""
0.25,784,710002784,910004784,strict,0.612703705244977,0.0314756855945294,1,1,1,""
0.25,785,710002785,810004785,naive,0.618030497258342,0.0337752079140448,1,1,1,""
0.25,785,710002785,910004785,strict,0.618030497258342,0.0360343712861818,1,1,1,""
0.25,786,710002786,810004786,naive,0.654291574847176,0.0300411871665541,1,1,1,""
0.25,786,710002786,910004786,strict,0.654291574847176,0.0291496976946798,1,1,1,""
0.25,787,710002787,810004787,naive,0.619140746257285,0.0333023409781174,1,1,1,""
0.25,787,710002787,910004787,strict,0.619140746257285,0.0329455115603598,1,1,1,""
0.25,788,710002788,810004788,naive,0.544742911634849,0.0337409199950329,0,0,1,""
0.25,788,710002788,910004788,strict,0.544742911634849,0.0345750312115931,0,0,1,""
0.25,789,710002789,810004789,naive,0.658993707751472,0.0242330672247827,1,1,1,""
0.25,789,710002789,910004789,strict,0.658993707751472,0.0271314254359968,1,1,1,""
0.25,790,710002790,810004790,naive,0.603744320322434,0.036952348716126,1,1,1,""
0.25,790,710002790,910004790,strict,0.603744320322434,0.0341322147641209,1,1,1,""
0.25,791,710002791,810004791,naive,0.604570551202858,0.0380783085675974,1,1,1,""
0.25,791,710002791,910004791,strict,0.604570551202858,0.0334069828215403,1,1,1,""
0.25,792,710002792,810004792,naive,0.537163007106451,0.0321000578319731,0,0,1,""
0.25,792,710002792,910004792,strict,0.537163007106451,0.0361640335654007,0,0,1,""
0.25,793,710002793,810004793,naive,0.628075753905867,0.0335843918294425,1,1,1,""
0.25,793,710002793,910004793,strict,0.628075753905867,0.0344296049511489,1,1,1,""
0.25,794,710002794,810004794,naive,0.626438574407815,0.032039647011978,1,1,1,""
0.25,794,710002794,910004794,strict,0.626438574407815,0.0308122143738674,1,1,1,""
0.25,795,710002795,810004795,naive,0.573484321263932,0.0330258445002257,1,1,1,""
0.25,795,710002795,910004795,strict,0.573484321263932,0.0391193837962152,1,0,1,""
0.25,796,710002796,810004796,naive,0.616167757013213,0.0326807202583153,1,1,1,""
0.25,796,710002796,910004796,strict,0.616167757013213,0.0314761773333613,1,1,1,""
0.25,797,710002797,810004797,naive,0.61675975935369,0.0366104639217368,1,1,1,""
0.25,797,710002797,910004797,strict,0.61675975935369,0.0377744115148821,1,1,1,""
0.25,798,710002798,810004798,naive,0.6137837749997,0.035839053873369,1,1,1,""
0.25,798,710002798,910004798,strict,0.6137837749997,0.0374069841868015,1,1,1,""
0.25,799,710002799,810004799,naive,0.672916176376977,0.0296813574668767,0,1,1,""
0.25,799,710002799,910004799,strict,0.672916176376977,0.0275057752343275,0,1,1,""
0.25,800,710002800,810004800,naive,0.570188879190335,0.0352499279798323,1,1,1,""
0.25,800,710002800,910004800,strict,0.570188879190335,0.0379861285525556,1,0,1,""
0.25,801,710002801,810004801,naive,0.662909849392868,0.0292768890747047,1,1,1,""
0.25,801,710002801,910004801,strict,0.662909849392868,0.0315512582080713,1,1,1,""
0.25,802,710002802,810004802,naive,0.623457515345049,0.0318204643828638,1,1,1,""
0.25,802,710002802,910004802,strict,0.623457515345049,0.0353580912815348,1,1,1,""
0.25,803,710002803,810004803,naive,0.676330227418561,0.0302623932782958,0,1,1,""
0.25,803,710002803,910004803,strict,0.676330227418561,0.03323498314131,1,1,1,""
0.25,804,710002804,810004804,naive,0.59913422224435,0.0346466392554553,1,1,1,""
0.25,804,710002804,910004804,strict,0.59913422224435,0.0330326402465864,1,1,1,""
0.25,805,710002805,810004805,naive,0.616935744102463,0.0390565867497643,1,1,1,""
0.25,805,710002805,910004805,strict,0.616935744102463,0.0374965201846895,1,1,1,""
0.25,806,710002806,810004806,naive,0.586303237064844,0.0276326531921159,1,1,1,""
0.25,806,710002806,910004806,strict,0.586303237064844,0.0367497004783691,1,1,1,""
0.25,807,710002807,810004807,naive,0.594689809578035,0.0335498381027493,1,1,1,""
0.25,807,710002807,910004807,strict,0.594689809578035,0.0374469561567409,1,1,1,""
0.25,808,710002808,810004808,naive,0.591135690034024,0.032403159949462,1,1,1,""
0.25,808,710002808,910004808,strict,0.591135690034024,0.0347715539440522,1,1,1,""
0.25,809,710002809,810004809,naive,0.639497612035922,0.0364283628245481,1,1,1,""
0.25,809,710002809,910004809,strict,0.639497612035922,0.0330457174585316,1,1,1,""
0.25,810,710002810,810004810,naive,0.652805745086973,0.0330059258676133,1,1,1,""
0.25,810,710002810,910004810,strict,0.652805745086973,0.030556730672544,1,1,1,""
0.25,811,710002811,810004811,naive,0.599655383472638,0.0292244127248632,1,1,1,""
0.25,811,710002811,910004811,strict,0.599655383472638,0.0314201228902431,1,1,1,""
0.25,812,710002812,810004812,naive,0.661661121189202,0.0346677135587476,1,1,1,""
0.25,812,710002812,910004812,strict,0.661661121189202,0.0310033982356495,1,1,1,""
0.25,813,710002813,810004813,naive,0.602445006636473,0.0289770454925435,1,1,1,""
0.25,813,710002813,910004813,strict,0.602445006636473,0.0317584416898795,1,1,1,""
0.25,814,710002814,810004814,naive,0.614792182387648,0.0339686025659798,1,1,1,""
0.25,814,710002814,910004814,strict,0.614792182387648,0.0342135996462099,1,1,1,""
0.25,815,710002815,810004815,naive,0.615371071301023,0.0389076074686472,1,1,1,""
0.25,815,710002815,910004815,strict,0.615371071301023,0.0348462643696349,1,1,1,""
0.25,816,710002816,810004816,naive,0.561885799351532,0.0336413701377326,1,0,1,""
0.25,816,710002816,910004816,strict,0.561885799351532,0.0309768980582106,1,1,1,""
0.25,817,710002817,810004817,naive,0.552488757094295,0.0327331787993201,1,0,1,""
0.25,817,710002817,910004817,strict,0.552488757094295,0.0329878123761948,1,0,1,""
0.25,818,710002818,810004818,naive,0.644591045287831,0.0307179515215259,1,1,1,""
0.25,818,710002818,910004818,strict,0.644591045287831,0.0365832469168943,1,1,1,""
0.25,819,710002819,810004819,naive,0.618235035349923,0.0359721701735364,1,1,1,""
0.25,819,710002819,910004819,strict,0.618235035349923,0.0292013859744818,1,1,1,""
0.25,820,710002820,810004820,naive,0.646197637914276,0.0304596269304671,1,1,1,""
0.25,820,710002820,910004820,strict,0.646197637914276,0.0341856640267483,1,1,1,""
0.25,821,710002821,810004821,naive,0.553401218746525,0.0352737198129735,1,0,1,""
0.25,821,710002821,910004821,strict,0.553401218746525,0.0422772339076714,1,0,1,""
0.25,822,710002822,810004822,naive,0.642872302745614,0.035432350057318,1,1,1,""
0.25,822,710002822,910004822,strict,0.642872302745614,0.0318311298206034,1,1,1,""
0.25,823,710002823,810004823,naive,0.594283766103878,0.0344051786313905,1,1,1,""
0.25,823,710002823,910004823,strict,0.594283766103878,0.0378890656100097,1,1,1,""
0.25,824,710002824,810004824,naive,0.617343452954457,0.0304780273570132,1,1,1,""
0.25,824,710002824,910004824,strict,0.617343452954457,0.0350370625389659,1,1,1,""
0.25,825,710002825,810004825,naive,0.609446646004504,0.0294051147229102,1,1,1,""
0.25,825,710002825,910004825,strict,0.609446646004504,0.0284076331540597,1,1,1,""
0.25,826,710002826,810004826,naive,0.616646280760739,0.0364020699999616,1,1,1,""
0.25,826,710002826,910004826,strict,0.616646280760739,0.0356321357007862,1,1,1,""
0.25,827,710002827,810004827,naive,0.580946310266138,0.0359876924408886,1,1,1,""
0.25,827,710002827,910004827,strict,0.580946310266138,0.0333995253148311,1,1,1,""
0.25,828,710002828,810004828,naive,0.668143243018764,0.028813251339578,1,1,1,""
0.25,828,710002828,910004828,strict,0.668143243018764,0.0341185485607075,1,1,1,""
0.25,829,710002829,810004829,naive,0.604098533908999,0.0321198587860865,1,1,1,""
0.25,829,710002829,910004829,strict,0.604098533908999,0.0303987905305429,1,1,1,""
0.25,830,710002830,810004830,naive,0.567723124964295,0.0281757503770823,1,1,1,""
0.25,830,710002830,910004830,strict,0.567723124964295,0.0325080306296228,1,1,1,""
0.25,831,710002831,810004831,naive,0.59803683674208,0.0408118633915401,1,1,1,""
0.25,831,710002831,910004831,strict,0.59803683674208,0.0377248096580704,1,1,1,""
0.25,832,710002832,810004832,naive,0.536222461750798,0.0379181970503187,0,0,1,""
0.25,832,710002832,910004832,strict,0.536222461750798,0.0343540511518471,0,0,1,""
0.25,833,710002833,810004833,naive,0.621330741608212,0.0336273297447024,1,1,1,""
0.25,833,710002833,910004833,strict,0.621330741608212,0.0331472795510735,1,1,1,""
0.25,834,710002834,810004834,naive,0.623752308607628,0.0339963357707046,1,1,1,""
0.25,834,710002834,910004834,strict,0.623752308607628,0.0302046467307261,1,1,1,""
0.25,835,710002835,810004835,naive,0.615176411205036,0.0363366661502161,1,1,1,""
0.25,835,710002835,910004835,strict,0.615176411205036,0.0338981827356915,1,1,1,""
0.25,836,710002836,810004836,naive,0.53971145651803,0.037653873670775,1,0,1,""
0.25,836,710002836,910004836,strict,0.53971145651803,0.0330403440834291,0,0,1,""
0.25,837,710002837,810004837,naive,0.635822743814303,0.0339759527364116,1,1,1,""
0.25,837,710002837,910004837,strict,0.635822743814303,0.0329341939201747,1,1,1,""
0.25,838,710002838,810004838,naive,0.583609021553854,0.0361505463001541,1,1,1,""
0.25,838,710002838,910004838,strict,0.583609021553854,0.0369118688290409,1,1,1,""
0.25,839,710002839,810004839,naive,0.580571273883985,0.0373604542353232,1,1,1,""
0.25,839,710002839,910004839,strict,0.580571273883985,0.0402862836207148,1,1,1,""
0.25,840,710002840,810004840,naive,0.644904217753777,0.032192658486308,1,1,1,""
0.25,840,710002840,910004840,strict,0.644904217753777,0.032316107717329,1,1,1,""
0.25,841,710002841,810004841,naive,0.613877274612014,0.035507137040736,1,1,1,""
0.25,841,710002841,910004841,strict,0.613877274612014,0.0318775094075178,1,1,1,""
0.25,842,710002842,810004842,naive,0.611913172512208,0.02973752108853,1,1,1,""
0.25,842,710002842,910004842,strict,0.611913172512208,0.0326251811923237,1,1,1,""
0.25,843,710002843,810004843,naive,0.515931539024341,0.03538288837004,0,0,1,""
0.25,843,710002843,910004843,strict,0.515931539024341,0.0372791241985572,0,0,1,""
0.25,844,710002844,810004844,naive,0.627011780776467,0.0289701983265126,1,1,1,""
0.25,844,710002844,910004844,strict,0.627011780776467,0.0275359896515231,1,1,1,""
0.25,845,710002845,810004845,naive,0.63343514085909,0.0325363715857319,1,1,1,""
0.25,845,710002845,910004845,strict,0.63343514085909,0.0339214064441894,1,1,1,""
0.25,846,710002846,810004846,naive,0.597964822167736,0.0344470614456789,1,1,1,""
0.25,846,710002846,910004846,strict,0.597964822167736,0.0336584323669841,1,1,1,""
0.25,847,710002847,810004847,naive,0.602728633616549,0.0383698509478992,1,1,1,""
0.25,847,710002847,910004847,strict,0.602728633616549,0.0338036522070365,1,1,1,""
0.25,848,710002848,810004848,naive,0.650193042852765,0.0337129540352299,1,1,1,""
0.25,848,710002848,910004848,strict,0.650193042852765,0.0358902486813481,1,1,1,""
0.25,849,710002849,810004849,naive,0.584191831511401,0.0336060694427461,1,1,1,""
0.25,849,710002849,910004849,strict,0.584191831511401,0.0375263878414227,1,1,1,""
0.25,850,710002850,810004850,naive,0.596864282784958,0.0291828167303729,1,1,1,""
0.25,850,710002850,910004850,strict,0.596864282784958,0.031509010806301,1,1,1,""
0.25,851,710002851,810004851,naive,0.633030866437889,0.0323520409790735,1,1,1,""
0.25,851,710002851,910004851,strict,0.633030866437889,0.0317964899089049,1,1,1,""
0.25,852,710002852,810004852,naive,0.54216507493908,0.0337084037330863,0,0,1,""
0.25,852,710002852,910004852,strict,0.54216507493908,0.0357508457532951,0,0,1,""
0.25,853,710002853,810004853,naive,0.623563909049354,0.0326337458247587,1,1,1,""
0.25,853,710002853,910004853,strict,0.623563909049354,0.0346019268280743,1,1,1,""
0.25,854,710002854,810004854,naive,0.609939573996859,0.0357133824790176,1,1,1,""
0.25,854,710002854,910004854,strict,0.609939573996859,0.0350972729984094,1,1,1,""
0.25,855,710002855,810004855,naive,0.635407773851984,0.0309333814512874,1,1,1,""
0.25,855,710002855,910004855,strict,0.635407773851984,0.0304708989992427,1,1,1,""
0.25,856,710002856,810004856,naive,0.62379086374349,0.035300002887622,1,1,1,""
0.25,856,710002856,910004856,strict,0.62379086374349,0.0293825799323658,1,1,1,""
0.25,857,710002857,810004857,naive,0.609161989713057,0.0338297196814345,1,1,1,""
0.25,857,710002857,910004857,strict,0.609161989713057,0.0356102853454773,1,1,1,""
0.25,858,710002858,810004858,naive,0.640470747288072,0.0403679377003203,1,1,1,""
0.25,858,710002858,910004858,strict,0.640470747288072,0.0407287936795643,1,1,1,""
0.25,859,710002859,810004859,naive,0.633352461548221,0.0336530893508532,1,1,1,""
0.25,859,710002859,910004859,strict,0.633352461548221,0.0322598293720274,1,1,1,""
0.25,860,710002860,810004860,naive,0.608775721626269,0.0361558771271948,1,1,1,""
0.25,860,710002860,910004860,strict,0.608775721626269,0.0347873988866568,1,1,1,""
0.25,861,710002861,810004861,naive,0.641843944110173,0.0307652967616133,1,1,1,""
0.25,861,710002861,910004861,strict,0.641843944110173,0.0334807657618789,1,1,1,""
0.25,862,710002862,810004862,naive,0.611711562760485,0.0304400399566707,1,1,1,""
0.25,862,710002862,910004862,strict,0.611711562760485,0.0276424259901844,1,1,1,""
0.25,863,710002863,810004863,naive,0.703141706668549,0.0239522149064243,0,1,1,""
0.25,863,710002863,910004863,strict,0.703141706668549,0.0316599816162052,0,1,1,""
0.25,864,710002864,810004864,naive,0.655197130166862,0.0368750109120433,1,1,1,""
0.25,864,710002864,910004864,strict,0.655197130166862,0.0419460357105876,1,1,1,""
0.25,865,710002865,810004865,naive,0.539419317678417,0.0319787115669528,0,0,1,""
0.25,865,710002865,910004865,strict,0.539419317678417,0.0334505566111069,0,0,1,""
0.25,866,710002866,810004866,naive,0.629259308358839,0.027858046073414,1,1,1,""
0.25,866,710002866,910004866,strict,0.629259308358839,0.031703941860208,1,1,1,""
0.25,867,710002867,810004867,naive,0.639372697559395,0.0417865534181999,1,1,1,""
0.25,867,710002867,910004867,strict,0.639372697559395,0.0378736099898354,1,1,1,""
0.25,868,710002868,810004868,naive,0.585820760518079,0.0338701014116414,1,1,1,""
0.25,868,710002868,910004868,strict,0.585820760518079,0.0362804837795491,1,1,1,""
0.25,869,710002869,810004869,naive,0.611902477601704,0.0330752759697164,1,1,1,""
0.25,869,710002869,910004869,strict,0.611902477601704,0.0328932043019478,1,1,1,""
0.25,870,710002870,810004870,naive,0.583081366613325,0.0387277936481384,1,1,1,""
0.25,870,710002870,910004870,strict,0.583081366613325,0.0387924340524767,1,1,1,""
0.25,871,710002871,810004871,naive,0.635707029754844,0.0340537834749407,1,1,1,""
0.25,871,710002871,910004871,strict,0.635707029754844,0.0355682144860496,1,1,1,""
0.25,872,710002872,810004872,naive,0.605281374580025,0.034736546519142,1,1,1,""
0.25,872,710002872,910004872,strict,0.605281374580025,0.0359720420315359,1,1,1,""
0.25,873,710002873,810004873,naive,0.610831342060292,0.0300382344608329,1,1,1,""
0.25,873,710002873,910004873,strict,0.610831342060292,0.0358336110096546,1,1,1,""
0.25,874,710002874,810004874,naive,0.593126133959527,0.0377050131056896,1,1,1,""
0.25,874,710002874,910004874,strict,0.593126133959527,0.0327347268002214,1,1,1,""
0.25,875,710002875,810004875,naive,0.632091596929563,0.0334992064597103,1,1,1,""
0.25,875,710002875,910004875,strict,0.632091596929563,0.0339652623663038,1,1,1,""
0.25,876,710002876,810004876,naive,0.574461049279543,0.0309229887909396,1,1,1,""
0.25,876,710002876,910004876,strict,0.574461049279543,0.0373938237171454,1,1,1,""
0.25,877,710002877,810004877,naive,0.669429176975298,0.0318651750337568,1,1,1,""
0.25,877,710002877,910004877,strict,0.669429176975298,0.0347846883940154,1,1,1,""
0.25,878,710002878,810004878,naive,0.651297186933408,0.0334238002928639,1,1,1,""
0.25,878,710002878,910004878,strict,0.651297186933408,0.0322320920344168,1,1,1,""
0.25,879,710002879,810004879,naive,0.651785422505861,0.0311665054340567,1,1,1,""
0.25,879,710002879,910004879,strict,0.651785422505861,0.0332323985081728,1,1,1,""
0.25,880,710002880,810004880,naive,0.623425890350385,0.0344860277193603,1,1,1,""
0.25,880,710002880,910004880,strict,0.623425890350385,0.0312001235832739,1,1,1,""
0.25,881,710002881,810004881,naive,0.649278782984431,0.0434388687178377,1,1,1,""
0.25,881,710002881,910004881,strict,0.649278782984431,0.0351433080730896,1,1,1,""
0.25,882,710002882,810004882,naive,0.625926269338532,0.0348318073487694,1,1,1,""
0.25,882,710002882,910004882,strict,0.625926269338532,0.032694996039444,1,1,1,""
0.25,883,710002883,810004883,naive,0.595133745838887,0.0304263429033276,1,1,1,""
0.25,883,710002883,910004883,strict,0.595133745838887,0.0309336431740402,1,1,1,""
0.25,884,710002884,810004884,naive,0.636791905144467,0.0376757487903189,1,1,1,""
0.25,884,710002884,910004884,strict,0.636791905144467,0.0360750503903079,1,1,1,""
0.25,885,710002885,810004885,naive,0.561337586851782,0.0365492523010398,1,0,1,""
0.25,885,710002885,910004885,strict,0.561337586851782,0.0354480770747549,1,0,1,""
0.25,886,710002886,810004886,naive,0.621665123987552,0.0363984626470249,1,1,1,""
0.25,886,710002886,910004886,strict,0.621665123987552,0.0352902096486231,1,1,1,""
0.25,887,710002887,810004887,naive,0.597586997372442,0.0330680881242631,1,1,1,""
0.25,887,710002887,910004887,strict,0.597586997372442,0.0302500438002041,1,1,1,""
0.25,888,710002888,810004888,naive,0.582568191203375,0.0281338527004379,1,1,1,""
0.25,888,710002888,910004888,strict,0.582568191203375,0.0331672095989803,1,1,1,""
0.25,889,710002889,810004889,naive,0.658586501641091,0.035556430068958,1,1,1,""
0.25,889,710002889,910004889,strict,0.658586501641091,0.035855498577997,1,1,1,""
0.25,890,710002890,810004890,naive,0.567719596446648,0.0330545898546742,1,1,1,""
0.25,890,710002890,910004890,strict,0.567719596446648,0.0355813054524371,1,0,1,""
0.25,891,710002891,810004891,naive,0.627929295062389,0.0331331200400418,1,1,1,""
0.25,891,710002891,910004891,strict,0.627929295062389,0.0321540130176263,1,1,1,""
0.25,892,710002892,810004892,naive,0.6228533847926,0.0340363511404389,1,1,1,""
0.25,892,710002892,910004892,strict,0.6228533847926,0.0285195344308486,1,1,1,""
0.25,893,710002893,810004893,naive,0.665007162747261,0.0307072587044305,1,1,1,""
0.25,893,710002893,910004893,strict,0.665007162747261,0.0271412788868745,1,1,1,""
0.25,894,710002894,810004894,naive,0.618437507672713,0.0340334229324297,1,1,1,""
0.25,894,710002894,910004894,strict,0.618437507672713,0.0333911651537579,1,1,1,""
0.25,895,710002895,810004895,naive,0.593113686574253,0.0426932804591073,1,1,1,""
0.25,895,710002895,910004895,strict,0.593113686574253,0.039833867778658,1,1,1,""
0.25,896,710002896,810004896,naive,0.580100936936961,0.0273033286767912,1,1,1,""
0.25,896,710002896,910004896,strict,0.580100936936961,0.0317266375169807,1,1,1,""
0.25,897,710002897,810004897,naive,0.60030687769388,0.0413666790558461,1,1,1,""
0.25,897,710002897,910004897,strict,0.60030687769388,0.0400385925553426,1,1,1,""
0.25,898,710002898,810004898,naive,0.619703535086897,0.0317910251956937,1,1,1,""
0.25,898,710002898,910004898,strict,0.619703535086897,0.0326490668186837,1,1,1,""
0.25,899,710002899,810004899,naive,0.650375684371755,0.0293662150149087,1,1,1,""
0.25,899,710002899,910004899,strict,0.650375684371755,0.0312165169775952,1,1,1,""
0.25,900,710002900,810004900,naive,0.627654452724728,0.0314126882243452,1,1,1,""
0.25,900,710002900,910004900,strict,0.627654452724728,0.0360499820956065,1,1,1,""
0.25,901,710002901,810004901,naive,0.597269430346059,0.041780647329074,1,1,1,""
0.25,901,710002901,910004901,strict,0.597269430346059,0.0359410587163699,1,1,1,""
0.25,902,710002902,810004902,naive,0.614401258539879,0.03266991910276,1,1,1,""
0.25,902,710002902,910004902,strict,0.614401258539879,0.0334922167526999,1,1,1,""
0.25,903,710002903,810004903,naive,0.604592442155394,0.0343747959657969,1,1,1,""
0.25,903,710002903,910004903,strict,0.604592442155394,0.035521123102425,1,1,1,""
0.25,904,710002904,810004904,naive,0.544846084322788,0.0344087763107724,0,0,1,""
0.25,904,710002904,910004904,strict,0.544846084322788,0.0364019732853619,1,0,1,""
0.25,905,710002905,810004905,naive,0.632165682843921,0.0289491092913977,1,1,1,""
0.25,905,710002905,910004905,strict,0.632165682843921,0.0329104459765894,1,1,1,""
0.25,906,710002906,810004906,naive,0.674049776002274,0.0333188744644347,1,1,1,""
0.25,906,710002906,910004906,strict,0.674049776002274,0.0299578058595063,0,1,1,""
0.25,907,710002907,810004907,naive,0.633727728070494,0.0308826200528954,1,1,1,""
0.25,907,710002907,910004907,strict,0.633727728070494,0.0303259526056825,1,1,1,""
0.25,908,710002908,810004908,naive,0.599299099509617,0.0329375161694885,1,1,1,""
0.25,908,710002908,910004908,strict,0.599299099509617,0.0340080645594993,1,1,1,""
0.25,909,710002909,810004909,naive,0.580005552255492,0.0358773363891747,1,1,1,""
0.25,909,710002909,910004909,strict,0.580005552255492,0.0307494232009026,1,1,1,""
0.25,910,710002910,810004910,naive,0.532694369039357,0.0400135231856109,0,0,1,""
0.25,910,710002910,910004910,strict,0.532694369039357,0.0396914154344696,0,0,1,""
0.25,911,710002911,810004911,naive,0.621622315760062,0.0316940494188304,1,1,1,""
0.25,911,710002911,910004911,strict,0.621622315760062,0.0299722409950839,1,1,1,""
0.25,912,710002912,810004912,naive,0.57903640711,0.033699042094185,1,1,1,""
0.25,912,710002912,910004912,strict,0.57903640711,0.0343079968288264,1,1,1,""
0.25,913,710002913,810004913,naive,0.5987188989001,0.0350582584624708,1,1,1,""
0.25,913,710002913,910004913,strict,0.5987188989001,0.0317724672146348,1,1,1,""
0.25,914,710002914,810004914,naive,0.631504818654616,0.0331761206464997,1,1,1,""
0.25,914,710002914,910004914,strict,0.631504818654616,0.0333016168446108,1,1,1,""
0.25,915,710002915,810004915,naive,0.663332695114054,0.032881321133914,1,1,1,""
0.25,915,710002915,910004915,strict,0.663332695114054,0.0328670632551218,1,1,1,""
0.25,916,710002916,810004916,naive,0.582683189343428,0.0311847330207782,1,1,1,""
0.25,916,710002916,910004916,strict,0.582683189343428,0.0269375537400135,1,1,1,""
0.25,917,710002917,810004917,naive,0.702614790021701,0.030255877020429,0,1,1,""
0.25,917,710002917,910004917,strict,0.702614790021701,0.0252805953608994,0,1,1,""
0.25,918,710002918,810004918,naive,0.599574190890152,0.0410512309540287,1,1,1,""
0.25,918,710002918,910004918,strict,0.599574190890152,0.035289830047152,1,1,1,""
0.25,919,710002919,810004919,naive,0.59180941376575,0.0327583254579347,1,1,1,""
0.25,919,710002919,910004919,strict,0.59180941376575,0.0386544842832708,1,1,1,""
0.25,920,710002920,810004920,naive,0.561656383777433,0.0298538103107779,1,1,1,""
0.25,920,710002920,910004920,strict,0.561656383777433,0.0324332854155023,1,0,1,""
0.25,921,710002921,810004921,naive,0.641690246053326,0.0327884729746605,1,1,1,""
0.25,921,710002921,910004921,strict,0.641690246053326,0.0330728125703023,1,1,1,""
0.25,922,710002922,810004922,naive,0.629011530884941,0.0294690935071271,1,1,1,""
0.25,922,710002922,910004922,strict,0.629011530884941,0.0273165936021677,1,1,1,""
0.25,923,710002923,810004923,naive,0.632674123446691,0.0353363588107072,1,1,1,""
0.25,923,710002923,910004923,strict,0.632674123446691,0.0353605359121728,1,1,1,""
0.25,924,710002924,810004924,naive,0.630092886122066,0.0312643329782002,1,1,1,""
0.25,924,710002924,910004924,strict,0.630092886122066,0.0299025941503254,1,1,1,""
0.25,925,710002925,810004925,naive,0.624739135941987,0.0334397775485,1,1,1,""
0.25,925,710002925,910004925,strict,0.624739135941987,0.0286768865612102,1,1,1,""
0.25,926,710002926,810004926,naive,0.613324677343246,0.0296177503461335,1,1,1,""
0.25,926,710002926,910004926,strict,0.613324677343246,0.0324879636775459,1,1,1,""
0.25,927,710002927,810004927,naive,0.591981015988736,0.0366763986040042,1,1,1,""
0.25,927,710002927,910004927,strict,0.591981015988736,0.0360239628785171,1,1,1,""
0.25,928,710002928,810004928,naive,0.543094906674571,0.0380861184734119,1,0,1,""
0.25,928,710002928,910004928,strict,0.543094906674571,0.0348228531844204,0,0,1,""
0.25,929,710002929,810004929,naive,0.621088994483844,0.0341793536262536,1,1,1,""
0.25,929,710002929,910004929,strict,0.621088994483844,0.0315327673966487,1,1,1,""
0.25,930,710002930,810004930,naive,0.659303753875333,0.032807330295121,1,1,1,""
0.25,930,710002930,910004930,strict,0.659303753875333,0.0330795600678916,1,1,1,""
0.25,931,710002931,810004931,naive,0.538926884899019,0.0295563028550882,0,0,1,""
0.25,931,710002931,910004931,strict,0.538926884899019,0.0362700510146569,0,0,1,""
0.25,932,710002932,810004932,naive,0.58871280311573,0.0295811589693381,1,1,1,""
0.25,932,710002932,910004932,strict,0.58871280311573,0.0331899768798575,1,1,1,""
0.25,933,710002933,810004933,naive,0.584217464868402,0.028864134616484,1,1,1,""
0.25,933,710002933,910004933,strict,0.584217464868402,0.03023323357931,1,1,1,""
0.25,934,710002934,810004934,naive,0.544955229303011,0.026021934187709,0,0,1,""
0.25,934,710002934,910004934,strict,0.544955229303011,0.0304068574599398,0,0,1,""
0.25,935,710002935,810004935,naive,0.544087061773618,0.0327794750162313,0,0,1,""
0.25,935,710002935,910004935,strict,0.544087061773618,0.0370746367639874,1,0,1,""
0.25,936,710002936,810004936,naive,0.594330515304384,0.033544424564636,1,1,1,""
0.25,936,710002936,910004936,strict,0.594330515304384,0.0395284039608479,1,1,1,""
0.25,937,710002937,810004937,naive,0.60645991217703,0.038035862047799,1,1,1,""
0.25,937,710002937,910004937,strict,0.60645991217703,0.0380279257437544,1,1,1,""
0.25,938,710002938,810004938,naive,0.582416073896163,0.0377721398199095,1,1,1,""
0.25,938,710002938,910004938,strict,0.582416073896163,0.0363990327836768,1,1,1,""
0.25,939,710002939,810004939,naive,0.607939389597651,0.0370171677939349,1,1,1,""
0.25,939,710002939,910004939,strict,0.607939389597651,0.0417838416820527,1,1,1,""
0.25,940,710002940,810004940,naive,0.594656113275221,0.0354404557461182,1,1,1,""
0.25,940,710002940,910004940,strict,0.594656113275221,0.0306144176978756,1,1,1,""
0.25,941,710002941,810004941,naive,0.609784598721445,0.0306823597284691,1,1,1,""
0.25,941,710002941,910004941,strict,0.609784598721445,0.0289620089787824,1,1,1,""
0.25,942,710002942,810004942,naive,0.631453961564831,0.0314302688333046,1,1,1,""
0.25,942,710002942,910004942,strict,0.631453961564831,0.0287512287726559,1,1,1,""
0.25,943,710002943,810004943,naive,0.586692744718701,0.0349878219021369,1,1,1,""
0.25,943,710002943,910004943,strict,0.586692744718701,0.033877049927499,1,1,1,""
0.25,944,710002944,810004944,naive,0.60257749310479,0.0336938916230134,1,1,1,""
0.25,944,710002944,910004944,strict,0.60257749310479,0.0323128153517516,1,1,1,""
0.25,945,710002945,810004945,naive,0.575108160068186,0.0328483872994479,1,1,1,""
0.25,945,710002945,910004945,strict,0.575108160068186,0.0376249059512428,1,1,1,""
0.25,946,710002946,810004946,naive,0.603381412829157,0.0319430590730448,1,1,1,""
0.25,946,710002946,910004946,strict,0.603381412829157,0.0276429369610901,1,1,1,""
0.25,947,710002947,810004947,naive,0.672014359447872,0.0289990396520012,0,1,1,""
0.25,947,710002947,910004947,strict,0.672014359447872,0.0281944896642424,0,1,1,""
0.25,948,710002948,810004948,naive,0.630769160247989,0.0270250964606326,1,1,1,""
0.25,948,710002948,910004948,strict,0.630769160247989,0.0298369262597755,1,1,1,""
0.25,949,710002949,810004949,naive,0.568112135574514,0.0339120664579262,1,1,1,""
0.25,949,710002949,910004949,strict,0.568112135574514,0.0329986765283507,1,1,1,""
0.25,950,710002950,810004950,naive,0.617404256857701,0.0350416016335027,1,1,1,""
0.25,950,710002950,910004950,strict,0.617404256857701,0.0336946726996173,1,1,1,""
0.25,951,710002951,810004951,naive,0.601077548762129,0.0359499236410481,1,1,1,""
0.25,951,710002951,910004951,strict,0.601077548762129,0.0331794468640934,1,1,1,""
0.25,952,710002952,810004952,naive,0.557081704493255,0.0339561609668777,1,0,1,""
0.25,952,710002952,910004952,strict,0.557081704493255,0.0365815758863101,1,0,1,""
0.25,953,710002953,810004953,naive,0.610082455275106,0.0266327350331063,1,1,1,""
0.25,953,710002953,910004953,strict,0.610082455275106,0.0298887311987751,1,1,1,""
0.25,954,710002954,810004954,naive,0.620361058578135,0.0301092891686658,1,1,1,""
0.25,954,710002954,910004954,strict,0.620361058578135,0.0306259962568288,1,1,1,""
0.25,955,710002955,810004955,naive,0.611564922989715,0.0337207708903113,1,1,1,""
0.25,955,710002955,910004955,strict,0.611564922989715,0.0314018425679334,1,1,1,""
0.25,956,710002956,810004956,naive,0.594896799771495,0.0365398790198669,1,1,1,""
0.25,956,710002956,910004956,strict,0.594896799771495,0.0340595162789664,1,1,1,""
0.25,957,710002957,810004957,naive,0.638195664305851,0.0273079763136194,1,1,1,""
0.25,957,710002957,910004957,strict,0.638195664305851,0.0335463472482662,1,1,1,""
0.25,958,710002958,810004958,naive,0.589717197046262,0.0357658082024679,1,1,1,""
0.25,958,710002958,910004958,strict,0.589717197046262,0.0351956727314502,1,1,1,""
0.25,959,710002959,810004959,naive,0.542280198564606,0.0364057439100973,1,0,1,""
0.25,959,710002959,910004959,strict,0.542280198564606,0.0335027617134903,0,0,1,""
0.25,960,710002960,810004960,naive,0.627216952353993,0.0339514104817255,1,1,1,""
0.25,960,710002960,910004960,strict,0.627216952353993,0.0269883966920161,1,1,1,""
0.25,961,710002961,810004961,naive,0.638987296967844,0.0273775202754005,1,1,1,""
0.25,961,710002961,910004961,strict,0.638987296967844,0.0272971604995735,1,1,1,""
0.25,962,710002962,810004962,naive,0.553492976995585,0.0374978445529526,1,0,1,""
0.25,962,710002962,910004962,strict,0.553492976995585,0.0364185389098777,1,0,1,""
0.25,963,710002963,810004963,naive,0.609113824493426,0.0371938856522271,1,1,1,""
0.25,963,710002963,910004963,strict,0.609113824493426,0.0384651160856483,1,1,1,""
0.25,964,710002964,810004964,naive,0.631731546281661,0.0336277098553471,1,1,1,""
0.25,964,710002964,910004964,strict,0.631731546281661,0.0295772612433475,1,1,1,""
0.25,965,710002965,810004965,naive,0.601402792186328,0.0392581621389492,1,1,1,""
0.25,965,710002965,910004965,strict,0.601402792186328,0.0363451020220343,1,1,1,""
0.25,966,710002966,810004966,naive,0.573134963656236,0.0385853833283688,1,0,1,""
0.25,966,710002966,910004966,strict,0.573134963656236,0.039368830718833,1,0,1,""
0.25,967,710002967,810004967,naive,0.610751029323496,0.0391706862965444,1,1,1,""
0.25,967,710002967,910004967,strict,0.610751029323496,0.0365393413636192,1,1,1,""
0.25,968,710002968,810004968,naive,0.593154651353191,0.0341474324290814,1,1,1,""
0.25,968,710002968,910004968,strict,0.593154651353191,0.0347636564789486,1,1,1,""
0.25,969,710002969,810004969,naive,0.553822779494899,0.0336522452974888,1,0,1,""
0.25,969,710002969,910004969,strict,0.553822779494899,0.0339078917316938,1,0,1,""
0.25,970,710002970,810004970,naive,0.607466895087905,0.0311174908223592,1,1,1,""
0.25,970,710002970,910004970,strict,0.607466895087905,0.0326164442707719,1,1,1,""
0.25,971,710002971,810004971,naive,0.633009735809751,0.0347028774803541,1,1,1,""
0.25,971,710002971,910004971,strict,0.633009735809751,0.0339994544710688,1,1,1,""
0.25,972,710002972,810004972,naive,0.581097210878326,0.0304094342164714,1,1,1,""
0.25,972,710002972,910004972,strict,0.581097210878326,0.0323207931566569,1,1,1,""
0.25,973,710002973,810004973,naive,0.620793601054056,0.0371565974729918,1,1,1,""
0.25,973,710002973,910004973,strict,0.620793601054056,0.0378753986725933,1,1,1,""
0.25,974,710002974,810004974,naive,0.563619587581308,0.0344703277291811,1,0,1,""
0.25,974,710002974,910004974,strict,0.563619587581308,0.036828770225026,1,0,1,""
0.25,975,710002975,810004975,naive,0.562215612910963,0.0341519447454943,1,0,1,""
0.25,975,710002975,910004975,strict,0.562215612910963,0.0317324581017694,1,1,1,""
0.25,976,710002976,810004976,naive,0.571639613869206,0.0316952608940981,1,1,1,""
0.25,976,710002976,910004976,strict,0.571639613869206,0.0330614520339647,1,1,1,""
0.25,977,710002977,810004977,naive,0.584949591746986,0.0341545173248694,1,1,1,""
0.25,977,710002977,910004977,strict,0.584949591746986,0.0319683888354424,1,1,1,""
0.25,978,710002978,810004978,naive,0.550211377410459,0.0366102400939132,1,0,1,""
0.25,978,710002978,910004978,strict,0.550211377410459,0.0339413271363576,1,0,1,""
0.25,979,710002979,810004979,naive,0.569355793968659,0.0321467767300069,1,1,1,""
0.25,979,710002979,910004979,strict,0.569355793968659,0.035941632164766,1,0,1,""
0.25,980,710002980,810004980,naive,0.681218535540364,0.0329778165956139,0,1,1,""
0.25,980,710002980,910004980,strict,0.681218535540364,0.0366862343940776,1,1,1,""
0.25,981,710002981,810004981,naive,0.60488440899693,0.0396197402843859,1,1,1,""
0.25,981,710002981,910004981,strict,0.60488440899693,0.0382069265320452,1,1,1,""
0.25,982,710002982,810004982,naive,0.58431410456982,0.0298566224776955,1,1,1,""
0.25,982,710002982,910004982,strict,0.58431410456982,0.0331396722749112,1,1,1,""
0.25,983,710002983,810004983,naive,0.525335305903799,0.032465805646745,0,0,1,""
0.25,983,710002983,910004983,strict,0.525335305903799,0.0367909040097196,0,0,1,""
0.25,984,710002984,810004984,naive,0.628350079253105,0.0285192210048781,1,1,1,""
0.25,984,710002984,910004984,strict,0.628350079253105,0.0306466179606442,1,1,1,""
0.25,985,710002985,810004985,naive,0.648530476036987,0.031322188226238,1,1,1,""
0.25,985,710002985,910004985,strict,0.648530476036987,0.0342555373901227,1,1,1,""
0.25,986,710002986,810004986,naive,0.623260589136109,0.0377448239219746,1,1,1,""
0.25,986,710002986,910004986,strict,0.623260589136109,0.0385484448107312,1,1,1,""
0.25,987,710002987,810004987,naive,0.575631502380672,0.0279638993670143,1,1,1,""
0.25,987,710002987,910004987,strict,0.575631502380672,0.0319078714972517,1,1,1,""
0.25,988,710002988,810004988,naive,0.578388732981982,0.0389938730826513,1,1,1,""
0.25,988,710002988,910004988,strict,0.578388732981982,0.0381925453888413,1,1,1,""
0.25,989,710002989,810004989,naive,0.580080918677235,0.0383078620221481,1,1,1,""
0.25,989,710002989,910004989,strict,0.580080918677235,0.0344454917681889,1,1,1,""
0.25,990,710002990,810004990,naive,0.646716522463653,0.0326689998343182,1,1,1,""
0.25,990,710002990,910004990,strict,0.646716522463653,0.0318782037345211,1,1,1,""
0.25,991,710002991,810004991,naive,0.639967632639916,0.0304664727770096,1,1,1,""
0.25,991,710002991,910004991,strict,0.639967632639916,0.0274393791868388,1,1,1,""
0.25,992,710002992,810004992,naive,0.609601487106911,0.0301553137062854,1,1,1,""
0.25,992,710002992,910004992,strict,0.609601487106911,0.030837678955131,1,1,1,""
0.25,993,710002993,810004993,naive,0.600727453318387,0.0295870407306371,1,1,1,""
0.25,993,710002993,910004993,strict,0.600727453318387,0.0328476320292557,1,1,1,""
0.25,994,710002994,810004994,naive,0.68954593541476,0.028417257805461,0,1,1,""
0.25,994,710002994,910004994,strict,0.68954593541476,0.0296394950529724,0,1,1,""
0.25,995,710002995,810004995,naive,0.604496740851535,0.0368451180554208,1,1,1,""
0.25,995,710002995,910004995,strict,0.604496740851535,0.0363863370502805,1,1,1,""
0.25,996,710002996,810004996,naive,0.590193794628102,0.0299158747064473,1,1,1,""
0.25,996,710002996,910004996,strict,0.590193794628102,0.03604756600187,1,1,1,""
0.25,997,710002997,810004997,naive,0.616572977550766,0.0361447479373666,1,1,1,""
0.25,997,710002997,910004997,strict,0.616572977550766,0.0345283939275071,1,1,1,""
0.25,998,710002998,810004998,naive,0.597492839039398,0.0352798774970713,1,1,1,""
0.25,998,710002998,910004998,strict,0.597492839039398,0.0330869791903769,1,1,1,""
0.25,999,710002999,810004999,naive,0.598104750034631,0.041162516878343,1,1,1,""
0.25,999,710002999,910004999,strict,0.598104750034631,0.0339486122843673,1,1,1,""
0.25,1000,710003000,810005000,naive,0.655319919219849,0.0361990000674399,1,1,1,""
0.25,1000,710003000,910005000,strict,0.655319919219849,0.0344508858009863,1,1,1,""
4,1,710004001,810008001,naive,0.578881675970214,0.0377233181729906,1,1,1,""
4,1,710004001,910008001,strict,0.569597184247298,0.035736201977221,1,0,1,""
4,2,710004002,810008002,naive,0.567881252787674,0.0319601038903842,1,1,1,""
4,2,710004002,910008002,strict,0.57231539276843,0.0344587819243209,1,1,1,""
4,3,710004003,810008003,naive,0.651774479863521,0.0322722282014057,1,1,1,""
4,3,710004003,910008003,strict,0.646066046249631,0.0343668143071406,1,1,1,""
4,4,710004004,810008004,naive,0.628754444090862,0.0320395121787267,1,1,1,""
4,4,710004004,910008004,strict,0.622664605851057,0.0408910711087452,1,1,1,""
4,5,710004005,810008005,naive,0.579455256945665,0.0304218641045431,1,1,1,""
4,5,710004005,910008005,strict,0.581115784840947,0.0324857854134247,1,1,1,""
4,6,710004006,810008006,naive,0.58641106897847,0.0363403544500201,1,1,1,""
4,6,710004006,910008006,strict,0.588304875961227,0.0341988482664374,1,1,1,""
4,7,710004007,810008007,naive,0.667424221017145,0.0292563288982751,1,1,1,""
4,7,710004007,910008007,strict,0.667808793199302,0.0330121675776682,1,1,1,""
4,8,710004008,810008008,naive,0.638646419148561,0.0370665761431999,1,1,1,""
4,8,710004008,910008008,strict,0.636234765759415,0.0378683978987769,1,1,1,""
4,9,710004009,810008009,naive,0.623674445752946,0.0384380557911383,1,1,1,""
4,9,710004009,910008009,strict,0.625013957062159,0.0366478664998081,1,1,1,""
4,10,710004010,810008010,naive,0.617968052506507,0.0314575012129305,1,1,1,""
4,10,710004010,910008010,strict,0.616609064384859,0.0305796846148419,1,1,1,""
4,11,710004011,810008011,naive,0.633225086040815,0.034845914982691,1,1,1,""
4,11,710004011,910008011,strict,0.629837608314783,0.0293541148193143,1,1,1,""
4,12,710004012,810008012,naive,0.670775551138904,0.0317431588018778,1,1,1,""
4,12,710004012,910008012,strict,0.663158094918798,0.0371236075773595,1,1,1,""
4,13,710004013,810008013,naive,0.545963884726377,0.0338343036036444,0,0,1,""
4,13,710004013,910008013,strict,0.542030100432707,0.0320984909247611,0,0,1,""
4,14,710004014,810008014,naive,0.618340201567435,0.0416296514635614,1,1,1,""
4,14,710004014,910008014,strict,0.629373470153518,0.039738524372103,1,1,1,""
4,15,710004015,810008015,naive,0.611162299702179,0.0307172085731737,1,1,1,""
4,15,710004015,910008015,strict,0.613308868751278,0.0287583124578977,1,1,1,""
4,16,710004016,810008016,naive,0.670110543329554,0.0250811327517843,0,1,1,""
4,16,710004016,910008016,strict,0.670609962099991,0.032508027775728,1,1,1,""
4,17,710004017,810008017,naive,0.654480856869458,0.0281598390289202,1,1,1,""
4,17,710004017,910008017,strict,0.658853106170129,0.0291071549495893,1,1,1,""
4,18,710004018,810008018,naive,0.543671962495167,0.034295793126748,0,0,1,""
4,18,710004018,910008018,strict,0.53548557860327,0.0396229902895651,1,0,1,""
4,19,710004019,810008019,naive,0.646173010240425,0.0330286182347844,1,1,1,""
4,19,710004019,910008019,strict,0.645859810428276,0.0361416964907915,1,1,1,""
4,20,710004020,810008020,naive,0.701892485733636,0.0306734481189623,0,1,1,""
4,20,710004020,910008020,strict,0.701977643756283,0.0316376823968415,0,1,1,""
4,21,710004021,810008021,naive,0.625571722338847,0.0300574757929726,1,1,1,""
4,21,710004021,910008021,strict,0.626247275732345,0.030740075805924,1,1,1,""
4,22,710004022,810008022,naive,0.632894458047495,0.0337042863579915,1,1,1,""
4,22,710004022,910008022,strict,0.631905986341279,0.0403854232319783,1,1,1,""
4,23,710004023,810008023,naive,0.589547826793644,0.031886374123411,1,1,1,""
4,23,710004023,910008023,strict,0.586760182137,0.0291234015033414,1,1,1,""
4,24,710004024,810008024,naive,0.593816145707173,0.0345369352515177,1,1,1,""
4,24,710004024,910008024,strict,0.58868577093206,0.0358268204305603,1,1,1,""
4,25,710004025,810008025,naive,0.577549994516755,0.0331751920018,1,1,1,""
4,25,710004025,910008025,strict,0.576703472223496,0.0331053766983847,1,1,1,""
4,26,710004026,810008026,naive,0.623922192106177,0.035795589586129,1,1,1,""
4,26,710004026,910008026,strict,0.629967806597436,0.0309185528338424,1,1,1,""
4,27,710004027,810008027,naive,0.608990084597976,0.0311446545153029,1,1,1,""
4,27,710004027,910008027,strict,0.612316583621434,0.0360308067827691,1,1,1,""
4,28,710004028,810008028,naive,0.582367471578418,0.0355175159908787,1,1,1,""
4,28,710004028,910008028,strict,0.591182770073597,0.0382323266018809,1,1,1,""
4,29,710004029,810008029,naive,0.634332040348906,0.0384681774200688,1,1,1,""
4,29,710004029,910008029,strict,0.632435745655197,0.0370626661228978,1,1,1,""
4,30,710004030,810008030,naive,0.532913448147485,0.0339451497848682,0,0,1,""
4,30,710004030,910008030,strict,0.5200244992403,0.0345926115573153,0,0,1,""
4,31,710004031,810008031,naive,0.568628743099465,0.0296810935151698,1,1,1,""
4,31,710004031,910008031,strict,0.565769546474199,0.0307316526181639,1,1,1,""
4,32,710004032,810008032,naive,0.538056106982873,0.0315210371777453,0,0,1,""
4,32,710004032,910008032,strict,0.54424817875642,0.0302454624036732,0,0,1,""
4,33,710004033,810008033,naive,0.562478169532732,0.0314305516515259,1,1,1,""
4,33,710004033,910008033,strict,0.556974236725071,0.0295527203801945,1,0,1,""
4,34,710004034,810008034,naive,0.574513105382943,0.0353663358833409,1,1,1,""
4,34,710004034,910008034,strict,0.581652442653903,0.0343676586386842,1,1,1,""
4,35,710004035,810008035,naive,0.663363189474247,0.0354270654958355,1,1,1,""
4,35,710004035,910008035,strict,0.692196438321385,0.0342061533572013,0,1,1,""
4,36,710004036,810008036,naive,0.607379887914978,0.0356834848069556,1,1,1,""
4,36,710004036,910008036,strict,0.604485266410431,0.0368600859362166,1,1,1,""
4,37,710004037,810008037,naive,0.574451515911551,0.035640734271575,1,1,1,""
4,37,710004037,910008037,strict,0.576545886279564,0.0390335729677166,1,1,1,""
4,38,710004038,810008038,naive,0.628841342258726,0.0324935930473305,1,1,1,""
4,38,710004038,910008038,strict,0.624061963998801,0.0303279264976103,1,1,1,""
4,39,710004039,810008039,naive,0.641446709833618,0.0300900900197086,1,1,1,""
4,39,710004039,910008039,strict,0.642821045247686,0.0320946418409314,1,1,1,""
4,40,710004040,810008040,naive,0.59666771263417,0.0380227236923524,1,1,1,""
4,40,710004040,910008040,strict,0.592114406083315,0.0348059476498862,1,1,1,""
4,41,710004041,810008041,naive,0.659101606066901,0.0311638433162606,1,1,1,""
4,41,710004041,910008041,strict,0.663824867057129,0.0329602566706482,1,1,1,""
4,42,710004042,810008042,naive,0.662759998960733,0.036032037516343,1,1,1,""
4,42,710004042,910008042,strict,0.667333140335456,0.0384260598889683,1,1,1,""
4,43,710004043,810008043,naive,0.660714701922768,0.031852176639616,1,1,1,""
4,43,710004043,910008043,strict,0.655125565202086,0.0345563610601342,1,1,1,""
4,44,710004044,810008044,naive,0.653892990243509,0.0364875834117578,1,1,1,""
4,44,710004044,910008044,strict,0.654223885011119,0.0345908473769382,1,1,1,""
4,45,710004045,810008045,naive,0.583441303309412,0.0342950949009969,1,1,1,""
4,45,710004045,910008045,strict,0.583930644155404,0.0339708241184049,1,1,1,""
4,46,710004046,810008046,naive,0.636377418136872,0.0347721051586052,1,1,1,""
4,46,710004046,910008046,strict,0.633415480925805,0.0285995358034622,1,1,1,""
4,47,710004047,810008047,naive,0.602156295932636,0.0365444946482369,1,1,1,""
4,47,710004047,910008047,strict,0.60809879596919,0.0378473332399628,1,1,1,""
4,48,710004048,810008048,naive,0.600541179354789,0.0291963599165718,1,1,1,""
4,48,710004048,910008048,strict,0.60019726553155,0.0336213830059345,1,1,1,""
4,49,710004049,810008049,naive,0.596333824244099,0.0371852439014207,1,1,1,""
4,49,710004049,910008049,strict,0.593803504216824,0.0398445744726883,1,1,1,""
4,50,710004050,810008050,naive,0.586617710769462,0.0386170524494901,1,1,1,""
4,50,710004050,910008050,strict,0.597137775388268,0.0338440747404499,1,1,1,""
4,51,710004051,810008051,naive,0.610277193992216,0.0378523107043002,1,1,1,""
4,51,710004051,910008051,strict,0.601888900850076,0.0336421792841454,1,1,1,""
4,52,710004052,810008052,naive,0.641408502472077,0.031808377094433,1,1,1,""
4,52,710004052,910008052,strict,0.636526111438311,0.0285980099347964,1,1,1,""
4,53,710004053,810008053,naive,0.630668254525644,0.0308984705349555,1,1,1,""
4,53,710004053,910008053,strict,0.626766569213685,0.0322940066591118,1,1,1,""
4,54,710004054,810008054,naive,0.571523484763569,0.035400916802347,1,1,1,""
4,54,710004054,910008054,strict,0.573040924954928,0.0327326117259345,1,1,1,""
4,55,710004055,810008055,naive,0.637312494814636,0.033413749246801,1,1,1,""
4,55,710004055,910008055,strict,0.631761210685033,0.0352622844662914,1,1,1,""
4,56,710004056,810008056,naive,0.612045333270091,0.0312100029511008,1,1,1,""
4,56,710004056,910008056,strict,0.610510712304692,0.0316636691880239,1,1,1,""
4,57,710004057,810008057,naive,0.601385780442623,0.0328011252568471,1,1,1,""
4,57,710004057,910008057,strict,0.604736403572517,0.033760018567038,1,1,1,""
4,58,710004058,810008058,naive,0.571443874218072,0.032133534625018,1,1,1,""
4,58,710004058,910008058,strict,0.572907675047807,0.0316293971541614,1,1,1,""
4,59,710004059,810008059,naive,0.598280422252923,0.037455932703096,1,1,1,""
4,59,710004059,910008059,strict,0.592276335720792,0.03337943259657,1,1,1,""
4,60,710004060,810008060,naive,0.62686948956993,0.0416564543087277,1,1,1,""
4,60,710004060,910008060,strict,0.620762241933487,0.0415630664947648,1,1,1,""
4,61,710004061,810008061,naive,0.627157344810198,0.0318521539106667,1,1,1,""
4,61,710004061,910008061,strict,0.633290049075375,0.035933467740042,1,1,1,""
4,62,710004062,810008062,naive,0.671111909075182,0.0328184826679116,1,1,1,""
4,62,710004062,910008062,strict,0.666278399780277,0.0329456218811495,1,1,1,""
4,63,710004063,810008063,naive,0.623273054353083,0.0291306438164751,1,1,1,""
4,63,710004063,910008063,strict,0.626011048753126,0.0361910188623557,1,1,1,""
4,64,710004064,810008064,naive,0.597691229546014,0.0345302811471063,1,1,1,""
4,64,710004064,910008064,strict,0.599262446923032,0.0330217873362245,1,1,1,""
4,65,710004065,810008065,naive,0.653522260433593,0.0332231032144266,1,1,1,""
4,65,710004065,910008065,strict,0.649339066232421,0.0338207169247283,1,1,1,""
4,66,710004066,810008066,naive,0.593054121053634,0.0327751168771945,1,1,1,""
4,66,710004066,910008066,strict,0.592668313497005,0.0403340869706859,1,1,1,""
4,67,710004067,810008067,naive,0.638777487139845,0.0345275873830963,1,1,1,""
4,67,710004067,910008067,strict,0.630682678302964,0.0330727044280439,1,1,1,""
4,68,710004068,810008068,naive,0.636411572704712,0.0311881525900036,1,1,1,""
4,68,710004068,910008068,strict,0.639171988939116,0.0349673602964759,1,1,1,""
4,69,710004069,810008069,naive,0.593191300542057,0.036016806309415,1,1,1,""
4,69,710004069,910008069,strict,0.595935808391236,0.0371458015092763,1,1,1,""
4,70,710004070,810008070,naive,0.603996590646215,0.0369455447261931,1,1,1,""
4,70,710004070,910008070,strict,0.607924836061525,0.0361851100225232,1,1,1,""
4,71,710004071,810008071,naive,0.621481150162787,0.0319364141208068,1,1,1,""
4,71,710004071,910008071,strict,0.619969048762421,0.0315684204813514,1,1,1,""
4,72,710004072,810008072,naive,0.566678536042273,0.0407990775719343,1,0,1,""
4,72,710004072,910008072,strict,0.563111263979316,0.0301765270328239,1,1,1,""
4,73,710004073,810008073,naive,0.590335308002741,0.0361005156440446,1,1,1,""
4,73,710004073,910008073,strict,0.596452740490033,0.0349201171387395,1,1,1,""
4,74,710004074,810008074,naive,0.625166080674639,0.0332250176967462,1,1,1,""
4,74,710004074,910008074,strict,0.625590215785397,0.0301375223070335,1,1,1,""
4,75,710004075,810008075,naive,0.617195654806774,0.0329805568137765,1,1,1,""
4,75,710004075,910008075,strict,0.617985554890541,0.0289097236602159,1,1,1,""
4,76,710004076,810008076,naive,0.620356904854973,0.0354707849771939,1,1,1,""
4,76,710004076,910008076,strict,0.620876016689115,0.0364075887128928,1,1,1,""
4,77,710004077,810008077,naive,0.58126008913715,0.0341763540556053,1,1,1,""
4,77,710004077,910008077,strict,0.589984788023343,0.0371967306841814,1,1,1,""
4,78,710004078,810008078,naive,0.665091269150314,0.0308464428741253,1,1,1,""
4,78,710004078,910008078,strict,0.665772769306051,0.0304489754794505,1,1,1,""
4,79,710004079,810008079,naive,0.593521391861052,0.033087534303457,1,1,1,""
4,79,710004079,910008079,strict,0.595941245399541,0.030200950107439,1,1,1,""
4,80,710004080,810008080,naive,0.633671143919314,0.0279337208854476,1,1,1,""
4,80,710004080,910008080,strict,0.641023069518098,0.0341312140838259,1,1,1,""
4,81,710004081,810008081,naive,0.637084117857381,0.0287658292144272,1,1,1,""
4,81,710004081,910008081,strict,0.634545798261801,0.0315602171278084,1,1,1,""
4,82,710004082,810008082,naive,0.573265743005871,0.0335845232959182,1,1,1,""
4,82,710004082,910008082,strict,0.576749722320312,0.0329579552220782,1,1,1,""
4,83,710004083,810008083,naive,0.578145676758016,0.0330610290044336,1,1,1,""
4,83,710004083,910008083,strict,0.579678300799384,0.0365357886574998,1,1,1,""
4,84,710004084,810008084,naive,0.625244747978722,0.0320463210680174,1,1,1,""
4,84,710004084,910008084,strict,0.625647870950137,0.0284291722603019,1,1,1,""
4,85,710004085,810008085,naive,0.625238813543955,0.0318661438160454,1,1,1,""
4,85,710004085,910008085,strict,0.624632557268877,0.0345049349994141,1,1,1,""
4,86,710004086,810008086,naive,0.594879390260332,0.0343406842037099,1,1,1,""
4,86,710004086,910008086,strict,0.598983281812763,0.0407736168635912,1,1,1,""
4,87,710004087,810008087,naive,0.583413498214106,0.0358074976573746,1,1,1,""
4,87,710004087,910008087,strict,0.582448146656871,0.0351054342417431,1,1,1,""
4,88,710004088,810008088,naive,0.67514242583703,0.0267886070336523,0,1,1,""
4,88,710004088,910008088,strict,0.675260432820237,0.02887783217985,0,1,1,""
4,89,710004089,810008089,naive,0.564993902749337,0.0328843596539588,1,1,1,""
4,89,710004089,910008089,strict,0.559519700298977,0.0327565380593424,1,0,1,""
4,90,710004090,810008090,naive,0.604220417165515,0.0339628937561933,1,1,1,""
4,90,710004090,910008090,strict,0.606321162316784,0.0328076728839695,1,1,1,""
4,91,710004091,810008091,naive,0.620049943936636,0.0316426583572432,1,1,1,""
4,91,710004091,910008091,strict,0.623939143276431,0.0297371186545763,1,1,1,""
4,92,710004092,810008092,naive,0.56172275587769,0.0324468434042598,1,0,1,""
4,92,710004092,910008092,strict,0.563399041826147,0.0406387130189906,1,0,1,""
4,93,710004093,810008093,naive,0.64393506887798,0.0335861073310535,1,1,1,""
4,93,710004093,910008093,strict,0.641523339342518,0.032104704033775,1,1,1,""
4,94,710004094,810008094,naive,0.591882127494363,0.0332010213687181,1,1,1,""
4,94,710004094,910008094,strict,0.589005801349037,0.0324178871827134,1,1,1,""
4,95,710004095,810008095,naive,0.555013132319099,0.0402100377459296,1,0,1,""
4,95,710004095,910008095,strict,0.547227256182729,0.0352247529879556,1,0,1,""
4,96,710004096,810008096,naive,0.645097962544121,0.0294692815824261,1,1,1,""
4,96,710004096,910008096,strict,0.644769876222983,0.0348919671377762,1,1,1,""
4,97,710004097,810008097,naive,0.53275232277489,0.0346989171960646,0,0,1,""
4,97,710004097,910008097,strict,0.532881923172662,0.0359683096199991,0,0,1,""
4,98,710004098,810008098,naive,0.622996919539721,0.0332944045826974,1,1,1,""
4,98,710004098,910008098,strict,0.627602245847193,0.0319408464648125,1,1,1,""
4,99,710004099,810008099,naive,0.598521650383126,0.030266627100967,1,1,1,""
4,99,710004099,910008099,strict,0.604569019282594,0.028506998770873,1,1,1,""
4,100,710004100,810008100,naive,0.602439725445017,0.034781966004514,1,1,1,""
4,100,710004100,910008100,strict,0.597930509429783,0.037460385197758,1,1,1,""
4,101,710004101,810008101,naive,0.60929862368457,0.0298894513104864,1,1,1,""
4,101,710004101,910008101,strict,0.613590764957985,0.031729155987744,1,1,1,""
4,102,710004102,810008102,naive,0.6482394416269,0.0333202794640491,1,1,1,""
4,102,710004102,910008102,strict,0.652873017575737,0.0339305827017528,1,1,1,""
4,103,710004103,810008103,naive,0.674973412358521,0.0316666486289548,1,1,1,""
4,103,710004103,910008103,strict,0.666995480020354,0.0356035192044874,1,1,1,""
4,104,710004104,810008104,naive,0.646410084587352,0.0356447272798115,1,1,1,""
4,104,710004104,910008104,strict,0.645087006651212,0.0336156703181066,1,1,1,""
4,105,710004105,810008105,naive,0.55421452510818,0.0327269008644272,1,0,1,""
4,105,710004105,910008105,strict,0.553132075314979,0.0358226607210316,1,0,1,""
4,106,710004106,810008106,naive,0.586284757713034,0.0341914756344204,1,1,1,""
4,106,710004106,910008106,strict,0.582793532305915,0.033186198853375,1,1,1,""
4,107,710004107,810008107,naive,0.595444477405735,0.0324185181255492,1,1,1,""
4,107,710004107,910008107,strict,0.593118299188941,0.0320040319075927,1,1,1,""
4,108,710004108,810008108,naive,0.657567475063173,0.0343895321129307,1,1,1,""
4,108,710004108,910008108,strict,0.653184955310135,0.0273483371268259,1,1,1,""
4,109,710004109,810008109,naive,0.627929699631367,0.0368989561172836,1,1,1,""
4,109,710004109,910008109,strict,0.628319646240034,0.0346136304864404,1,1,1,""
4,110,710004110,810008110,naive,0.590123165620716,0.0455171814317422,1,1,1,""
4,110,710004110,910008110,strict,0.589871546700187,0.0432868996349302,1,1,1,""
4,111,710004111,810008111,naive,0.658561145677386,0.0341716459237767,1,1,1,""
4,111,710004111,910008111,strict,0.655484499371466,0.0339035567414518,1,1,1,""
4,112,710004112,810008112,naive,0.609770998753808,0.045882336065718,1,1,1,""
4,112,710004112,910008112,strict,0.598962150512787,0.0445562791668886,1,1,1,""
4,113,710004113,810008113,naive,0.512496327290634,0.0345803966075089,0,0,1,""
4,113,710004113,910008113,strict,0.50763968333838,0.0332967950215505,0,0,1,""
4,114,710004114,810008114,naive,0.618161551619173,0.0359605492077764,1,1,1,""
4,114,710004114,910008114,strict,0.630167750180371,0.0378877682510278,1,1,1,""
4,115,710004115,810008115,naive,0.64398149017433,0.0317734488311236,1,1,1,""
4,115,710004115,910008115,strict,0.647250241044895,0.028417358238242,1,1,1,""
4,116,710004116,810008116,naive,0.570406247364534,0.0381942409599765,1,0,1,""
4,116,710004116,910008116,strict,0.557266651620456,0.0369954387912305,1,0,1,""
4,117,710004117,810008117,naive,0.633658174307184,0.0314999638099915,1,1,1,""
4,117,710004117,910008117,strict,0.630696925211613,0.0322834216362692,1,1,1,""
4,118,710004118,810008118,naive,0.613120566200476,0.0366527611425889,1,1,1,""
4,118,710004118,910008118,strict,0.615045274286782,0.0346691227005742,1,1,1,""
4,119,710004119,810008119,naive,0.67580103460786,0.031343591376149,0,1,1,""
4,119,710004119,910008119,strict,0.679409863473758,0.0323518375896681,0,1,1,""
4,120,710004120,810008120,naive,0.576912016621229,0.032743008637029,1,1,1,""
4,120,710004120,910008120,strict,0.570235708122742,0.035312442039031,1,1,1,""
4,121,710004121,810008121,naive,0.587087858394348,0.0356012381849511,1,1,1,""
4,121,710004121,910008121,strict,0.59118353146933,0.0341434466616507,1,1,1,""
4,122,710004122,810008122,naive,0.68321643806132,0.0294788850580328,0,1,1,""
4,122,710004122,910008122,strict,0.677601334035838,0.0325744593818362,0,1,1,""
4,123,710004123,810008123,naive,0.589446100623456,0.0301441066337842,1,1,1,""
4,123,710004123,910008123,strict,0.59341759310706,0.0317727205814685,1,1,1,""
4,124,710004124,810008124,naive,0.538043908541163,0.0348464401322957,0,0,1,""
4,124,710004124,910008124,strict,0.53002590601318,0.0350346291101167,0,0,1,""
4,125,710004125,810008125,naive,0.600679597419723,0.0349676762438667,1,1,1,""
4,125,710004125,910008125,strict,0.604206595507779,0.036555497774608,1,1,1,""
4,126,710004126,810008126,naive,0.586808252561937,0.0283699781459231,1,1,1,""
4,126,710004126,910008126,strict,0.593731248726534,0.0346781248901693,1,1,1,""
4,127,710004127,810008127,naive,0.58435627287997,0.0365088386699061,1,1,1,""
4,127,710004127,910008127,strict,0.58405171726808,0.031509588360122,1,1,1,""
4,128,710004128,810008128,naive,0.631547303379376,0.0334408599288325,1,1,1,""
4,128,710004128,910008128,strict,0.631068435578896,0.0367113879068912,1,1,1,""
4,129,710004129,810008129,naive,0.626285313398923,0.0325323392165722,1,1,1,""
4,129,710004129,910008129,strict,0.621725202519688,0.0346783341586197,1,1,1,""
4,130,710004130,810008130,naive,0.606101529557193,0.0396570016077218,1,1,1,""
4,130,710004130,910008130,strict,0.602098965645164,0.0386792982349789,1,1,1,""
4,131,710004131,810008131,naive,0.598327158327926,0.0313020131210247,1,1,1,""
4,131,710004131,910008131,strict,0.605923152011245,0.0358518644885954,1,1,1,""
4,132,710004132,810008132,naive,0.594068918850277,0.0314164915722957,1,1,1,""
4,132,710004132,910008132,strict,0.589102250373112,0.0275423672577627,1,1,1,""
4,133,710004133,810008133,naive,0.631715622804874,0.0336860514831216,1,1,1,""
4,133,710004133,910008133,strict,0.635713528344007,0.0366371260862472,1,1,1,""
4,134,710004134,810008134,naive,0.614381492251328,0.0351791864996699,1,1,1,""
4,134,710004134,910008134,strict,0.615943879018419,0.0391974769824723,1,1,1,""
4,135,710004135,810008135,naive,0.580032305954917,0.034924399297868,1,1,1,""
4,135,710004135,910008135,strict,0.582542774931976,0.0422895881951001,1,0,1,""
4,136,710004136,810008136,naive,0.605170435069061,0.0353101711153928,1,1,1,""
4,136,710004136,910008136,strict,0.600747417240015,0.0390889523188929,1,1,1,""
4,137,710004137,810008137,naive,0.656154983900923,0.0338326194218305,1,1,1,""
4,137,710004137,910008137,strict,0.653685910009669,0.0324092604777365,1,1,1,""
4,138,710004138,810008138,naive,0.604789270406463,0.0371261294880581,1,1,1,""
4,138,710004138,910008138,strict,0.606436216454056,0.0345384020512,1,1,1,""
4,139,710004139,810008139,naive,0.64392776132567,0.0368742708358904,1,1,1,""
4,139,710004139,910008139,strict,0.638269117045767,0.0341733565213786,1,1,1,""
4,140,710004140,810008140,naive,0.659409466656208,0.0317523099971108,1,1,1,""
4,140,710004140,910008140,strict,0.662243242454529,0.0328118992427086,1,1,1,""
4,141,710004141,810008141,naive,0.640617520155215,0.0287955339405194,1,1,1,""
4,141,710004141,910008141,strict,0.63849658390624,0.0302668471596202,1,1,1,""
4,142,710004142,810008142,naive,0.565850950884205,0.0330268022463101,1,1,1,""
4,142,710004142,910008142,strict,0.562676445663058,0.0345035765806913,1,0,1,""
4,143,710004143,810008143,naive,0.591881531374359,0.0343228959302414,1,1,1,""
4,143,710004143,910008143,strict,0.591735294343254,0.0344049463489777,1,1,1,""
4,144,710004144,810008144,naive,0.568176492560283,0.0362326725028744,1,0,1,""
4,144,710004144,910008144,strict,0.575601114481075,0.0394625642251976,1,0,1,""
4,145,710004145,810008145,naive,0.647172105277665,0.0376824441132707,1,1,1,""
4,145,710004145,910008145,strict,0.648961072791421,0.0362176889751692,1,1,1,""
4,146,710004146,810008146,naive,0.632031297885527,0.0302932352297264,1,1,1,""
4,146,710004146,910008146,strict,0.629335336820532,0.0327502647701223,1,1,1,""
4,147,710004147,810008147,naive,0.632705907296059,0.034106915671902,1,1,1,""
4,147,710004147,910008147,strict,0.624722899392986,0.0329268034352184,1,1,1,""
4,148,710004148,810008148,naive,0.636598019269481,0.0299662110326616,1,1,1,""
4,148,710004148,910008148,strict,0.637830374590179,0.0353681019341987,1,1,1,""
4,149,710004149,810008149,naive,0.617117912893329,0.0363487713640261,1,1,1,""
4,149,710004149,910008149,strict,0.62986832210128,0.0378953702076885,1,1,1,""
4,150,710004150,810008150,naive,0.6106919271661,0.0390420256207347,1,1,1,""
4,150,710004150,910008150,strict,0.614012321121,0.0369931326212158,1,1,1,""
4,151,710004151,810008151,naive,0.623096904002034,0.0411269323250666,1,1,1,""
4,151,710004151,910008151,strict,0.620733296267101,0.0332086188601719,1,1,1,""
4,152,710004152,810008152,naive,0.616555935843158,0.0350922266828676,1,1,1,""
4,152,710004152,910008152,strict,0.615759876275037,0.0349888073167387,1,1,1,""
4,153,710004153,810008153,naive,0.604741781699005,0.0359877235841105,1,1,1,""
4,153,710004153,910008153,strict,0.599211739199878,0.0406399390884353,1,1,1,""
4,154,710004154,810008154,naive,0.572782934738306,0.0327483563304698,1,1,1,""
4,154,710004154,910008154,strict,0.568500443919225,0.0340142926025369,1,1,1,""
4,155,710004155,810008155,naive,0.565858581099335,0.038824733828102,1,0,1,""
4,155,710004155,910008155,strict,0.569623824729777,0.0330935507264337,1,1,1,""
4,156,710004156,810008156,naive,0.625174303285255,0.0348074972555258,1,1,1,""
4,156,710004156,910008156,strict,0.621111382185695,0.0368663831778417,1,1,1,""
4,157,710004157,810008157,naive,0.671391788784243,0.0277420792175645,0,1,1,""
4,157,710004157,910008157,strict,0.667921535656196,0.0309580007719173,1,1,1,""
4,158,710004158,810008158,naive,0.608700251299689,0.0358643544566639,1,1,1,""
4,158,710004158,910008158,strict,0.610609985293401,0.0284410819596977,1,1,1,""
4,159,710004159,810008159,naive,0.675085978437576,0.0342493778537907,1,1,1,""
4,159,710004159,910008159,strict,0.671997527146025,0.0311115222438377,1,1,1,""
4,160,710004160,810008160,naive,0.604302472022944,0.0362580615518655,1,1,1,""
4,160,710004160,910008160,strict,0.603926764340442,0.0377136606898201,1,1,1,""
4,161,710004161,810008161,naive,0.583649895293977,0.0331585632687065,1,1,1,""
4,161,710004161,910008161,strict,0.587558148548143,0.0336388395903812,1,1,1,""
4,162,710004162,810008162,naive,0.611245682602477,0.0269012112759813,1,1,1,""
4,162,710004162,910008162,strict,0.613790481383733,0.0246093095455997,1,1,1,""
4,163,710004163,810008163,naive,0.664179188860941,0.0292546020671334,1,1,1,""
4,163,710004163,910008163,strict,0.659505366837333,0.027747944940867,1,1,1,""
4,164,710004164,810008164,naive,0.589953693049586,0.0374891411048,1,1,1,""
4,164,710004164,910008164,strict,0.592728026793858,0.0390677040171928,1,1,1,""
4,165,710004165,810008165,naive,0.599099457911092,0.0370902834885333,1,1,1,""
4,165,710004165,910008165,strict,0.599337618383957,0.034204194983179,1,1,1,""
4,166,710004166,810008166,naive,0.56686801976281,0.0384478712032481,1,0,1,""
4,166,710004166,910008166,strict,0.568194897321757,0.0362539995326468,1,0,1,""
4,167,710004167,810008167,naive,0.641973843200637,0.030483183887145,1,1,1,""
4,167,710004167,910008167,strict,0.639432811004322,0.0337337753583799,1,1,1,""
4,168,710004168,810008168,naive,0.618793730702179,0.0326726476658763,1,1,1,""
4,168,710004168,910008168,strict,0.622369129436688,0.0356471150689243,1,1,1,""
4,169,710004169,810008169,naive,0.627163717293914,0.0339163589955134,1,1,1,""
4,169,710004169,910008169,strict,0.62224688953641,0.0333538596934661,1,1,1,""
4,170,710004170,810008170,naive,0.604412107661103,0.0354922905988418,1,1,1,""
4,170,710004170,910008170,strict,0.597868527967162,0.0357883653367383,1,1,1,""
4,171,710004171,810008171,naive,0.633242793034552,0.0328325296588551,1,1,1,""
4,171,710004171,910008171,strict,0.634996884097521,0.0332194185053574,1,1,1,""
4,172,710004172,810008172,naive,0.643561400863535,0.0303748774927079,1,1,1,""
4,172,710004172,910008172,strict,0.638349120904886,0.0376119933599592,1,1,1,""
4,173,710004173,810008173,naive,0.633283230749139,0.0308043651522024,1,1,1,""
4,173,710004173,910008173,strict,0.638164547685353,0.0293162957234147,1,1,1,""
4,174,710004174,810008174,naive,0.629575044241071,0.0330343131236182,1,1,1,""
4,174,710004174,910008174,strict,0.632725495059653,0.0377397136722819,1,1,1,""
4,175,710004175,810008175,naive,0.635465996160217,0.0319606834865725,1,1,1,""
4,175,710004175,910008175,strict,0.637725519017033,0.031763728200201,1,1,1,""
4,176,710004176,810008176,naive,0.551421329860376,0.0307211402623062,0,0,1,""
4,176,710004176,910008176,strict,0.549313726945161,0.0347842732420392,1,0,1,""
4,177,710004177,810008177,naive,0.64101493091119,0.0277808073212699,1,1,1,""
4,177,710004177,910008177,strict,0.638395970355346,0.0315728112889136,1,1,1,""
4,178,710004178,810008178,naive,0.574818202127733,0.0302732012141444,1,1,1,""
4,178,710004178,910008178,strict,0.576735881274354,0.0318771047207269,1,1,1,""
4,179,710004179,810008179,naive,0.697742897096562,0.0321707985982229,0,1,1,""
4,179,710004179,910008179,strict,0.698262787695232,0.0329507227422004,0,1,1,""
4,180,710004180,810008180,naive,0.656816630754493,0.0352556782750582,1,1,1,""
4,180,710004180,910008180,strict,0.659725289731179,0.0356161236188103,1,1,1,""
4,181,710004181,810008181,naive,0.577239666313107,0.0359501950421169,1,1,1,""
4,181,710004181,910008181,strict,0.581120455228362,0.0335110727661542,1,1,1,""
4,182,710004182,810008182,naive,0.644605208803278,0.0350342578065396,1,1,1,""
4,182,710004182,910008182,strict,0.645820790485003,0.0331984403846549,1,1,1,""
4,183,710004183,810008183,naive,0.612655471746095,0.0333885788456129,1,1,1,""
4,183,710004183,910008183,strict,0.612815077610017,0.0299446494207866,1,1,1,""
4,184,710004184,810008184,naive,0.568464548868278,0.0356674123308498,1,0,1,""
4,184,710004184,910008184,strict,0.56962621685804,0.0335491881766101,1,1,1,""
4,185,710004185,810008185,naive,0.612091234140252,0.0321983184213291,1,1,1,""
4,185,710004185,910008185,strict,0.614946092606482,0.0284875299159113,1,1,1,""
4,186,710004186,810008186,naive,0.598890589402012,0.0324764505064296,1,1,1,""
4,186,710004186,910008186,strict,0.594139543892935,0.0369389589203663,1,1,1,""
4,187,710004187,810008187,naive,0.630384742723337,0.0278151129914124,1,1,1,""
4,187,710004187,910008187,strict,0.631070079882269,0.0260281405546507,1,1,1,""
4,188,710004188,810008188,naive,0.604324979841037,0.0273822495619749,1,1,1,""
4,188,710004188,910008188,strict,0.608684212627285,0.0289126292486192,1,1,1,""
4,189,710004189,810008189,naive,0.591766911044705,0.031732166672423,1,1,1,""
4,189,710004189,910008189,strict,0.591912796463314,0.0355675928978941,1,1,1,""
4,190,710004190,810008190,naive,0.599417201296515,0.0372983299000526,1,1,1,""
4,190,710004190,910008190,strict,0.603064863420711,0.0360267509443453,1,1,1,""
4,191,710004191,810008191,naive,0.630095922318068,0.0284031127842327,1,1,1,""
4,191,710004191,910008191,strict,0.630034777627182,0.0310824523551343,1,1,1,""
4,192,710004192,810008192,naive,0.63625116559716,0.0360813157075256,1,1,1,""
4,192,710004192,910008192,strict,0.633858324863769,0.0367969740624307,1,1,1,""
4,193,710004193,810008193,naive,0.559045844060568,0.0319999189898112,1,0,1,""
4,193,710004193,910008193,strict,0.559974521059261,0.0336036626108521,1,0,1,""
4,194,710004194,810008194,naive,0.561642995462476,0.0283409822641155,1,1,1,""
4,194,710004194,910008194,strict,0.558768620170888,0.0342524847867077,1,0,1,""
4,195,710004195,810008195,naive,0.626034269431519,0.0349197402736961,1,1,1,""
4,195,710004195,910008195,strict,0.623708745144385,0.0358460301256784,1,1,1,""
4,196,710004196,810008196,naive,0.689216277687385,0.034821000258352,0,1,1,""
4,196,710004196,910008196,strict,0.687847411912833,0.0324357738089933,0,1,1,""
4,197,710004197,810008197,naive,0.589230780733134,0.0381076605025185,1,1,1,""
4,197,710004197,910008197,strict,0.588566797942887,0.0294638405321899,1,1,1,""
4,198,710004198,810008198,naive,0.664942019124844,0.0346515921597524,1,1,1,""
4,198,710004198,910008198,strict,0.664697172116402,0.0321748199989831,1,1,1,""
4,199,710004199,810008199,naive,0.597608869398188,0.0320968158639089,1,1,1,""
4,199,710004199,910008199,strict,0.601199362687626,0.037019617310283,1,1,1,""
4,200,710004200,810008200,naive,0.612608304576197,0.034270894724862,1,1,1,""
4,200,710004200,910008200,strict,0.613273377164855,0.0343296262408632,1,1,1,""
4,201,710004201,810008201,naive,0.646302771263369,0.0340557569941179,1,1,1,""
4,201,710004201,910008201,strict,0.6455403986402,0.0373625945992121,1,1,1,""
4,202,710004202,810008202,naive,0.592576407302577,0.0372018322812602,1,1,1,""
4,202,710004202,910008202,strict,0.595733487176835,0.0371955363664709,1,1,1,""
4,203,710004203,810008203,naive,0.537574000754891,0.0361901808199148,0,0,1,""
4,203,710004203,910008203,strict,0.529489897899509,0.0397684162283563,0,0,1,""
4,204,710004204,810008204,naive,0.61232654715652,0.0371038757468378,1,1,1,""
4,204,710004204,910008204,strict,0.60906005809262,0.0383213774207432,1,1,1,""
4,205,710004205,810008205,naive,0.592897444959522,0.0362322418677382,1,1,1,""
4,205,710004205,910008205,strict,0.587269696020835,0.0374076199944728,1,1,1,""
4,206,710004206,810008206,naive,0.605912426445811,0.0324550105732048,1,1,1,""
4,206,710004206,910008206,strict,0.61211954667959,0.0340221891073595,1,1,1,""
4,207,710004207,810008207,naive,0.622394255723432,0.0309883951338721,1,1,1,""
4,207,710004207,910008207,strict,0.622528441399625,0.0364224433168971,1,1,1,""
4,208,710004208,810008208,naive,0.643962190102046,0.0354732847682313,1,1,1,""
4,208,710004208,910008208,strict,0.65415663021738,0.0308322690002487,1,1,1,""
4,209,710004209,810008209,naive,0.59680063720448,0.0330705171323879,1,1,1,""
4,209,710004209,910008209,strict,0.596538331582817,0.0351309602749236,1,1,1,""
4,210,710004210,810008210,naive,0.638247912433283,0.0349277016331767,1,1,1,""
4,210,710004210,910008210,strict,0.641332849463645,0.0314446002922681,1,1,1,""
4,211,710004211,810008211,naive,0.606966012816105,0.0343846274742688,1,1,1,""
4,211,710004211,910008211,strict,0.611391856531535,0.0348113828366032,1,1,1,""
4,212,710004212,810008212,naive,0.637609316253428,0.0305705349847536,1,1,1,""
4,212,710004212,910008212,strict,0.639624936581774,0.0271909279718517,1,1,1,""
4,213,710004213,810008213,naive,0.640699385313613,0.0316218762407047,1,1,1,""
4,213,710004213,910008213,strict,0.642090711903724,0.0319122178634918,1,1,1,""
4,214,710004214,810008214,naive,0.612176518285825,0.0354668131786432,1,1,1,""
4,214,710004214,910008214,strict,0.607331684258957,0.0346764250291555,1,1,1,""
4,215,710004215,810008215,naive,0.606052980530559,0.0331865358000523,1,1,1,""
4,215,710004215,910008215,strict,0.603655397860833,0.0348818887887781,1,1,1,""
4,216,710004216,810008216,naive,0.640998026334262,0.0355936101910356,1,1,1,""
4,216,710004216,910008216,strict,0.66077128682257,0.0312866057678525,1,1,1,""
4,217,710004217,810008217,naive,0.659985777701451,0.0322196674477028,1,1,1,""
4,217,710004217,910008217,strict,0.665981674450471,0.0339305265024122,1,1,1,""
4,218,710004218,810008218,naive,0.581432632187332,0.0323353053020684,1,1,1,""
4,218,710004218,910008218,strict,0.57837311086767,0.0317454023155589,1,1,1,""
4,219,710004219,810008219,naive,0.536308401903934,0.0365600197214525,0,0,1,""
4,219,710004219,910008219,strict,0.534344224762618,0.0382156223288342,0,0,1,""
4,220,710004220,810008220,naive,0.632064212510435,0.0323846524926469,1,1,1,""
4,220,710004220,910008220,strict,0.625950691783976,0.0357242655806278,1,1,1,""
4,221,710004221,810008221,naive,0.679696383909449,0.0295987196838332,0,1,1,""
4,221,710004221,910008221,strict,0.679685043872934,0.0268205438080905,0,1,1,""
4,222,710004222,810008222,naive,0.648966631235382,0.0360649747811058,1,1,1,""
4,222,710004222,910008222,strict,0.644896302566941,0.0322833997238691,1,1,1,""
4,223,710004223,810008223,naive,0.609103689282879,0.0310288505160515,1,1,1,""
4,223,710004223,910008223,strict,0.606202645523383,0.0326698869943262,1,1,1,""
4,224,710004224,810008224,naive,0.602519393551763,0.0345110732890173,1,1,1,""
4,224,710004224,910008224,strict,0.606312488842922,0.0345239568027535,1,1,1,""
4,225,710004225,810008225,naive,0.571269485012199,0.0364917787248822,1,0,1,""
4,225,710004225,910008225,strict,0.577304035504585,0.0381368059473606,1,1,1,""
4,226,710004226,810008226,naive,0.608607953325328,0.0331438141302723,1,1,1,""
4,226,710004226,910008226,strict,0.615384053642467,0.0348608881812877,1,1,1,""
4,227,710004227,810008227,naive,0.591858477217516,0.0360319604325589,1,1,1,""
4,227,710004227,910008227,strict,0.583021127565491,0.0377299278661859,1,1,1,""
4,228,710004228,810008228,naive,0.575138588237168,0.035365534061215,1,1,1,""
4,228,710004228,910008228,strict,0.562663827280835,0.0385237172182071,1,0,1,""
4,229,710004229,810008229,naive,0.664727827946677,0.0339180733355743,1,1,1,""
4,229,710004229,910008229,strict,0.662830181694902,0.0304816606054873,1,1,1,""
4,230,710004230,810008230,naive,0.594990041401003,0.038539106179312,1,1,1,""
4,230,710004230,910008230,strict,0.597737229955977,0.0345015376951598,1,1,1,""
4,231,710004231,810008231,naive,0.664628972536783,0.0403741244316003,1,1,1,""
4,231,710004231,910008231,strict,0.673649072973018,0.0370249418146609,1,1,1,""
4,232,710004232,810008232,naive,0.647161854556764,0.0329647453642445,1,1,1,""
4,232,710004232,910008232,strict,0.644529391341378,0.0416329135602275,1,1,1,""
4,233,710004233,810008233,naive,0.651126882212604,0.0281678830027521,1,1,1,""
4,233,710004233,910008233,strict,0.645679198995894,0.027301545267813,1,1,1,""
4,234,710004234,810008234,naive,0.634301094525845,0.03790718061992,1,1,1,""
4,234,710004234,910008234,strict,0.646210512003353,0.033981521238115,1,1,1,""
4,235,710004235,810008235,naive,0.635593784951239,0.0304243137487649,1,1,1,""
4,235,710004235,910008235,strict,0.645500572262401,0.0312556595761027,1,1,1,""
4,236,710004236,810008236,naive,0.638182985015188,0.0318999877898342,1,1,1,""
4,236,710004236,910008236,strict,0.636569346862717,0.034792188681099,1,1,1,""
4,237,710004237,810008237,naive,0.606279993279511,0.0334143266116462,1,1,1,""
4,237,710004237,910008237,strict,0.60539391485825,0.0323699543685024,1,1,1,""
4,238,710004238,810008238,naive,0.59167660054062,0.0331627735971911,1,1,1,""
4,238,710004238,910008238,strict,0.591370815797653,0.0344005738016949,1,1,1,""
4,239,710004239,810008239,naive,0.576991771530034,0.0384442481991953,1,1,1,""
4,239,710004239,910008239,strict,0.577492136140403,0.0378221914034465,1,1,1,""
4,240,710004240,810008240,naive,0.62487118649121,0.0336443325049257,1,1,1,""
4,240,710004240,910008240,strict,0.622879862212507,0.0356355408646752,1,1,1,""
4,241,710004241,810008241,naive,0.589478632355718,0.0384285422737571,1,1,1,""
4,241,710004241,910008241,strict,0.587344261938887,0.0377491958701,1,1,1,""
4,242,710004242,810008242,naive,0.683198330311691,0.0326366587515487,0,1,1,""
4,242,710004242,910008242,strict,0.687165929613231,0.0372927788296543,0,1,1,""
4,243,710004243,810008243,naive,0.634502400363525,0.0333865087430114,1,1,1,""
4,243,710004243,910008243,strict,0.634528612219328,0.0322823692064951,1,1,1,""
4,244,710004244,810008244,naive,0.628889995642554,0.0352683642598787,1,1,1,""
4,244,710004244,910008244,strict,0.628991636184092,0.0325780612594005,1,1,1,""
4,245,710004245,810008245,naive,0.608849974295738,0.0331043673546113,1,1,1,""
4,245,710004245,910008245,strict,0.628377684447227,0.0336912733010052,1,1,1,""
4,246,710004246,810008246,naive,0.620461528925742,0.035781540359182,1,1,1,""
4,246,710004246,910008246,strict,0.622337267617807,0.0377600149259605,1,1,1,""
4,247,710004247,810008247,naive,0.628668744323416,0.0296900476337291,1,1,1,""
4,247,710004247,910008247,strict,0.639583644109802,0.0346447628638119,1,1,1,""
4,248,710004248,810008248,naive,0.600123230070599,0.0336931904896345,1,1,1,""
4,248,710004248,910008248,strict,0.609411749867694,0.0326783792970095,1,1,1,""
4,249,710004249,810008249,naive,0.556125977240276,0.0340440340027882,1,0,1,""
4,249,710004249,910008249,strict,0.545287462581759,0.0353429230211931,1,0,1,""
4,250,710004250,810008250,naive,0.625237976436049,0.0377612095691973,1,1,1,""
4,250,710004250,910008250,strict,0.634626503910701,0.0332707118502332,1,1,1,""
4,251,710004251,810008251,naive,0.661165717764875,0.0283595792263839,1,1,1,""
4,251,710004251,910008251,strict,0.662314645237501,0.0383033139814163,1,1,1,""
4,252,710004252,810008252,naive,0.58672515755346,0.0337056579594792,1,1,1,""
4,252,710004252,910008252,strict,0.593213378105943,0.0358387798130515,1,1,1,""
4,253,710004253,810008253,naive,0.591864193254459,0.0314660618181555,1,1,1,""
4,253,710004253,910008253,strict,0.588806624683492,0.0333999898551652,1,1,1,""
4,254,710004254,810008254,naive,0.571457122088482,0.0363002868120165,1,1,1,""
4,254,710004254,910008254,strict,0.568827164331316,0.0347937085559582,1,1,1,""
4,255,710004255,810008255,naive,0.635779422501494,0.0360415508478329,1,1,1,""
4,255,710004255,910008255,strict,0.634678462339482,0.0363071558711587,1,1,1,""
4,256,710004256,810008256,naive,0.64314195990587,0.0355786598544457,1,1,1,""
4,256,710004256,910008256,strict,0.636868438701932,0.0322817887412982,1,1,1,""
4,257,710004257,810008257,naive,0.542333216379115,0.0326744373890667,0,0,1,""
4,257,710004257,910008257,strict,0.537847455742539,0.0352570805791174,0,0,1,""
4,258,710004258,810008258,naive,0.570649462836332,0.0274563719038491,1,1,1,""
4,258,710004258,910008258,strict,0.57166641603341,0.0326621112321944,1,1,1,""
4,259,710004259,810008259,naive,0.589126785616114,0.0312786658892389,1,1,1,""
4,259,710004259,910008259,strict,0.59179460236277,0.0308526704057677,1,1,1,""
4,260,710004260,810008260,naive,0.583502284704971,0.0389348807713162,1,1,1,""
4,260,710004260,910008260,strict,0.583833044070588,0.0472309116809699,1,0,1,""
4,261,710004261,810008261,naive,0.65022735584048,0.0307900785718627,1,1,1,""
4,261,710004261,910008261,strict,0.650601779858227,0.0356399736187313,1,1,1,""
4,262,710004262,810008262,naive,0.585767757133758,0.0298603814550407,1,1,1,""
4,262,710004262,910008262,strict,0.587980977580916,0.0331302961984789,1,1,1,""
4,263,710004263,810008263,naive,0.621953664569898,0.0284630865090748,1,1,1,""
4,263,710004263,910008263,strict,0.617741517347778,0.033030493366765,1,1,1,""
4,264,710004264,810008264,naive,0.594716658414095,0.0380203252007429,1,1,1,""
4,264,710004264,910008264,strict,0.605255301668039,0.0373489026514375,1,1,1,""
4,265,710004265,810008265,naive,0.638142728913464,0.0352041253025009,1,1,1,""
4,265,710004265,910008265,strict,0.642817301677164,0.0330087211748671,1,1,1,""
4,266,710004266,810008266,naive,0.617723015787279,0.0352499917154102,1,1,1,""
4,266,710004266,910008266,strict,0.615450898252767,0.0320394124247281,1,1,1,""
4,267,710004267,810008267,naive,0.610859993438553,0.0303856450218992,1,1,1,""
4,267,710004267,910008267,strict,0.616943997251386,0.0316413270659362,1,1,1,""
4,268,710004268,810008268,naive,0.647582959972081,0.0293259436871628,1,1,1,""
4,268,710004268,910008268,strict,0.642527260767594,0.0313470668830827,1,1,1,""
4,269,710004269,810008269,naive,0.597844286847867,0.0334027133668671,1,1,1,""
4,269,710004269,910008269,strict,0.590703191610957,0.0358871292864969,1,1,1,""
4,270,710004270,810008270,naive,0.603531470966244,0.0352885639014302,1,1,1,""
4,270,710004270,910008270,strict,0.603458592915811,0.0345468613782149,1,1,1,""
4,271,710004271,810008271,naive,0.624149754511363,0.0375811167953236,1,1,1,""
4,271,710004271,910008271,strict,0.61936468916113,0.0342504268086383,1,1,1,""
4,272,710004272,810008272,naive,0.616338300044969,0.0339572672125028,1,1,1,""
4,272,710004272,910008272,strict,0.618403546712862,0.0355094006108516,1,1,1,""
4,273,710004273,810008273,naive,0.616215030269197,0.0313013228606796,1,1,1,""
4,273,710004273,910008273,strict,0.619520405731847,0.0342829019584514,1,1,1,""
4,274,710004274,810008274,naive,0.52768626473532,0.0377597211602437,0,0,1,""
4,274,710004274,910008274,strict,0.531354860600501,0.0375365362166468,0,0,1,""
4,275,710004275,810008275,naive,0.611173375796817,0.0345232118704708,1,1,1,""
4,275,710004275,910008275,strict,0.612915541313674,0.0365035902523905,1,1,1,""
4,276,710004276,810008276,naive,0.604409427854934,0.0365151958890773,1,1,1,""
4,276,710004276,910008276,strict,0.609952257414689,0.0319226369054377,1,1,1,""
4,277,710004277,810008277,naive,0.645360584287587,0.0335710464376496,1,1,1,""
4,277,710004277,910008277,strict,0.649063560979848,0.0341699402176308,1,1,1,""
4,278,710004278,810008278,naive,0.597428764090808,0.0319832261494189,1,1,1,""
4,278,710004278,910008278,strict,0.601120321866441,0.0332114659370029,1,1,1,""
4,279,710004279,810008279,naive,0.629502158808601,0.0290540644662847,1,1,1,""
4,279,710004279,910008279,strict,0.635602797581935,0.0297952430556955,1,1,1,""
4,280,710004280,810008280,naive,0.617953465169063,0.0312471360012129,1,1,1,""
4,280,710004280,910008280,strict,0.624839483216157,0.025710591778797,1,1,1,""
4,281,710004281,810008281,naive,0.603498218026826,0.0331353892298288,1,1,1,""
4,281,710004281,910008281,strict,0.607812410180521,0.0324927888777555,1,1,1,""
4,282,710004282,810008282,naive,0.598697569135092,0.0278817751088091,1,1,1,""
4,282,710004282,910008282,strict,0.617752536269595,0.0305749456224544,1,1,1,""
4,283,710004283,810008283,naive,0.618578536010955,0.0362478126834201,1,1,1,""
4,283,710004283,910008283,strict,0.624841450724563,0.0389623346440227,1,1,1,""
4,284,710004284,810008284,naive,0.579490829040064,0.0365685876706574,1,1,1,""
4,284,710004284,910008284,strict,0.575885106210717,0.0321684265319521,1,1,1,""
4,285,710004285,810008285,naive,0.589757460632186,0.0408503449381233,1,1,1,""
4,285,710004285,910008285,strict,0.586269999683083,0.037796382702312,1,1,1,""
4,286,710004286,810008286,naive,0.61180983854603,0.0353849503702016,1,1,1,""
4,286,710004286,910008286,strict,0.61007289258446,0.0357767351166008,1,1,1,""
4,287,710004287,810008287,naive,0.644824732415444,0.0258862039268969,1,1,1,""
4,287,710004287,910008287,strict,0.642198387707827,0.0260878194066433,1,1,1,""
4,288,710004288,810008288,naive,0.622623259090019,0.0292997295822881,1,1,1,""
4,288,710004288,910008288,strict,0.620020851625955,0.0385580111560732,1,1,1,""
4,289,710004289,810008289,naive,0.583648595604983,0.0367378145321421,1,1,1,""
4,289,710004289,910008289,strict,0.5781455028423,0.0298317143710877,1,1,1,""
4,290,710004290,810008290,naive,0.630212460314439,0.0360115119985849,1,1,1,""
4,290,710004290,910008290,strict,0.62868602523485,0.0374559113449021,1,1,1,""
4,291,710004291,810008291,naive,0.580236954450903,0.0312155272872241,1,1,1,""
4,291,710004291,910008291,strict,0.578163679015237,0.0348715473037083,1,1,1,""
4,292,710004292,810008292,naive,0.589610777925784,0.0347530791773472,1,1,1,""
4,292,710004292,910008292,strict,0.589785301812328,0.0324666991317537,1,1,1,""
4,293,710004293,810008293,naive,0.607486381569675,0.0337254676540533,1,1,1,""
4,293,710004293,910008293,strict,0.606819306187128,0.0416882384483008,1,1,1,""
4,294,710004294,810008294,naive,0.557442531538242,0.0370075765003406,1,0,1,""
4,294,710004294,910008294,strict,0.555680917444935,0.0346880424276483,1,0,1,""
4,295,710004295,810008295,naive,0.62186718308362,0.0287806003424909,1,1,1,""
4,295,710004295,910008295,strict,0.624151043802666,0.0267516474881688,1,1,1,""
4,296,710004296,810008296,naive,0.62843662026756,0.0337637913402337,1,1,1,""
4,296,710004296,910008296,strict,0.626371055032412,0.0325924071386838,1,1,1,""
4,297,710004297,810008297,naive,0.588437455477784,0.0274547310760083,1,1,1,""
4,297,710004297,910008297,strict,0.593945925836024,0.0278742082673211,1,1,1,""
4,298,710004298,810008298,naive,0.606808512339806,0.0372231114587166,1,1,1,""
4,298,710004298,910008298,strict,0.614769109942095,0.0375862072710071,1,1,1,""
4,299,710004299,810008299,naive,0.614451444862354,0.0345299526473345,1,1,1,""
4,299,710004299,910008299,strict,0.61572470289873,0.033823600203323,1,1,1,""
4,300,710004300,810008300,naive,0.575328886184779,0.0327057794312269,1,1,1,""
4,300,710004300,910008300,strict,0.563840568456367,0.0351491255221804,1,0,1,""
4,301,710004301,810008301,naive,0.596080061114833,0.0315089654453869,1,1,1,""
4,301,710004301,910008301,strict,0.602044921008766,0.033089498374683,1,1,1,""
4,302,710004302,810008302,naive,0.631883574412548,0.0348607285300755,1,1,1,""
4,302,710004302,910008302,strict,0.635288637555977,0.0350452881685963,1,1,1,""
4,303,710004303,810008303,naive,0.577129480389604,0.0313336113949214,1,1,1,""
4,303,710004303,910008303,strict,0.584280643870196,0.0324890293636148,1,1,1,""
4,304,710004304,810008304,naive,0.631474815480938,0.0308822100812217,1,1,1,""
4,304,710004304,910008304,strict,0.634518008759065,0.0287089867261565,1,1,1,""
4,305,710004305,810008305,naive,0.617610816483838,0.0285401561711072,1,1,1,""
4,305,710004305,910008305,strict,0.610725197438274,0.0331237229900412,1,1,1,""
4,306,710004306,810008306,naive,0.586176595912424,0.032909106112171,1,1,1,""
4,306,710004306,910008306,strict,0.572457021458505,0.0332744891015432,1,1,1,""
4,307,710004307,810008307,naive,0.655385089055768,0.0319756389820188,1,1,1,""
4,307,710004307,910008307,strict,0.650109427208918,0.0339595620668976,1,1,1,""
4,308,710004308,810008308,naive,0.594014406091432,0.0346080989565334,1,1,1,""
4,308,710004308,910008308,strict,0.593513792400392,0.0335341373637539,1,1,1,""
4,309,710004309,810008309,naive,0.659622673369316,0.0276370546035045,1,1,1,""
4,309,710004309,910008309,strict,0.65987234624152,0.0298819980089149,1,1,1,""
4,310,710004310,810008310,naive,0.592994983749191,0.031953275689089,1,1,1,""
4,310,710004310,910008310,strict,0.597139725565803,0.0285701086646505,1,1,1,""
4,311,710004311,810008311,naive,0.641520309229583,0.0293339817405748,1,1,1,""
4,311,710004311,910008311,strict,0.630928133077441,0.0319104579282225,1,1,1,""
4,312,710004312,810008312,naive,0.551349579784366,0.0338921552054097,1,0,1,""
4,312,710004312,910008312,strict,0.535385591583034,0.0432726926827446,1,0,1,""
4,313,710004313,810008313,naive,0.559752400915543,0.0304441378806224,1,1,1,""
4,313,710004313,910008313,strict,0.562690513842011,0.0389044398030702,1,0,1,""
4,314,710004314,810008314,naive,0.563490912220866,0.0319371840880391,1,1,1,""
4,314,710004314,910008314,strict,0.551518117443932,0.0390713684302488,1,0,1,""
4,315,710004315,810008315,naive,0.58531460616052,0.0306076977578878,1,1,1,""
4,315,710004315,910008315,strict,0.605690831000086,0.0315664262337402,1,1,1,""
4,316,710004316,810008316,naive,0.54410654228081,0.0330445235824418,0,0,1,""
4,316,710004316,910008316,strict,0.538476033500622,0.033310031704797,0,0,1,""
4,317,710004317,810008317,naive,0.631017541841961,0.0292179994651956,1,1,1,""
4,317,710004317,910008317,strict,0.625493842573707,0.0353842757691169,1,1,1,""
4,318,710004318,810008318,naive,0.61292064689829,0.0388801635433925,1,1,1,""
4,318,710004318,910008318,strict,0.611086699593723,0.0405293557123985,1,1,1,""
4,319,710004319,810008319,naive,0.598281133907623,0.0344420398806611,1,1,1,""
4,319,710004319,910008319,strict,0.598368138328786,0.0402433091733939,1,1,1,""
4,320,710004320,810008320,naive,0.587820802537344,0.0315947254917035,1,1,1,""
4,320,710004320,910008320,strict,0.586471146595699,0.0325854753111204,1,1,1,""
4,321,710004321,810008321,naive,0.589194340308087,0.0339447794849188,1,1,1,""
4,321,710004321,910008321,strict,0.574205229637156,0.0346403277729214,1,1,1,""
4,322,710004322,810008322,naive,0.625404377731862,0.0345420157338115,1,1,1,""
4,322,710004322,910008322,strict,0.619299976481027,0.0295313398149248,1,1,1,""
4,323,710004323,810008323,naive,0.656575346463366,0.0324848969782519,1,1,1,""
4,323,710004323,910008323,strict,0.655163254267651,0.031294116332454,1,1,1,""
4,324,710004324,810008324,naive,0.59851354489647,0.0361097592245311,1,1,1,""
4,324,710004324,910008324,strict,0.598182186798925,0.037500894588303,1,1,1,""
4,325,710004325,810008325,naive,0.62650450934247,0.0298976447279142,1,1,1,""
4,325,710004325,910008325,strict,0.624574824581632,0.0335753378046666,1,1,1,""
4,326,710004326,810008326,naive,0.557625558740845,0.0343788120082999,1,0,1,""
4,326,710004326,910008326,strict,0.557465940204637,0.0374889426949656,1,0,1,""
4,327,710004327,810008327,naive,0.592903454728826,0.0370832107918555,1,1,1,""
4,327,710004327,910008327,strict,0.593186602730657,0.033704669891535,1,1,1,""
4,328,710004328,810008328,naive,0.605579220247761,0.0346882440526094,1,1,1,""
4,328,710004328,910008328,strict,0.601682277377071,0.030950850250198,1,1,1,""
4,329,710004329,810008329,naive,0.608733137516978,0.0306800518194191,1,1,1,""
4,329,710004329,910008329,strict,0.60988784696729,0.0289074857800483,1,1,1,""
4,330,710004330,810008330,naive,0.636514867488485,0.0276028423600913,1,1,1,""
4,330,710004330,910008330,strict,0.641642446014597,0.0279889991802015,1,1,1,""
4,331,710004331,810008331,naive,0.62617054305133,0.0336828349776857,1,1,1,""
4,331,710004331,910008331,strict,0.633097122707508,0.035512184268899,1,1,1,""
4,332,710004332,810008332,naive,0.589936836658491,0.0354161742536617,1,1,1,""
4,332,710004332,910008332,strict,0.582368518894638,0.0284400258884268,1,1,1,""
4,333,710004333,810008333,naive,0.605329121141033,0.0330994616272277,1,1,1,""
4,333,710004333,910008333,strict,0.61892457759742,0.0354028537465276,1,1,1,""
4,334,710004334,810008334,naive,0.64413947551827,0.0363580847433755,1,1,1,""
4,334,710004334,910008334,strict,0.645891325013047,0.0379097745197454,1,1,1,""
4,335,710004335,810008335,naive,0.549567103055212,0.0324583564590852,1,0,1,""
4,335,710004335,910008335,strict,0.546271749904193,0.0390321001724518,1,0,1,""
4,336,710004336,810008336,naive,0.616142672232467,0.035316488475717,1,1,1,""
4,336,710004336,910008336,strict,0.601534129609962,0.0387413260706932,1,1,1,""
4,337,710004337,810008337,naive,0.553600306440851,0.0381080644307691,1,0,1,""
4,337,710004337,910008337,strict,0.550722046937474,0.0315703172203142,0,0,1,""
4,338,710004338,810008338,naive,0.658818683839419,0.0285102237346625,1,1,1,""
4,338,710004338,910008338,strict,0.654557067840902,0.0338211337113406,1,1,1,""
4,339,710004339,810008339,naive,0.56329509436335,0.032690549057997,1,0,1,""
4,339,710004339,910008339,strict,0.566051065821207,0.0383513933367687,1,0,1,""
4,340,710004340,810008340,naive,0.581733399942698,0.0359559089689539,1,1,1,""
4,340,710004340,910008340,strict,0.580611217880588,0.0388303750187155,1,1,1,""
4,341,710004341,810008341,naive,0.64356700981877,0.0406836866475184,1,1,1,""
4,341,710004341,910008341,strict,0.648848211315981,0.0381713065067448,1,1,1,""
4,342,710004342,810008342,naive,0.631643748629366,0.0400278650473217,1,1,1,""
4,342,710004342,910008342,strict,0.634259024597241,0.0390593960647144,1,1,1,""
4,343,710004343,810008343,naive,0.621508502956547,0.0346164962554314,1,1,1,""
4,343,710004343,910008343,strict,0.623947792470046,0.0349435106749018,1,1,1,""
4,344,710004344,810008344,naive,0.644261611171894,0.0372286629040242,1,1,1,""
4,344,710004344,910008344,strict,0.63232761192066,0.0396052246946619,1,1,1,""
4,345,710004345,810008345,naive,0.598008720190597,0.0396635232495444,1,1,1,""
4,345,710004345,910008345,strict,0.594053690453379,0.0421032940214062,1,1,1,""
4,346,710004346,810008346,naive,0.614463978529427,0.0356081916284099,1,1,1,""
4,346,710004346,910008346,strict,0.613933915252088,0.0354028381774735,1,1,1,""
4,347,710004347,810008347,naive,0.632059442992192,0.0352177451860761,1,1,1,""
4,347,710004347,910008347,strict,0.638621231079436,0.03256859888768,1,1,1,""
4,348,710004348,810008348,naive,0.594353216581686,0.0295513616248092,1,1,1,""
4,348,710004348,910008348,strict,0.591167415213007,0.0288371128006101,1,1,1,""
4,349,710004349,810008349,naive,0.614414867245802,0.0308157102829345,1,1,1,""
4,349,710004349,910008349,strict,0.610030009939225,0.0286012902363946,1,1,1,""
4,350,710004350,810008350,naive,0.61935665809087,0.0277338387465359,1,1,1,""
4,350,710004350,910008350,strict,0.622764050382322,0.0292840215757288,1,1,1,""
4,351,710004351,810008351,naive,0.641062050862182,0.0311348789986992,1,1,1,""
4,351,710004351,910008351,strict,0.643937844074755,0.0336249518277428,1,1,1,""
4,352,710004352,810008352,naive,0.611346528028567,0.0340341785209242,1,1,1,""
4,352,710004352,910008352,strict,0.611420955970041,0.0366867093492083,1,1,1,""
4,353,710004353,810008353,naive,0.605435583088988,0.0315699709713467,1,1,1,""
4,353,710004353,910008353,strict,0.601644453229848,0.0303289415454544,1,1,1,""
4,354,710004354,810008354,naive,0.613317323355274,0.0290288613908907,1,1,1,""
4,354,710004354,910008354,strict,0.612893281150996,0.0381675463195316,1,1,1,""
4,355,710004355,810008355,naive,0.576330623323931,0.0313797042248647,1,1,1,""
4,355,710004355,910008355,strict,0.580646209705033,0.0351784606545947,1,1,1,""
4,356,710004356,810008356,naive,0.578417509662405,0.0380320800193943,1,1,1,""
4,356,710004356,910008356,strict,0.578980604382966,0.0346892118166545,1,1,1,""
4,357,710004357,810008357,naive,0.60527710974238,0.0319365184034088,1,1,1,""
4,357,710004357,910008357,strict,0.606114280382546,0.0327543225885267,1,1,1,""
4,358,710004358,810008358,naive,0.654277885746567,0.0252415728849189,1,1,1,""
4,358,710004358,910008358,strict,0.655484234333449,0.026725993187288,1,1,1,""
4,359,710004359,810008359,naive,0.56908001606286,0.032282207403211,1,1,1,""
4,359,710004359,910008359,strict,0.564037059433134,0.0369450782699532,1,0,1,""
4,360,710004360,810008360,naive,0.606922665662833,0.0370612787848767,1,1,1,""
4,360,710004360,910008360,strict,0.612586901980782,0.0336891915842457,1,1,1,""
4,361,710004361,810008361,naive,0.666190148447179,0.0292960786086552,1,1,1,""
4,361,710004361,910008361,strict,0.664861304427102,0.0306380507040755,1,1,1,""
4,362,710004362,810008362,naive,0.633012104899791,0.0356938854289835,1,1,1,""
4,362,710004362,910008362,strict,0.62455968441386,0.0340528273290039,1,1,1,""
4,363,710004363,810008363,naive,0.671078591491476,0.03227014653285,1,1,1,""
4,363,710004363,910008363,strict,0.675126845292174,0.0296858557027179,0,1,1,""
4,364,710004364,810008364,naive,0.642293875873244,0.0340681842854003,1,1,1,""
4,364,710004364,910008364,strict,0.638751075023912,0.0311397546406111,1,1,1,""
4,365,710004365,810008365,naive,0.616191547974869,0.0320069171448105,1,1,1,""
4,365,710004365,910008365,strict,0.603588043957146,0.029182863697193,1,1,1,""
4,366,710004366,810008366,naive,0.584362783263428,0.0334544679967601,1,1,1,""
4,366,710004366,910008366,strict,0.575275035966572,0.0324039962285998,1,1,1,""
4,367,710004367,810008367,naive,0.663331875535044,0.0290514911790271,1,1,1,""
4,367,710004367,910008367,strict,0.660731712102972,0.0313893510670868,1,1,1,""
4,368,710004368,810008368,naive,0.631290826192648,0.0319718223911696,1,1,1,""
4,368,710004368,910008368,strict,0.630271939431084,0.0371281771972602,1,1,1,""
4,369,710004369,810008369,naive,0.661114375776761,0.032360930252094,1,1,1,""
4,369,710004369,910008369,strict,0.669504731418456,0.0330890401445424,1,1,1,""
4,370,710004370,810008370,naive,0.59821627153445,0.0320953974414803,1,1,1,""
4,370,710004370,910008370,strict,0.60596361322852,0.0290788832429329,1,1,1,""
4,371,710004371,810008371,naive,0.629624984439159,0.0337107647578449,1,1,1,""
4,371,710004371,910008371,strict,0.633343521626064,0.0318210786830045,1,1,1,""
4,372,710004372,810008372,naive,0.603846063496122,0.0343346829420877,1,1,1,""
4,372,710004372,910008372,strict,0.597995642821202,0.0332222159406668,1,1,1,""
4,373,710004373,810008373,naive,0.66494379959726,0.0321082772762515,1,1,1,""
4,373,710004373,910008373,strict,0.660178430436489,0.028256598315178,1,1,1,""
4,374,710004374,810008374,naive,0.563753381865789,0.0381991289696781,1,0,1,""
4,374,710004374,910008374,strict,0.557136538553569,0.0368841143523753,1,0,1,""
4,375,710004375,810008375,naive,0.673562019386524,0.0378674470852071,1,1,1,""
4,375,710004375,910008375,strict,0.679029849464222,0.0395352469558314,1,1,1,""
4,376,710004376,810008376,naive,0.652116386860411,0.0278392489372902,1,1,1,""
4,376,710004376,910008376,strict,0.646222699797842,0.0320004203223013,1,1,1,""
4,377,710004377,810008377,naive,0.620777160330706,0.0369072267956181,1,1,1,""
4,377,710004377,910008377,strict,0.620579324288611,0.0324419404506057,1,1,1,""
4,378,710004378,810008378,naive,0.61760802930512,0.0342394501564336,1,1,1,""
4,378,710004378,910008378,strict,0.616247755316757,0.0365781733427355,1,1,1,""
4,379,710004379,810008379,naive,0.644327305376595,0.0268652853900617,1,1,1,""
4,379,710004379,910008379,strict,0.640609027396284,0.0283253634585495,1,1,1,""
4,380,710004380,810008380,naive,0.579767303602913,0.0395904092044432,1,1,1,""
4,380,710004380,910008380,strict,0.587371557022224,0.0318912929424648,1,1,1,""
4,381,710004381,810008381,naive,0.602662390353476,0.0374609764263245,1,1,1,""
4,381,710004381,910008381,strict,0.600308510366578,0.0457602328675339,1,1,1,""
4,382,710004382,810008382,naive,0.624144194552276,0.0363564530041717,1,1,1,""
4,382,710004382,910008382,strict,0.620510059393186,0.034593620937686,1,1,1,""
4,383,710004383,810008383,naive,0.608777756495348,0.0390931835902382,1,1,1,""
4,383,710004383,910008383,strict,0.605329413166849,0.03821447353071,1,1,1,""
4,384,710004384,810008384,naive,0.589358561759087,0.0368486223865264,1,1,1,""
4,384,710004384,910008384,strict,0.602039785683769,0.0339798437061879,1,1,1,""
4,385,710004385,810008385,naive,0.62635996392585,0.0368601731022289,1,1,1,""
4,385,710004385,910008385,strict,0.623098629040645,0.0376578033919675,1,1,1,""
4,386,710004386,810008386,naive,0.599903834552067,0.0372538270680494,1,1,1,""
4,386,710004386,910008386,strict,0.596565316869344,0.0340388176525998,1,1,1,""
4,387,710004387,810008387,naive,0.56083150452103,0.0281756793111774,1,1,1,""
4,387,710004387,910008387,strict,0.552983383210563,0.035444192074687,1,0,1,""
4,388,710004388,810008388,naive,0.588967781061997,0.0361160333701128,1,1,1,""
4,388,710004388,910008388,strict,0.58415568837042,0.036979632993504,1,1,1,""
4,389,710004389,810008389,naive,0.638527793320365,0.0318238460115313,1,1,1,""
4,389,710004389,910008389,strict,0.635514691866414,0.0335784125912844,1,1,1,""
4,390,710004390,810008390,naive,0.595697422773171,0.0363402844485392,1,1,1,""
4,390,710004390,910008390,strict,0.594925986941129,0.0326932662060446,1,1,1,""
4,391,710004391,810008391,naive,0.597447361522824,0.0311119991432783,1,1,1,""
4,391,710004391,910008391,strict,0.593929073357157,0.040579899373972,1,1,1,""
4,392,710004392,810008392,naive,0.640134081618992,0.0350322130403067,1,1,1,""
4,392,710004392,910008392,strict,0.64235564915097,0.0337096338622024,1,1,1,""
4,393,710004393,810008393,naive,0.526848462426427,0.0380883437720156,0,0,1,""
4,393,710004393,910008393,strict,0.526015173663527,0.0390475764664837,0,0,1,""
4,394,710004394,810008394,naive,0.572399181582955,0.0355990893810431,1,1,1,""
4,394,710004394,910008394,strict,0.56873553934485,0.0314765256855658,1,1,1,""
4,395,710004395,810008395,naive,0.621067151201681,0.02992347528599,1,1,1,""
4,395,710004395,910008395,strict,0.622033707775836,0.0323235013974608,1,1,1,""
4,396,710004396,810008396,naive,0.608283598063221,0.0301498384449502,1,1,1,""
4,396,710004396,910008396,strict,0.607068557762001,0.0260345941390942,1,1,1,""
4,397,710004397,810008397,naive,0.632623348023041,0.035949256122068,1,1,1,""
4,397,710004397,910008397,strict,0.632188414134467,0.0365054999799248,1,1,1,""
4,398,710004398,810008398,naive,0.606723642141793,0.0323677191460742,1,1,1,""
4,398,710004398,910008398,strict,0.602349288861637,0.0312706124160651,1,1,1,""
4,399,710004399,810008399,naive,0.608160747121071,0.0326999279915348,1,1,1,""
4,399,710004399,910008399,strict,0.615541120497812,0.032790157718299,1,1,1,""
4,400,710004400,810008400,naive,0.615848958664932,0.0282427842783939,1,1,1,""
4,400,710004400,910008400,strict,0.619423683375845,0.0283487118083553,1,1,1,""
4,401,710004401,810008401,naive,0.634741862442498,0.0352498712490104,1,1,1,""
4,401,710004401,910008401,strict,0.621161852738051,0.0395643531107203,1,1,1,""
4,402,710004402,810008402,naive,0.673159520790496,0.0330950114533894,1,1,1,""
4,402,710004402,910008402,strict,0.673086656192124,0.0332494210716244,1,1,1,""
4,403,710004403,810008403,naive,0.629870194283503,0.0400177459920679,1,1,1,""
4,403,710004403,910008403,strict,0.623043526496407,0.0345591766070785,1,1,1,""
4,404,710004404,810008404,naive,0.622003000043839,0.0303556836421906,1,1,1,""
4,404,710004404,910008404,strict,0.622805165939267,0.0244578032242071,1,1,1,""
4,405,710004405,810008405,naive,0.646166588757119,0.0335361234408967,1,1,1,""
4,405,710004405,910008405,strict,0.65286882127638,0.0326864579724007,1,1,1,""
4,406,710004406,810008406,naive,0.595595776574118,0.0335259545913537,1,1,1,""
4,406,710004406,910008406,strict,0.593707169437354,0.0344996204215597,1,1,1,""
4,407,710004407,810008407,naive,0.581766081736401,0.0315189303188641,1,1,1,""
4,407,710004407,910008407,strict,0.582610513086438,0.035072709999682,1,1,1,""
4,408,710004408,810008408,naive,0.5890405124523,0.0304913340129308,1,1,1,""
4,408,710004408,910008408,strict,0.590061055790296,0.0298571128746489,1,1,1,""
4,409,710004409,810008409,naive,0.596440580154223,0.0300910012330678,1,1,1,""
4,409,710004409,910008409,strict,0.601937724744998,0.0294836174014419,1,1,1,""
4,410,710004410,810008410,naive,0.617521838170039,0.0301986189861819,1,1,1,""
4,410,710004410,910008410,strict,0.608951586903249,0.0313808522741629,1,1,1,""
4,411,710004411,810008411,naive,0.541167621036325,0.0295789638663069,0,0,1,""
4,411,710004411,910008411,strict,0.546596415254656,0.0322252918188385,0,0,1,""
4,412,710004412,810008412,naive,0.630676367020513,0.0350885956704419,1,1,1,""
4,412,710004412,910008412,strict,0.636033185476203,0.0331135724426973,1,1,1,""
4,413,710004413,810008413,naive,0.622476556610465,0.0288478751310493,1,1,1,""
4,413,710004413,910008413,strict,0.630091822326033,0.0297373214024654,1,1,1,""
4,414,710004414,810008414,naive,0.553070567973087,0.0288385704062845,0,0,1,""
4,414,710004414,910008414,strict,0.555121082926988,0.0362197016254418,1,0,1,""
4,415,710004415,810008415,naive,0.579141605867329,0.0359658764592893,1,1,1,""
4,415,710004415,910008415,strict,0.573936466077439,0.0292344807827589,1,1,1,""
4,416,710004416,810008416,naive,0.610030703495342,0.0343957397174128,1,1,1,""
4,416,710004416,910008416,strict,0.611466249694441,0.0405832348932568,1,1,1,""
4,417,710004417,810008417,naive,0.615358335409387,0.035044417203216,1,1,1,""
4,417,710004417,910008417,strict,0.606185790006255,0.0364313329595407,1,1,1,""
4,418,710004418,810008418,naive,0.58135799299707,0.0352739753575195,1,1,1,""
4,418,710004418,910008418,strict,0.583617397440015,0.0350596609042494,1,1,1,""
4,419,710004419,810008419,naive,0.586377074554299,0.0360302688978655,1,1,1,""
4,419,710004419,910008419,strict,0.585871500580526,0.0368840474862519,1,1,1,""
4,420,710004420,810008420,naive,0.603096216523331,0.0325894174175004,1,1,1,""
4,420,710004420,910008420,strict,0.597935574809999,0.0313532707999195,1,1,1,""
4,421,710004421,810008421,naive,0.608579212623037,0.0327999974939813,1,1,1,""
4,421,710004421,910008421,strict,0.604057115983029,0.0336571780434511,1,1,1,""
4,422,710004422,810008422,naive,0.569090323139782,0.0379870140509409,1,0,1,""
4,422,710004422,910008422,strict,0.562510458052047,0.0470146337598495,1,0,1,""
4,423,710004423,810008423,naive,0.589935416032144,0.0364717528918053,1,1,1,""
4,423,710004423,910008423,strict,0.587190360508429,0.0396405402176482,1,1,1,""
4,424,710004424,810008424,naive,0.643152293679998,0.037365812908848,1,1,1,""
4,424,710004424,910008424,strict,0.641974423861493,0.0335649169340923,1,1,1,""
4,425,710004425,810008425,naive,0.562432212400165,0.0313087150505554,1,1,1,""
4,425,710004425,910008425,strict,0.558448114730465,0.0342842279037001,1,0,1,""
4,426,710004426,810008426,naive,0.63760468286293,0.0340678055128432,1,1,1,""
4,426,710004426,910008426,strict,0.635364380863007,0.0362505096979036,1,1,1,""
4,427,710004427,810008427,naive,0.540767979027493,0.0328287805576179,0,0,1,""
4,427,710004427,910008427,strict,0.53832214316687,0.0343189224926387,0,0,1,""
4,428,710004428,810008428,naive,0.627695527514454,0.0320714095242687,1,1,1,""
4,428,710004428,910008428,strict,0.624773647016137,0.0324218747736482,1,1,1,""
4,429,710004429,810008429,naive,0.563923964189603,0.0330663487457371,1,0,1,""
4,429,710004429,910008429,strict,0.55404901485853,0.0368885848150509,1,0,1,""
4,430,710004430,810008430,naive,0.625486056591242,0.0324987156787046,1,1,1,""
4,430,710004430,910008430,strict,0.624883502589454,0.0337104142811744,1,1,1,""
4,431,710004431,810008431,naive,0.621235994555976,0.0342745511071243,1,1,1,""
4,431,710004431,910008431,strict,0.624587174435257,0.03131652031925,1,1,1,""
4,432,710004432,810008432,naive,0.615659072965479,0.0354478737811973,1,1,1,""
4,432,710004432,910008432,strict,0.634425290438709,0.0276374859452932,1,1,1,""
4,433,710004433,810008433,naive,0.585162450061444,0.0285559154255499,1,1,1,""
4,433,710004433,910008433,strict,0.589890527547279,0.0367969164735715,1,1,1,""
4,434,710004434,810008434,naive,0.590667706792972,0.0318519785380053,1,1,1,""
4,434,710004434,910008434,strict,0.589822565345118,0.0340220074449023,1,1,1,""
4,435,710004435,810008435,naive,0.606550826735805,0.0339858776982171,1,1,1,""
4,435,710004435,910008435,strict,0.603326425312234,0.0321585310441835,1,1,1,""
4,436,710004436,810008436,naive,0.630508103770628,0.0299659741221855,1,1,1,""
4,436,710004436,910008436,strict,0.62863860845174,0.0316710597833929,1,1,1,""
4,437,710004437,810008437,naive,0.605602745742339,0.0319864352057545,1,1,1,""
4,437,710004437,910008437,strict,0.617713652428445,0.0324914236598333,1,1,1,""
4,438,710004438,810008438,naive,0.61041351374527,0.0356940692808431,1,1,1,""
4,438,710004438,910008438,strict,0.618428948142369,0.029015073748599,1,1,1,""
4,439,710004439,810008439,naive,0.62858033474697,0.0366421482872642,1,1,1,""
4,439,710004439,910008439,strict,0.616256601053221,0.0387566590600757,1,1,1,""
4,440,710004440,810008440,naive,0.600313510592104,0.0268555259556057,1,1,1,""
4,440,710004440,910008440,strict,0.593521339932357,0.0321357585970672,1,1,1,""
4,441,710004441,810008441,naive,0.590823849885623,0.0330999398692004,1,1,1,""
4,441,710004441,910008441,strict,0.592639943518137,0.0321516204302946,1,1,1,""
4,442,710004442,810008442,naive,0.616196145511205,0.032069936189542,1,1,1,""
4,442,710004442,910008442,strict,0.614513917068341,0.0370006395632901,1,1,1,""
4,443,710004443,810008443,naive,0.651337206295322,0.0368726421297796,1,1,1,""
4,443,710004443,910008443,strict,0.659844850293771,0.0365127259622937,1,1,1,""
4,444,710004444,810008444,naive,0.639602216742593,0.0291307297110028,1,1,1,""
4,444,710004444,910008444,strict,0.626891168852565,0.0347217646575897,1,1,1,""
4,445,710004445,810008445,naive,0.655577072860889,0.0331582977191753,1,1,1,""
4,445,710004445,910008445,strict,0.650730711762635,0.0319042623405584,1,1,1,""
4,446,710004446,810008446,naive,0.599978246274971,0.0418407760956492,1,1,1,""
4,446,710004446,910008446,strict,0.59865244231957,0.0368815711487136,1,1,1,""
4,447,710004447,810008447,naive,0.594365237075245,0.030106436662556,1,1,1,""
4,447,710004447,910008447,strict,0.58945736479928,0.0335001998855901,1,1,1,""
4,448,710004448,810008448,naive,0.579423137370337,0.0380836473035486,1,1,1,""
4,448,710004448,910008448,strict,0.579232473197363,0.0353344261680559,1,1,1,""
4,449,710004449,810008449,naive,0.631403986395171,0.0285337957306115,1,1,1,""
4,449,710004449,910008449,strict,0.625019747250814,0.0337249773931951,1,1,1,""
4,450,710004450,810008450,naive,0.677386556037925,0.0324325955171225,0,1,1,""
4,450,710004450,910008450,strict,0.679826925894205,0.0328823582959773,0,1,1,""
4,451,710004451,810008451,naive,0.578980294576437,0.0404205903593357,1,0,1,""
4,451,710004451,910008451,strict,0.577373234198609,0.0352509006041574,1,1,1,""
4,452,710004452,810008452,naive,0.658106817181344,0.0394911209246477,1,1,1,""
4,452,710004452,910008452,strict,0.656257951082854,0.0338054750542799,1,1,1,""
4,453,710004453,810008453,naive,0.561414874941586,0.03790106665931,1,0,1,""
4,453,710004453,910008453,strict,0.562465399120775,0.0367317525076572,1,0,1,""
4,454,710004454,810008454,naive,0.565254916109933,0.033514205128572,1,0,1,""
4,454,710004454,910008454,strict,0.562636334374299,0.0284838495803893,1,1,1,""
4,455,710004455,810008455,naive,0.592299371075536,0.0316217638710232,1,1,1,""
4,455,710004455,910008455,strict,0.587406584070274,0.0298753413791699,1,1,1,""
4,456,710004456,810008456,naive,0.63017360722191,0.0374548739125403,1,1,1,""
4,456,710004456,910008456,strict,0.621594525623746,0.0355335867289409,1,1,1,""
4,457,710004457,810008457,naive,0.595511710320692,0.033563726929545,1,1,1,""
4,457,710004457,910008457,strict,0.591879343158105,0.0309664796592136,1,1,1,""
4,458,710004458,810008458,naive,0.571451500829561,0.0291694898249607,1,1,1,""
4,458,710004458,910008458,strict,0.570980256192793,0.0346172543522437,1,1,1,""
4,459,710004459,810008459,naive,0.611137186849616,0.0282411604754695,1,1,1,""
4,459,710004459,910008459,strict,0.613622838492102,0.0347569650955986,1,1,1,""
4,460,710004460,810008460,naive,0.616242701272773,0.0336136623579669,1,1,1,""
4,460,710004460,910008460,strict,0.613389511197467,0.031590000601771,1,1,1,""
4,461,710004461,810008461,naive,0.592886290537763,0.0354487983867215,1,1,1,""
4,461,710004461,910008461,strict,0.594821790608245,0.0333178072948581,1,1,1,""
4,462,710004462,810008462,naive,0.584644015821005,0.0364671045461967,1,1,1,""
4,462,710004462,910008462,strict,0.582196458061667,0.0358903975899194,1,1,1,""
4,463,710004463,810008463,naive,0.604282549809226,0.0439666006494661,1,1,1,""
4,463,710004463,910008463,strict,0.604145144002654,0.0384400475382888,1,1,1,""
4,464,710004464,810008464,naive,0.603492664067327,0.0352081355410119,1,1,1,""
4,464,710004464,910008464,strict,0.599485374939905,0.0276570596594878,1,1,1,""
4,465,710004465,810008465,naive,0.661447861627207,0.0434428458787129,1,1,1,""
4,465,710004465,910008465,strict,0.667748969097404,0.0362760121581159,1,1,1,""
4,466,710004466,810008466,naive,0.605104720960492,0.0343636102822038,1,1,1,""
4,466,710004466,910008466,strict,0.596909798088539,0.0305048609813374,1,1,1,""
4,467,710004467,810008467,naive,0.601260251042452,0.0387393040485292,1,1,1,""
4,467,710004467,910008467,strict,0.594681211888108,0.0413467249905134,1,1,1,""
4,468,710004468,810008468,naive,0.693182504435593,0.0319632471726227,0,1,1,""
4,468,710004468,910008468,strict,0.688345501403724,0.0340672643488919,0,1,1,""
4,469,710004469,810008469,naive,0.636880098897986,0.0339408994290741,1,1,1,""
4,469,710004469,910008469,strict,0.631768224488826,0.0361882524954876,1,1,1,""
4,470,710004470,810008470,naive,0.634835375931966,0.0329609593830282,1,1,1,""
4,470,710004470,910008470,strict,0.63345416768214,0.0361483189928547,1,1,1,""
4,471,710004471,810008471,naive,0.59982852230708,0.0275280036277445,1,1,1,""
4,471,710004471,910008471,strict,0.597286867767896,0.0312925888036255,1,1,1,""
4,472,710004472,810008472,naive,0.63521142185917,0.0281693116089485,1,1,1,""
4,472,710004472,910008472,strict,0.646462870858668,0.0299723112862361,1,1,1,""
4,473,710004473,810008473,naive,0.606601832126099,0.0351854000759235,1,1,1,""
4,473,710004473,910008473,strict,0.613093767508383,0.031933674807116,1,1,1,""
4,474,710004474,810008474,naive,0.589537436015511,0.0340424834093864,1,1,1,""
4,474,710004474,910008474,strict,0.583506480989424,0.0303473502921143,1,1,1,""
4,475,710004475,810008475,naive,0.675874828516978,0.0292728128643358,0,1,1,""
4,475,710004475,910008475,strict,0.673380995968773,0.0299302261057604,0,1,1,""
4,476,710004476,810008476,naive,0.624910522267171,0.0375283042177786,1,1,1,""
4,476,710004476,910008476,strict,0.623637094347983,0.0327313111673431,1,1,1,""
4,477,710004477,810008477,naive,0.556886467577676,0.0438177461877049,1,0,1,""
4,477,710004477,910008477,strict,0.56143236884872,0.0378137816712011,1,0,1,""
4,478,710004478,810008478,naive,0.657939117325495,0.0351023906958473,1,1,1,""
4,478,710004478,910008478,strict,0.654324533260283,0.0338798353845089,1,1,1,""
4,479,710004479,810008479,naive,0.566453048049848,0.0304512168680335,1,1,1,""
4,479,710004479,910008479,strict,0.567589359992079,0.0275539715298022,1,1,1,""
4,480,710004480,810008480,naive,0.649539129198979,0.0385871034629986,1,1,1,""
4,480,710004480,910008480,strict,0.646636278710449,0.0405033589627659,1,1,1,""
4,481,710004481,810008481,naive,0.664284305675005,0.031089132273759,1,1,1,""
4,481,710004481,910008481,strict,0.662034576488783,0.0315030963722894,1,1,1,""
4,482,710004482,810008482,naive,0.66322979744723,0.0348091055631816,1,1,1,""
4,482,710004482,910008482,strict,0.664833604407276,0.0350545732331944,1,1,1,""
4,483,710004483,810008483,naive,0.591043760490629,0.0323832088451942,1,1,1,""
4,483,710004483,910008483,strict,0.595789706797371,0.0276207376049396,1,1,1,""
4,484,710004484,810008484,naive,0.62803518787492,0.0395741363441344,1,1,1,""
4,484,710004484,910008484,strict,0.634328180744339,0.0310196898930389,1,1,1,""
4,485,710004485,810008485,naive,0.700553559328886,0.0333558567944796,0,1,1,""
4,485,710004485,910008485,strict,0.697525444530446,0.0334308418356883,0,1,1,""
4,486,710004486,810008486,naive,0.579442868833367,0.0328834044209429,1,1,1,""
4,486,710004486,910008486,strict,0.582729712887756,0.0314361122110357,1,1,1,""
4,487,710004487,810008487,naive,0.624001413130619,0.0385771162699169,1,1,1,""
4,487,710004487,910008487,strict,0.627278272151753,0.0356515321736554,1,1,1,""
4,488,710004488,810008488,naive,0.603454653129867,0.0287733405863733,1,1,1,""
4,488,710004488,910008488,strict,0.609645406939281,0.0283237414896997,1,1,1,""
4,489,710004489,810008489,naive,0.603653549664359,0.031746351652621,1,1,1,""
4,489,710004489,910008489,strict,0.594410281453674,0.0326728884069879,1,1,1,""
4,490,710004490,810008490,naive,0.605716565758717,0.0289827137424627,1,1,1,""
4,490,710004490,910008490,strict,0.603133522525669,0.033359696109014,1,1,1,""
4,491,710004491,810008491,naive,0.684775535161767,0.028239547074446,0,1,1,""
4,491,710004491,910008491,strict,0.68955785380022,0.0283550372204584,0,1,1,""
4,492,710004492,810008492,naive,0.636405847329717,0.0304923731808729,1,1,1,""
4,492,710004492,910008492,strict,0.641717560876443,0.0363499916509442,1,1,1,""
4,493,710004493,810008493,naive,0.630521838003255,0.029879299005499,1,1,1,""
4,493,710004493,910008493,strict,0.631757121414268,0.0362301866456592,1,1,1,""
4,494,710004494,810008494,naive,0.54859136680159,0.0318339631516209,0,0,1,""
4,494,710004494,910008494,strict,0.554665616191686,0.0339318176779956,1,0,1,""
4,495,710004495,810008495,naive,0.62905048793379,0.0345876102086373,1,1,1,""
4,495,710004495,910008495,strict,0.641481274198779,0.0312285012890126,1,1,1,""
4,496,710004496,810008496,naive,0.579202091227883,0.0378161767640102,1,1,1,""
4,496,710004496,910008496,strict,0.57399501498659,0.033529994310527,1,1,1,""
4,497,710004497,810008497,naive,0.623138473206739,0.030651813299967,1,1,1,""
4,497,710004497,910008497,strict,0.624650398339479,0.0305608364849433,1,1,1,""
4,498,710004498,810008498,naive,0.634397041703541,0.0391050318089728,1,1,1,""
4,498,710004498,910008498,strict,0.630235052897627,0.0375205192872979,1,1,1,""
4,499,710004499,810008499,naive,0.633195735839448,0.0325685977171875,1,1,1,""
4,499,710004499,910008499,strict,0.631436369109329,0.0316098681881933,1,1,1,""
4,500,710004500,810008500,naive,0.602664185281346,0.0325833165802383,1,1,1,""
4,500,710004500,910008500,strict,0.602197541927214,0.0338810219237766,1,1,1,""
4,501,710004501,810008501,naive,0.640447244848774,0.031485764809239,1,1,1,""
4,501,710004501,910008501,strict,0.631928956331162,0.0353743359130476,1,1,1,""
4,502,710004502,810008502,naive,0.694304397952124,0.0294451704054627,0,1,1,""
4,502,710004502,910008502,strict,0.694025626755055,0.0266692337265294,0,1,1,""
4,503,710004503,810008503,naive,0.619997412060343,0.0301900283539385,1,1,1,""
4,503,710004503,910008503,strict,0.625279976882558,0.0292420167667597,1,1,1,""
4,504,710004504,810008504,naive,0.57864851028126,0.0337522930001588,1,1,1,""
4,504,710004504,910008504,strict,0.576197017231339,0.0322638151779281,1,1,1,""
4,505,710004505,810008505,naive,0.624691218572417,0.0369365286324233,1,1,1,""
4,505,710004505,910008505,strict,0.630081972897087,0.0418151282429405,1,1,1,""
4,506,710004506,810008506,naive,0.636461013458421,0.0298817462902106,1,1,1,""
4,506,710004506,910008506,strict,0.637594820865008,0.0331354887611718,1,1,1,""
4,507,710004507,810008507,naive,0.636822368905844,0.0322234453880743,1,1,1,""
4,507,710004507,910008507,strict,0.639419957469804,0.0297283993967653,1,1,1,""
4,508,710004508,810008508,naive,0.584828087961065,0.033686525871179,1,1,1,""
4,508,710004508,910008508,strict,0.586049978856503,0.0311547260634835,1,1,1,""
4,509,710004509,810008509,naive,0.591108019038288,0.0362602495722491,1,1,1,""
4,509,710004509,910008509,strict,0.585406522620752,0.035991521479606,1,1,1,""
4,510,710004510,810008510,naive,0.561863251373312,0.0373106214490856,1,0,1,""
4,510,710004510,910008510,strict,0.564648493384684,0.035159192381919,1,0,1,""
4,511,710004511,810008511,naive,0.609840629984066,0.0329923871868855,1,1,1,""
4,511,710004511,910008511,strict,0.60934253011227,0.0322090206017807,1,1,1,""
4,512,710004512,810008512,naive,0.57193975018709,0.0293999332048925,1,1,1,""
4,512,710004512,910008512,strict,0.569482360288222,0.02779768841726,1,1,1,""
4,513,710004513,810008513,naive,0.598708697492485,0.0355616415725553,1,1,1,""
4,513,710004513,910008513,strict,0.597317364844122,0.033587553561968,1,1,1,""
4,514,710004514,810008514,naive,0.659933242369941,0.0349785348192968,1,1,1,""
4,514,710004514,910008514,strict,0.668294689419821,0.0304001051485415,1,1,1,""
4,515,710004515,810008515,naive,0.649133269618051,0.0275407956647232,1,1,1,""
4,515,710004515,910008515,strict,0.661408327909576,0.0285997542699382,1,1,1,""
4,516,710004516,810008516,naive,0.555593878150724,0.036694433463347,1,0,1,""
4,516,710004516,910008516,strict,0.54620775635799,0.033793278354507,0,0,1,""
4,517,710004517,810008517,naive,0.646824874776816,0.0315461973818574,1,1,1,""
4,517,710004517,910008517,strict,0.648565342749473,0.0358251294402376,1,1,1,""
4,518,710004518,810008518,naive,0.634466823442221,0.0286467734281898,1,1,1,""
4,518,710004518,910008518,strict,0.640672655105671,0.0276668211582349,1,1,1,""
4,519,710004519,810008519,naive,0.642579769351293,0.0309638849774278,1,1,1,""
4,519,710004519,910008519,strict,0.647725924887,0.0362973969117931,1,1,1,""
4,520,710004520,810008520,naive,0.653552785177132,0.0339160044497541,1,1,1,""
4,520,710004520,910008520,strict,0.655033101087854,0.0307713389035859,1,1,1,""
4,521,710004521,810008521,naive,0.653318785998344,0.0294163259410567,1,1,1,""
4,521,710004521,910008521,strict,0.653708817926311,0.0314786233109068,1,1,1,""
4,522,710004522,810008522,naive,0.599334218639291,0.0335319967775729,1,1,1,""
4,522,710004522,910008522,strict,0.594902607487953,0.033617077525316,1,1,1,""
4,523,710004523,810008523,naive,0.631763461005517,0.0297206019396784,1,1,1,""
4,523,710004523,910008523,strict,0.631859407486173,0.034568200310268,1,1,1,""
4,524,710004524,810008524,naive,0.643667745740894,0.0342428169994945,1,1,1,""
4,524,710004524,910008524,strict,0.641763362861994,0.0357436092954959,1,1,1,""
4,525,710004525,810008525,naive,0.581988442273346,0.037634950540806,1,1,1,""
4,525,710004525,910008525,strict,0.586520633670974,0.0348047722511361,1,1,1,""
4,526,710004526,810008526,naive,0.664504275300197,0.0331123251116801,1,1,1,""
4,526,710004526,910008526,strict,0.666987778430567,0.0364206569889135,1,1,1,""
4,527,710004527,810008527,naive,0.637563496858523,0.0312066998813482,1,1,1,""
4,527,710004527,910008527,strict,0.634657063936646,0.0325561022021187,1,1,1,""
4,528,710004528,810008528,naive,0.632610880034582,0.0336518601332227,1,1,1,""
4,528,710004528,910008528,strict,0.627392985534474,0.0345616790325088,1,1,1,""
4,529,710004529,810008529,naive,0.604062835450762,0.0408928012521667,1,1,1,""
4,529,710004529,910008529,strict,0.604206301845275,0.0340285718793745,1,1,1,""
4,530,710004530,810008530,naive,0.634064443880442,0.0298113680954602,1,1,1,""
4,530,710004530,910008530,strict,0.632086244241328,0.0320572149614491,1,1,1,""
4,531,710004531,810008531,naive,0.510607726575272,0.0320544686090365,0,0,1,""
4,531,710004531,910008531,strict,0.511338734241421,0.0381672356718371,0,0,1,""
4,532,710004532,810008532,naive,0.623107315526334,0.0302508181778362,1,1,1,""
4,532,710004532,910008532,strict,0.623304074587777,0.035477668790057,1,1,1,""
4,533,710004533,810008533,naive,0.620893746860271,0.0313774246622036,1,1,1,""
4,533,710004533,910008533,strict,0.610687502756821,0.0321432375081398,1,1,1,""
4,534,710004534,810008534,naive,0.650947620961901,0.0317386584055532,1,1,1,""
4,534,710004534,910008534,strict,0.647494991175913,0.033509146242903,1,1,1,""
4,535,710004535,810008535,naive,0.604941389329138,0.0351092998729723,1,1,1,""
4,535,710004535,910008535,strict,0.598014466283248,0.0329940053428792,1,1,1,""
4,536,710004536,810008536,naive,0.634222354174103,0.0359183447276572,1,1,1,""
4,536,710004536,910008536,strict,0.652833112445107,0.040844804133404,1,1,1,""
4,537,710004537,810008537,naive,0.601670957276832,0.0341294251105586,1,1,1,""
4,537,710004537,910008537,strict,0.604898683550729,0.0354096743638731,1,1,1,""
4,538,710004538,810008538,naive,0.643025654742749,0.0338896158977473,1,1,1,""
4,538,710004538,910008538,strict,0.648095078521113,0.0334136099476834,1,1,1,""
4,539,710004539,810008539,naive,0.586692748070188,0.0332352202815138,1,1,1,""
4,539,710004539,910008539,strict,0.593412555857402,0.0325014580381387,1,1,1,""
4,540,710004540,810008540,naive,0.559887694957826,0.0395961647723435,1,0,1,""
4,540,710004540,910008540,strict,0.552363924456489,0.0357242229941231,1,0,1,""
4,541,710004541,810008541,naive,0.619890372396015,0.039409365716126,1,1,1,""
4,541,710004541,910008541,strict,0.61420512039009,0.0338286113159423,1,1,1,""
4,542,710004542,810008542,naive,0.652938528717271,0.0331538676208226,1,1,1,""
4,542,710004542,910008542,strict,0.651336743296875,0.0312232525044427,1,1,1,""
4,543,710004543,810008543,naive,0.616219542864125,0.0363730151314181,1,1,1,""
4,543,710004543,910008543,strict,0.611357835825279,0.0425008881731653,1,1,1,""
4,544,710004544,810008544,naive,0.595918496971727,0.0317121893602688,1,1,1,""
4,544,710004544,910008544,strict,0.603419116677955,0.0326013430461524,1,1,1,""
4,545,710004545,810008545,naive,0.645692036789276,0.0257049353862737,1,1,1,""
4,545,710004545,910008545,strict,0.637075616650864,0.0320550157604966,1,1,1,""
4,546,710004546,810008546,naive,0.643287544292,0.0420891749153239,1,1,1,""
4,546,710004546,910008546,strict,0.639746790634295,0.0393708994254159,1,1,1,""
4,547,710004547,810008547,naive,0.669592018688562,0.0285325011620234,0,1,1,""
4,547,710004547,910008547,strict,0.666517212316088,0.030048437233012,1,1,1,""
4,548,710004548,810008548,naive,0.631454926904697,0.0277648344959864,1,1,1,""
4,548,710004548,910008548,strict,0.633549190786959,0.029381895301576,1,1,1,""
4,549,710004549,810008549,naive,0.586348510923989,0.0312831079674261,1,1,1,""
4,549,710004549,910008549,strict,0.589140398745862,0.0328127735808018,1,1,1,""
4,550,710004550,810008550,naive,0.631498452619867,0.0352563816494403,1,1,1,""
4,550,710004550,910008550,strict,0.633554257378522,0.0337182763248363,1,1,1,""
4,551,710004551,810008551,naive,0.586137738879549,0.0337095825376286,1,1,1,""
4,551,710004551,910008551,strict,0.583713189617735,0.0336244949574374,1,1,1,""
4,552,710004552,810008552,naive,0.601461898101233,0.0357651949564539,1,1,1,""
4,552,710004552,910008552,strict,0.601020367939335,0.0346750071724979,1,1,1,""
4,553,710004553,810008553,naive,0.606841202949558,0.0401066882523306,1,1,1,""
4,553,710004553,910008553,strict,0.604896805091552,0.0414014331118381,1,1,1,""
4,554,710004554,810008554,naive,0.565785310431636,0.0372756050100576,1,0,1,""
4,554,710004554,910008554,strict,0.566073603924365,0.039172073355703,1,0,1,""
4,555,710004555,810008555,naive,0.620759564694368,0.0338182612560005,1,1,1,""
4,555,710004555,910008555,strict,0.613193706081041,0.0352070263246083,1,1,1,""
4,556,710004556,810008556,naive,0.671142099066807,0.0267800862133321,0,1,1,""
4,556,710004556,910008556,strict,0.664896890591309,0.0353685443433084,1,1,1,""
4,557,710004557,810008557,naive,0.650105840778256,0.0314994063610546,1,1,1,""
4,557,710004557,910008557,strict,0.650350250378669,0.0332791682118627,1,1,1,""
4,558,710004558,810008558,naive,0.655046514333018,0.0408928718080107,1,1,1,""
4,558,710004558,910008558,strict,0.655841276357099,0.0389583963857078,1,1,1,""
4,559,710004559,810008559,naive,0.635501375151334,0.0357296564252659,1,1,1,""
4,559,710004559,910008559,strict,0.627792502193852,0.0355665515649966,1,1,1,""
4,560,710004560,810008560,naive,0.544882110942887,0.0292593597277549,0,0,1,""
4,560,710004560,910008560,strict,0.53847843613895,0.0318041839331354,0,0,1,""
4,561,710004561,810008561,naive,0.5619993157551,0.0382654726678577,1,0,1,""
4,561,710004561,910008561,strict,0.552433305902125,0.0408893278798206,1,0,1,""
4,562,710004562,810008562,naive,0.639869104027815,0.0324945483025405,1,1,1,""
4,562,710004562,910008562,strict,0.633603617174581,0.0375894633901805,1,1,1,""
4,563,710004563,810008563,naive,0.591229344596172,0.0309630702789045,1,1,1,""
4,563,710004563,910008563,strict,0.600515085908614,0.0335711429052461,1,1,1,""
4,564,710004564,810008564,naive,0.568693852424718,0.0320811796175541,1,1,1,""
4,564,710004564,910008564,strict,0.567970546688986,0.0321043699562597,1,1,1,""
4,565,710004565,810008565,naive,0.652798148781149,0.0368026237070962,1,1,1,""
4,565,710004565,910008565,strict,0.655846230144105,0.0321904777874924,1,1,1,""
4,566,710004566,810008566,naive,0.610365908038229,0.0334385057133236,1,1,1,""
4,566,710004566,910008566,strict,0.607385830119458,0.0363188514736993,1,1,1,""
4,567,710004567,810008567,naive,0.599350952235964,0.0350660666552257,1,1,1,""
4,567,710004567,910008567,strict,0.601711016254017,0.0288486038340509,1,1,1,""
4,568,710004568,810008568,naive,0.610757280510769,0.03397739357869,1,1,1,""
4,568,710004568,910008568,strict,0.61092092799295,0.0298958445092805,1,1,1,""
4,569,710004569,810008569,naive,0.548789727671421,0.0343766571941464,1,0,1,""
4,569,710004569,910008569,strict,0.545248266763256,0.035465470275675,1,0,1,""
4,570,710004570,810008570,naive,0.636375296453371,0.0263109853160608,1,1,1,""
4,570,710004570,910008570,strict,0.636180096041741,0.03236357827487,1,1,1,""
4,571,710004571,810008571,naive,0.581965361492057,0.0353593167903517,1,1,1,""
4,571,710004571,910008571,strict,0.595231184800574,0.0311445050548968,1,1,1,""
4,572,710004572,810008572,naive,0.62561644160295,0.0329113068478805,1,1,1,""
4,572,710004572,910008572,strict,0.627247788867762,0.0345190034871832,1,1,1,""
4,573,710004573,810008573,naive,0.513810806348667,0.0372810954936422,0,0,1,""
4,573,710004573,910008573,strict,0.514223425645084,0.0284621566520569,0,0,1,""
4,574,710004574,810008574,naive,0.66522672925997,0.0296407368235945,1,1,1,""
4,574,710004574,910008574,strict,0.658528467936677,0.0256462303134121,1,1,1,""
4,575,710004575,810008575,naive,0.567588854172722,0.0337544575512061,1,1,1,""
4,575,710004575,910008575,strict,0.572403549163039,0.0343055807469429,1,1,1,""
4,576,710004576,810008576,naive,0.572273813724575,0.0342878012443705,1,1,1,""
4,576,710004576,910008576,strict,0.564852622177615,0.0306889277848399,1,1,1,""
4,577,710004577,810008577,naive,0.603152878663353,0.0393733728168632,1,1,1,""
4,577,710004577,910008577,strict,0.604707016540642,0.042692458716455,1,1,1,""
4,578,710004578,810008578,naive,0.600529940641262,0.03422997905704,1,1,1,""
4,578,710004578,910008578,strict,0.603350288057868,0.030100227844435,1,1,1,""
4,579,710004579,810008579,naive,0.654938724467998,0.0326302098004743,1,1,1,""
4,579,710004579,910008579,strict,0.653467927006119,0.0340891258434354,1,1,1,""
4,580,710004580,810008580,naive,0.604018454136417,0.0352938390154253,1,1,1,""
4,580,710004580,910008580,strict,0.603027888114616,0.0364456453507653,1,1,1,""
4,581,710004581,810008581,naive,0.558434338513871,0.0299753117620295,1,0,1,""
4,581,710004581,910008581,strict,0.557978398466898,0.0370158979763079,1,0,1,""
4,582,710004582,810008582,naive,0.667948564713091,0.0322642545517514,1,1,1,""
4,582,710004582,910008582,strict,0.670181248813428,0.0356305406625674,1,1,1,""
4,583,710004583,810008583,naive,0.610701958710087,0.0316560389159227,1,1,1,""
4,583,710004583,910008583,strict,0.616409241140803,0.0363846017404212,1,1,1,""
4,584,710004584,810008584,naive,0.557643028076781,0.0334370057351993,1,0,1,""
4,584,710004584,910008584,strict,0.564679828801186,0.0321807447872275,1,1,1,""
4,585,710004585,810008585,naive,0.663957686671119,0.0299027359719764,1,1,1,""
4,585,710004585,910008585,strict,0.655020099023265,0.0288388236150944,1,1,1,""
4,586,710004586,810008586,naive,0.612235370483734,0.0334881337800456,1,1,1,""
4,586,710004586,910008586,strict,0.611423065396761,0.0330389525479317,1,1,1,""
4,587,710004587,810008587,naive,0.655858191171931,0.0289478800749911,1,1,1,""
4,587,710004587,910008587,strict,0.65279861206415,0.0299990331775477,1,1,1,""
4,588,710004588,810008588,naive,0.613210443684913,0.0367642346548448,1,1,1,""
4,588,710004588,910008588,strict,0.611087679729408,0.0361817558430213,1,1,1,""
4,589,710004589,810008589,naive,0.570650407338783,0.0349294528058989,1,1,1,""
4,589,710004589,910008589,strict,0.574236704743154,0.0309978091702011,1,1,1,""
4,590,710004590,810008590,naive,0.699506056661601,0.027511210949094,0,1,1,""
4,590,710004590,910008590,strict,0.692890213833172,0.0328016411637478,0,1,1,""
4,591,710004591,810008591,naive,0.576173369663571,0.0325279755931463,1,1,1,""
4,591,710004591,910008591,strict,0.569068304926797,0.0335606103110724,1,1,1,""
4,592,710004592,810008592,naive,0.638225251274206,0.0281499781309037,1,1,1,""
4,592,710004592,910008592,strict,0.635072403932853,0.0316045760526165,1,1,1,""
4,593,710004593,810008593,naive,0.593064985626151,0.0334072151093161,1,1,1,""
4,593,710004593,910008593,strict,0.586667327529533,0.0273255374288233,1,1,1,""
4,594,710004594,810008594,naive,0.61579728937721,0.0348025553304691,1,1,1,""
4,594,710004594,910008594,strict,0.619688222815095,0.0317384273939806,1,1,1,""
4,595,710004595,810008595,naive,0.636252534874131,0.0338159667705332,1,1,1,""
4,595,710004595,910008595,strict,0.632005605293925,0.0328596973972837,1,1,1,""
4,596,710004596,810008596,naive,0.581542588520375,0.0322915120662257,1,1,1,""
4,596,710004596,910008596,strict,0.58502494597315,0.0354357230308478,1,1,1,""
4,597,710004597,810008597,naive,0.574981341371798,0.0317983395419973,1,1,1,""
4,597,710004597,910008597,strict,0.577786864273997,0.0307252784872188,1,1,1,""
4,598,710004598,810008598,naive,0.573581375418058,0.0359549168181864,1,1,1,""
4,598,710004598,910008598,strict,0.574395891564457,0.0365516400938484,1,1,1,""
4,599,710004599,810008599,naive,0.577043740834703,0.0335035804461451,1,1,1,""
4,599,710004599,910008599,strict,0.56922532649118,0.0338931498899763,1,1,1,""
4,600,710004600,810008600,naive,0.550625279872999,0.029075776808032,0,0,1,""
4,600,710004600,910008600,strict,0.550254734402155,0.0334985453153725,1,0,1,""
4,601,710004601,810008601,naive,0.562583680344728,0.0333452862386668,1,0,1,""
4,601,710004601,910008601,strict,0.56496713620022,0.0315367184483813,1,1,1,""
4,602,710004602,810008602,naive,0.647685515960793,0.0339780474155812,1,1,1,""
4,602,710004602,910008602,strict,0.640830722768199,0.0291493778123835,1,1,1,""
4,603,710004603,810008603,naive,0.626081262210527,0.0372982324695239,1,1,1,""
4,603,710004603,910008603,strict,0.62057586119232,0.0358790877645681,1,1,1,""
4,604,710004604,810008604,naive,0.615427262570046,0.0336783237212313,1,1,1,""
4,604,710004604,910008604,strict,0.606269691573825,0.0348845781915133,1,1,1,""
4,605,710004605,810008605,naive,0.647943618175435,0.0287323351880591,1,1,1,""
4,605,710004605,910008605,strict,0.642355433461711,0.0337177706087394,1,1,1,""
4,606,710004606,810008606,naive,0.600651685746164,0.0289962665893295,1,1,1,""
4,606,710004606,910008606,strict,0.607297893543998,0.038356168540164,1,1,1,""
4,607,710004607,810008607,naive,0.629430035138907,0.03170939441458,1,1,1,""
4,607,710004607,910008607,strict,0.625608748045301,0.0345873893687364,1,1,1,""
4,608,710004608,810008608,naive,0.596535127334802,0.0354271502743492,1,1,1,""
4,608,710004608,910008608,strict,0.592025966386023,0.0327888993462584,1,1,1,""
4,609,710004609,810008609,naive,0.627501486461906,0.0282867097426381,1,1,1,""
4,609,710004609,910008609,strict,0.627491516755419,0.029208716413649,1,1,1,""
4,610,710004610,810008610,naive,0.656027764406038,0.0273934966821388,1,1,1,""
4,610,710004610,910008610,strict,0.656224269743181,0.0306825192758346,1,1,1,""
4,611,710004611,810008611,naive,0.61076003853809,0.0418600406335053,1,1,1,""
4,611,710004611,910008611,strict,0.605805697955274,0.0374792569553904,1,1,1,""
4,612,710004612,810008612,naive,0.636319800166197,0.0300607858315261,1,1,1,""
4,612,710004612,910008612,strict,0.638637954011332,0.0268869902765726,1,1,1,""
4,613,710004613,810008613,naive,0.608547304729377,0.0320785539890355,1,1,1,""
4,613,710004613,910008613,strict,0.602802200148027,0.0395239399264183,1,1,1,""
4,614,710004614,810008614,naive,0.555308062772382,0.0359852179253705,1,0,1,""
4,614,710004614,910008614,strict,0.549680405182359,0.0369265063705294,1,0,1,""
4,615,710004615,810008615,naive,0.606196930641308,0.037653463378294,1,1,1,""
4,615,710004615,910008615,strict,0.60355373568008,0.0376677892635344,1,1,1,""
4,616,710004616,810008616,naive,0.655966134109287,0.032929464408719,1,1,1,""
4,616,710004616,910008616,strict,0.657656163860098,0.0282612475055549,1,1,1,""
4,617,710004617,810008617,naive,0.584190231392336,0.0343455688363211,1,1,1,""
4,617,710004617,910008617,strict,0.58087502928531,0.0300431516964502,1,1,1,""
4,618,710004618,810008618,naive,0.646921312451277,0.0328136851488565,1,1,1,""
4,618,710004618,910008618,strict,0.646475447859382,0.0309162562174986,1,1,1,""
4,619,710004619,810008619,naive,0.535554432837076,0.0273774866751828,0,0,1,""
4,619,710004619,910008619,strict,0.529308019035408,0.033031829484723,0,0,1,""
4,620,710004620,810008620,naive,0.624365294372696,0.0309233963311986,1,1,1,""
4,620,710004620,910008620,strict,0.618793883041603,0.0338351425851749,1,1,1,""
4,621,710004621,810008621,naive,0.660769021655044,0.0328691262250614,1,1,1,""
4,621,710004621,910008621,strict,0.662781458187587,0.0324112711032846,1,1,1,""
4,622,710004622,810008622,naive,0.628591530602575,0.0315507044869246,1,1,1,""
4,622,710004622,910008622,strict,0.621098789076012,0.0368299319451498,1,1,1,""
4,623,710004623,810008623,naive,0.542675265206261,0.0373964769218688,1,0,1,""
4,623,710004623,910008623,strict,0.555238743976259,0.035977711398628,1,0,1,""
4,624,710004624,810008624,naive,0.590869211340011,0.0327464229069806,1,1,1,""
4,624,710004624,910008624,strict,0.589622572046048,0.0337969329079663,1,1,1,""
4,625,710004625,810008625,naive,0.627134499815769,0.0328464688115706,1,1,1,""
4,625,710004625,910008625,strict,0.628201010487616,0.0322247361295874,1,1,1,""
4,626,710004626,810008626,naive,0.655689748570171,0.0305613380717527,1,1,1,""
4,626,710004626,910008626,strict,0.65729619998066,0.0310014823914754,1,1,1,""
4,627,710004627,810008627,naive,0.602273460260046,0.0349446235089276,1,1,1,""
4,627,710004627,910008627,strict,0.596008883122194,0.0355054413697307,1,1,1,""
4,628,710004628,810008628,naive,0.604762162093488,0.035525839293842,1,1,1,""
4,628,710004628,910008628,strict,0.604272099796051,0.0295678867434713,1,1,1,""
4,629,710004629,810008629,naive,0.648673433912736,0.0345651441443442,1,1,1,""
4,629,710004629,910008629,strict,0.646111756142971,0.0356596268543605,1,1,1,""
4,630,710004630,810008630,naive,0.634754178148582,0.0317531104905307,1,1,1,""
4,630,710004630,910008630,strict,0.632728671738709,0.0349167247366559,1,1,1,""
4,631,710004631,810008631,naive,0.636988372071718,0.031014275780348,1,1,1,""
4,631,710004631,910008631,strict,0.632001547782728,0.033264850720232,1,1,1,""
4,632,710004632,810008632,naive,0.649046862571108,0.0311529265550791,1,1,1,""
4,632,710004632,910008632,strict,0.648100785333669,0.0371571293927136,1,1,1,""
4,633,710004633,810008633,naive,0.653412700528142,0.0268057969767291,1,1,1,""
4,633,710004633,910008633,strict,0.649588289222461,0.0301579924891089,1,1,1,""
4,634,710004634,810008634,naive,0.633894432725566,0.0246678655326064,1,1,1,""
4,634,710004634,910008634,strict,0.641984389624066,0.0312274945345967,1,1,1,""
4,635,710004635,810008635,naive,0.563172269247372,0.0415407810476365,1,0,1,""
4,635,710004635,910008635,strict,0.559317098902065,0.0377197139120241,1,0,1,""
4,636,710004636,810008636,naive,0.519593347788185,0.0313843904849363,0,0,1,""
4,636,710004636,910008636,strict,0.518679859025467,0.0314192446719476,0,0,1,""
4,637,710004637,810008637,naive,0.63727403765902,0.0308890372748038,1,1,1,""
4,637,710004637,910008637,strict,0.637326805022868,0.034573070370546,1,1,1,""
4,638,710004638,810008638,naive,0.668955766794791,0.032642859747395,1,1,1,""
4,638,710004638,910008638,strict,0.677333015395158,0.0281462394825731,0,1,1,""
4,639,710004639,810008639,naive,0.585129202822896,0.0276414969503947,1,1,1,""
4,639,710004639,910008639,strict,0.587033392397167,0.0290378056733421,1,1,1,""
4,640,710004640,810008640,naive,0.621829191878707,0.032420081852668,1,1,1,""
4,640,710004640,910008640,strict,0.613271228416807,0.0353106643802351,1,1,1,""
4,641,710004641,810008641,naive,0.605314315906408,0.037228074833137,1,1,1,""
4,641,710004641,910008641,strict,0.60688364138261,0.0367835363527509,1,1,1,""
4,642,710004642,810008642,naive,0.601693108258221,0.0323414225032938,1,1,1,""
4,642,710004642,910008642,strict,0.595331296373326,0.0311198236601573,1,1,1,""
4,643,710004643,810008643,naive,0.594397019707769,0.0337621098982843,1,1,1,""
4,643,710004643,910008643,strict,0.592933270938141,0.0364198137575646,1,1,1,""
4,644,710004644,810008644,naive,0.66383664566573,0.0330431120403907,1,1,1,""
4,644,710004644,910008644,strict,0.660601509313566,0.0322972719675374,1,1,1,""
4,645,710004645,810008645,naive,0.57405846942454,0.0296824851536942,1,1,1,""
4,645,710004645,910008645,strict,0.572715791006675,0.0372235364051077,1,0,1,""
4,646,710004646,810008646,naive,0.563053241004405,0.0345954422271158,1,0,1,""
4,646,710004646,910008646,strict,0.563537089908598,0.0326916420889526,1,0,1,""
4,647,710004647,810008647,naive,0.67703180989712,0.0322660493992065,0,1,1,""
4,647,710004647,910008647,strict,0.67457566478498,0.0278444038239421,0,1,1,""
4,648,710004648,810008648,naive,0.563124510276175,0.0331354248795929,1,0,1,""
4,648,710004648,910008648,strict,0.567526662280221,0.0295634197929512,1,1,1,""
4,649,710004649,810008649,naive,0.652008358625437,0.0357596208258143,1,1,1,""
4,649,710004649,910008649,strict,0.645490823184485,0.0363508728778858,1,1,1,""
4,650,710004650,810008650,naive,0.633083937640706,0.0298843501244589,1,1,1,""
4,650,710004650,910008650,strict,0.627324866097284,0.0309136346799426,1,1,1,""
4,651,710004651,810008651,naive,0.593848428314657,0.0349927470273216,1,1,1,""
4,651,710004651,910008651,strict,0.598396641439983,0.0358272940327113,1,1,1,""
4,652,710004652,810008652,naive,0.633400618863633,0.0331141491270752,1,1,1,""
4,652,710004652,910008652,strict,0.62445787844895,0.0337893981841079,1,1,1,""
4,653,710004653,810008653,naive,0.631190226466674,0.0276118308237884,1,1,1,""
4,653,710004653,910008653,strict,0.625497334425916,0.0329873544855948,1,1,1,""
4,654,710004654,810008654,naive,0.550119270317293,0.0367698644247648,1,0,1,""
4,654,710004654,910008654,strict,0.550418712587018,0.0392625951707301,1,0,1,""
4,655,710004655,810008655,naive,0.61809418359844,0.0377286706046209,1,1,1,""
4,655,710004655,910008655,strict,0.611565879789315,0.0374037097657495,1,1,1,""
4,656,710004656,810008656,naive,0.637554614765152,0.0330330268923794,1,1,1,""
4,656,710004656,910008656,strict,0.636092335245866,0.0376256058624203,1,1,1,""
4,657,710004657,810008657,naive,0.569876538719624,0.0343778710866437,1,1,1,""
4,657,710004657,910008657,strict,0.580784423579031,0.0357040201591518,1,1,1,""
4,658,710004658,810008658,naive,0.612046435870585,0.0342483170915993,1,1,1,""
4,658,710004658,910008658,strict,0.616553758576775,0.033718199779208,1,1,1,""
4,659,710004659,810008659,naive,0.592345091039707,0.0305076764270126,1,1,1,""
4,659,710004659,910008659,strict,0.592794130512322,0.032551124360864,1,1,1,""
4,660,710004660,810008660,naive,0.587868044743714,0.0320519220737082,1,1,1,""
4,660,710004660,910008660,strict,0.590891632331243,0.0317314943967822,1,1,1,""
4,661,710004661,810008661,naive,0.653677061729812,0.0341267846704111,1,1,1,""
4,661,710004661,910008661,strict,0.652616555992787,0.0333037374875149,1,1,1,""
4,662,710004662,810008662,naive,0.642275621624596,0.0322308294358838,1,1,1,""
4,662,710004662,910008662,strict,0.648622117470113,0.0282560384735218,1,1,1,""
4,663,710004663,810008663,naive,0.664216577985758,0.0301996372136714,1,1,1,""
4,663,710004663,910008663,strict,0.670404691246793,0.0278096633640103,0,1,1,""
4,664,710004664,810008664,naive,0.637684411260529,0.0304000484903317,1,1,1,""
4,664,710004664,910008664,strict,0.639027331780795,0.034829932251924,1,1,1,""
4,665,710004665,810008665,naive,0.591240395850444,0.035548661942817,1,1,1,""
4,665,710004665,910008665,strict,0.589955158714733,0.044197711792742,1,1,1,""
4,666,710004666,810008666,naive,0.632547057412163,0.0309232377380804,1,1,1,""
4,666,710004666,910008666,strict,0.631164940504854,0.0349782079338686,1,1,1,""
4,667,710004667,810008667,naive,0.673576455913036,0.0354300556795727,1,1,1,""
4,667,710004667,910008667,strict,0.664983875869086,0.0326234810854393,1,1,1,""
4,668,710004668,810008668,naive,0.565155692293035,0.0390946955051777,1,0,1,""
4,668,710004668,910008668,strict,0.565734290733423,0.033503480028926,1,1,1,""
4,669,710004669,810008669,naive,0.643100594918744,0.0377584390356506,1,1,1,""
4,669,710004669,910008669,strict,0.646560693433065,0.0358808403961241,1,1,1,""
4,670,710004670,810008670,naive,0.611180082012206,0.0393060029862103,1,1,1,""
4,670,710004670,910008670,strict,0.624546764358306,0.0373836505628989,1,1,1,""
4,671,710004671,810008671,naive,0.616886602476522,0.0287524542687854,1,1,1,""
4,671,710004671,910008671,strict,0.613621909499343,0.0306389904304025,1,1,1,""
4,672,710004672,810008672,naive,0.640955182312361,0.0316972244367848,1,1,1,""
4,672,710004672,910008672,strict,0.63485454353135,0.0305278884272904,1,1,1,""
4,673,710004673,810008673,naive,0.589622063743137,0.0294654746835584,1,1,1,""
4,673,710004673,910008673,strict,0.588867730303729,0.0292000375491249,1,1,1,""
4,674,710004674,810008674,naive,0.572204567194768,0.0306755441468975,1,1,1,""
4,674,710004674,910008674,strict,0.5740104163515,0.0319096681001697,1,1,1,""
4,675,710004675,810008675,naive,0.662211444439462,0.0325915453576391,1,1,1,""
4,675,710004675,910008675,strict,0.66055069868724,0.0277447365097866,1,1,1,""
4,676,710004676,810008676,naive,0.602595738961087,0.0361994328881258,1,1,1,""
4,676,710004676,910008676,strict,0.603296440721114,0.0321018889937345,1,1,1,""
4,677,710004677,810008677,naive,0.649253553100353,0.0297601590774774,1,1,1,""
4,677,710004677,910008677,strict,0.647757517709045,0.0302157126155238,1,1,1,""
4,678,710004678,810008678,naive,0.62504863239317,0.0337199097504119,1,1,1,""
4,678,710004678,910008678,strict,0.622152787615193,0.0303856168517608,1,1,1,""
4,679,710004679,810008679,naive,0.662998840022785,0.0343883098433534,1,1,1,""
4,679,710004679,910008679,strict,0.65493191827605,0.0310424264582112,1,1,1,""
4,680,710004680,810008680,naive,0.640579059446626,0.0269337045267767,1,1,1,""
4,680,710004680,910008680,strict,0.63705757066306,0.0330809748741117,1,1,1,""
4,681,710004681,810008681,naive,0.615349440530899,0.0379419009010501,1,1,1,""
4,681,710004681,910008681,strict,0.619257046199902,0.0399159098197795,1,1,1,""
4,682,710004682,810008682,naive,0.617912868671024,0.0323569375021036,1,1,1,""
4,682,710004682,910008682,strict,0.621439664664607,0.033533995857737,1,1,1,""
4,683,710004683,810008683,naive,0.629869323393319,0.0317003808031286,1,1,1,""
4,683,710004683,910008683,strict,0.626024734503848,0.0299644052295043,1,1,1,""
4,684,710004684,810008684,naive,0.614507472197607,0.0367840603338824,1,1,1,""
4,684,710004684,910008684,strict,0.618326981808412,0.0325958075592642,1,1,1,""
4,685,710004685,810008685,naive,0.602542148319009,0.038368564663686,1,1,1,""
4,685,710004685,910008685,strict,0.59850264302932,0.0408659281788228,1,1,1,""
4,686,710004686,810008686,naive,0.632540425640677,0.0275285582600957,1,1,1,""
4,686,710004686,910008686,strict,0.630273953949253,0.0313728577181579,1,1,1,""
4,687,710004687,810008687,naive,0.631783513321587,0.03040657212465,1,1,1,""
4,687,710004687,910008687,strict,0.63314049192936,0.037337485864779,1,1,1,""
4,688,710004688,810008688,naive,0.57458858468922,0.0360111322803987,1,1,1,""
4,688,710004688,910008688,strict,0.578361925986848,0.0356449898039517,1,1,1,""
4,689,710004689,810008689,naive,0.587077911112808,0.0273717738968341,1,1,1,""
4,689,710004689,910008689,strict,0.586125363117559,0.0310188377417778,1,1,1,""
4,690,710004690,810008690,naive,0.561419297155175,0.034462417356294,1,0,1,""
4,690,710004690,910008690,strict,0.551334396548971,0.0346180519148622,1,0,1,""
4,691,710004691,810008691,naive,0.627816458988582,0.0339846948905882,1,1,1,""
4,691,710004691,910008691,strict,0.630228786843229,0.0393660654878771,1,1,1,""
4,692,710004692,810008692,naive,0.671744410900099,0.0315710116101559,1,1,1,""
4,692,710004692,910008692,strict,0.668563083281575,0.0320104783181098,1,1,1,""
4,693,710004693,810008693,naive,0.607755384683285,0.0325951485629213,1,1,1,""
4,693,710004693,910008693,strict,0.610103010912224,0.0375344843117863,1,1,1,""
4,694,710004694,810008694,naive,0.611704611511895,0.0289873132647331,1,1,1,""
4,694,710004694,910008694,strict,0.614465185500012,0.0320151781412183,1,1,1,""
4,695,710004695,810008695,naive,0.659170492374678,0.0293260884325213,1,1,1,""
4,695,710004695,910008695,strict,0.643965190864741,0.0376282291488892,1,1,1,""
4,696,710004696,810008696,naive,0.584971647857575,0.0300614136541051,1,1,1,""
4,696,710004696,910008696,strict,0.587603315747851,0.0285116486319507,1,1,1,""
4,697,710004697,810008697,naive,0.561622987032943,0.035833192210455,1,0,1,""
4,697,710004697,910008697,strict,0.564986827721498,0.0350320884917127,1,0,1,""
4,698,710004698,810008698,naive,0.628422847871123,0.0335904359193755,1,1,1,""
4,698,710004698,910008698,strict,0.628875418316023,0.0329539963308355,1,1,1,""
4,699,710004699,810008699,naive,0.57029213935119,0.0422227663260287,1,0,1,""
4,699,710004699,910008699,strict,0.557566256462118,0.0381889457863259,1,0,1,""
4,700,710004700,810008700,naive,0.622865655085473,0.0289193230674645,1,1,1,""
4,700,710004700,910008700,strict,0.621439701671623,0.0338287959491589,1,1,1,""
4,701,710004701,810008701,naive,0.620010635069206,0.0356842516890741,1,1,1,""
4,701,710004701,910008701,strict,0.627206635213098,0.0340030839540037,1,1,1,""
4,702,710004702,810008702,naive,0.564825463541653,0.032819871784067,1,1,1,""
4,702,710004702,910008702,strict,0.569394929068077,0.0292268572578436,1,1,1,""
4,703,710004703,810008703,naive,0.608327389824113,0.0348482343091137,1,1,1,""
4,703,710004703,910008703,strict,0.624569306761367,0.0308107532216985,1,1,1,""
4,704,710004704,810008704,naive,0.6355890715766,0.0368226447777032,1,1,1,""
4,704,710004704,910008704,strict,0.626927861166727,0.0371368696287872,1,1,1,""
4,705,710004705,810008705,naive,0.551122584814488,0.033265206138511,1,0,1,""
4,705,710004705,910008705,strict,0.55068243789052,0.0320395152204159,1,0,1,""
4,706,710004706,810008706,naive,0.569339460285713,0.0361892659260963,1,0,1,""
4,706,710004706,910008706,strict,0.562164283912337,0.0366633941689263,1,0,1,""
4,707,710004707,810008707,naive,0.665898393704161,0.0314502405549722,1,1,1,""
4,707,710004707,910008707,strict,0.658493561482653,0.0324187695886427,1,1,1,""
4,708,710004708,810008708,naive,0.648100563214977,0.0310869915664011,1,1,1,""
4,708,710004708,910008708,strict,0.649427475132129,0.0285143738262305,1,1,1,""
4,709,710004709,810008709,naive,0.632637611844824,0.0274848913084825,1,1,1,""
4,709,710004709,910008709,strict,0.635951052283567,0.0318021308299516,1,1,1,""
4,710,710004710,810008710,naive,0.607175602603014,0.0338952890892742,1,1,1,""
4,710,710004710,910008710,strict,0.607272149027739,0.0358208381596734,1,1,1,""
4,711,710004711,810008711,naive,0.545321014120624,0.0337116263157325,0,0,1,""
4,711,710004711,910008711,strict,0.543839918056,0.0370022127640196,1,0,1,""
4,712,710004712,810008712,naive,0.589204671412934,0.0301825013914813,1,1,1,""
4,712,710004712,910008712,strict,0.587462952430279,0.0299560819591066,1,1,1,""
4,713,710004713,810008713,naive,0.63472096045312,0.0339782151163003,1,1,1,""
4,713,710004713,910008713,strict,0.627964988350194,0.0324145706366708,1,1,1,""
4,714,710004714,810008714,naive,0.616656588889262,0.03689120145687,1,1,1,""
4,714,710004714,910008714,strict,0.619884248797859,0.0303684690265006,1,1,1,""
4,715,710004715,810008715,naive,0.67932312333624,0.0288834538905106,0,1,1,""
4,715,710004715,910008715,strict,0.677789345810247,0.0306337819681965,0,1,1,""
4,716,710004716,810008716,naive,0.605728089773321,0.0351982116311862,1,1,1,""
4,716,710004716,910008716,strict,0.600602946600732,0.0341735754607052,1,1,1,""
4,717,710004717,810008717,naive,0.564190959567157,0.0296712939548944,1,1,1,""
4,717,710004717,910008717,strict,0.568986089329204,0.0330521258144971,1,1,1,""
4,718,710004718,810008718,naive,0.598596233574113,0.036505702131973,1,1,1,""
4,718,710004718,910008718,strict,0.591974545667276,0.0354078885042577,1,1,1,""
4,719,710004719,810008719,naive,0.624530549039416,0.0352893976102907,1,1,1,""
4,719,710004719,910008719,strict,0.633188241338274,0.0315660310097508,1,1,1,""
4,720,710004720,810008720,naive,0.602454856006299,0.0414523946105633,1,1,1,""
4,720,710004720,910008720,strict,0.590345152322969,0.0354788804813627,1,1,1,""
4,721,710004721,810008721,naive,0.602946062180199,0.0309381307686115,1,1,1,""
4,721,710004721,910008721,strict,0.607742906078994,0.031176231145721,1,1,1,""
4,722,710004722,810008722,naive,0.660628570713084,0.0321723477360715,1,1,1,""
4,722,710004722,910008722,strict,0.662209210068135,0.0295232611691515,1,1,1,""
4,723,710004723,810008723,naive,0.559687480000674,0.0365418821705298,1,0,1,""
4,723,710004723,910008723,strict,0.567256439597531,0.0382473159659833,1,0,1,""
4,724,710004724,810008724,naive,0.590838427503596,0.0279831275149845,1,1,1,""
4,724,710004724,910008724,strict,0.596226551414228,0.0315910247548248,1,1,1,""
4,725,710004725,810008725,naive,0.619695684226118,0.0341521098740083,1,1,1,""
4,725,710004725,910008725,strict,0.620725098201785,0.0325232370369971,1,1,1,""
4,726,710004726,810008726,naive,0.615286151093596,0.0368218933483574,1,1,1,""
4,726,710004726,910008726,strict,0.629223098875472,0.0342506585129266,1,1,1,""
4,727,710004727,810008727,naive,0.515243315342223,0.0401343242256931,0,0,1,""
4,727,710004727,910008727,strict,0.514909321110224,0.0430410577242785,0,0,1,""
4,728,710004728,810008728,naive,0.635911102928312,0.0318975515777045,1,1,1,""
4,728,710004728,910008728,strict,0.631380056467279,0.0355516062786074,1,1,1,""
4,729,710004729,810008729,naive,0.616211068428486,0.0266961962396564,1,1,1,""
4,729,710004729,910008729,strict,0.62052093514193,0.0360134617468885,1,1,1,""
4,730,710004730,810008730,naive,0.700345700467568,0.0306928536350265,0,1,1,""
4,730,710004730,910008730,strict,0.695937303774168,0.029874585331784,0,1,1,""
4,731,710004731,810008731,naive,0.616049575388775,0.0303393104658479,1,1,1,""
4,731,710004731,910008731,strict,0.609670933292193,0.037207680562246,1,1,1,""
4,732,710004732,810008732,naive,0.619776566503595,0.032026007736618,1,1,1,""
4,732,710004732,910008732,strict,0.62320160891545,0.0317541348396674,1,1,1,""
4,733,710004733,810008733,naive,0.588317737466297,0.0297357817156085,1,1,1,""
4,733,710004733,910008733,strict,0.585002603941211,0.033785715533607,1,1,1,""
4,734,710004734,810008734,naive,0.601389770247934,0.0330771519053432,1,1,1,""
4,734,710004734,910008734,strict,0.614125895179023,0.0294137770376152,1,1,1,""
4,735,710004735,810008735,naive,0.646502347600616,0.0279932921441303,1,1,1,""
4,735,710004735,910008735,strict,0.636913901823694,0.0270447319864122,1,1,1,""
4,736,710004736,810008736,naive,0.549465281866745,0.0386876320364756,1,0,1,""
4,736,710004736,910008736,strict,0.550250598524314,0.0344680736945636,1,0,1,""
4,737,710004737,810008737,naive,0.623545638793874,0.0377115802819386,1,1,1,""
4,737,710004737,910008737,strict,0.623674675932642,0.036694197154689,1,1,1,""
4,738,710004738,810008738,naive,0.59245262583782,0.035045192509344,1,1,1,""
4,738,710004738,910008738,strict,0.593795667799852,0.0386305279726181,1,1,1,""
4,739,710004739,810008739,naive,0.595200729601673,0.0369674845748842,1,1,1,""
4,739,710004739,910008739,strict,0.5883267676266,0.0366213346168717,1,1,1,""
4,740,710004740,810008740,naive,0.586809848018276,0.0325383677871987,1,1,1,""
4,740,710004740,910008740,strict,0.583446101982358,0.0344281435269185,1,1,1,""
4,741,710004741,810008741,naive,0.678057844699135,0.0333026097275208,1,1,1,""
4,741,710004741,910008741,strict,0.676263451500471,0.0285067925258032,0,1,1,""
4,742,710004742,810008742,naive,0.654155705598711,0.0328816535977212,1,1,1,""
4,742,710004742,910008742,strict,0.651976044086088,0.0356625276128226,1,1,1,""
4,743,710004743,810008743,naive,0.628864159362591,0.0323462817241484,1,1,1,""
4,743,710004743,910008743,strict,0.628676137581333,0.0310378509983233,1,1,1,""
4,744,710004744,810008744,naive,0.609661477549083,0.0314549728780189,1,1,1,""
4,744,710004744,910008744,strict,0.613954127333347,0.0374331121468066,1,1,1,""
4,745,710004745,810008745,naive,0.608600454635695,0.0339392504257746,1,1,1,""
4,745,710004745,910008745,strict,0.616013418180256,0.0310563514344811,1,1,1,""
4,746,710004746,810008746,naive,0.620074757075393,0.0324710914054777,1,1,1,""
4,746,710004746,910008746,strict,0.617777523664251,0.0320742195108078,1,1,1,""
4,747,710004747,810008747,naive,0.550159138595781,0.0361547806222332,1,0,1,""
4,747,710004747,910008747,strict,0.545860300795228,0.0364290007385897,1,0,1,""
4,748,710004748,810008748,naive,0.632343537661813,0.036398803329015,1,1,1,""
4,748,710004748,910008748,strict,0.632118243496668,0.0309087377244932,1,1,1,""
4,749,710004749,810008749,naive,0.558746501032447,0.0339599744378256,1,0,1,""
4,749,710004749,910008749,strict,0.560545634652532,0.0326812493056869,1,0,1,""
4,750,710004750,810008750,naive,0.678297270533665,0.0353969830268162,1,1,1,""
4,750,710004750,910008750,strict,0.673411255097016,0.0377294401430242,1,1,1,""
4,751,710004751,810008751,naive,0.644670486101015,0.032439296402621,1,1,1,""
4,751,710004751,910008751,strict,0.641623578761621,0.0300394094766468,1,1,1,""
4,752,710004752,810008752,naive,0.623463580984332,0.0411476643739782,1,1,1,""
4,752,710004752,910008752,strict,0.627748714585752,0.0383884027053608,1,1,1,""
4,753,710004753,810008753,naive,0.613152992436448,0.0330941399694419,1,1,1,""
4,753,710004753,910008753,strict,0.606187596522769,0.0341196721013553,1,1,1,""
4,754,710004754,810008754,naive,0.523881004048891,0.0322652919533568,0,0,1,""
4,754,710004754,910008754,strict,0.521535384033099,0.0371045164212403,0,0,1,""
4,755,710004755,810008755,naive,0.598631670653076,0.0348585180827286,1,1,1,""
4,755,710004755,910008755,strict,0.59745557943541,0.0370408718278248,1,1,1,""
4,756,710004756,810008756,naive,0.649531559912968,0.0320627628607332,1,1,1,""
4,756,710004756,910008756,strict,0.64980451178967,0.0323978555933679,1,1,1,""
4,757,710004757,810008757,naive,0.644139885056431,0.0348034739575861,1,1,1,""
4,757,710004757,910008757,strict,0.631988681923568,0.0296830755635417,1,1,1,""
4,758,710004758,810008758,naive,0.647903311360679,0.03915109142331,1,1,1,""
4,758,710004758,910008758,strict,0.642368132010427,0.0353102332376777,1,1,1,""
4,759,710004759,810008759,naive,0.633164134120483,0.034513962049672,1,1,1,""
4,759,710004759,910008759,strict,0.637089019264829,0.0336615126058896,1,1,1,""
4,760,710004760,810008760,naive,0.632758627950499,0.0290169601061568,1,1,1,""
4,760,710004760,910008760,strict,0.632185505372214,0.026046041780941,1,1,1,""
4,761,710004761,810008761,naive,0.632908206007512,0.0333362252422389,1,1,1,""
4,761,710004761,910008761,strict,0.630391046314065,0.0291081611284293,1,1,1,""
4,762,710004762,810008762,naive,0.559243617250302,0.034297469830105,1,0,1,""
4,762,710004762,910008762,strict,0.549342515624953,0.0361705469568965,1,0,1,""
4,763,710004763,810008763,naive,0.587561054386325,0.0367478864142177,1,1,1,""
4,763,710004763,910008763,strict,0.586429524639441,0.0304963808728959,1,1,1,""
4,764,710004764,810008764,naive,0.632668922448729,0.033226109563208,1,1,1,""
4,764,710004764,910008764,strict,0.631184381849809,0.0380039506081163,1,1,1,""
4,765,710004765,810008765,naive,0.591657540597975,0.0293760960986126,1,1,1,""
4,765,710004765,910008765,strict,0.583845707216264,0.0273547366349759,1,1,1,""
4,766,710004766,810008766,naive,0.638203894074388,0.0334359990460435,1,1,1,""
4,766,710004766,910008766,strict,0.640564386057705,0.0305794959944367,1,1,1,""
4,767,710004767,810008767,naive,0.615392328995794,0.0411510903625572,1,1,1,""
4,767,710004767,910008767,strict,0.615233957152328,0.0353875581497133,1,1,1,""
4,768,710004768,810008768,naive,0.623457277018475,0.027232873742272,1,1,1,""
4,768,710004768,910008768,strict,0.624530033621408,0.0307979797238327,1,1,1,""
4,769,710004769,810008769,naive,0.614925690235273,0.0290218707059197,1,1,1,""
4,769,710004769,910008769,strict,0.612600962517822,0.031464335327982,1,1,1,""
4,770,710004770,810008770,naive,0.581063178393291,0.0309753184767702,1,1,1,""
4,770,710004770,910008770,strict,0.586353663213009,0.0363875709790003,1,1,1,""
4,771,710004771,810008771,naive,0.647831604358923,0.035239227704118,1,1,1,""
4,771,710004771,910008771,strict,0.653249661611816,0.0320615176885572,1,1,1,""
4,772,710004772,810008772,naive,0.641500166528569,0.0356107188004515,1,1,1,""
4,772,710004772,910008772,strict,0.64154495166181,0.03451009716916,1,1,1,""
4,773,710004773,810008773,naive,0.584835722535255,0.030962542588142,1,1,1,""
4,773,710004773,910008773,strict,0.59154619477102,0.0327518698893173,1,1,1,""
4,774,710004774,810008774,naive,0.634949798133716,0.035365928553381,1,1,1,""
4,774,710004774,910008774,strict,0.63069028561472,0.0319729517872165,1,1,1,""
4,775,710004775,810008775,naive,0.623030556493279,0.0327194865088172,1,1,1,""
4,775,710004775,910008775,strict,0.620935781387478,0.0308712406960489,1,1,1,""
4,776,710004776,810008776,naive,0.562678747414501,0.0360391458570206,1,0,1,""
4,776,710004776,910008776,strict,0.570119075090118,0.0365031342110803,1,0,1,""
4,777,710004777,810008777,naive,0.606126456552959,0.0315010158162563,1,1,1,""
4,777,710004777,910008777,strict,0.609935076168816,0.0298655539694285,1,1,1,""
4,778,710004778,810008778,naive,0.598803883300219,0.0344512263893384,1,1,1,""
4,778,710004778,910008778,strict,0.598476279063179,0.034787815499525,1,1,1,""
4,779,710004779,810008779,naive,0.667498867152202,0.0371149106444973,1,1,1,""
4,779,710004779,910008779,strict,0.668708709220679,0.033980359654489,1,1,1,""
4,780,710004780,810008780,naive,0.631452362207595,0.0345076982415736,1,1,1,""
4,780,710004780,910008780,strict,0.631079797059735,0.0352312988822138,1,1,1,""
4,781,710004781,810008781,naive,0.598207055843255,0.0334769127406555,1,1,1,""
4,781,710004781,910008781,strict,0.594512580939201,0.0337647046785127,1,1,1,""
4,782,710004782,810008782,naive,0.610779742662798,0.0340071745776422,1,1,1,""
4,782,710004782,910008782,strict,0.616842224932521,0.0305504526344771,1,1,1,""
4,783,710004783,810008783,naive,0.532950146615806,0.0335927365271039,0,0,1,""
4,783,710004783,910008783,strict,0.531633307189027,0.0336628677877665,0,0,1,""
4,784,710004784,810008784,naive,0.612954517743269,0.0312620542387497,1,1,1,""
4,784,710004784,910008784,strict,0.614677668191134,0.0318355374971404,1,1,1,""
4,785,710004785,810008785,naive,0.652203961763685,0.0303798348838343,1,1,1,""
4,785,710004785,910008785,strict,0.648652957996989,0.0304203043671199,1,1,1,""
4,786,710004786,810008786,naive,0.628638379013446,0.0309611720067346,1,1,1,""
4,786,710004786,910008786,strict,0.629967926912625,0.0330720189858566,1,1,1,""
4,787,710004787,810008787,naive,0.59885173805057,0.035037613655636,1,1,1,""
4,787,710004787,910008787,strict,0.597858947028895,0.0315993720173262,1,1,1,""
4,788,710004788,810008788,naive,0.645665553834839,0.0320362435034051,1,1,1,""
4,788,710004788,910008788,strict,0.649094276792294,0.0313174948910003,1,1,1,""
4,789,710004789,810008789,naive,0.559307821513649,0.0370315575404911,1,0,1,""
4,789,710004789,910008789,strict,0.564866751223835,0.0363049001049564,1,0,1,""
4,790,710004790,810008790,naive,0.597668704041711,0.0317646217685517,1,1,1,""
4,790,710004790,910008790,strict,0.602135684213145,0.0339580612271955,1,1,1,""
4,791,710004791,810008791,naive,0.636613085308852,0.0299629548409567,1,1,1,""
4,791,710004791,910008791,strict,0.636998064338562,0.0349072723617864,1,1,1,""
4,792,710004792,810008792,naive,0.583777000794611,0.0367958881088854,1,1,1,""
4,792,710004792,910008792,strict,0.586723582048739,0.0389722236278907,1,1,1,""
4,793,710004793,810008793,naive,0.608185825587094,0.0321662405565363,1,1,1,""
4,793,710004793,910008793,strict,0.608100878476831,0.0316223382284182,1,1,1,""
4,794,710004794,810008794,naive,0.620107245887047,0.0343038926604829,1,1,1,""
4,794,710004794,910008794,strict,0.617377362013398,0.0340636649386831,1,1,1,""
4,795,710004795,810008795,naive,0.611880276676823,0.0354646552356042,1,1,1,""
4,795,710004795,910008795,strict,0.618664485222465,0.0314194868826766,1,1,1,""
4,796,710004796,810008796,naive,0.665730551721991,0.0375104963026286,1,1,1,""
4,796,710004796,910008796,strict,0.659611655046458,0.038530777405554,1,1,1,""
4,797,710004797,810008797,naive,0.63254330084076,0.0330748878601219,1,1,1,""
4,797,710004797,910008797,strict,0.633171376346362,0.0373976734177882,1,1,1,""
4,798,710004798,810008798,naive,0.61262914662239,0.0361515388499713,1,1,1,""
4,798,710004798,910008798,strict,0.621746123255598,0.0339169627538133,1,1,1,""
4,799,710004799,810008799,naive,0.642074129864876,0.0319525404990132,1,1,1,""
4,799,710004799,910008799,strict,0.643228049317878,0.0358200178182056,1,1,1,""
4,800,710004800,810008800,naive,0.641210160778635,0.0316113799430171,1,1,1,""
4,800,710004800,910008800,strict,0.642574705401298,0.0349801604013443,1,1,1,""
4,801,710004801,810008801,naive,0.602949455217588,0.0318927175980163,1,1,1,""
4,801,710004801,910008801,strict,0.595741992703339,0.035822281654621,1,1,1,""
4,802,710004802,810008802,naive,0.573820316688053,0.0311583894384605,1,1,1,""
4,802,710004802,910008802,strict,0.584884238599813,0.031952310310586,1,1,1,""
4,803,710004803,810008803,naive,0.602559026335286,0.0321676628058047,1,1,1,""
4,803,710004803,910008803,strict,0.596589078442345,0.0338613232449001,1,1,1,""
4,804,710004804,810008804,naive,0.585888817585736,0.0325427059002131,1,1,1,""
4,804,710004804,910008804,strict,0.585092498962123,0.0359823732086983,1,1,1,""
4,805,710004805,810008805,naive,0.620187041249196,0.0329751641351063,1,1,1,""
4,805,710004805,910008805,strict,0.618549983225892,0.0282608307704589,1,1,1,""
4,806,710004806,810008806,naive,0.626336803676706,0.0368901100633626,1,1,1,""
4,806,710004806,910008806,strict,0.626462642517527,0.0388727195047763,1,1,1,""
4,807,710004807,810008807,naive,0.537124215533357,0.0373467948543316,0,0,1,""
4,807,710004807,910008807,strict,0.535854199441139,0.0358258753857354,0,0,1,""
4,808,710004808,810008808,naive,0.5979709423854,0.0322410171849546,1,1,1,""
4,808,710004808,910008808,strict,0.594220280832196,0.036187726329296,1,1,1,""
4,809,710004809,810008809,naive,0.627232299154901,0.030332345937676,1,1,1,""
4,809,710004809,910008809,strict,0.62670054805517,0.031409371727431,1,1,1,""
4,810,710004810,810008810,naive,0.596489731729589,0.0374179128807522,1,1,1,""
4,810,710004810,910008810,strict,0.5992614726851,0.0346489321099528,1,1,1,""
4,811,710004811,810008811,naive,0.609411624237747,0.0326530949937093,1,1,1,""
4,811,710004811,910008811,strict,0.615391884293382,0.0322106695712214,1,1,1,""
4,812,710004812,810008812,naive,0.610647079504585,0.0302776409795307,1,1,1,""
4,812,710004812,910008812,strict,0.610481290519703,0.0288636683923002,1,1,1,""
4,813,710004813,810008813,naive,0.676605879256437,0.0293605239485645,0,1,1,""
4,813,710004813,910008813,strict,0.667590560456154,0.0326099662528229,1,1,1,""
4,814,710004814,810008814,naive,0.608036426074697,0.0301782015208728,1,1,1,""
4,814,710004814,910008814,strict,0.610245230832542,0.0316636636740711,1,1,1,""
4,815,710004815,810008815,naive,0.629325094441927,0.0315995088841094,1,1,1,""
4,815,710004815,910008815,strict,0.630915461184809,0.0304923753322975,1,1,1,""
4,816,710004816,810008816,naive,0.608875033229267,0.0360263419706392,1,1,1,""
4,816,710004816,910008816,strict,0.607366793855841,0.0366673246378419,1,1,1,""
4,817,710004817,810008817,naive,0.635422216756571,0.0372917565011903,1,1,1,""
4,817,710004817,910008817,strict,0.632172652418294,0.0377460149858715,1,1,1,""
4,818,710004818,810008818,naive,0.65766090740221,0.0339351000691292,1,1,1,""
4,818,710004818,910008818,strict,0.656990777987649,0.0345509073358759,1,1,1,""
4,819,710004819,810008819,naive,0.56032240880509,0.0305459650045809,1,1,1,""
4,819,710004819,910008819,strict,0.550011782510278,0.0335357223261274,1,0,1,""
4,820,710004820,810008820,naive,0.649456891538486,0.0312141250739295,1,1,1,""
4,820,710004820,910008820,strict,0.646416896284891,0.0335797027463446,1,1,1,""
4,821,710004821,810008821,naive,0.64220329584873,0.0371260882915698,1,1,1,""
4,821,710004821,910008821,strict,0.648792263564001,0.0315787221366932,1,1,1,""
4,822,710004822,810008822,naive,0.621837718727202,0.0311005923000762,1,1,1,""
4,822,710004822,910008822,strict,0.612895697168831,0.0340350599508501,1,1,1,""
4,823,710004823,810008823,naive,0.596240964738579,0.0307816202267449,1,1,1,""
4,823,710004823,910008823,strict,0.598768492890178,0.0294208258338574,1,1,1,""
4,824,710004824,810008824,naive,0.610128539070904,0.0313557725265105,1,1,1,""
4,824,710004824,910008824,strict,0.601814407301431,0.0352537963565848,1,1,1,""
4,825,710004825,810008825,naive,0.607930184949898,0.0314004091512936,1,1,1,""
4,825,710004825,910008825,strict,0.617177528688571,0.0282454191171385,1,1,1,""
4,826,710004826,810008826,naive,0.623950783139267,0.0366187493916473,1,1,1,""
4,826,710004826,910008826,strict,0.626380181091098,0.0398815460707591,1,1,1,""
4,827,710004827,810008827,naive,0.591400685283127,0.0355588478563276,1,1,1,""
4,827,710004827,910008827,strict,0.582624375684735,0.0370324079048324,1,1,1,""
4,828,710004828,810008828,naive,0.601848303370799,0.0346705319342535,1,1,1,""
4,828,710004828,910008828,strict,0.604420487926277,0.0369099618909505,1,1,1,""
4,829,710004829,810008829,naive,0.614233565917551,0.0354410056236484,1,1,1,""
4,829,710004829,910008829,strict,0.611487353153057,0.045744322456824,1,1,1,""
4,830,710004830,810008830,naive,0.629385981690658,0.0302836437306685,1,1,1,""
4,830,710004830,910008830,strict,0.636218862945373,0.0310096683773631,1,1,1,""
4,831,710004831,810008831,naive,0.64045307604606,0.0282123468010877,1,1,1,""
4,831,710004831,910008831,strict,0.643516684030304,0.0288891539229773,1,1,1,""
4,832,710004832,810008832,naive,0.665991004864898,0.0262961906489626,0,1,1,""
4,832,710004832,910008832,strict,0.666068188924465,0.0289019591193465,1,1,1,""
4,833,710004833,810008833,naive,0.560679217717421,0.0375619867395074,1,0,1,""
4,833,710004833,910008833,strict,0.562468381847576,0.0373718052642121,1,0,1,""
4,834,710004834,810008834,naive,0.608224578511288,0.0321014868989342,1,1,1,""
4,834,710004834,910008834,strict,0.607140153589793,0.0302535219660692,1,1,1,""
4,835,710004835,810008835,naive,0.629734519845452,0.0319872030773038,1,1,1,""
4,835,710004835,910008835,strict,0.618000755206551,0.0310941877573253,1,1,1,""
4,836,710004836,810008836,naive,0.639841434182447,0.0296867532031125,1,1,1,""
4,836,710004836,910008836,strict,0.633380322265413,0.0296743803578508,1,1,1,""
4,837,710004837,810008837,naive,0.676737724684817,0.0331194833226596,1,1,1,""
4,837,710004837,910008837,strict,0.680775553677968,0.0335135929728326,0,1,1,""
4,838,710004838,810008838,naive,0.645058309084372,0.0301454684831043,1,1,1,""
4,838,710004838,910008838,strict,0.64304596721838,0.0319286925771225,1,1,1,""
4,839,710004839,810008839,naive,0.624893150126729,0.0297552982753816,1,1,1,""
4,839,710004839,910008839,strict,0.627263372456577,0.031998127333578,1,1,1,""
4,840,710004840,810008840,naive,0.595694138436199,0.0327575314164478,1,1,1,""
4,840,710004840,910008840,strict,0.593748038598814,0.0336896383079876,1,1,1,""
4,841,710004841,810008841,naive,0.622286495908157,0.0370703662308347,1,1,1,""
4,841,710004841,910008841,strict,0.619721787155658,0.0297058692172904,1,1,1,""
4,842,710004842,810008842,naive,0.62889514102707,0.0264459654260689,1,1,1,""
4,842,710004842,910008842,strict,0.624592763984746,0.0273348123223263,1,1,1,""
4,843,710004843,810008843,naive,0.654535960535282,0.0310635063542517,1,1,1,""
4,843,710004843,910008843,strict,0.653415303369059,0.0277395121538123,1,1,1,""
4,844,710004844,810008844,naive,0.63075978648538,0.0383821557912277,1,1,1,""
4,844,710004844,910008844,strict,0.627854290813969,0.0335098979594723,1,1,1,""
4,845,710004845,810008845,naive,0.669551537665887,0.028165525071485,0,1,1,""
4,845,710004845,910008845,strict,0.665173825343267,0.0356181117621753,1,1,1,""
4,846,710004846,810008846,naive,0.631764152111526,0.0386478339782388,1,1,1,""
4,846,710004846,910008846,strict,0.640471792658641,0.0320700774806957,1,1,1,""
4,847,710004847,810008847,naive,0.593551937885834,0.0363307235002995,1,1,1,""
4,847,710004847,910008847,strict,0.6006626073507,0.0363605467570923,1,1,1,""
4,848,710004848,810008848,naive,0.643410064709011,0.0310972443283064,1,1,1,""
4,848,710004848,910008848,strict,0.637633266123475,0.0289781073264011,1,1,1,""
4,849,710004849,810008849,naive,0.62150811735726,0.0314652508472461,1,1,1,""
4,849,710004849,910008849,strict,0.621805813500493,0.0343136907671667,1,1,1,""
4,850,710004850,810008850,naive,0.604610195541977,0.0347429862573655,1,1,1,""
4,850,710004850,910008850,strict,0.613318119766005,0.0345752793979959,1,1,1,""
4,851,710004851,810008851,naive,0.657154262491392,0.030941041847307,1,1,1,""
4,851,710004851,910008851,strict,0.656231091370047,0.0302157568208774,1,1,1,""
4,852,710004852,810008852,naive,0.644702017388794,0.0344702294747536,1,1,1,""
4,852,710004852,910008852,strict,0.647928840513418,0.0303884812974519,1,1,1,""
4,853,710004853,810008853,naive,0.565560928028291,0.0310427894037009,1,1,1,""
4,853,710004853,910008853,strict,0.559910940048874,0.0323653289946481,1,0,1,""
4,854,710004854,810008854,naive,0.607209934108383,0.0349297485696136,1,1,1,""
4,854,710004854,910008854,strict,0.60211575161741,0.0336218642421886,1,1,1,""
4,855,710004855,810008855,naive,0.604412105266939,0.0377507638108742,1,1,1,""
4,855,710004855,910008855,strict,0.598194612363914,0.0400903023226558,1,1,1,""
4,856,710004856,810008856,naive,0.626461871609362,0.0281973275908627,1,1,1,""
4,856,710004856,910008856,strict,0.629520918546042,0.0282353108557945,1,1,1,""
4,857,710004857,810008857,naive,0.625048429897834,0.0344546274680942,1,1,1,""
4,857,710004857,910008857,strict,0.625206279758463,0.038259696240529,1,1,1,""
4,858,710004858,810008858,naive,0.656056128229704,0.0295364069035333,1,1,1,""
4,858,710004858,910008858,strict,0.658045571981306,0.0301254319806252,1,1,1,""
4,859,710004859,810008859,naive,0.636782473759673,0.0326497620709376,1,1,1,""
4,859,710004859,910008859,strict,0.634238774344508,0.0340766149605184,1,1,1,""
4,860,710004860,810008860,naive,0.586087638916676,0.0389205656330072,1,1,1,""
4,860,710004860,910008860,strict,0.587783481789225,0.0327328465743247,1,1,1,""
4,861,710004861,810008861,naive,0.633724165545008,0.0386361028019858,1,1,1,""
4,861,710004861,910008861,strict,0.635859343451556,0.037901395786041,1,1,1,""
4,862,710004862,810008862,naive,0.597943478710403,0.0362432515591386,1,1,1,""
4,862,710004862,910008862,strict,0.596729484894275,0.0311470730779553,1,1,1,""
4,863,710004863,810008863,naive,0.654293456313008,0.0315251811193722,1,1,1,""
4,863,710004863,910008863,strict,0.652975724192854,0.030741721781213,1,1,1,""
4,864,710004864,810008864,naive,0.626373300598853,0.0324071396689608,1,1,1,""
4,864,710004864,910008864,strict,0.625893602959763,0.0340991329138937,1,1,1,""
4,865,710004865,810008865,naive,0.646151065757451,0.0346972294222715,1,1,1,""
4,865,710004865,910008865,strict,0.646810641966354,0.0328075931724029,1,1,1,""
4,866,710004866,810008866,naive,0.571112440526296,0.0381061172358603,1,0,1,""
4,866,710004866,910008866,strict,0.569868494189708,0.0379174969188687,1,0,1,""
4,867,710004867,810008867,naive,0.632237246426684,0.0361801108552775,1,1,1,""
4,867,710004867,910008867,strict,0.639489552599646,0.0282903014957685,1,1,1,""
4,868,710004868,810008868,naive,0.60316937799923,0.0278909154637311,1,1,1,""
4,868,710004868,910008868,strict,0.600174802857834,0.0326490611598869,1,1,1,""
4,869,710004869,810008869,naive,0.635907479493121,0.0375949314358916,1,1,1,""
4,869,710004869,910008869,strict,0.635817523087249,0.0391834513603547,1,1,1,""
4,870,710004870,810008870,naive,0.593613952476743,0.0376580403568244,1,1,1,""
4,870,710004870,910008870,strict,0.592691846162244,0.0301157758259544,1,1,1,""
4,871,710004871,810008871,naive,0.574912607626645,0.0438800360361569,1,0,1,""
4,871,710004871,910008871,strict,0.56211738626514,0.0488389082968608,1,0,1,""
4,872,710004872,810008872,naive,0.662256012752798,0.0326350281661447,1,1,1,""
4,872,710004872,910008872,strict,0.659739066541162,0.0342008698118848,1,1,1,""
4,873,710004873,810008873,naive,0.683859815115886,0.031755774246301,0,1,1,""
4,873,710004873,910008873,strict,0.686061843772891,0.031218025508918,0,1,1,""
4,874,710004874,810008874,naive,0.612642219693586,0.0293632993951164,1,1,1,""
4,874,710004874,910008874,strict,0.614780997622865,0.0325930394521273,1,1,1,""
4,875,710004875,810008875,naive,0.614623886984185,0.0305777633646573,1,1,1,""
4,875,710004875,910008875,strict,0.621880845606061,0.0321149035842548,1,1,1,""
4,876,710004876,810008876,naive,0.637191324235812,0.038827704449835,1,1,1,""
4,876,710004876,910008876,strict,0.635622776152448,0.0318282766435042,1,1,1,""
4,877,710004877,810008877,naive,0.59027477040428,0.0392628134582515,1,1,1,""
4,877,710004877,910008877,strict,0.597909995376442,0.0348849194200469,1,1,1,""
4,878,710004878,810008878,naive,0.563356453731737,0.0404605780386286,1,0,1,""
4,878,710004878,910008878,strict,0.563687442921087,0.0337925943348642,1,0,1,""
4,879,710004879,810008879,naive,0.641701295519298,0.0397607877911683,1,1,1,""
4,879,710004879,910008879,strict,0.649739160525599,0.0315460031200449,1,1,1,""
4,880,710004880,810008880,naive,0.553533355869255,0.0315527527566444,1,0,1,""
4,880,710004880,910008880,strict,0.557290028443346,0.0350905807115838,1,0,1,""
4,881,710004881,810008881,naive,0.651579989573754,0.0292348159256559,1,1,1,""
4,881,710004881,910008881,strict,0.647695921264714,0.0393059770379205,1,1,1,""
4,882,710004882,810008882,naive,0.596834101890307,0.0355950710359815,1,1,1,""
4,882,710004882,910008882,strict,0.595929161599675,0.0347100237360854,1,1,1,""
4,883,710004883,810008883,naive,0.720573707060442,0.0306736435054614,0,1,1,""
4,883,710004883,910008883,strict,0.722616796210791,0.034645245274519,0,1,1,""
4,884,710004884,810008884,naive,0.567785965288441,0.0303131595134704,1,1,1,""
4,884,710004884,910008884,strict,0.56723714090525,0.0298324366676338,1,1,1,""
4,885,710004885,810008885,naive,0.661792573334047,0.0373838257427301,1,1,1,""
4,885,710004885,910008885,strict,0.662821062445478,0.0397512209437199,1,1,1,""
4,886,710004886,810008886,naive,0.574740260377118,0.0361964037393026,1,1,1,""
4,886,710004886,910008886,strict,0.576152439278821,0.0301164910847087,1,1,1,""
4,887,710004887,810008887,naive,0.570157164502129,0.0319848082814462,1,1,1,""
4,887,710004887,910008887,strict,0.570414209702993,0.0304240183188477,1,1,1,""
4,888,710004888,810008888,naive,0.609415074642794,0.0381328981968222,1,1,1,""
4,888,710004888,910008888,strict,0.615171259354897,0.0373759795376921,1,1,1,""
4,889,710004889,810008889,naive,0.58888951907837,0.0304314630060526,1,1,1,""
4,889,710004889,910008889,strict,0.584967554404223,0.0330199476336304,1,1,1,""
4,890,710004890,810008890,naive,0.614831305562046,0.0345929824132813,1,1,1,""
4,890,710004890,910008890,strict,0.611897309323639,0.0382185073147946,1,1,1,""
4,891,710004891,810008891,naive,0.614715044850308,0.025735724475676,1,1,1,""
4,891,710004891,910008891,strict,0.60306837745296,0.0334734716720874,1,1,1,""
4,892,710004892,810008892,naive,0.60686514296093,0.0328594331177078,1,1,1,""
4,892,710004892,910008892,strict,0.605987060691296,0.0252891707907397,1,1,1,""
4,893,710004893,810008893,naive,0.594556911375429,0.0350979464349841,1,1,1,""
4,893,710004893,910008893,strict,0.600967001143082,0.0369992290610361,1,1,1,""
4,894,710004894,810008894,naive,0.619500592348676,0.0343097107935882,1,1,1,""
4,894,710004894,910008894,strict,0.622902527302356,0.0326840421391718,1,1,1,""
4,895,710004895,810008895,naive,0.608733716456478,0.0363591613942584,1,1,1,""
4,895,710004895,910008895,strict,0.605510088985442,0.033712322213237,1,1,1,""
4,896,710004896,810008896,naive,0.609924253698171,0.0292457575271545,1,1,1,""
4,896,710004896,910008896,strict,0.610516397681374,0.028201986723162,1,1,1,""
4,897,710004897,810008897,naive,0.564010827672769,0.0322527168017024,1,1,1,""
4,897,710004897,910008897,strict,0.559244826558826,0.0409848180887998,1,0,1,""
4,898,710004898,810008898,naive,0.6578190998986,0.031552206856906,1,1,1,""
4,898,710004898,910008898,strict,0.659120847913222,0.0270025972098294,1,1,1,""
4,899,710004899,810008899,naive,0.583640913260003,0.0299383725025021,1,1,1,""
4,899,710004899,910008899,strict,0.588906488768304,0.0375486365677753,1,1,1,""
4,900,710004900,810008900,naive,0.580181892324437,0.0343392946255327,1,1,1,""
4,900,710004900,910008900,strict,0.585239784564558,0.0351124449600787,1,1,1,""
4,901,710004901,810008901,naive,0.622866450145309,0.0342583246680551,1,1,1,""
4,901,710004901,910008901,strict,0.633756381213513,0.0326908618612892,1,1,1,""
4,902,710004902,810008902,naive,0.617819609525761,0.0341644539967588,1,1,1,""
4,902,710004902,910008902,strict,0.617959373486657,0.029692354252043,1,1,1,""
4,903,710004903,810008903,naive,0.585701955942768,0.0286204965024161,1,1,1,""
4,903,710004903,910008903,strict,0.587119278668028,0.0291452671686757,1,1,1,""
4,904,710004904,810008904,naive,0.624937532047836,0.029757626806262,1,1,1,""
4,904,710004904,910008904,strict,0.618427197505421,0.0405226129560812,1,1,1,""
4,905,710004905,810008905,naive,0.606570481388798,0.0377859971831055,1,1,1,""
4,905,710004905,910008905,strict,0.613930657002729,0.0350345080471754,1,1,1,""
4,906,710004906,810008906,naive,0.596219051288762,0.0333921061803717,1,1,1,""
4,906,710004906,910008906,strict,0.591238537835407,0.0347132263398887,1,1,1,""
4,907,710004907,810008907,naive,0.669792399601279,0.036498016336275,1,1,1,""
4,907,710004907,910008907,strict,0.675461496710998,0.0343124920623789,1,1,1,""
4,908,710004908,810008908,naive,0.58787378604392,0.0367284289688217,1,1,1,""
4,908,710004908,910008908,strict,0.593663425558997,0.0349028166214172,1,1,1,""
4,909,710004909,810008909,naive,0.563657600857074,0.039445104315946,1,0,1,""
4,909,710004909,910008909,strict,0.557958338646038,0.0345878169269224,1,0,1,""
4,910,710004910,810008910,naive,0.600581598584354,0.0299943322441717,1,1,1,""
4,910,710004910,910008910,strict,0.599324357113384,0.0337656746633163,1,1,1,""
4,911,710004911,810008911,naive,0.620044076124893,0.0314822530835239,1,1,1,""
4,911,710004911,910008911,strict,0.614817394455228,0.0364647992875936,1,1,1,""
4,912,710004912,810008912,naive,0.603517794185306,0.0379283710155048,1,1,1,""
4,912,710004912,910008912,strict,0.601815973846733,0.0369536887629296,1,1,1,""
4,913,710004913,810008913,naive,0.566047127888227,0.0311196575051814,1,1,1,""
4,913,710004913,910008913,strict,0.567313375354123,0.0359040552317645,1,0,1,""
4,914,710004914,810008914,naive,0.608127867647867,0.0335213892211017,1,1,1,""
4,914,710004914,910008914,strict,0.605071473889724,0.0346913674190519,1,1,1,""
4,915,710004915,810008915,naive,0.692067611980231,0.0387878570959332,0,1,1,""
4,915,710004915,910008915,strict,0.692940212842705,0.0404101031134775,0,1,1,""
4,916,710004916,810008916,naive,0.600196171949499,0.036567724175704,1,1,1,""
4,916,710004916,910008916,strict,0.602447030654152,0.0342187644651218,1,1,1,""
4,917,710004917,810008917,naive,0.584564638025716,0.0333307700132281,1,1,1,""
4,917,710004917,910008917,strict,0.572888587291902,0.0371147747127545,1,1,1,""
4,918,710004918,810008918,naive,0.590239293214825,0.037290673299691,1,1,1,""
4,918,710004918,910008918,strict,0.591989742843287,0.0387167480615468,1,1,1,""
4,919,710004919,810008919,naive,0.669365509399624,0.0303143170983398,1,1,1,""
4,919,710004919,910008919,strict,0.67305753677713,0.0300146872848371,0,1,1,""
4,920,710004920,810008920,naive,0.59624294522017,0.0326882892833316,1,1,1,""
4,920,710004920,910008920,strict,0.598995372322162,0.0358065035052666,1,1,1,""
4,921,710004921,810008921,naive,0.647920009505083,0.0288427059129849,1,1,1,""
4,921,710004921,910008921,strict,0.650525719701099,0.0319652494663653,1,1,1,""
4,922,710004922,810008922,naive,0.682366987627769,0.0287855225944821,0,1,1,""
4,922,710004922,910008922,strict,0.689986588130804,0.0276697610134023,0,1,1,""
4,923,710004923,810008923,naive,0.61427293088307,0.031850179669581,1,1,1,""
4,923,710004923,910008923,strict,0.609817000558559,0.0357275602868069,1,1,1,""
4,924,710004924,810008924,naive,0.592812859302787,0.0318860369592472,1,1,1,""
4,924,710004924,910008924,strict,0.587351071123271,0.0301476467708827,1,1,1,""
4,925,710004925,810008925,naive,0.645684097661946,0.0288633374579484,1,1,1,""
4,925,710004925,910008925,strict,0.641929455275092,0.0278342138602539,1,1,1,""
4,926,710004926,810008926,naive,0.609996091887263,0.0313990417532409,1,1,1,""
4,926,710004926,910008926,strict,0.608464928135742,0.0278456294234739,1,1,1,""
4,927,710004927,810008927,naive,0.638042539573336,0.0361798326156743,1,1,1,""
4,927,710004927,910008927,strict,0.647531810308096,0.0346093328971384,1,1,1,""
4,928,710004928,810008928,naive,0.640692421753768,0.0387190120848434,1,1,1,""
4,928,710004928,910008928,strict,0.643074636490586,0.0347886542596639,1,1,1,""
4,929,710004929,810008929,naive,0.608183342311228,0.0336692846543498,1,1,1,""
4,929,710004929,910008929,strict,0.607513582218823,0.0360597850325136,1,1,1,""
4,930,710004930,810008930,naive,0.618208690758391,0.041248487204753,1,1,1,""
4,930,710004930,910008930,strict,0.615588354808025,0.0371244163018927,1,1,1,""
4,931,710004931,810008931,naive,0.576739677785404,0.0308926124521897,1,1,1,""
4,931,710004931,910008931,strict,0.577131096273575,0.0336006047802305,1,1,1,""
4,932,710004932,810008932,naive,0.622474060213316,0.0309499033277193,1,1,1,""
4,932,710004932,910008932,strict,0.623165215428252,0.0276933185497728,1,1,1,""
4,933,710004933,810008933,naive,0.604496797663044,0.0359332891706218,1,1,1,""
4,933,710004933,910008933,strict,0.611441497022515,0.0313700008111425,1,1,1,""
4,934,710004934,810008934,naive,0.660641336945963,0.0284119149041299,1,1,1,""
4,934,710004934,910008934,strict,0.660509807393796,0.0329227088274957,1,1,1,""
4,935,710004935,810008935,naive,0.615611453040053,0.033219930676082,1,1,1,""
4,935,710004935,910008935,strict,0.611469779669357,0.035745726959438,1,1,1,""
4,936,710004936,810008936,naive,0.604045638701427,0.0332675217596098,1,1,1,""
4,936,710004936,910008936,strict,0.59320658222956,0.0301233990675821,1,1,1,""
4,937,710004937,810008937,naive,0.620371980008549,0.0308789673585732,1,1,1,""
4,937,710004937,910008937,strict,0.623024062549432,0.0349338420470805,1,1,1,""
4,938,710004938,810008938,naive,0.580408992981841,0.0359042855910161,1,1,1,""
4,938,710004938,910008938,strict,0.581012809299773,0.0359420265103699,1,1,1,""
4,939,710004939,810008939,naive,0.601207388918276,0.0358106792334155,1,1,1,""
4,939,710004939,910008939,strict,0.596539697911321,0.0333721507883326,1,1,1,""
4,940,710004940,810008940,naive,0.569171839028351,0.0282843908630499,1,1,1,""
4,940,710004940,910008940,strict,0.570649631569682,0.030603371490141,1,1,1,""
4,941,710004941,810008941,naive,0.584832860702572,0.0319384691573308,1,1,1,""
4,941,710004941,910008941,strict,0.577385126896905,0.0360449543313112,1,1,1,""
4,942,710004942,810008942,naive,0.552186431021998,0.0327673085500297,1,0,1,""
4,942,710004942,910008942,strict,0.5476222609435,0.0334038626767098,1,0,1,""
4,943,710004943,810008943,naive,0.615524419003163,0.0311465133285188,1,1,1,""
4,943,710004943,910008943,strict,0.615003053228921,0.0361662560029118,1,1,1,""
4,944,710004944,810008944,naive,0.524803256844253,0.0361985110076571,0,0,1,""
4,944,710004944,910008944,strict,0.524984555369043,0.0417169510816253,0,0,1,""
4,945,710004945,810008945,naive,0.583863399516689,0.0367778414987784,1,1,1,""
4,945,710004945,910008945,strict,0.58423673708643,0.0351867911034129,1,1,1,""
4,946,710004946,810008946,naive,0.652017168797205,0.0332953756156831,1,1,1,""
4,946,710004946,910008946,strict,0.646511429146424,0.0327097183899253,1,1,1,""
4,947,710004947,810008947,naive,0.624821649643271,0.0292692515752401,1,1,1,""
4,947,710004947,910008947,strict,0.624494743705471,0.0336816263481285,1,1,1,""
4,948,710004948,810008948,naive,0.643795722460118,0.0310818076800627,1,1,1,""
4,948,710004948,910008948,strict,0.656631154278784,0.0348855697318015,1,1,1,""
4,949,710004949,810008949,naive,0.664942144677314,0.0316602726309123,1,1,1,""
4,949,710004949,910008949,strict,0.67092120480562,0.0353119854987855,1,1,1,""
4,950,710004950,810008950,naive,0.629221516361492,0.0294109401959109,1,1,1,""
4,950,710004950,910008950,strict,0.627202051557557,0.0333846525800081,1,1,1,""
4,951,710004951,810008951,naive,0.602990390742456,0.0346378528776658,1,1,1,""
4,951,710004951,910008951,strict,0.606244479511768,0.0318966627222738,1,1,1,""
4,952,710004952,810008952,naive,0.636045222762589,0.0354900191401536,1,1,1,""
4,952,710004952,910008952,strict,0.631916126522909,0.0361794671527325,1,1,1,""
4,953,710004953,810008953,naive,0.633171122551919,0.0307820225903285,1,1,1,""
4,953,710004953,910008953,strict,0.628774833129174,0.032097699031759,1,1,1,""
4,954,710004954,810008954,naive,0.582949278739096,0.0339196861140338,1,1,1,""
4,954,710004954,910008954,strict,0.588742712232104,0.0307357404167553,1,1,1,""
4,955,710004955,810008955,naive,0.59100407477332,0.0325264539366285,1,1,1,""
4,955,710004955,910008955,strict,0.587331872486739,0.0295852921436133,1,1,1,""
4,956,710004956,810008956,naive,0.570344234540329,0.0303566438267408,1,1,1,""
4,956,710004956,910008956,strict,0.565749501023496,0.0332849440060529,1,1,1,""
4,957,710004957,810008957,naive,0.611350972018324,0.0360326124722547,1,1,1,""
4,957,710004957,910008957,strict,0.607133208022144,0.0368811396765361,1,1,1,""
4,958,710004958,810008958,naive,0.634148712370491,0.041531573897159,1,1,1,""
4,958,710004958,910008958,strict,0.641184392792984,0.0389899182164377,1,1,1,""
4,959,710004959,810008959,naive,0.62366197897645,0.041802871207219,1,1,1,""
4,959,710004959,910008959,strict,0.618923836557484,0.0339593892697223,1,1,1,""
4,960,710004960,810008960,naive,0.68493457361021,0.0314296051771062,0,1,1,""
4,960,710004960,910008960,strict,0.678683956876808,0.0324472581742237,0,1,1,""
4,961,710004961,810008961,naive,0.578693792079682,0.0333692722208634,1,1,1,""
4,961,710004961,910008961,strict,0.574043476330234,0.0339687021017013,1,1,1,""
4,962,710004962,810008962,naive,0.582312934492002,0.0340554935904138,1,1,1,""
4,962,710004962,910008962,strict,0.578898322302042,0.0336643913465786,1,1,1,""
4,963,710004963,810008963,naive,0.639126604663854,0.0316984376432082,1,1,1,""
4,963,710004963,910008963,strict,0.651279879489368,0.0323419324406611,1,1,1,""
4,964,710004964,810008964,naive,0.669854442268844,0.0345349414113259,1,1,1,""
4,964,710004964,910008964,strict,0.666403083242556,0.0366732606228945,1,1,1,""
4,965,710004965,810008965,naive,0.62906876273219,0.032351193462027,1,1,1,""
4,965,710004965,910008965,strict,0.627007363734971,0.0384267884497871,1,1,1,""
4,966,710004966,810008966,naive,0.602396419346135,0.0332459330183963,1,1,1,""
4,966,710004966,910008966,strict,0.60018805967344,0.033800525773716,1,1,1,""
4,967,710004967,810008967,naive,0.495529053944966,0.0322808819508329,0,0,1,""
4,967,710004967,910008967,strict,0.494916929932038,0.0381598818004577,0,0,1,""
4,968,710004968,810008968,naive,0.591249976496428,0.03112534583509,1,1,1,""
4,968,710004968,910008968,strict,0.602343606045319,0.0280666053775246,1,1,1,""
4,969,710004969,810008969,naive,0.643828767197918,0.0309919426208626,1,1,1,""
4,969,710004969,910008969,strict,0.643378917432454,0.0293094458466324,1,1,1,""
4,970,710004970,810008970,naive,0.567102284266896,0.0310604679455514,1,1,1,""
4,970,710004970,910008970,strict,0.556364125610256,0.0342968738698806,1,0,1,""
4,971,710004971,810008971,naive,0.543194823039449,0.0327045135285261,0,0,1,""
4,971,710004971,910008971,strict,0.538847758752699,0.0297516418156412,0,0,1,""
4,972,710004972,810008972,naive,0.611254565812559,0.0271902880035083,1,1,1,""
4,972,710004972,910008972,strict,0.614686017034021,0.0284946455477404,1,1,1,""
4,973,710004973,810008973,naive,0.614986103240638,0.0298195707187987,1,1,1,""
4,973,710004973,910008973,strict,0.613620703255448,0.0297764962243672,1,1,1,""
4,974,710004974,810008974,naive,0.597029888949851,0.0343863061513365,1,1,1,""
4,974,710004974,910008974,strict,0.596450776330455,0.0313768223696496,1,1,1,""
4,975,710004975,810008975,naive,0.588901651963506,0.0265640829278414,1,1,1,""
4,975,710004975,910008975,strict,0.59228483695707,0.0384502816188545,1,1,1,""
4,976,710004976,810008976,naive,0.67521797875113,0.0272433481636231,0,1,1,""
4,976,710004976,910008976,strict,0.671039962621315,0.0288300302810361,0,1,1,""
4,977,710004977,810008977,naive,0.677995051102186,0.0363702877223199,1,1,1,""
4,977,710004977,910008977,strict,0.68344299404555,0.0339242656165344,0,1,1,""
4,978,710004978,810008978,naive,0.590211029715151,0.031833075650842,1,1,1,""
4,978,710004978,910008978,strict,0.590960604904657,0.0347160844989733,1,1,1,""
4,979,710004979,810008979,naive,0.595683047870395,0.0401199817844865,1,1,1,""
4,979,710004979,910008979,strict,0.588620412339203,0.0315968854840189,1,1,1,""
4,980,710004980,810008980,naive,0.576966154290753,0.0389457251839487,1,1,1,""
4,980,710004980,910008980,strict,0.583551619588561,0.0318765112622133,1,1,1,""
4,981,710004981,810008981,naive,0.571764602960991,0.0332765801124761,1,1,1,""
4,981,710004981,910008981,strict,0.561391617915844,0.0326817637761244,1,0,1,""
4,982,710004982,810008982,naive,0.598182406719532,0.032345569531162,1,1,1,""
4,982,710004982,910008982,strict,0.593267869281948,0.034740792505473,1,1,1,""
4,983,710004983,810008983,naive,0.62051562957447,0.0361429491959998,1,1,1,""
4,983,710004983,910008983,strict,0.62101537477177,0.0338288600003824,1,1,1,""
4,984,710004984,810008984,naive,0.60543690130537,0.0334173155894869,1,1,1,""
4,984,710004984,910008984,strict,0.609549155133317,0.0307315107739057,1,1,1,""
4,985,710004985,810008985,naive,0.657926681162162,0.0345612434767885,1,1,1,""
4,985,710004985,910008985,strict,0.668330028870407,0.0333585748591471,1,1,1,""
4,986,710004986,810008986,naive,0.627792803692146,0.0288022244106374,1,1,1,""
4,986,710004986,910008986,strict,0.625025332657422,0.0328057021580071,1,1,1,""
4,987,710004987,810008987,naive,0.565637988809754,0.0290379843796676,1,1,1,""
4,987,710004987,910008987,strict,0.568558686634366,0.0306896430478773,1,1,1,""
4,988,710004988,810008988,naive,0.667938440278688,0.031739572891,1,1,1,""
4,988,710004988,910008988,strict,0.664191323733651,0.0300562003934841,1,1,1,""
4,989,710004989,810008989,naive,0.594817056854382,0.0347310764048275,1,1,1,""
4,989,710004989,910008989,strict,0.597364822639093,0.0352862763320617,1,1,1,""
4,990,710004990,810008990,naive,0.554882963486091,0.0363581758480941,1,0,1,""
4,990,710004990,910008990,strict,0.554687753961075,0.0360051165952932,1,0,1,""
4,991,710004991,810008991,naive,0.658752312760041,0.0328759559702125,1,1,1,""
4,991,710004991,910008991,strict,0.657642824222456,0.0277651449191223,1,1,1,""
4,992,710004992,810008992,naive,0.617511956398381,0.0305038701381362,1,1,1,""
4,992,710004992,910008992,strict,0.622393764399511,0.0282451712118328,1,1,1,""
4,993,710004993,810008993,naive,0.627345003748649,0.0377411778390592,1,1,1,""
4,993,710004993,910008993,strict,0.629299412045114,0.0364493282568729,1,1,1,""
4,994,710004994,810008994,naive,0.615040786978063,0.0372764830354261,1,1,1,""
4,994,710004994,910008994,strict,0.614209680288291,0.0343013742607068,1,1,1,""
4,995,710004995,810008995,naive,0.58602096670751,0.0373743284824361,1,1,1,""
4,995,710004995,910008995,strict,0.585578657149238,0.0380636673698108,1,1,1,""
4,996,710004996,810008996,naive,0.655081046105827,0.0296148952645463,1,1,1,""
4,996,710004996,910008996,strict,0.655527199243834,0.0329486190847155,1,1,1,""
4,997,710004997,810008997,naive,0.601961460000721,0.0351336206144537,1,1,1,""
4,997,710004997,910008997,strict,0.601498676132336,0.0316912928196577,1,1,1,""
4,998,710004998,810008998,naive,0.651173992956471,0.0334807871057366,1,1,1,""
4,998,710004998,910008998,strict,0.649804439727358,0.0358293195022132,1,1,1,""
4,999,710004999,810008999,naive,0.571681150030632,0.0339795109841766,1,1,1,""
4,999,710004999,910008999,strict,0.573919877319256,0.0372730997374143,1,1,1,""
4,1000,710005000,810009000,naive,0.636891446852915,0.026647469460436,1,1,1,""
4,1000,710005000,910009000,strict,0.638072536972464,0.0347683183682286,1,1,1,""
10,1,710006001,810012001,naive,0.582046241013153,0.0356633360786551,1,1,1,""
10,1,710006001,910012001,strict,0.59883549621168,0.0341417179810788,1,1,1,""
10,2,710006002,810012002,naive,0.585053802171767,0.0337429332197892,1,1,1,""
10,2,710006002,910012002,strict,0.57242703479771,0.0361917601827756,1,1,1,""
10,3,710006003,810012003,naive,0.631863564499528,0.0395197833996453,1,1,1,""
10,3,710006003,910012003,strict,0.635778657135499,0.0406195545380161,1,1,1,""
10,4,710006004,810012004,naive,0.613978704266025,0.0308550080333579,1,1,1,""
10,4,710006004,910012004,strict,0.624389107151286,0.0359590764184373,1,1,1,""
10,5,710006005,810012005,naive,0.646056610276519,0.0325496057188584,1,1,1,""
10,5,710006005,910012005,strict,0.632824986331388,0.0326684247556138,1,1,1,""
10,6,710006006,810012006,naive,0.61817721698569,0.0414629468528456,1,1,1,""
10,6,710006006,910012006,strict,0.624824585068716,0.0381871814839746,1,1,1,""
10,7,710006007,810012007,naive,0.546186370475759,0.0451989641170873,1,0,1,""
10,7,710006007,910012007,strict,0.542247274148338,0.0374340688585513,1,0,1,""
10,8,710006008,810012008,naive,0.572115753652184,0.039675113852922,1,0,1,""
10,8,710006008,910012008,strict,0.580821697520188,0.0431666578447142,1,0,1,""
10,9,710006009,810012009,naive,0.551120232594363,0.0334118686060816,1,0,1,""
10,9,710006009,910012009,strict,0.549122250739918,0.0363047884620088,1,0,1,""
10,10,710006010,810012010,naive,0.626670322377443,0.0330047322710991,1,1,1,""
10,10,710006010,910012010,strict,0.616733442817034,0.0336193891276431,1,1,1,""
10,11,710006011,810012011,naive,0.64957187653504,0.033198474879553,1,1,1,""
10,11,710006011,910012011,strict,0.638714808228489,0.039321541630652,1,1,1,""
10,12,710006012,810012012,naive,0.561708009614497,0.0340813077437898,1,0,1,""
10,12,710006012,910012012,strict,0.540820404495338,0.0385166839640868,1,0,1,""
10,13,710006013,810012013,naive,0.650630781127554,0.0344879236483277,1,1,1,""
10,13,710006013,910012013,strict,0.62317117334937,0.0389234659743085,1,1,1,""
10,14,710006014,810012014,naive,0.584850792780025,0.035648970748942,1,1,1,""
10,14,710006014,910012014,strict,0.57322079028694,0.0334121511733043,1,1,1,""
10,15,710006015,810012015,naive,0.656985226242615,0.0323710121922564,1,1,1,""
10,15,710006015,910012015,strict,0.679604944503662,0.0311783087456149,0,1,1,""
10,16,710006016,810012016,naive,0.624529613164628,0.038452653725607,1,1,1,""
10,16,710006016,910012016,strict,0.624640461363105,0.0350507493700472,1,1,1,""
10,17,710006017,810012017,naive,0.556712326858867,0.0394325315338671,1,0,1,""
10,17,710006017,910012017,strict,0.575505719702456,0.0375727011000905,1,1,1,""
10,18,710006018,810012018,naive,0.639403016857896,0.0330562995048971,1,1,1,""
10,18,710006018,910012018,strict,0.631240866074296,0.0356131207076077,1,1,1,""
10,19,710006019,810012019,naive,0.604854754175148,0.0343442310667109,1,1,1,""
10,19,710006019,910012019,strict,0.604187660330112,0.039485019596864,1,1,1,""
10,20,710006020,810012020,naive,0.544771175631431,0.037064684747286,1,0,1,""
10,20,710006020,910012020,strict,0.545973512623263,0.0383123830246376,1,0,1,""
10,21,710006021,810012021,naive,0.642220764229829,0.0310044750426607,1,1,1,""
10,21,710006021,910012021,strict,0.647150810286706,0.0400670698159777,1,1,1,""
10,22,710006022,810012022,naive,0.646610112122831,0.0366982577769563,1,1,1,""
10,22,710006022,910012022,strict,0.653107208836296,0.0425466724798897,1,1,1,""
10,23,710006023,810012023,naive,0.638985868415745,0.0364787643912547,1,1,1,""
10,23,710006023,910012023,strict,0.637821953257766,0.0396081565390314,1,1,1,""
10,24,710006024,810012024,naive,0.576131571847473,0.0288847782110526,1,1,1,""
10,24,710006024,910012024,strict,0.60971034961279,0.0367497523437794,1,1,1,""
10,25,710006025,810012025,naive,0.608305708513133,0.0349350752062331,1,1,1,""
10,25,710006025,910012025,strict,0.606585072176314,0.0353867271972749,1,1,1,""
10,26,710006026,810012026,naive,0.581150755729653,0.0337071940205153,1,1,1,""
10,26,710006026,910012026,strict,0.56082034798027,0.03581502856614,1,0,1,""
10,27,710006027,810012027,naive,0.590491376320946,0.0354757936185528,1,1,1,""
10,27,710006027,910012027,strict,0.596405109532151,0.0378965075110239,1,1,1,""
10,28,710006028,810012028,naive,0.633071492644898,0.0350046588873804,1,1,1,""
10,28,710006028,910012028,strict,0.643153258254635,0.037270716671045,1,1,1,""
10,29,710006029,810012029,naive,0.596563801343395,0.0375203942878202,1,1,1,""
10,29,710006029,910012029,strict,0.593108335070663,0.0410717235417619,1,1,1,""
10,30,710006030,810012030,naive,0.617862637793457,0.0307947967371267,1,1,1,""
10,30,710006030,910012030,strict,0.635512690609146,0.0309873873205612,1,1,1,""
10,31,710006031,810012031,naive,0.592240292831187,0.0347682176868379,1,1,1,""
10,31,710006031,910012031,strict,0.58302133213325,0.0365922203753986,1,1,1,""
10,32,710006032,810012032,naive,0.617325769878658,0.0296497977653316,1,1,1,""
10,32,710006032,910012032,strict,0.629964211520642,0.0349706203088273,1,1,1,""
10,33,710006033,810012033,naive,0.631782411409385,0.0421400436976569,1,1,1,""
10,33,710006033,910012033,strict,0.621031825036337,0.0416804408985172,1,1,1,""
10,34,710006034,810012034,naive,0.639044543220642,0.0322256098271514,1,1,1,""
10,34,710006034,910012034,strict,0.619230030576872,0.0436191786069685,1,1,1,""
10,35,710006035,810012035,naive,0.613695453782066,0.0377018982167308,1,1,1,""
10,35,710006035,910012035,strict,0.599913975482282,0.0385057739894772,1,1,1,""
10,36,710006036,810012036,naive,0.600744767285717,0.0326742989622978,1,1,1,""
10,36,710006036,910012036,strict,0.582934669849479,0.0403932385329926,1,1,1,""
10,37,710006037,810012037,naive,0.607523381524287,0.0384435699428173,1,1,1,""
10,37,710006037,910012037,strict,0.612887419955384,0.0368558036396371,1,1,1,""
10,38,710006038,810012038,naive,0.686220039740461,0.0309109899601071,0,1,1,""
10,38,710006038,910012038,strict,0.687584400370812,0.0289268333233155,0,1,1,""
10,39,710006039,810012039,naive,0.632746963287374,0.0349261785862804,1,1,1,""
10,39,710006039,910012039,strict,0.647927676226124,0.0319669583768265,1,1,1,""
10,40,710006040,810012040,naive,0.533064916467711,0.039821815921972,0,0,1,""
10,40,710006040,910012040,strict,0.533755419207418,0.0448654998687689,1,0,1,""
10,41,710006041,810012041,naive,0.627479378301911,0.03448839393875,1,1,1,""
10,41,710006041,910012041,strict,0.613860937560598,0.0285555263104301,1,1,1,""
10,42,710006042,810012042,naive,0.601498323445708,0.0342720466825735,1,1,1,""
10,42,710006042,910012042,strict,0.582268039924289,0.0393705637709679,1,1,1,""
10,43,710006043,810012043,naive,0.580477990980596,0.0350810960702112,1,1,1,""
10,43,710006043,910012043,strict,0.564645500839045,0.0443411614137189,1,0,1,""
10,44,710006044,810012044,naive,0.616445818999861,0.0328218645355905,1,1,1,""
10,44,710006044,910012044,strict,0.611875213034072,0.0325153298572295,1,1,1,""
10,45,710006045,810012045,naive,0.617033326687142,0.0286661440212034,1,1,1,""
10,45,710006045,910012045,strict,0.616285817782165,0.029023159799771,1,1,1,""
10,46,710006046,810012046,naive,0.594083857364655,0.0348878194456788,1,1,1,""
10,46,710006046,910012046,strict,0.590196876402374,0.0387768958342806,1,1,1,""
10,47,710006047,810012047,naive,0.648631922138845,0.0406262846542085,1,1,1,""
10,47,710006047,910012047,strict,0.632620467527577,0.039395313364863,1,1,1,""
10,48,710006048,810012048,naive,0.664988228421744,0.0266166458816537,1,1,1,""
10,48,710006048,910012048,strict,0.661967559267089,0.0304288303969239,1,1,1,""
10,49,710006049,810012049,naive,0.616306315286285,0.037670657328276,1,1,1,""
10,49,710006049,910012049,strict,0.634981859690497,0.0405304039920167,1,1,1,""
10,50,710006050,810012050,naive,0.585873608252017,0.0374320233523141,1,1,1,""
10,50,710006050,910012050,strict,0.588213753597639,0.0405608850253223,1,1,1,""
10,51,710006051,810012051,naive,0.578028063350558,0.035866719380109,1,1,1,""
10,51,710006051,910012051,strict,0.562919814473514,0.0433200655899425,1,0,1,""
10,52,710006052,810012052,naive,0.664846165493635,0.0387523161440113,1,1,1,""
10,52,710006052,910012052,strict,0.651877943507946,0.035219170488953,1,1,1,""
10,53,710006053,810012053,naive,0.624658276314051,0.0309553380272806,1,1,1,""
10,53,710006053,910012053,strict,0.632415566596194,0.0366576150962017,1,1,1,""
10,54,710006054,810012054,naive,0.651428540112789,0.0318782211699675,1,1,1,""
10,54,710006054,910012054,strict,0.654052676778659,0.0364096892239337,1,1,1,""
10,55,710006055,810012055,naive,0.60396457925175,0.0406530075941684,1,1,1,""
10,55,710006055,910012055,strict,0.594626473955348,0.0387344214477845,1,1,1,""
10,56,710006056,810012056,naive,0.644944888613396,0.0320156208837588,1,1,1,""
10,56,710006056,910012056,strict,0.656016494246362,0.0360580870790479,1,1,1,""
10,57,710006057,810012057,naive,0.653776046231007,0.038685333469411,1,1,1,""
10,57,710006057,910012057,strict,0.652399301242907,0.0376197515446487,1,1,1,""
10,58,710006058,810012058,naive,0.595321615601617,0.0291036847437479,1,1,1,""
10,58,710006058,910012058,strict,0.593690120099916,0.03441096272956,1,1,1,""
10,59,710006059,810012059,naive,0.640647791660743,0.0346967434436649,1,1,1,""
10,59,710006059,910012059,strict,0.610965658257206,0.035513158540993,1,1,1,""
10,60,710006060,810012060,naive,0.591538633112014,0.0339062297472168,1,1,1,""
10,60,710006060,910012060,strict,0.603725272290738,0.0381586407110994,1,1,1,""
10,61,710006061,810012061,naive,0.610898824837889,0.0348718972885443,1,1,1,""
10,61,710006061,910012061,strict,0.601898599962873,0.0363401122223015,1,1,1,""
10,62,710006062,810012062,naive,0.673610785837585,0.0335597082311038,1,1,1,""
10,62,710006062,910012062,strict,0.667626224867639,0.0347485117566389,1,1,1,""
10,63,710006063,810012063,naive,0.655258468161818,0.0309299782015737,1,1,1,""
10,63,710006063,910012063,strict,0.64233767720649,0.0338718843618428,1,1,1,""
10,64,710006064,810012064,naive,0.583446592798814,0.0378608924599318,1,1,1,""
10,64,710006064,910012064,strict,0.614356637466434,0.0350242609703595,1,1,1,""
10,65,710006065,810012065,naive,0.625368327189082,0.0356469983953594,1,1,1,""
10,65,710006065,910012065,strict,0.626739229048358,0.0367381913827281,1,1,1,""
10,66,710006066,810012066,naive,0.628596636389873,0.0369300126443349,1,1,1,""
10,66,710006066,910012066,strict,0.638915694669079,0.0407202969002476,1,1,1,""
10,67,710006067,810012067,naive,0.611546726301294,0.0369373152168801,1,1,1,""
10,67,710006067,910012067,strict,0.600942052182661,0.0422554086777595,1,1,1,""
10,68,710006068,810012068,naive,0.595386769838508,0.0378108944917033,1,1,1,""
10,68,710006068,910012068,strict,0.598777364935842,0.0333773670329254,1,1,1,""
10,69,710006069,810012069,naive,0.681451017790765,0.0337803365975797,0,1,1,""
10,69,710006069,910012069,strict,0.706717988970631,0.0356486407825626,0,1,1,""
10,70,710006070,810012070,naive,0.597440414847617,0.0395169093376743,1,1,1,""
10,70,710006070,910012070,strict,0.610162850237619,0.0345369018443433,1,1,1,""
10,71,710006071,810012071,naive,0.636839640715589,0.0356903228143106,1,1,1,""
10,71,710006071,910012071,strict,0.632793063982252,0.0396064990825528,1,1,1,""
10,72,710006072,810012072,naive,0.637030787202152,0.0413632513420946,1,1,1,""
10,72,710006072,910012072,strict,0.654765745774896,0.041859490769784,1,1,1,""
10,73,710006073,810012073,naive,0.621196379375218,0.0335169638966921,1,1,1,""
10,73,710006073,910012073,strict,0.610889228816079,0.0379538922582268,1,1,1,""
10,74,710006074,810012074,naive,0.617182409594184,0.0365891367588071,1,1,1,""
10,74,710006074,910012074,strict,0.593807063667128,0.038961319742161,1,1,1,""
10,75,710006075,810012075,naive,0.55905421661767,0.0287351960140182,1,1,1,""
10,75,710006075,910012075,strict,0.567345705668968,0.0367538335956468,1,0,1,""
10,76,710006076,810012076,naive,0.629323395340878,0.0349719263807877,1,1,1,""
10,76,710006076,910012076,strict,0.609403140675277,0.0399629234128938,1,1,1,""
10,77,710006077,810012077,naive,0.640850806434647,0.0302305406175005,1,1,1,""
10,77,710006077,910012077,strict,0.65197940592913,0.0381537279373705,1,1,1,""
10,78,710006078,810012078,naive,0.591935786644083,0.0326737438266186,1,1,1,""
10,78,710006078,910012078,strict,0.59735448664889,0.0375058094260549,1,1,1,""
10,79,710006079,810012079,naive,0.627450544263728,0.0391879642572987,1,1,1,""
10,79,710006079,910012079,strict,0.621576094490196,0.033869956052743,1,1,1,""
10,80,710006080,810012080,naive,0.646378747425608,0.0355278102748436,1,1,1,""
10,80,710006080,910012080,strict,0.646816285093359,0.0313401198801934,1,1,1,""
10,81,710006081,810012081,naive,0.594100877792841,0.0362422804864768,1,1,1,""
10,81,710006081,910012081,strict,0.630790712471603,0.0401794552085922,1,1,1,""
10,82,710006082,810012082,naive,0.610319553996539,0.0408571730505537,1,1,1,""
10,82,710006082,910012082,strict,0.608967207779568,0.0381010516501635,1,1,1,""
10,83,710006083,810012083,naive,0.649262877167361,0.0326129299320972,1,1,1,""
10,83,710006083,910012083,strict,0.635707229696706,0.0349527072431323,1,1,1,""
10,84,710006084,810012084,naive,0.615335815032807,0.0357331152558278,1,1,1,""
10,84,710006084,910012084,strict,0.588666757378614,0.0456373085909969,1,0,1,""
10,85,710006085,810012085,naive,0.602176668069506,0.0343555626237873,1,1,1,""
10,85,710006085,910012085,strict,0.610666886488491,0.0362688592130172,1,1,1,""
10,86,710006086,810012086,naive,0.622064240943231,0.0358623149850876,1,1,1,""
10,86,710006086,910012086,strict,0.61477740605601,0.0394094186395399,1,1,1,""
10,87,710006087,810012087,naive,0.574729364692154,0.0354755215947084,1,1,1,""
10,87,710006087,910012087,strict,0.559213911928946,0.0332374459691233,1,0,1,""
10,88,710006088,810012088,naive,0.544235967321088,0.0412003074714171,1,0,1,""
10,88,710006088,910012088,strict,0.529883228413916,0.0464035955403325,1,0,1,""
10,89,710006089,810012089,naive,0.646546472392298,0.0356383738265415,1,1,1,""
10,89,710006089,910012089,strict,0.669868495898501,0.0449872207700738,1,1,1,""
10,90,710006090,810012090,naive,0.603702383723294,0.0350735739338255,1,1,1,""
10,90,710006090,910012090,strict,0.596477800413699,0.0310983936460267,1,1,1,""
10,91,710006091,810012091,naive,0.600793155933813,0.0300929183460267,1,1,1,""
10,91,710006091,910012091,strict,0.606412812692688,0.0346101207413825,1,1,1,""
10,92,710006092,810012092,naive,0.627575971325909,0.0343353265727378,1,1,1,""
10,92,710006092,910012092,strict,0.651037898880251,0.0379716675805461,1,1,1,""
10,93,710006093,810012093,naive,0.567767125846078,0.0378686591734918,1,0,1,""
10,93,710006093,910012093,strict,0.564216355474107,0.0384328419849796,1,0,1,""
10,94,710006094,810012094,naive,0.591939399135366,0.0438054408816041,1,1,1,""
10,94,710006094,910012094,strict,0.594001756681976,0.0491194566685013,1,0,1,""
10,95,710006095,810012095,naive,0.51585143196675,0.0319391457819399,0,0,1,""
10,95,710006095,910012095,strict,0.523654007871622,0.035568165074846,0,0,1,""
10,96,710006096,810012096,naive,0.661457192097746,0.0353549872519464,1,1,1,""
10,96,710006096,910012096,strict,0.675711108666706,0.0398546904856553,1,1,1,""
10,97,710006097,810012097,naive,0.558242660478731,0.0338858184428147,1,0,1,""
10,97,710006097,910012097,strict,0.541730977577998,0.0409034543253669,1,0,1,""
10,98,710006098,810012098,naive,0.678997542680713,0.033369046150072,0,1,1,""
10,98,710006098,910012098,strict,0.673557022213528,0.0363819209703098,1,1,1,""
10,99,710006099,810012099,naive,0.569490518655706,0.0318068848588857,1,1,1,""
10,99,710006099,910012099,strict,0.557094915110308,0.034246015163141,1,0,1,""
10,100,710006100,810012100,naive,0.590925901651236,0.0368144431418332,1,1,1,""
10,100,710006100,910012100,strict,0.575695578704433,0.0439788619740759,1,0,1,""
10,101,710006101,810012101,naive,0.61580145470839,0.0331402306229161,1,1,1,""
10,101,710006101,910012101,strict,0.630553127986606,0.0316942627832013,1,1,1,""
10,102,710006102,810012102,naive,0.566189439310195,0.0393696422965638,1,0,1,""
10,102,710006102,910012102,strict,0.576314843513639,0.0359605604563746,1,1,1,""
10,103,710006103,810012103,naive,0.604934717628973,0.0372322730848534,1,1,1,""
10,103,710006103,910012103,strict,0.599221410203552,0.0412860252694699,1,1,1,""
10,104,710006104,810012104,naive,0.602479753117768,0.0354316380894858,1,1,1,""
10,104,710006104,910012104,strict,0.613439743737615,0.0365774566614523,1,1,1,""
10,105,710006105,810012105,naive,0.639345901405082,0.0289250621301448,1,1,1,""
10,105,710006105,910012105,strict,0.610883968657517,0.0384790275624518,1,1,1,""
10,106,710006106,810012106,naive,0.667409409417018,0.0348988944988176,1,1,1,""
10,106,710006106,910012106,strict,0.666476109149418,0.035438510465775,1,1,1,""
10,107,710006107,810012107,naive,0.589089551469126,0.0372853142917304,1,1,1,""
10,107,710006107,910012107,strict,0.59799914310315,0.0444860561335458,1,1,1,""
10,108,710006108,810012108,naive,0.612133399911703,0.0344641705870408,1,1,1,""
10,108,710006108,910012108,strict,0.630189470109471,0.0305066800042471,1,1,1,""
10,109,710006109,810012109,naive,0.613350660155185,0.032782934083295,1,1,1,""
10,109,710006109,910012109,strict,0.607222693787686,0.0362999652933472,1,1,1,""
10,110,710006110,810012110,naive,0.586394236601828,0.0284205412253787,1,1,1,""
10,110,710006110,910012110,strict,0.610962014456411,0.0313675988372143,1,1,1,""
10,111,710006111,810012111,naive,0.57657011437539,0.0360648922385588,1,1,1,""
10,111,710006111,910012111,strict,0.587406700973475,0.0410195875796594,1,1,1,""
10,112,710006112,810012112,naive,0.652159634928744,0.0349853565782865,1,1,1,""
10,112,710006112,910012112,strict,0.667018982422488,0.0341648322218704,1,1,1,""
10,113,710006113,810012113,naive,0.62509193623852,0.0366140114707372,1,1,1,""
10,113,710006113,910012113,strict,0.619231777784651,0.037705418998119,1,1,1,""
10,114,710006114,810012114,naive,0.65466611757537,0.0343976959059089,1,1,1,""
10,114,710006114,910012114,strict,0.634376804006611,0.0332349090252517,1,1,1,""
10,115,710006115,810012115,naive,0.566565835028408,0.0324723436734593,1,1,1,""
10,115,710006115,910012115,strict,0.566963021848925,0.0420881461759564,1,0,1,""
10,116,710006116,810012116,naive,0.586537359207947,0.0359164149499428,1,1,1,""
10,116,710006116,910012116,strict,0.575744078434016,0.0342157170911353,1,1,1,""
10,117,710006117,810012117,naive,0.601915652836343,0.0349062245186865,1,1,1,""
10,117,710006117,910012117,strict,0.592290932876098,0.038769556529466,1,1,1,""
10,118,710006118,810012118,naive,0.63957230370028,0.0313490248176588,1,1,1,""
10,118,710006118,910012118,strict,0.640218258959249,0.0353435221257621,1,1,1,""
10,119,710006119,810012119,naive,0.609727348071663,0.0386683431629427,1,1,1,""
10,119,710006119,910012119,strict,0.621314984196367,0.0402450371115527,1,1,1,""
10,120,710006120,810012120,naive,0.565852550058915,0.0382055516661434,1,0,1,""
10,120,710006120,910012120,strict,0.579217989002202,0.0414240188915606,1,0,1,""
10,121,710006121,810012121,naive,0.630469381477216,0.0375968757725318,1,1,1,""
10,121,710006121,910012121,strict,0.620039101939401,0.0416481466740958,1,1,1,""
10,122,710006122,810012122,naive,0.559802932220302,0.0299924415573149,1,1,1,""
10,122,710006122,910012122,strict,0.529894719813282,0.0317191830925234,0,0,1,""
10,123,710006123,810012123,naive,0.669571661833459,0.0342816041078274,1,1,1,""
10,123,710006123,910012123,strict,0.659890709642129,0.0354555582660874,1,1,1,""
10,124,710006124,810012124,naive,0.593463995871663,0.0333397375488361,1,1,1,""
10,124,710006124,910012124,strict,0.584241097135971,0.0323294616691563,1,1,1,""
10,125,710006125,810012125,naive,0.527917266570746,0.0378069942671022,0,0,1,""
10,125,710006125,910012125,strict,0.510207165998214,0.0421797998198183,0,0,1,""
10,126,710006126,810012126,naive,0.634831044951923,0.0360283452198467,1,1,1,""
10,126,710006126,910012126,strict,0.623276915642112,0.036212749749441,1,1,1,""
10,127,710006127,810012127,naive,0.583061631032896,0.0382434136790405,1,1,1,""
10,127,710006127,910012127,strict,0.579637513753097,0.0394677268739791,1,1,1,""
10,128,710006128,810012128,naive,0.624292702565257,0.0421539701661982,1,1,1,""
10,128,710006128,910012128,strict,0.621869661750332,0.0401651886931314,1,1,1,""
10,129,710006129,810012129,naive,0.563371415931314,0.044990615599966,1,0,1,""
10,129,710006129,910012129,strict,0.580209492370953,0.0409795356713294,1,0,1,""
10,130,710006130,810012130,naive,0.614247717641703,0.0416440635043319,1,1,1,""
10,130,710006130,910012130,strict,0.615539982746425,0.0499965074488604,1,1,1,""
10,131,710006131,810012131,naive,0.637606804897631,0.0344080366530433,1,1,1,""
10,131,710006131,910012131,strict,0.63631150671293,0.0366803964135815,1,1,1,""
10,132,710006132,810012132,naive,0.62190950619083,0.0291076085573771,1,1,1,""
10,132,710006132,910012132,strict,0.606742335250782,0.0306331919187801,1,1,1,""
10,133,710006133,810012133,naive,0.575106350594965,0.0413393809630186,1,0,1,""
10,133,710006133,910012133,strict,0.59208289081988,0.0461865158039938,1,1,1,""
10,134,710006134,810012134,naive,0.564767332422168,0.0347824977295593,1,0,1,""
10,134,710006134,910012134,strict,0.578708160183834,0.0393017261957555,1,1,1,""
10,135,710006135,810012135,naive,0.630229712827441,0.0401574342152269,1,1,1,""
10,135,710006135,910012135,strict,0.618558193724275,0.03117059685294,1,1,1,""
10,136,710006136,810012136,naive,0.685174942239923,0.0295687030917004,0,1,1,""
10,136,710006136,910012136,strict,0.676157836003165,0.0319834429062766,0,1,1,""
10,137,710006137,810012137,naive,0.628983137680817,0.0352760152322436,1,1,1,""
10,137,710006137,910012137,strict,0.63714403558103,0.0338634472363377,1,1,1,""
10,138,710006138,810012138,naive,0.625526987558067,0.0312950918793845,1,1,1,""
10,138,710006138,910012138,strict,0.640067179010069,0.0364051545200996,1,1,1,""
10,139,710006139,810012139,naive,0.635308185294754,0.0362996255989406,1,1,1,""
10,139,710006139,910012139,strict,0.636304169891641,0.0316154583702434,1,1,1,""
10,140,710006140,810012140,naive,0.591576150527369,0.038750366387193,1,1,1,""
10,140,710006140,910012140,strict,0.599537376075292,0.0409438878189424,1,1,1,""
10,141,710006141,810012141,naive,0.635149675810174,0.0357794424599688,1,1,1,""
10,141,710006141,910012141,strict,0.635465864371449,0.0335034557314929,1,1,1,""
10,142,710006142,810012142,naive,0.651075733397211,0.0341279278646163,1,1,1,""
10,142,710006142,910012142,strict,0.644019889942142,0.0447853822678407,1,1,1,""
10,143,710006143,810012143,naive,0.572225829800174,0.0370413021205558,1,0,1,""
10,143,710006143,910012143,strict,0.561733635202646,0.0443137704138051,1,0,1,""
10,144,710006144,810012144,naive,0.660820313486358,0.0342179546967828,1,1,1,""
10,144,710006144,910012144,strict,0.680711293083934,0.032879671534609,0,1,1,""
10,145,710006145,810012145,naive,0.648972151449362,0.0314499618608756,1,1,1,""
10,145,710006145,910012145,strict,0.659293021289607,0.0328476574379814,1,1,1,""
10,146,710006146,810012146,naive,0.583084003298404,0.0337721159139307,1,1,1,""
10,146,710006146,910012146,strict,0.568833231082203,0.0390935207322163,1,0,1,""
10,147,710006147,810012147,naive,0.565193993326586,0.0359495417489202,1,0,1,""
10,147,710006147,910012147,strict,0.567395509858387,0.0472526432699587,1,0,1,""
10,148,710006148,810012148,naive,0.643436621921185,0.0347979049589083,1,1,1,""
10,148,710006148,910012148,strict,0.644243563540362,0.0385336737518226,1,1,1,""
10,149,710006149,810012149,naive,0.642420757161434,0.0283970518267203,1,1,1,""
10,149,710006149,910012149,strict,0.638627811662286,0.0291750115811812,1,1,1,""
10,150,710006150,810012150,naive,0.579550111711981,0.0374065032507238,1,1,1,""
10,150,710006150,910012150,strict,0.574571690314185,0.0422884907446632,1,0,1,""
10,151,710006151,810012151,naive,0.610702675588131,0.0332412717889564,1,1,1,""
10,151,710006151,910012151,strict,0.624977494323728,0.0366626140758431,1,1,1,""
10,152,710006152,810012152,naive,0.627577330694388,0.0375474490671833,1,1,1,""
10,152,710006152,910012152,strict,0.621194159543232,0.0395446224486831,1,1,1,""
10,153,710006153,810012153,naive,0.657049818533603,0.0381333648358148,1,1,1,""
10,153,710006153,910012153,strict,0.658954843521591,0.0353450107865576,1,1,1,""
10,154,710006154,810012154,naive,0.642292599589682,0.0312468984891565,1,1,1,""
10,154,710006154,910012154,strict,0.647183934162898,0.0344816928553627,1,1,1,""
10,155,710006155,810012155,naive,0.642383414259137,0.034365540974893,1,1,1,""
10,155,710006155,910012155,strict,0.674977427228365,0.0319837409378258,1,1,1,""
10,156,710006156,810012156,naive,0.571280289414206,0.0383004025064819,1,0,1,""
10,156,710006156,910012156,strict,0.585364821455968,0.0335189568039038,1,1,1,""
10,157,710006157,810012157,naive,0.576104171596637,0.0358650692081814,1,1,1,""
10,157,710006157,910012157,strict,0.571028599683794,0.0420344104497135,1,0,1,""
10,158,710006158,810012158,naive,0.664356580056609,0.033174175005398,1,1,1,""
10,158,710006158,910012158,strict,0.672972254358011,0.0402118401651996,1,1,1,""
10,159,710006159,810012159,naive,0.544608651737207,0.0362308032701333,1,0,1,""
10,159,710006159,910012159,strict,0.533664966934925,0.036795904637057,0,0,1,""
10,160,710006160,810012160,naive,0.627251457090722,0.0347798433047544,1,1,1,""
10,160,710006160,910012160,strict,0.631621221491423,0.0307418041835481,1,1,1,""
10,161,710006161,810012161,naive,0.615794684153891,0.0345717372235925,1,1,1,""
10,161,710006161,910012161,strict,0.616544805133941,0.0399220233278367,1,1,1,""
10,162,710006162,810012162,naive,0.575087334293213,0.0383293134776991,1,0,1,""
10,162,710006162,910012162,strict,0.559206949956963,0.0425363598105098,1,0,1,""
10,163,710006163,810012163,naive,0.593820723104093,0.0319939033885547,1,1,1,""
10,163,710006163,910012163,strict,0.612769863106987,0.0367712021993073,1,1,1,""
10,164,710006164,810012164,naive,0.592749672640829,0.030423671287041,1,1,1,""
10,164,710006164,910012164,strict,0.614894181005362,0.035669113096206,1,1,1,""
10,165,710006165,810012165,naive,0.603727923879947,0.041620273313446,1,1,1,""
10,165,710006165,910012165,strict,0.602786189475746,0.0406954277279945,1,1,1,""
10,166,710006166,810012166,naive,0.609339098633166,0.0366060087699361,1,1,1,""
10,166,710006166,910012166,strict,0.616246946425509,0.0424933263200781,1,1,1,""
10,167,710006167,810012167,naive,0.621276485302197,0.0351435448614963,1,1,1,""
10,167,710006167,910012167,strict,0.614440235522577,0.0366268776540186,1,1,1,""
10,168,710006168,810012168,naive,0.664065211878621,0.0433660417358082,1,1,1,""
10,168,710006168,910012168,strict,0.648451010738457,0.0416702445805237,1,1,1,""
10,169,710006169,810012169,naive,0.630983055542198,0.0343875933897065,1,1,1,""
10,169,710006169,910012169,strict,0.62846043672444,0.0374792518560294,1,1,1,""
10,170,710006170,810012170,naive,0.584830842818603,0.0353843804539042,1,1,1,""
10,170,710006170,910012170,strict,0.599458803479012,0.039448402222639,1,1,1,""
10,171,710006171,810012171,naive,0.600295288787349,0.039924428246847,1,1,1,""
10,171,710006171,910012171,strict,0.602453591087848,0.0436792375646155,1,1,1,""
10,172,710006172,810012172,naive,0.62189328642636,0.0324163741286505,1,1,1,""
10,172,710006172,910012172,strict,0.627769846572092,0.0350167443746942,1,1,1,""
10,173,710006173,810012173,naive,0.634112070994951,0.0353452453614752,1,1,1,""
10,173,710006173,910012173,strict,0.62874724343917,0.0360073028151749,1,1,1,""
10,174,710006174,810012174,naive,0.566274297626467,0.0373715058493856,1,0,1,""
10,174,710006174,910012174,strict,0.589066724383689,0.0383731281378628,1,1,1,""
10,175,710006175,810012175,naive,0.598876611015511,0.0443518032116526,1,1,1,""
10,175,710006175,910012175,strict,0.593499187125742,0.0439477517528347,1,1,1,""
10,176,710006176,810012176,naive,0.639377722997894,0.0336439074865083,1,1,1,""
10,176,710006176,910012176,strict,0.637787163556527,0.0433668176243983,1,1,1,""
10,177,710006177,810012177,naive,0.622424178575804,0.0408414464413042,1,1,1,""
10,177,710006177,910012177,strict,0.617686041803653,0.0401423437455688,1,1,1,""
10,178,710006178,810012178,naive,0.618133761729148,0.030467201898131,1,1,1,""
10,178,710006178,910012178,strict,0.636314506661311,0.0335792822483774,1,1,1,""
10,179,710006179,810012179,naive,0.673332901999649,0.0289236052914144,0,1,1,""
10,179,710006179,910012179,strict,0.655993859573278,0.0336664454514836,1,1,1,""
10,180,710006180,810012180,naive,0.641688606109573,0.0334858970060773,1,1,1,""
10,180,710006180,910012180,strict,0.648672284436566,0.03602963611743,1,1,1,""
10,181,710006181,810012181,naive,0.671248140457523,0.0303259567710973,1,1,1,""
10,181,710006181,910012181,strict,0.675859188767664,0.0334190062867388,1,1,1,""
10,182,710006182,810012182,naive,0.591440482183849,0.0402715546931918,1,1,1,""
10,182,710006182,910012182,strict,0.600115441295766,0.0380236242194413,1,1,1,""
10,183,710006183,810012183,naive,0.592701334101434,0.0436925342094269,1,1,1,""
10,183,710006183,910012183,strict,0.587674730905803,0.0483465679241681,1,0,1,""
10,184,710006184,810012184,naive,0.629192473708304,0.0372863798922234,1,1,1,""
10,184,710006184,910012184,strict,0.621138185745783,0.0382910935986496,1,1,1,""
10,185,710006185,810012185,naive,0.541651812622362,0.0435760486238492,1,0,1,""
10,185,710006185,910012185,strict,0.570916483866468,0.047204547959668,1,0,1,""
10,186,710006186,810012186,naive,0.612278913842875,0.03375171089059,1,1,1,""
10,186,710006186,910012186,strict,0.595883974351159,0.0366776101337538,1,1,1,""
10,187,710006187,810012187,naive,0.617800884293411,0.0337233595390275,1,1,1,""
10,187,710006187,910012187,strict,0.609683468570975,0.0398370715994401,1,1,1,""
10,188,710006188,810012188,naive,0.578370106470295,0.0361568655779384,1,1,1,""
10,188,710006188,910012188,strict,0.581553030216405,0.0407847159886346,1,1,1,""
10,189,710006189,810012189,naive,0.633107146513259,0.0402072470992171,1,1,1,""
10,189,710006189,910012189,strict,0.634985804689377,0.0338535590497155,1,1,1,""
10,190,710006190,810012190,naive,0.693867148750493,0.0401382133862122,0,1,1,""
10,190,710006190,910012190,strict,0.687281290392544,0.0341578977517207,0,1,1,""
10,191,710006191,810012191,naive,0.598504903340808,0.0387545088650623,1,1,1,""
10,191,710006191,910012191,strict,0.566678294670168,0.0395979671542102,1,0,1,""
10,192,710006192,810012192,naive,0.597296557916032,0.0374818466441931,1,1,1,""
10,192,710006192,910012192,strict,0.59764145706165,0.0354671506168894,1,1,1,""
10,193,710006193,810012193,naive,0.544471300963753,0.0345651769304457,0,0,1,""
10,193,710006193,910012193,strict,0.548005616785436,0.0403113950439219,1,0,1,""
10,194,710006194,810012194,naive,0.638271032478917,0.0384661510238306,1,1,1,""
10,194,710006194,910012194,strict,0.640690350970898,0.0336416853147436,1,1,1,""
10,195,710006195,810012195,naive,0.524887190984184,0.0488836572927329,1,0,1,""
10,195,710006195,910012195,strict,0.525942848332067,0.0472920116669085,1,0,1,""
10,196,710006196,810012196,naive,0.620121385721503,0.0398582155064808,1,1,1,""
10,196,710006196,910012196,strict,0.641704838552432,0.0390209151753089,1,1,1,""
10,197,710006197,810012197,naive,0.554554631811556,0.0375193832257884,1,0,1,""
10,197,710006197,910012197,strict,0.549063150970085,0.0356000718500506,1,0,1,""
10,198,710006198,810012198,naive,0.614051580392971,0.0320431717769904,1,1,1,""
10,198,710006198,910012198,strict,0.597732275777048,0.043019996748094,1,1,1,""
10,199,710006199,810012199,naive,0.65919014999415,0.0362424752929579,1,1,1,""
10,199,710006199,910012199,strict,0.654661678523689,0.0357509490838115,1,1,1,""
10,200,710006200,810012200,naive,0.632960395143974,0.0393296384102757,1,1,1,""
10,200,710006200,910012200,strict,0.640531897148007,0.0353048343492619,1,1,1,""
10,201,710006201,810012201,naive,0.643069759723507,0.0374546959126666,1,1,1,""
10,201,710006201,910012201,strict,0.62067641717444,0.0408579072738824,1,1,1,""
10,202,710006202,810012202,naive,0.671673772894974,0.0285143243558751,0,1,1,""
10,202,710006202,910012202,strict,0.67652211528248,0.0349179192907128,1,1,1,""
10,203,710006203,810012203,naive,0.60484442761134,0.0325481179820829,1,1,1,""
10,203,710006203,910012203,strict,0.595795842021545,0.0365033034369143,1,1,1,""
10,204,710006204,810012204,naive,0.577952058774656,0.0408862620192467,1,0,1,""
10,204,710006204,910012204,strict,0.589099742284399,0.0417146777448983,1,1,1,""
10,205,710006205,810012205,naive,0.638352448507395,0.0335498706387373,1,1,1,""
10,205,710006205,910012205,strict,0.635848045756945,0.0337958571137721,1,1,1,""
10,206,710006206,810012206,naive,0.607605938525096,0.0312775856342767,1,1,1,""
10,206,710006206,910012206,strict,0.597329345315871,0.0335628123243905,1,1,1,""
10,207,710006207,810012207,naive,0.673782483558127,0.0312442873263968,1,1,1,""
10,207,710006207,910012207,strict,0.68048479620982,0.0322164517016876,0,1,1,""
10,208,710006208,810012208,naive,0.609222204736627,0.0322291470230272,1,1,1,""
10,208,710006208,910012208,strict,0.620172110879175,0.037171902894903,1,1,1,""
10,209,710006209,810012209,naive,0.566089444050038,0.0393700626603029,1,0,1,""
10,209,710006209,910012209,strict,0.578066376511743,0.0366941793385768,1,1,1,""
10,210,710006210,810012210,naive,0.612721216509488,0.0382940082224083,1,1,1,""
10,210,710006210,910012210,strict,0.621356284824751,0.0335851720215763,1,1,1,""
10,211,710006211,810012211,naive,0.585053530945636,0.0352258009821353,1,1,1,""
10,211,710006211,910012211,strict,0.585299133797174,0.0354093218519027,1,1,1,""
10,212,710006212,810012212,naive,0.64899089375598,0.0387078657837416,1,1,1,""
10,212,710006212,910012212,strict,0.656063215353487,0.03735934766703,1,1,1,""
10,213,710006213,810012213,naive,0.62993734178805,0.0358989184603214,1,1,1,""
10,213,710006213,910012213,strict,0.623767752328782,0.035282810250039,1,1,1,""
10,214,710006214,810012214,naive,0.66042631880811,0.0331218169655776,1,1,1,""
10,214,710006214,910012214,strict,0.67681496069167,0.0357400156065826,1,1,1,""
10,215,710006215,810012215,naive,0.659820893030321,0.0320493457569984,1,1,1,""
10,215,710006215,910012215,strict,0.669909123716489,0.0324007073992248,1,1,1,""
10,216,710006216,810012216,naive,0.611801539796832,0.0295880897333947,1,1,1,""
10,216,710006216,910012216,strict,0.618595546044895,0.0358871537701996,1,1,1,""
10,217,710006217,810012217,naive,0.60759024086181,0.0290127139479442,1,1,1,""
10,217,710006217,910012217,strict,0.597566371394407,0.0324680817406281,1,1,1,""
10,218,710006218,810012218,naive,0.623024875038559,0.0296335608225646,1,1,1,""
10,218,710006218,910012218,strict,0.633957116208334,0.0346494533907685,1,1,1,""
10,219,710006219,810012219,naive,0.626410561200146,0.0336502614555929,1,1,1,""
10,219,710006219,910012219,strict,0.630979826067775,0.0348317764872931,1,1,1,""
10,220,710006220,810012220,naive,0.632258974321152,0.0319193776855729,1,1,1,""
10,220,710006220,910012220,strict,0.628868057006485,0.0328150144307253,1,1,1,""
10,221,710006221,810012221,naive,0.540333841411495,0.0364185289223464,0,0,1,""
10,221,710006221,910012221,strict,0.553575988608838,0.0335105486764749,1,0,1,""
10,222,710006222,810012222,naive,0.641806840632975,0.0367433430289634,1,1,1,""
10,222,710006222,910012222,strict,0.657811647893524,0.0406364164773231,1,1,1,""
10,223,710006223,810012223,naive,0.62944798961921,0.0391359149482416,1,1,1,""
10,223,710006223,910012223,strict,0.635097779690608,0.0349973830357895,1,1,1,""
10,224,710006224,810012224,naive,0.572756756890434,0.0377761822532188,1,0,1,""
10,224,710006224,910012224,strict,0.5748351608453,0.0433833818641431,1,0,1,""
10,225,710006225,810012225,naive,0.699939976816311,0.0358881940545657,0,1,1,""
10,225,710006225,910012225,strict,0.664498326914349,0.0458405992646955,1,1,1,""
10,226,710006226,810012226,naive,0.572734527980501,0.0365514399249101,1,1,1,""
10,226,710006226,910012226,strict,0.563931831491526,0.0408090218032576,1,0,1,""
10,227,710006227,810012227,naive,0.651078547941881,0.0306702754941526,1,1,1,""
10,227,710006227,910012227,strict,0.65258895879466,0.0322673407075692,1,1,1,""
10,228,710006228,810012228,naive,0.596960363806119,0.035567618383816,1,1,1,""
10,228,710006228,910012228,strict,0.587949580359693,0.0397552528204667,1,1,1,""
10,229,710006229,810012229,naive,0.602102931951751,0.0321011126140243,1,1,1,""
10,229,710006229,910012229,strict,0.58914881462441,0.0381863841793116,1,1,1,""
10,230,710006230,810012230,naive,0.589503824347174,0.0279869518482056,1,1,1,""
10,230,710006230,910012230,strict,0.595707768864098,0.0354913245582372,1,1,1,""
10,231,710006231,810012231,naive,0.599787328292685,0.0369256364672583,1,1,1,""
10,231,710006231,910012231,strict,0.606704744373841,0.0384012342872793,1,1,1,""
10,232,710006232,810012232,naive,0.669694304451556,0.0327832484522421,1,1,1,""
10,232,710006232,910012232,strict,0.660168883523341,0.0368811607366682,1,1,1,""
10,233,710006233,810012233,naive,0.57430934844201,0.0392407063617454,1,0,1,""
10,233,710006233,910012233,strict,0.583176791167661,0.0451933502840072,1,0,1,""
10,234,710006234,810012234,naive,0.644500079149686,0.0334721787879612,1,1,1,""
10,234,710006234,910012234,strict,0.644215076046061,0.0308002320073319,1,1,1,""
10,235,710006235,810012235,naive,0.651604975553129,0.030832048591716,1,1,1,""
10,235,710006235,910012235,strict,0.638737214290984,0.0345022243495487,1,1,1,""
10,236,710006236,810012236,naive,0.606168645768896,0.0432551287071674,1,1,1,""
10,236,710006236,910012236,strict,0.621469488484098,0.0444424203373654,1,1,1,""
10,237,710006237,810012237,naive,0.629158381688026,0.0391368094150134,1,1,1,""
10,237,710006237,910012237,strict,0.626655422533231,0.0425154752857729,1,1,1,""
10,238,710006238,810012238,naive,0.609499472019436,0.034286095924731,1,1,1,""
10,238,710006238,910012238,strict,0.600370904967832,0.0394237720503998,1,1,1,""
10,239,710006239,810012239,naive,0.648993640271341,0.0401767755774304,1,1,1,""
10,239,710006239,910012239,strict,0.648938258788819,0.041032540974296,1,1,1,""
10,240,710006240,810012240,naive,0.58646656221325,0.0403534751645408,1,1,1,""
10,240,710006240,910012240,strict,0.575331583758529,0.0382615224745511,1,1,1,""
10,241,710006241,810012241,naive,0.559140548051649,0.0274128970600014,0,1,1,""
10,241,710006241,910012241,strict,0.543974902608917,0.0372954308974691,1,0,1,""
10,242,710006242,810012242,naive,0.579689579602208,0.0402836858287424,1,1,1,""
10,242,710006242,910012242,strict,0.58027210508509,0.0447095649266131,1,0,1,""
10,243,710006243,810012243,naive,0.672717083542033,0.0336226813966656,1,1,1,""
10,243,710006243,910012243,strict,0.653447062546426,0.0386967328895004,1,1,1,""
10,244,710006244,810012244,naive,0.639968356510697,0.0420909566820195,1,1,1,""
10,244,710006244,910012244,strict,0.63194659204194,0.0431187604805517,1,1,1,""
10,245,710006245,810012245,naive,0.607753738992152,0.0326625127326481,1,1,1,""
10,245,710006245,910012245,strict,0.607837138287691,0.0391057417883663,1,1,1,""
10,246,710006246,810012246,naive,0.586727050806378,0.0419014532240524,1,1,1,""
10,246,710006246,910012246,strict,0.574415202943687,0.040360572903127,1,0,1,""
10,247,710006247,810012247,naive,0.644309886302504,0.0399723710587584,1,1,1,""
10,247,710006247,910012247,strict,0.649367805005188,0.0331966421557639,1,1,1,""
10,248,710006248,810012248,naive,0.59524224479635,0.0361316548396864,1,1,1,""
10,248,710006248,910012248,strict,0.614667328535299,0.0352304304381588,1,1,1,""
10,249,710006249,810012249,naive,0.632507072366908,0.0328046415558188,1,1,1,""
10,249,710006249,910012249,strict,0.623470759745354,0.0350222353916231,1,1,1,""
10,250,710006250,810012250,naive,0.614184644370583,0.0320846351116401,1,1,1,""
10,250,710006250,910012250,strict,0.622843981060838,0.034212045265044,1,1,1,""
10,251,710006251,810012251,naive,0.626722446217301,0.0358140471871759,1,1,1,""
10,251,710006251,910012251,strict,0.633805867154955,0.037952199540659,1,1,1,""
10,252,710006252,810012252,naive,0.562419926220987,0.0368962706669707,1,0,1,""
10,252,710006252,910012252,strict,0.563457411332505,0.0444758178782169,1,0,1,""
10,253,710006253,810012253,naive,0.708433534826493,0.0284295857868207,0,1,1,""
10,253,710006253,910012253,strict,0.698208968011499,0.0310230784402211,0,1,1,""
10,254,710006254,810012254,naive,0.598826433912812,0.0357485207082038,1,1,1,""
10,254,710006254,910012254,strict,0.609113145207771,0.0449379026393849,1,1,1,""
10,255,710006255,810012255,naive,0.617674397264188,0.0387642537346728,1,1,1,""
10,255,710006255,910012255,strict,0.639310638467195,0.039921914582008,1,1,1,""
10,256,710006256,810012256,naive,0.617459302727153,0.0337480408350544,1,1,1,""
10,256,710006256,910012256,strict,0.613547894431024,0.0309412834181461,1,1,1,""
10,257,710006257,810012257,naive,0.624146299999827,0.0317402372686465,1,1,1,""
10,257,710006257,910012257,strict,0.625849623104891,0.0303706105551868,1,1,1,""
10,258,710006258,810012258,naive,0.642960185306936,0.0341707204350473,1,1,1,""
10,258,710006258,910012258,strict,0.636158696791774,0.0341024337776777,1,1,1,""
10,259,710006259,810012259,naive,0.575887740715203,0.0393880748077047,1,0,1,""
10,259,710006259,910012259,strict,0.564626632906226,0.0406868462207026,1,0,1,""
10,260,710006260,810012260,naive,0.554557084694479,0.0366616800666531,1,0,1,""
10,260,710006260,910012260,strict,0.56638765220564,0.0318408697572806,1,1,1,""
10,261,710006261,810012261,naive,0.655377934622191,0.0365704725896822,1,1,1,""
10,261,710006261,910012261,strict,0.667338499051076,0.0367843773969693,1,1,1,""
10,262,710006262,810012262,naive,0.601634143645749,0.0319824661247476,1,1,1,""
10,262,710006262,910012262,strict,0.603536907639422,0.0375158778165493,1,1,1,""
10,263,710006263,810012263,naive,0.602766671146697,0.0347175496876239,1,1,1,""
10,263,710006263,910012263,strict,0.576179643845862,0.039054099228998,1,0,1,""
10,264,710006264,810012264,naive,0.599707106725845,0.0346524867173764,1,1,1,""
10,264,710006264,910012264,strict,0.602530869962637,0.0397536913523927,1,1,1,""
10,265,710006265,810012265,naive,0.606077713272324,0.0324280141822014,1,1,1,""
10,265,710006265,910012265,strict,0.58181761928245,0.0329135946861612,1,1,1,""
10,266,710006266,810012266,naive,0.575910223356111,0.0364767675673222,1,1,1,""
10,266,710006266,910012266,strict,0.56667401552474,0.0432745762649927,1,0,1,""
10,267,710006267,810012267,naive,0.650212406366944,0.0327576354556451,1,1,1,""
10,267,710006267,910012267,strict,0.647821731594773,0.0335070295876978,1,1,1,""
10,268,710006268,810012268,naive,0.582915074010483,0.0324903987771251,1,1,1,""
10,268,710006268,910012268,strict,0.574242953610612,0.0421636540235622,1,0,1,""
10,269,710006269,810012269,naive,0.5901905866996,0.0277936918284349,1,1,1,""
10,269,710006269,910012269,strict,0.584612474901297,0.0318996466018361,1,1,1,""
10,270,710006270,810012270,naive,0.576483681594695,0.0408554532771596,1,0,1,""
10,270,710006270,910012270,strict,0.609798298916793,0.03575870688544,1,1,1,""
10,271,710006271,810012271,naive,0.603800326271406,0.0341121283834972,1,1,1,""
10,271,710006271,910012271,strict,0.594041815908107,0.030754289168165,1,1,1,""
10,272,710006272,810012272,naive,0.579948697761967,0.0326547534512804,1,1,1,""
10,272,710006272,910012272,strict,0.568383057944651,0.0363295407968302,1,0,1,""
10,273,710006273,810012273,naive,0.589924275763182,0.0386462116992266,1,1,1,""
10,273,710006273,910012273,strict,0.619459197261271,0.0407679308924405,1,1,1,""
10,274,710006274,810012274,naive,0.647630572401668,0.033419773557221,1,1,1,""
10,274,710006274,910012274,strict,0.607449908710468,0.0308251691526843,1,1,1,""
10,275,710006275,810012275,naive,0.551574007280656,0.0324311540864932,1,0,1,""
10,275,710006275,910012275,strict,0.539974720568956,0.0345007518697222,0,0,1,""
10,276,710006276,810012276,naive,0.606100684799035,0.0334123814143395,1,1,1,""
10,276,710006276,910012276,strict,0.594843024909133,0.0415650513410924,1,1,1,""
10,277,710006277,810012277,naive,0.599735528552684,0.0327978267304642,1,1,1,""
10,277,710006277,910012277,strict,0.612330834742686,0.0328700421498183,1,1,1,""
10,278,710006278,810012278,naive,0.5814473414175,0.0416723075577932,1,0,1,""
10,278,710006278,910012278,strict,0.619160470227563,0.0369468035379457,1,1,1,""
10,279,710006279,810012279,naive,0.601667096318154,0.0339520981921424,1,1,1,""
10,279,710006279,910012279,strict,0.600044239858808,0.035342618652,1,1,1,""
10,280,710006280,810012280,naive,0.619963043661323,0.0348391468286953,1,1,1,""
10,280,710006280,910012280,strict,0.63119586409994,0.0351898424070414,1,1,1,""
10,281,710006281,810012281,naive,0.624561495241783,0.0300685976273466,1,1,1,""
10,281,710006281,910012281,strict,0.633951478391508,0.0323241202319211,1,1,1,""
10,282,710006282,810012282,naive,0.62654956965342,0.0394014243855849,1,1,1,""
10,282,710006282,910012282,strict,0.598736666550654,0.0404473866544405,1,1,1,""
10,283,710006283,810012283,naive,0.611446694147701,0.0361955560971064,1,1,1,""
10,283,710006283,910012283,strict,0.614682512359873,0.0382643773618072,1,1,1,""
10,284,710006284,810012284,naive,0.546077956765713,0.0375053358346386,1,0,1,""
10,284,710006284,910012284,strict,0.521682754919997,0.0397366710258213,0,0,1,""
10,285,710006285,810012285,naive,0.619312531430814,0.0339056664263376,1,1,1,""
10,285,710006285,910012285,strict,0.626923151347325,0.0368197312301768,1,1,1,""
10,286,710006286,810012286,naive,0.635720058919173,0.0437922745775169,1,1,1,""
10,286,710006286,910012286,strict,0.644706293161544,0.0381810166242413,1,1,1,""
10,287,710006287,810012287,naive,0.584953735938596,0.0367625952117591,1,1,1,""
10,287,710006287,910012287,strict,0.592559634469719,0.0378595757702063,1,1,1,""
10,288,710006288,810012288,naive,0.633222179192698,0.0374418279010326,1,1,1,""
10,288,710006288,910012288,strict,0.631965844405889,0.0384452012206997,1,1,1,""
10,289,710006289,810012289,naive,0.643065877492821,0.0351013193316377,1,1,1,""
10,289,710006289,910012289,strict,0.650861935936718,0.0354748911723155,1,1,1,""
10,290,710006290,810012290,naive,0.63078017970599,0.0326724246345254,1,1,1,""
10,290,710006290,910012290,strict,0.651183816174062,0.0355249876795627,1,1,1,""
10,291,710006291,810012291,naive,0.592466036761353,0.0347584816036981,1,1,1,""
10,291,710006291,910012291,strict,0.583374240119462,0.0361679388826173,1,1,1,""
10,292,710006292,810012292,naive,0.63185431086259,0.0368187369623196,1,1,1,""
10,292,710006292,910012292,strict,0.629660706715778,0.0341768277482043,1,1,1,""
10,293,710006293,810012293,naive,0.599546583720098,0.0301316117765971,1,1,1,""
10,293,710006293,910012293,strict,0.592399387051337,0.0333271716663643,1,1,1,""
10,294,710006294,810012294,naive,0.548551702861383,0.0360135604198417,1,0,1,""
10,294,710006294,910012294,strict,0.563520884724098,0.0426373124475447,1,0,1,""
10,295,710006295,810012295,naive,0.652113964820289,0.033502008544595,1,1,1,""
10,295,710006295,910012295,strict,0.662304002245608,0.0359444293469998,1,1,1,""
10,296,710006296,810012296,naive,0.579103843164018,0.0322057213748719,1,1,1,""
10,296,710006296,910012296,strict,0.585145027514002,0.0364298773501562,1,1,1,""
10,297,710006297,810012297,naive,0.621574688914527,0.0291317930257436,1,1,1,""
10,297,710006297,910012297,strict,0.622221246253582,0.028656909522869,1,1,1,""
10,298,710006298,810012298,naive,0.545335484042263,0.0372564661427995,1,0,1,""
10,298,710006298,910012298,strict,0.553918100585225,0.0380039170886731,1,0,1,""
10,299,710006299,810012299,naive,0.656590178851483,0.032855796999721,1,1,1,""
10,299,710006299,910012299,strict,0.659864212840352,0.033259441351111,1,1,1,""
10,300,710006300,810012300,naive,0.618139142864028,0.0407290053374694,1,1,1,""
10,300,710006300,910012300,strict,0.632732372659759,0.0425104621437361,1,1,1,""
10,301,710006301,810012301,naive,0.678095112415682,0.0361855084828923,1,1,1,""
10,301,710006301,910012301,strict,0.661613509770877,0.0351656908179393,1,1,1,""
10,302,710006302,810012302,naive,0.620150747963323,0.0320525346510336,1,1,1,""
10,302,710006302,910012302,strict,0.615749572758358,0.0359843843615963,1,1,1,""
10,303,710006303,810012303,naive,0.550986193460539,0.0359647521297629,1,0,1,""
10,303,710006303,910012303,strict,0.560318117213192,0.0406005738546385,1,0,1,""
10,304,710006304,810012304,naive,0.597269640119769,0.0342012972780835,1,1,1,""
10,304,710006304,910012304,strict,0.600582659460941,0.0359077860914159,1,1,1,""
10,305,710006305,810012305,naive,0.623589983301006,0.0371219120459176,1,1,1,""
10,305,710006305,910012305,strict,0.61517316063228,0.0308419059204101,1,1,1,""
10,306,710006306,810012306,naive,0.633736348964673,0.0345418730661789,1,1,1,""
10,306,710006306,910012306,strict,0.618447060356272,0.0340728094790598,1,1,1,""
10,307,710006307,810012307,naive,0.701319102719009,0.0343963382062368,0,1,1,""
10,307,710006307,910012307,strict,0.682609261201498,0.0383574468898118,1,1,1,""
10,308,710006308,810012308,naive,0.61400444497773,0.0418164944481441,1,1,1,""
10,308,710006308,910012308,strict,0.645693167739779,0.0402602407654995,1,1,1,""
10,309,710006309,810012309,naive,0.579116469245478,0.0349046329779723,1,1,1,""
10,309,710006309,910012309,strict,0.552023786997862,0.0387242918550607,1,0,1,""
10,310,710006310,810012310,naive,0.557360541671263,0.0364636671871408,1,0,1,""
10,310,710006310,910012310,strict,0.556966874580007,0.0437326913870343,1,0,1,""
10,311,710006311,810012311,naive,0.61128836718253,0.0392045919034766,1,1,1,""
10,311,710006311,910012311,strict,0.635340006849921,0.0396260096697691,1,1,1,""
10,312,710006312,810012312,naive,0.58154504732269,0.0352810634922639,1,1,1,""
10,312,710006312,910012312,strict,0.571672671684673,0.0380380101902912,1,0,1,""
10,313,710006313,810012313,naive,0.648303675327156,0.0326100881854515,1,1,1,""
10,313,710006313,910012313,strict,0.640467196951862,0.0357116668280775,1,1,1,""
10,314,710006314,810012314,naive,0.645527608750179,0.0349046647504613,1,1,1,""
10,314,710006314,910012314,strict,0.637218404381603,0.0374936074301844,1,1,1,""
10,315,710006315,810012315,naive,0.63852144724434,0.040682723278261,1,1,1,""
10,315,710006315,910012315,strict,0.65184585574511,0.0408707496991094,1,1,1,""
10,316,710006316,810012316,naive,0.60560758596369,0.0315472643128755,1,1,1,""
10,316,710006316,910012316,strict,0.594166505268963,0.0377235105552749,1,1,1,""
10,317,710006317,810012317,naive,0.577081810435266,0.0388981222215896,1,1,1,""
10,317,710006317,910012317,strict,0.595626822270531,0.0377072609648969,1,1,1,""
10,318,710006318,810012318,naive,0.556197767154785,0.0346345356864952,1,0,1,""
10,318,710006318,910012318,strict,0.56590197008766,0.040033079194541,1,0,1,""
10,319,710006319,810012319,naive,0.547161516160087,0.0340306491074876,1,0,1,""
10,319,710006319,910012319,strict,0.558132673900726,0.0360097603188543,1,0,1,""
10,320,710006320,810012320,naive,0.544779662891043,0.038657425094039,1,0,1,""
10,320,710006320,910012320,strict,0.528773489735702,0.046014887327998,1,0,1,""
10,321,710006321,810012321,naive,0.610315477220568,0.0360581341480824,1,1,1,""
10,321,710006321,910012321,strict,0.613633203465511,0.0354815378085332,1,1,1,""
10,322,710006322,810012322,naive,0.597643735655501,0.0383233165219903,1,1,1,""
10,322,710006322,910012322,strict,0.59405988635818,0.0376627706457141,1,1,1,""
10,323,710006323,810012323,naive,0.61531937901255,0.0296901646297242,1,1,1,""
10,323,710006323,910012323,strict,0.616089970759749,0.031491794345962,1,1,1,""
10,324,710006324,810012324,naive,0.59342670067123,0.0348772729309392,1,1,1,""
10,324,710006324,910012324,strict,0.573565069131687,0.0399308537064871,1,0,1,""
10,325,710006325,810012325,naive,0.589228342536511,0.0364769433429704,1,1,1,""
10,325,710006325,910012325,strict,0.584074934795637,0.0361471101729963,1,1,1,""
10,326,710006326,810012326,naive,0.606578414947638,0.0323999536755854,1,1,1,""
10,326,710006326,910012326,strict,0.600066470659658,0.0345867292200868,1,1,1,""
10,327,710006327,810012327,naive,0.649975374986041,0.036482068165428,1,1,1,""
10,327,710006327,910012327,strict,0.656279773044907,0.0350727116683816,1,1,1,""
10,328,710006328,810012328,naive,0.597249551701214,0.0311626468158186,1,1,1,""
10,328,710006328,910012328,strict,0.580746718105974,0.0343559255218851,1,1,1,""
10,329,710006329,810012329,naive,0.594854185076206,0.036378574187326,1,1,1,""
10,329,710006329,910012329,strict,0.602272389450959,0.0358103944516848,1,1,1,""
10,330,710006330,810012330,naive,0.608193140344519,0.0367956523990217,1,1,1,""
10,330,710006330,910012330,strict,0.61207043475059,0.035968679291029,1,1,1,""
10,331,710006331,810012331,naive,0.615572574172271,0.0342550397390309,1,1,1,""
10,331,710006331,910012331,strict,0.618551040169827,0.0361740712836088,1,1,1,""
10,332,710006332,810012332,naive,0.615072556047538,0.0310452735982352,1,1,1,""
10,332,710006332,910012332,strict,0.612445094945729,0.0316503188897675,1,1,1,""
10,333,710006333,810012333,naive,0.611783762204418,0.0381167005293817,1,1,1,""
10,333,710006333,910012333,strict,0.618322621604206,0.0433594300832139,1,1,1,""
10,334,710006334,810012334,naive,0.555121953817258,0.0352171079562425,1,0,1,""
10,334,710006334,910012334,strict,0.543858643246692,0.0352948492548944,1,0,1,""
10,335,710006335,810012335,naive,0.638364931776877,0.0363850256272684,1,1,1,""
10,335,710006335,910012335,strict,0.635711939521447,0.04056064223492,1,1,1,""
10,336,710006336,810012336,naive,0.589460182285213,0.0324785650067233,1,1,1,""
10,336,710006336,910012336,strict,0.580403901117759,0.0443548548494607,1,0,1,""
10,337,710006337,810012337,naive,0.633060300303297,0.0417366169635961,1,1,1,""
10,337,710006337,910012337,strict,0.621695754474278,0.0482627644353951,1,1,1,""
10,338,710006338,810012338,naive,0.665428214180821,0.0409375210036724,1,1,1,""
10,338,710006338,910012338,strict,0.663714697708766,0.0458633156679615,1,1,1,""
10,339,710006339,810012339,naive,0.631074258963629,0.0379533242198638,1,1,1,""
10,339,710006339,910012339,strict,0.630981160501717,0.0347523793696214,1,1,1,""
10,340,710006340,810012340,naive,0.603087401600602,0.0396796833172233,1,1,1,""
10,340,710006340,910012340,strict,0.595382936321566,0.0413721714653216,1,1,1,""
10,341,710006341,810012341,naive,0.623992272526602,0.0336636089710346,1,1,1,""
10,341,710006341,910012341,strict,0.6264169334586,0.0345963300067781,1,1,1,""
10,342,710006342,810012342,naive,0.587032734192012,0.0350697426611725,1,1,1,""
10,342,710006342,910012342,strict,0.594497958582563,0.0370252783976575,1,1,1,""
10,343,710006343,810012343,naive,0.579008938381413,0.0413266763274054,1,0,1,""
10,343,710006343,910012343,strict,0.575787128072393,0.0384469678073177,1,1,1,""
10,344,710006344,810012344,naive,0.633814085968877,0.0357471406979282,1,1,1,""
10,344,710006344,910012344,strict,0.649063207799681,0.0364515163423325,1,1,1,""
10,345,710006345,810012345,naive,0.618059328037642,0.0372674261806274,1,1,1,""
10,345,710006345,910012345,strict,0.630330957795229,0.0377311412830202,1,1,1,""
10,346,710006346,810012346,naive,0.565087983105622,0.0279505290808983,1,1,1,""
10,346,710006346,910012346,strict,0.571909318575281,0.0308514601579749,1,1,1,""
10,347,710006347,810012347,naive,0.581764456886172,0.0294211121706981,1,1,1,""
10,347,710006347,910012347,strict,0.576481296329961,0.0370462711601243,1,1,1,""
10,348,710006348,810012348,naive,0.633614273797294,0.037275723709004,1,1,1,""
10,348,710006348,910012348,strict,0.636818192719812,0.0450880133462406,1,1,1,""
10,349,710006349,810012349,naive,0.669033361656894,0.0336381712333875,1,1,1,""
10,349,710006349,910012349,strict,0.673430998012264,0.0330924908696947,1,1,1,""
10,350,710006350,810012350,naive,0.640579120954063,0.030199119308936,1,1,1,""
10,350,710006350,910012350,strict,0.6411546602349,0.0336220971103329,1,1,1,""
10,351,710006351,810012351,naive,0.670400547829411,0.0291420614144149,0,1,1,""
10,351,710006351,910012351,strict,0.658342818935924,0.029695498245533,1,1,1,""
10,352,710006352,810012352,naive,0.643410863992514,0.0379356891782994,1,1,1,""
10,352,710006352,910012352,strict,0.648054551148771,0.0313081770631633,1,1,1,""
10,353,710006353,810012353,naive,0.618441546759272,0.0386983678249214,1,1,1,""
10,353,710006353,910012353,strict,0.631084392676723,0.0396885151822774,1,1,1,""
10,354,710006354,810012354,naive,0.586614145940635,0.0379881136220415,1,1,1,""
10,354,710006354,910012354,strict,0.585622781528191,0.0426590046980376,1,1,1,""
10,355,710006355,810012355,naive,0.637920906663131,0.033896607215364,1,1,1,""
10,355,710006355,910012355,strict,0.645489340835988,0.0384027484984442,1,1,1,""
10,356,710006356,810012356,naive,0.586061124072189,0.0341979804970114,1,1,1,""
10,356,710006356,910012356,strict,0.578973260420904,0.0408449461517989,1,0,1,""
10,357,710006357,810012357,naive,0.568461360814791,0.039706959385113,1,0,1,""
10,357,710006357,910012357,strict,0.584200632569135,0.0439708845256179,1,0,1,""
10,358,710006358,810012358,naive,0.591843114291731,0.0325080929713973,1,1,1,""
10,358,710006358,910012358,strict,0.584389105977182,0.0281361965734235,1,1,1,""
10,359,710006359,810012359,naive,0.672081734437695,0.0243812812766004,0,1,1,""
10,359,710006359,910012359,strict,0.677742000815344,0.0318610979898286,0,1,1,""
10,360,710006360,810012360,naive,0.587405346927507,0.0329407343987161,1,1,1,""
10,360,710006360,910012360,strict,0.57506169413309,0.0383952895258367,1,0,1,""
10,361,710006361,810012361,naive,0.630664537075804,0.0355587643791516,1,1,1,""
10,361,710006361,910012361,strict,0.628305531812602,0.0418962533108996,1,1,1,""
10,362,710006362,810012362,naive,0.682776286037225,0.0318324610773434,0,1,1,""
10,362,710006362,910012362,strict,0.666079833125763,0.0321839766235801,1,1,1,""
10,363,710006363,810012363,naive,0.652366483679756,0.0379428537430364,1,1,1,""
10,363,710006363,910012363,strict,0.664723580615265,0.0387885065952205,1,1,1,""
10,364,710006364,810012364,naive,0.596855219194817,0.0379659267115734,1,1,1,""
10,364,710006364,910012364,strict,0.614485277812122,0.0410739896149359,1,1,1,""
10,365,710006365,810012365,naive,0.587201497906655,0.0363365568179155,1,1,1,""
10,365,710006365,910012365,strict,0.571869077482071,0.0397853377064582,1,0,1,""
10,366,710006366,810012366,naive,0.662483211552306,0.03324175330472,1,1,1,""
10,366,710006366,910012366,strict,0.683293988724206,0.0328832771575577,0,1,1,""
10,367,710006367,810012367,naive,0.620355608443885,0.0402323108797545,1,1,1,""
10,367,710006367,910012367,strict,0.63566529087928,0.0364607447486663,1,1,1,""
10,368,710006368,810012368,naive,0.656492597940987,0.0375912662731842,1,1,1,""
10,368,710006368,910012368,strict,0.666493007538504,0.0432696853395334,1,1,1,""
10,369,710006369,810012369,naive,0.620527832618128,0.03665017415473,1,1,1,""
10,369,710006369,910012369,strict,0.623814026800269,0.0358312460933365,1,1,1,""
10,370,710006370,810012370,naive,0.594960083306464,0.039482099962738,1,1,1,""
10,370,710006370,910012370,strict,0.586724160746772,0.0355605964610951,1,1,1,""
10,371,710006371,810012371,naive,0.689846172667041,0.0315671675211375,0,1,1,""
10,371,710006371,910012371,strict,0.689430876753447,0.033525784242449,0,1,1,""
10,372,710006372,810012372,naive,0.637475811686779,0.0315765857360214,1,1,1,""
10,372,710006372,910012372,strict,0.651233832949831,0.0407529858918886,1,1,1,""
10,373,710006373,810012373,naive,0.606229379499333,0.0333956019607202,1,1,1,""
10,373,710006373,910012373,strict,0.612055804395986,0.0372497345713905,1,1,1,""
10,374,710006374,810012374,naive,0.627815615816812,0.0445030490368694,1,1,1,""
10,374,710006374,910012374,strict,0.617502221660776,0.0519498141698496,1,1,1,""
10,375,710006375,810012375,naive,0.55970991042563,0.0334445863399786,1,0,1,""
10,375,710006375,910012375,strict,0.556117485132485,0.0425471044429299,1,0,1,""
10,376,710006376,810012376,naive,0.645293086988185,0.029421523308396,1,1,1,""
10,376,710006376,910012376,strict,0.63200861635034,0.0313693118297092,1,1,1,""
10,377,710006377,810012377,naive,0.60677528404611,0.0424709212596119,1,1,1,""
10,377,710006377,910012377,strict,0.612999297550163,0.039497017202945,1,1,1,""
10,378,710006378,810012378,naive,0.57353316081635,0.0385488405935956,1,0,1,""
10,378,710006378,910012378,strict,0.564563022133216,0.0367924115622856,1,0,1,""
10,379,710006379,810012379,naive,0.634644170724588,0.0297779334505098,1,1,1,""
10,379,710006379,910012379,strict,0.638028480112505,0.0343319597543413,1,1,1,""
10,380,710006380,810012380,naive,0.654700611176723,0.0317490607970414,1,1,1,""
10,380,710006380,910012380,strict,0.655800282246698,0.0315072468736913,1,1,1,""
10,381,710006381,810012381,naive,0.646698501995964,0.0443732837731649,1,1,1,""
10,381,710006381,910012381,strict,0.655637808832579,0.0307178986405422,1,1,1,""
10,382,710006382,810012382,naive,0.580203635551924,0.0325531604630004,1,1,1,""
10,382,710006382,910012382,strict,0.587069565529691,0.0373167544810496,1,1,1,""
10,383,710006383,810012383,naive,0.623335230873791,0.0339390054217317,1,1,1,""
10,383,710006383,910012383,strict,0.629438493103306,0.0373676946714235,1,1,1,""
10,384,710006384,810012384,naive,0.597166591392374,0.0417522719499214,1,1,1,""
10,384,710006384,910012384,strict,0.597439252749514,0.0419401798469484,1,1,1,""
10,385,710006385,810012385,naive,0.609221324021833,0.0338213748392681,1,1,1,""
10,385,710006385,910012385,strict,0.598237365384401,0.0366871383100472,1,1,1,""
10,386,710006386,810012386,naive,0.679281883318218,0.0346829073069745,1,1,1,""
10,386,710006386,910012386,strict,0.687898549953375,0.0371792947758365,0,1,1,""
10,387,710006387,810012387,naive,0.622165929000289,0.0316447923753441,1,1,1,""
10,387,710006387,910012387,strict,0.618334328083819,0.0346552078840211,1,1,1,""
10,388,710006388,810012388,naive,0.613603568457307,0.0335316041271462,1,1,1,""
10,388,710006388,910012388,strict,0.611042083756842,0.0395343299364961,1,1,1,""
10,389,710006389,810012389,naive,0.580325205271744,0.0337517262263924,1,1,1,""
10,389,710006389,910012389,strict,0.578699124166109,0.0334860284490616,1,1,1,""
10,390,710006390,810012390,naive,0.658274891508284,0.0353869695173134,1,1,1,""
10,390,710006390,910012390,strict,0.670724142311251,0.037755324333559,1,1,1,""
10,391,710006391,810012391,naive,0.603654269357526,0.0307041398497808,1,1,1,""
10,391,710006391,910012391,strict,0.598541779990701,0.0378872586172703,1,1,1,""
10,392,710006392,810012392,naive,0.559008510199771,0.0361411417909043,1,0,1,""
10,392,710006392,910012392,strict,0.562089979916598,0.0391054282273232,1,0,1,""
10,393,710006393,810012393,naive,0.658912587653891,0.0365190516250746,1,1,1,""
10,393,710006393,910012393,strict,0.661557498674266,0.0372507498038489,1,1,1,""
10,394,710006394,810012394,naive,0.615451800486313,0.0374580261497408,1,1,1,""
10,394,710006394,910012394,strict,0.612882492251082,0.0436274812638169,1,1,1,""
10,395,710006395,810012395,naive,0.622495544278249,0.0299262871016141,1,1,1,""
10,395,710006395,910012395,strict,0.617794421986311,0.0307521276753656,1,1,1,""
10,396,710006396,810012396,naive,0.618650090120609,0.0322715307258274,1,1,1,""
10,396,710006396,910012396,strict,0.623992579572212,0.0390957109630954,1,1,1,""
10,397,710006397,810012397,naive,0.622841959869561,0.0398918318581406,1,1,1,""
10,397,710006397,910012397,strict,0.613802257379586,0.0410661041631885,1,1,1,""
10,398,710006398,810012398,naive,0.633985946811731,0.0394211239204576,1,1,1,""
10,398,710006398,910012398,strict,0.619737373146986,0.0404747463667306,1,1,1,""
10,399,710006399,810012399,naive,0.661678086305973,0.0364372003124919,1,1,1,""
10,399,710006399,910012399,strict,0.678232201698648,0.0325762626659852,0,1,1,""
10,400,710006400,810012400,naive,0.628886061245343,0.0390449016177384,1,1,1,""
10,400,710006400,910012400,strict,0.631605071476895,0.0368561435253271,1,1,1,""
10,401,710006401,810012401,naive,0.616729669700249,0.0395866480965904,1,1,1,""
10,401,710006401,910012401,strict,0.611982273133333,0.0447899354051923,1,1,1,""
10,402,710006402,810012402,naive,0.622028556761951,0.0327071137417722,1,1,1,""
10,402,710006402,910012402,strict,0.588324268071559,0.0365283507623406,1,1,1,""
10,403,710006403,810012403,naive,0.600693614441019,0.0357734920210564,1,1,1,""
10,403,710006403,910012403,strict,0.621262270951662,0.0402699608332664,1,1,1,""
10,404,710006404,810012404,naive,0.606295755931196,0.0284591427805693,1,1,1,""
10,404,710006404,910012404,strict,0.622227601088489,0.029044087460176,1,1,1,""
10,405,710006405,810012405,naive,0.633239506520297,0.0336620731837484,1,1,1,""
10,405,710006405,910012405,strict,0.607439755401782,0.035688513566822,1,1,1,""
10,406,710006406,810012406,naive,0.603895772562595,0.0373786002414253,1,1,1,""
10,406,710006406,910012406,strict,0.585450449924795,0.0372760504035055,1,1,1,""
10,407,710006407,810012407,naive,0.599722814779559,0.0346180963841044,1,1,1,""
10,407,710006407,910012407,strict,0.595356201322325,0.0307572208291914,1,1,1,""
10,408,710006408,810012408,naive,0.611433302346972,0.0360917726687838,1,1,1,""
10,408,710006408,910012408,strict,0.604435239752842,0.0362125368759906,1,1,1,""
10,409,710006409,810012409,naive,0.690432093989232,0.0278016944745912,0,1,1,""
10,409,710006409,910012409,strict,0.681518177957613,0.037767447944609,1,1,1,""
10,410,710006410,810012410,naive,0.613447148507753,0.0318808844550736,1,1,1,""
10,410,710006410,910012410,strict,0.596181616944779,0.0361238028296043,1,1,1,""
10,411,710006411,810012411,naive,0.624211211413971,0.0372085536779036,1,1,1,""
10,411,710006411,910012411,strict,0.640264329691763,0.0362395211715198,1,1,1,""
10,412,710006412,810012412,naive,0.570043538659531,0.0378259369653238,1,0,1,""
10,412,710006412,910012412,strict,0.560643278943737,0.040619378279288,1,0,1,""
10,413,710006413,810012413,naive,0.606137720440752,0.0313234982996599,1,1,1,""
10,413,710006413,910012413,strict,0.611827332748081,0.0316025461477793,1,1,1,""
10,414,710006414,810012414,naive,0.565264896184785,0.0440940363662338,1,0,1,""
10,414,710006414,910012414,strict,0.565680349260752,0.0483756229385714,1,0,1,""
10,415,710006415,810012415,naive,0.582483514883416,0.034407773522249,1,1,1,""
10,415,710006415,910012415,strict,0.564910798986885,0.039117872676829,1,0,1,""
10,416,710006416,810012416,naive,0.662921826812534,0.0353668964394547,1,1,1,""
10,416,710006416,910012416,strict,0.643788230230125,0.0423433985503324,1,1,1,""
10,417,710006417,810012417,naive,0.615921972035362,0.0326809731058486,1,1,1,""
10,417,710006417,910012417,strict,0.61073747344935,0.0380578045213861,1,1,1,""
10,418,710006418,810012418,naive,0.649573794002356,0.0310540804352735,1,1,1,""
10,418,710006418,910012418,strict,0.665732465355536,0.0279102568833983,1,1,1,""
10,419,710006419,810012419,naive,0.571748439534322,0.0450398199827962,1,0,1,""
10,419,710006419,910012419,strict,0.579996009263168,0.0390109064783565,1,1,1,""
10,420,710006420,810012420,naive,0.6217671786243,0.0376242457079501,1,1,1,""
10,420,710006420,910012420,strict,0.618885455405999,0.0460355668381088,1,1,1,""
10,421,710006421,810012421,naive,0.528862208077864,0.0319757230906116,0,0,1,""
10,421,710006421,910012421,strict,0.526997180415185,0.0396844316144403,0,0,1,""
10,422,710006422,810012422,naive,0.613148351657631,0.0299611830332047,1,1,1,""
10,422,710006422,910012422,strict,0.612881709790322,0.0343924483141586,1,1,1,""
10,423,710006423,810012423,naive,0.582789420191156,0.034447785697361,1,1,1,""
10,423,710006423,910012423,strict,0.599511876688511,0.0381298839357315,1,1,1,""
10,424,710006424,810012424,naive,0.63425023483672,0.0393966321810251,1,1,1,""
10,424,710006424,910012424,strict,0.63810691113133,0.0409710372477155,1,1,1,""
10,425,710006425,810012425,naive,0.676154216896246,0.0333392501378915,1,1,1,""
10,425,710006425,910012425,strict,0.675399822709043,0.0458756050537565,1,1,1,""
10,426,710006426,810012426,naive,0.625593187501579,0.0318435373848542,1,1,1,""
10,426,710006426,910012426,strict,0.609263749509229,0.0381667924209403,1,1,1,""
10,427,710006427,810012427,naive,0.663147880160292,0.0383609883967226,1,1,1,""
10,427,710006427,910012427,strict,0.645032619891123,0.038883202418089,1,1,1,""
10,428,710006428,810012428,naive,0.613392819498209,0.0310673829635461,1,1,1,""
10,428,710006428,910012428,strict,0.602245535497209,0.0375029086370184,1,1,1,""
10,429,710006429,810012429,naive,0.612491896481345,0.035289616011901,1,1,1,""
10,429,710006429,910012429,strict,0.599766293182606,0.0429994481552171,1,1,1,""
10,430,710006430,810012430,naive,0.576702785868824,0.033184423477626,1,1,1,""
10,430,710006430,910012430,strict,0.599467097823965,0.0383315693794486,1,1,1,""
10,431,710006431,810012431,naive,0.61091719822505,0.0388681923319028,1,1,1,""
10,431,710006431,910012431,strict,0.631142529047076,0.0389535980520752,1,1,1,""
10,432,710006432,810012432,naive,0.590375686775416,0.0362525490458086,1,1,1,""
10,432,710006432,910012432,strict,0.588977975565588,0.0430300373420619,1,1,1,""
10,433,710006433,810012433,naive,0.5918567340093,0.0335462444610053,1,1,1,""
10,433,710006433,910012433,strict,0.572460085423569,0.0343160565388417,1,1,1,""
10,434,710006434,810012434,naive,0.642516573483565,0.0322251716669003,1,1,1,""
10,434,710006434,910012434,strict,0.647645792057667,0.0318607312067021,1,1,1,""
10,435,710006435,810012435,naive,0.601718520589934,0.0348580878169892,1,1,1,""
10,435,710006435,910012435,strict,0.624188986435881,0.04032186522179,1,1,1,""
10,436,710006436,810012436,naive,0.658837153071672,0.0349320691820321,1,1,1,""
10,436,710006436,910012436,strict,0.633694493631959,0.0311525437608738,1,1,1,""
10,437,710006437,810012437,naive,0.644649112252186,0.0358965519950438,1,1,1,""
10,437,710006437,910012437,strict,0.649533674116929,0.0334694490518145,1,1,1,""
10,438,710006438,810012438,naive,0.618251547002548,0.0340593218015995,1,1,1,""
10,438,710006438,910012438,strict,0.615484244204335,0.0353333755450419,1,1,1,""
10,439,710006439,810012439,naive,0.581234846904975,0.0306560456474169,1,1,1,""
10,439,710006439,910012439,strict,0.587271425928809,0.0360086586127427,1,1,1,""
10,440,710006440,810012440,naive,0.607539421186046,0.0377368990763826,1,1,1,""
10,440,710006440,910012440,strict,0.613353782729581,0.0364204187473863,1,1,1,""
10,441,710006441,810012441,naive,0.655963472876749,0.0325177417358918,1,1,1,""
10,441,710006441,910012441,strict,0.65719047702861,0.0386990593194476,1,1,1,""
10,442,710006442,810012442,naive,0.603947750685078,0.0346517360277894,1,1,1,""
10,442,710006442,910012442,strict,0.613668562142506,0.0371379636128549,1,1,1,""
10,443,710006443,810012443,naive,0.603307569550897,0.0338575460624959,1,1,1,""
10,443,710006443,910012443,strict,0.575446729227489,0.0385261386327255,1,0,1,""
10,444,710006444,810012444,naive,0.582010452979945,0.042409228784667,1,0,1,""
10,444,710006444,910012444,strict,0.578921244688678,0.0406342309158475,1,0,1,""
10,445,710006445,810012445,naive,0.645329828880561,0.0346097902293257,1,1,1,""
10,445,710006445,910012445,strict,0.665869067307439,0.0354922069710506,1,1,1,""
10,446,710006446,810012446,naive,0.557079556725963,0.0339585513422995,1,0,1,""
10,446,710006446,910012446,strict,0.551917765853252,0.0331604428758245,1,0,1,""
10,447,710006447,810012447,naive,0.603725250750282,0.0356084728714637,1,1,1,""
10,447,710006447,910012447,strict,0.585529021749307,0.0402758323721289,1,1,1,""
10,448,710006448,810012448,naive,0.59879452333903,0.0353346670053865,1,1,1,""
10,448,710006448,910012448,strict,0.610324888616701,0.0371074642324644,1,1,1,""
10,449,710006449,810012449,naive,0.613468834136883,0.0357312281751775,1,1,1,""
10,449,710006449,910012449,strict,0.604499839364025,0.0377488707969596,1,1,1,""
10,450,710006450,810012450,naive,0.586971327519933,0.0316324466163287,1,1,1,""
10,450,710006450,910012450,strict,0.596579954674581,0.033428473956538,1,1,1,""
10,451,710006451,810012451,naive,0.568362565607297,0.0377006476055251,1,0,1,""
10,451,710006451,910012451,strict,0.572670076432323,0.0392601341933689,1,0,1,""
10,452,710006452,810012452,naive,0.603351165365301,0.0331223997760683,1,1,1,""
10,452,710006452,910012452,strict,0.593389406087053,0.0351147276605247,1,1,1,""
10,453,710006453,810012453,naive,0.610219248021069,0.0433329489516241,1,1,1,""
10,453,710006453,910012453,strict,0.601154570887337,0.0438662506631057,1,1,1,""
10,454,710006454,810012454,naive,0.644743674356785,0.0316597481427826,1,1,1,""
10,454,710006454,910012454,strict,0.637557701569544,0.0356765911458005,1,1,1,""
10,455,710006455,810012455,naive,0.638591718889181,0.0405600485990886,1,1,1,""
10,455,710006455,910012455,strict,0.630688411982189,0.0432835748470236,1,1,1,""
10,456,710006456,810012456,naive,0.638260349624048,0.0402239247346028,1,1,1,""
10,456,710006456,910012456,strict,0.62649671395605,0.0409970989883463,1,1,1,""
10,457,710006457,810012457,naive,0.626294718692346,0.0380645840313595,1,1,1,""
10,457,710006457,910012457,strict,0.610570525891444,0.0439925581829252,1,1,1,""
10,458,710006458,810012458,naive,0.589858317355446,0.0418236541574542,1,1,1,""
10,458,710006458,910012458,strict,0.597530557925696,0.0387569087651394,1,1,1,""
10,459,710006459,810012459,naive,0.627298145764796,0.0390314019495718,1,1,1,""
10,459,710006459,910012459,strict,0.641416648522252,0.0368240072156136,1,1,1,""
10,460,710006460,810012460,naive,0.643716531958398,0.0386173821075408,1,1,1,""
10,460,710006460,910012460,strict,0.639259700135233,0.0428997816609686,1,1,1,""
10,461,710006461,810012461,naive,0.629205278058287,0.0389547774289683,1,1,1,""
10,461,710006461,910012461,strict,0.616410269815308,0.0452045157134617,1,1,1,""
10,462,710006462,810012462,naive,0.615501005359195,0.0312265182340409,1,1,1,""
10,462,710006462,910012462,strict,0.606216488156158,0.0370687100381969,1,1,1,""
10,463,710006463,810012463,naive,0.608649566129417,0.0388480162537189,1,1,1,""
10,463,710006463,910012463,strict,0.629310753690705,0.0404499626895421,1,1,1,""
10,464,710006464,810012464,naive,0.593504237133152,0.0365335225392387,1,1,1,""
10,464,710006464,910012464,strict,0.592514835802223,0.0356064412036493,1,1,1,""
10,465,710006465,810012465,naive,0.62341773702295,0.0319832580572808,1,1,1,""
10,465,710006465,910012465,strict,0.637790412000415,0.038236977855523,1,1,1,""
10,466,710006466,810012466,naive,0.631583537950566,0.0368816695669909,1,1,1,""
10,466,710006466,910012466,strict,0.637113856883251,0.0391612493829661,1,1,1,""
10,467,710006467,810012467,naive,0.588089423615593,0.0352151999929853,1,1,1,""
10,467,710006467,910012467,strict,0.595266358385429,0.04101931067834,1,1,1,""
10,468,710006468,810012468,naive,0.648905365433504,0.0317696772832011,1,1,1,""
10,468,710006468,910012468,strict,0.668532382735151,0.0329483621306675,1,1,1,""
10,469,710006469,810012469,naive,0.537147544008347,0.0372524553155801,0,0,1,""
10,469,710006469,910012469,strict,0.539781129992212,0.0378062204684784,1,0,1,""
10,470,710006470,810012470,naive,0.612456700667134,0.0345031347467161,1,1,1,""
10,470,710006470,910012470,strict,0.606706066853995,0.0384833495919658,1,1,1,""
10,471,710006471,810012471,naive,0.616263431756726,0.036658521522855,1,1,1,""
10,471,710006471,910012471,strict,0.636406505758879,0.0309505186944493,1,1,1,""
10,472,710006472,810012472,naive,0.562729784690523,0.0366147547835062,1,0,1,""
10,472,710006472,910012472,strict,0.551574220179458,0.0371327507689115,1,0,1,""
10,473,710006473,810012473,naive,0.600275088524177,0.0324590760560689,1,1,1,""
10,473,710006473,910012473,strict,0.605300640977032,0.0398749069597277,1,1,1,""
10,474,710006474,810012474,naive,0.659251570087407,0.0384520212581764,1,1,1,""
10,474,710006474,910012474,strict,0.659037303931774,0.0426672137215745,1,1,1,""
10,475,710006475,810012475,naive,0.616194171485576,0.0375641918601191,1,1,1,""
10,475,710006475,910012475,strict,0.611094426430141,0.0402339341192811,1,1,1,""
10,476,710006476,810012476,naive,0.623508227330853,0.0374385651788126,1,1,1,""
10,476,710006476,910012476,strict,0.636774530821282,0.0363200775074599,1,1,1,""
10,477,710006477,810012477,naive,0.628979736781802,0.0350649553067733,1,1,1,""
10,477,710006477,910012477,strict,0.622463940722492,0.0401257961031631,1,1,1,""
10,478,710006478,810012478,naive,0.65292978230773,0.0288410592270777,1,1,1,""
10,478,710006478,910012478,strict,0.646335876006922,0.0347649253295282,1,1,1,""
10,479,710006479,810012479,naive,0.571159092389398,0.0427684161955051,1,0,1,""
10,479,710006479,910012479,strict,0.562747274123567,0.0452263855306549,1,0,1,""
10,480,710006480,810012480,naive,0.608530179641407,0.0331482996778714,1,1,1,""
10,480,710006480,910012480,strict,0.606050826168802,0.0379184438176601,1,1,1,""
10,481,710006481,810012481,naive,0.641905830018427,0.034980005703507,1,1,1,""
10,481,710006481,910012481,strict,0.647486335657215,0.0409323769543425,1,1,1,""
10,482,710006482,810012482,naive,0.654465211697698,0.0319139186637532,1,1,1,""
10,482,710006482,910012482,strict,0.656579545003184,0.0343960782988556,1,1,1,""
10,483,710006483,810012483,naive,0.631443259087328,0.0310008903973678,1,1,1,""
10,483,710006483,910012483,strict,0.624127724217532,0.0351988745629629,1,1,1,""
10,484,710006484,810012484,naive,0.653763100231008,0.0334313825817054,1,1,1,""
10,484,710006484,910012484,strict,0.645003359180162,0.0359020258672181,1,1,1,""
10,485,710006485,810012485,naive,0.584117017713229,0.0404981588368183,1,1,1,""
10,485,710006485,910012485,strict,0.594828355935119,0.0354660407689761,1,1,1,""
10,486,710006486,810012486,naive,0.586785072929388,0.0361152710137937,1,1,1,""
10,486,710006486,910012486,strict,0.588851113141897,0.0342018029169858,1,1,1,""
10,487,710006487,810012487,naive,0.600231237368452,0.0451189124869217,1,1,1,""
10,487,710006487,910012487,strict,0.581976704287568,0.0380643450550027,1,1,1,""
10,488,710006488,810012488,naive,0.612271063576826,0.0327885486752114,1,1,1,""
10,488,710006488,910012488,strict,0.612404976965209,0.0351991092865032,1,1,1,""
10,489,710006489,810012489,naive,0.618640778791242,0.041180777000659,1,1,1,""
10,489,710006489,910012489,strict,0.611811070209512,0.0388193192016546,1,1,1,""
10,490,710006490,810012490,naive,0.604816568196927,0.032338987811517,1,1,1,""
10,490,710006490,910012490,strict,0.581020882402013,0.0408801820313475,1,1,1,""
10,491,710006491,810012491,naive,0.62459406899448,0.0370489875997291,1,1,1,""
10,491,710006491,910012491,strict,0.608856470470168,0.0353439297305511,1,1,1,""
10,492,710006492,810012492,naive,0.59865742725206,0.0352193104487641,1,1,1,""
10,492,710006492,910012492,strict,0.608637789727978,0.0328028729213886,1,1,1,""
10,493,710006493,810012493,naive,0.633813172209215,0.0351839935335323,1,1,1,""
10,493,710006493,910012493,strict,0.615639758914052,0.0347261517079636,1,1,1,""
10,494,710006494,810012494,naive,0.549921740690211,0.0336986587674261,1,0,1,""
10,494,710006494,910012494,strict,0.577593329142672,0.0354167316001606,1,1,1,""
10,495,710006495,810012495,naive,0.57404244639515,0.0385028116451625,1,0,1,""
10,495,710006495,910012495,strict,0.546404462499701,0.0450802247145613,1,0,1,""
10,496,710006496,810012496,naive,0.678958545167981,0.0298802987996098,0,1,1,""
10,496,710006496,910012496,strict,0.672082806644692,0.0326324131629797,1,1,1,""
10,497,710006497,810012497,naive,0.585419741030298,0.0323927489933252,1,1,1,""
10,497,710006497,910012497,strict,0.579622483517231,0.036581894302999,1,1,1,""
10,498,710006498,810012498,naive,0.576540761899639,0.0410628150830864,1,0,1,""
10,498,710006498,910012498,strict,0.573694719682115,0.0380425219060233,1,0,1,""
10,499,710006499,810012499,naive,0.608198152587429,0.0383541326934766,1,1,1,""
10,499,710006499,910012499,strict,0.606493859319907,0.0338723176999786,1,1,1,""
10,500,710006500,810012500,naive,0.652872895827994,0.0326014687609162,1,1,1,""
10,500,710006500,910012500,strict,0.64615092897527,0.0347576149857936,1,1,1,""
10,501,710006501,810012501,naive,0.610626912115828,0.0362669657875368,1,1,1,""
10,501,710006501,910012501,strict,0.609724215960588,0.0409928839251566,1,1,1,""
10,502,710006502,810012502,naive,0.606367485265071,0.0347192026767443,1,1,1,""
10,502,710006502,910012502,strict,0.598370494875354,0.0404654206429436,1,1,1,""
10,503,710006503,810012503,naive,0.547781610476089,0.03600921868775,1,0,1,""
10,503,710006503,910012503,strict,0.547895752730636,0.0329501400247773,0,0,1,""
10,504,710006504,810012504,naive,0.677563842383864,0.036560336791723,1,1,1,""
10,504,710006504,910012504,strict,0.705193018139234,0.0367668432267239,0,1,1,""
10,505,710006505,810012505,naive,0.657638626474262,0.0320467957669068,1,1,1,""
10,505,710006505,910012505,strict,0.637980697823529,0.0353824819593496,1,1,1,""
10,506,710006506,810012506,naive,0.574105701604664,0.0390109418529307,1,0,1,""
10,506,710006506,910012506,strict,0.585585042891832,0.0360276926697722,1,1,1,""
10,507,710006507,810012507,naive,0.568519994909892,0.0330486670361924,1,1,1,""
10,507,710006507,910012507,strict,0.586373693860136,0.0399488763716974,1,1,1,""
10,508,710006508,810012508,naive,0.599163485053723,0.037995699243423,1,1,1,""
10,508,710006508,910012508,strict,0.584928051624836,0.0354443605898759,1,1,1,""
10,509,710006509,810012509,naive,0.626755460142497,0.0368376765660015,1,1,1,""
10,509,710006509,910012509,strict,0.616579833204833,0.0371640992405415,1,1,1,""
10,510,710006510,810012510,naive,0.571121517010356,0.0334091345450922,1,1,1,""
10,510,710006510,910012510,strict,0.561307178747399,0.0333466707312471,1,0,1,""
10,511,710006511,810012511,naive,0.600412099953987,0.0385495879900622,1,1,1,""
10,511,710006511,910012511,strict,0.605026493775159,0.0383046844960864,1,1,1,""
10,512,710006512,810012512,naive,0.656006948094627,0.0353794313939035,1,1,1,""
10,512,710006512,910012512,strict,0.645307618623724,0.0346324911077973,1,1,1,""
10,513,710006513,810012513,naive,0.586043093301061,0.0315031930497285,1,1,1,""
10,513,710006513,910012513,strict,0.596437831327169,0.0328646773160316,1,1,1,""
10,514,710006514,810012514,naive,0.58499216632896,0.0279638062858003,1,1,1,""
10,514,710006514,910012514,strict,0.595951624364812,0.0331114632694081,1,1,1,""
10,515,710006515,810012515,naive,0.690654707260879,0.0313494872058814,0,1,1,""
10,515,710006515,910012515,strict,0.690517306902213,0.0368371936526738,0,1,1,""
10,516,710006516,810012516,naive,0.585495015378019,0.0351849665835703,1,1,1,""
10,516,710006516,910012516,strict,0.608572126279528,0.0327944854920909,1,1,1,""
10,517,710006517,810012517,naive,0.6702231690625,0.030103633655495,1,1,1,""
10,517,710006517,910012517,strict,0.671814368790039,0.0319062131990658,1,1,1,""
10,518,710006518,810012518,naive,0.612122004667792,0.0367825605276468,1,1,1,""
10,518,710006518,910012518,strict,0.603580134309673,0.03610884286577,1,1,1,""
10,519,710006519,810012519,naive,0.625281774015203,0.0312436352136472,1,1,1,""
10,519,710006519,910012519,strict,0.621544493548389,0.0373742771760187,1,1,1,""
10,520,710006520,810012520,naive,0.559341992572914,0.0310371972695674,1,0,1,""
10,520,710006520,910012520,strict,0.569459910275879,0.0329851345835531,1,1,1,""
10,521,710006521,810012521,naive,0.57035349176043,0.0361473239768547,1,0,1,""
10,521,710006521,910012521,strict,0.577020687054265,0.0430034300741572,1,0,1,""
10,522,710006522,810012522,naive,0.591379067294332,0.0353616205688145,1,1,1,""
10,522,710006522,910012522,strict,0.597651404973239,0.0330435755803233,1,1,1,""
10,523,710006523,810012523,naive,0.592256768659995,0.0413459319175885,1,1,1,""
10,523,710006523,910012523,strict,0.612983587704137,0.0430903273646391,1,1,1,""
10,524,710006524,810012524,naive,0.586661213338895,0.0352920735646605,1,1,1,""
10,524,710006524,910012524,strict,0.573553848748674,0.0407646490633798,1,0,1,""
10,525,710006525,810012525,naive,0.594524827328833,0.0292316033628875,1,1,1,""
10,525,710006525,910012525,strict,0.595806558890889,0.0334447618822119,1,1,1,""
10,526,710006526,810012526,naive,0.642075369379362,0.040959914959774,1,1,1,""
10,526,710006526,910012526,strict,0.643575125536277,0.0468145616533033,1,1,1,""
10,527,710006527,810012527,naive,0.690022757920846,0.0362932641394781,0,1,1,""
10,527,710006527,910012527,strict,0.694531628187431,0.0368151476413394,0,1,1,""
10,528,710006528,810012528,naive,0.578262500368814,0.0414604020162446,1,0,1,""
10,528,710006528,910012528,strict,0.549461776459993,0.0367977874521427,1,0,1,""
10,529,710006529,810012529,naive,0.614382957683524,0.0418384118125599,1,1,1,""
10,529,710006529,910012529,strict,0.637737592180932,0.0404189307035432,1,1,1,""
10,530,710006530,810012530,naive,0.654429691298304,0.0403232329787714,1,1,1,""
10,530,710006530,910012530,strict,0.671153838828506,0.0351010538914121,1,1,1,""
10,531,710006531,810012531,naive,0.604654952337532,0.0345149890463384,1,1,1,""
10,531,710006531,910012531,strict,0.599213424559739,0.0412619110943794,1,1,1,""
10,532,710006532,810012532,naive,0.60846326192261,0.0357642089812213,1,1,1,""
10,532,710006532,910012532,strict,0.618561571607433,0.0347702242477015,1,1,1,""
10,533,710006533,810012533,naive,0.623425464826259,0.0349949763823616,1,1,1,""
10,533,710006533,910012533,strict,0.607393549821359,0.0414082813424552,1,1,1,""
10,534,710006534,810012534,naive,0.561091475960224,0.0369831561504062,1,0,1,""
10,534,710006534,910012534,strict,0.548609105993672,0.0362111393456614,1,0,1,""
10,535,710006535,810012535,naive,0.59224811368584,0.0299333853534389,1,1,1,""
10,535,710006535,910012535,strict,0.602355225369296,0.0412823691772233,1,1,1,""
10,536,710006536,810012536,naive,0.640204721428208,0.038629140423219,1,1,1,""
10,536,710006536,910012536,strict,0.628906583706196,0.0356883295731143,1,1,1,""
10,537,710006537,810012537,naive,0.609011191644169,0.0385862121393804,1,1,1,""
10,537,710006537,910012537,strict,0.588035886961557,0.0364966121480402,1,1,1,""
10,538,710006538,810012538,naive,0.62898423119012,0.0345876193554553,1,1,1,""
10,538,710006538,910012538,strict,0.619413435132199,0.0442537050303895,1,1,1,""
10,539,710006539,810012539,naive,0.64060371746347,0.0356982544067998,1,1,1,""
10,539,710006539,910012539,strict,0.648736941539237,0.0320257445478684,1,1,1,""
10,540,710006540,810012540,naive,0.575354295433935,0.0334994210092513,1,1,1,""
10,540,710006540,910012540,strict,0.558056492986438,0.0360804905909377,1,0,1,""
10,541,710006541,810012541,naive,0.63249494438283,0.0320731332389482,1,1,1,""
10,541,710006541,910012541,strict,0.621256706562284,0.0344182875365094,1,1,1,""
10,542,710006542,810012542,naive,0.636525515685742,0.0306700990095235,1,1,1,""
10,542,710006542,910012542,strict,0.624374383567534,0.0340914864686633,1,1,1,""
10,543,710006543,810012543,naive,0.613327276038815,0.0376396571629817,1,1,1,""
10,543,710006543,910012543,strict,0.632746565237052,0.0400247578818992,1,1,1,""
10,544,710006544,810012544,naive,0.606001418014824,0.03764380013897,1,1,1,""
10,544,710006544,910012544,strict,0.600764335285443,0.0411242977937896,1,1,1,""
10,545,710006545,810012545,naive,0.627406113661231,0.0402375915411232,1,1,1,""
10,545,710006545,910012545,strict,0.629728402156848,0.0415876207355256,1,1,1,""
10,546,710006546,810012546,naive,0.590382680053815,0.0315447462437866,1,1,1,""
10,546,710006546,910012546,strict,0.596813006855065,0.0385185376766727,1,1,1,""
10,547,710006547,810012547,naive,0.638692866138274,0.0360524596261381,1,1,1,""
10,547,710006547,910012547,strict,0.638132653652963,0.0404262004943069,1,1,1,""
10,548,710006548,810012548,naive,0.63447809260363,0.0385910670846165,1,1,1,""
10,548,710006548,910012548,strict,0.645488350395269,0.0438780189134218,1,1,1,""
10,549,710006549,810012549,naive,0.607861673877579,0.0366551525389697,1,1,1,""
10,549,710006549,910012549,strict,0.597629802269799,0.0397240993036708,1,1,1,""
10,550,710006550,810012550,naive,0.640860721563733,0.0339000619911233,1,1,1,""
10,550,710006550,910012550,strict,0.654173397875322,0.0367141462375477,1,1,1,""
10,551,710006551,810012551,naive,0.601589806390086,0.0371416834653111,1,1,1,""
10,551,710006551,910012551,strict,0.580035871957193,0.0366290164819885,1,1,1,""
10,552,710006552,810012552,naive,0.671767765106431,0.0327774758082624,1,1,1,""
10,552,710006552,910012552,strict,0.678207177475565,0.0343121330743253,1,1,1,""
10,553,710006553,810012553,naive,0.612478443036117,0.0369612708786183,1,1,1,""
10,553,710006553,910012553,strict,0.610023087374128,0.0325347883851916,1,1,1,""
10,554,710006554,810012554,naive,0.549262765142195,0.0444054189105629,1,0,1,""
10,554,710006554,910012554,strict,0.552434944180198,0.0486946006546807,1,0,1,""
10,555,710006555,810012555,naive,0.600365441237129,0.0284758605486563,1,1,1,""
10,555,710006555,910012555,strict,0.591901138590734,0.0333216139969741,1,1,1,""
10,556,710006556,810012556,naive,0.630046222973265,0.0335180245118523,1,1,1,""
10,556,710006556,910012556,strict,0.62126416751506,0.0358106641312616,1,1,1,""
10,557,710006557,810012557,naive,0.608481250961309,0.0374550521479439,1,1,1,""
10,557,710006557,910012557,strict,0.607288832013836,0.0353219570257691,1,1,1,""
10,558,710006558,810012558,naive,0.625623863070003,0.0334878050290499,1,1,1,""
10,558,710006558,910012558,strict,0.609854561858594,0.0357568877172867,1,1,1,""
10,559,710006559,810012559,naive,0.515122324459779,0.0376340613900997,0,0,1,""
10,559,710006559,910012559,strict,0.517185222200187,0.0436074613948189,0,0,1,""
10,560,710006560,810012560,naive,0.627290420880357,0.0348377034509321,1,1,1,""
10,560,710006560,910012560,strict,0.609005576249428,0.0350109608080998,1,1,1,""
10,561,710006561,810012561,naive,0.601800104958987,0.0421475391230515,1,1,1,""
10,561,710006561,910012561,strict,0.613070101896613,0.0462131803008024,1,1,1,""
10,562,710006562,810012562,naive,0.607386309902755,0.0303851313557425,1,1,1,""
10,562,710006562,910012562,strict,0.622551588200345,0.036559622006826,1,1,1,""
10,563,710006563,810012563,naive,0.606536692263088,0.0311955981506934,1,1,1,""
10,563,710006563,910012563,strict,0.612948207251835,0.0343815625380356,1,1,1,""
10,564,710006564,810012564,naive,0.551738102503333,0.0391475401243897,1,0,1,""
10,564,710006564,910012564,strict,0.581766045623106,0.0399897887192862,1,1,1,""
10,565,710006565,810012565,naive,0.62650514055421,0.0410356721284764,1,1,1,""
10,565,710006565,910012565,strict,0.60711461881147,0.031364603901507,1,1,1,""
10,566,710006566,810012566,naive,0.592474622249886,0.0335974654534465,1,1,1,""
10,566,710006566,910012566,strict,0.571704022193442,0.0349157265267837,1,1,1,""
10,567,710006567,810012567,naive,0.635158763074484,0.0341643853322281,1,1,1,""
10,567,710006567,910012567,strict,0.621905954513124,0.0365024723822162,1,1,1,""
10,568,710006568,810012568,naive,0.591185233092508,0.0372356883631961,1,1,1,""
10,568,710006568,910012568,strict,0.570848631872289,0.0368599371121141,1,0,1,""
10,569,710006569,810012569,naive,0.611457096625892,0.0284580780374773,1,1,1,""
10,569,710006569,910012569,strict,0.606150212915088,0.0309582509881334,1,1,1,""
10,570,710006570,810012570,naive,0.603056938317741,0.0399750766300732,1,1,1,""
10,570,710006570,910012570,strict,0.611570205853378,0.0400278410966698,1,1,1,""
10,571,710006571,810012571,naive,0.607711233371888,0.0341439290838235,1,1,1,""
10,571,710006571,910012571,strict,0.622122126870081,0.0325970473080009,1,1,1,""
10,572,710006572,810012572,naive,0.610562703152685,0.0314550071951333,1,1,1,""
10,572,710006572,910012572,strict,0.634040710945122,0.0338857116619186,1,1,1,""
10,573,710006573,810012573,naive,0.54131443212779,0.0314754595695546,0,0,1,""
10,573,710006573,910012573,strict,0.542001693390694,0.0369352154659745,1,0,1,""
10,574,710006574,810012574,naive,0.646404466514448,0.0331978976696521,1,1,1,""
10,574,710006574,910012574,strict,0.668236348310721,0.038099607334704,1,1,1,""
10,575,710006575,810012575,naive,0.665067055086324,0.0391603101758938,1,1,1,""
10,575,710006575,910012575,strict,0.656021184033138,0.0355073564420522,1,1,1,""
10,576,710006576,810012576,naive,0.636002650241562,0.0320550153375438,1,1,1,""
10,576,710006576,910012576,strict,0.634991627311076,0.0346513367115669,1,1,1,""
10,577,710006577,810012577,naive,0.575136452210764,0.0334320272478238,1,1,1,""
10,577,710006577,910012577,strict,0.550485771858895,0.0398623471651422,1,0,1,""
10,578,710006578,810012578,naive,0.64821163598668,0.0345914464940062,1,1,1,""
10,578,710006578,910012578,strict,0.663202068227823,0.0383598681722486,1,1,1,""
10,579,710006579,810012579,naive,0.644555080303984,0.0349606179176923,1,1,1,""
10,579,710006579,910012579,strict,0.674730719596061,0.0345242354699473,1,1,1,""
10,580,710006580,810012580,naive,0.643951339087852,0.0365282010323727,1,1,1,""
10,580,710006580,910012580,strict,0.621223669306762,0.0404331755028068,1,1,1,""
10,581,710006581,810012581,naive,0.547239809995791,0.0351867753922239,1,0,1,""
10,581,710006581,910012581,strict,0.544152169872843,0.0365228603229628,1,0,1,""
10,582,710006582,810012582,naive,0.613872884029781,0.0351100456871297,1,1,1,""
10,582,710006582,910012582,strict,0.613307700975008,0.0372499835321054,1,1,1,""
10,583,710006583,810012583,naive,0.628705881900349,0.0430291673034524,1,1,1,""
10,583,710006583,910012583,strict,0.608236765085905,0.0414814042491919,1,1,1,""
10,584,710006584,810012584,naive,0.570727490106224,0.0375088535166924,1,0,1,""
10,584,710006584,910012584,strict,0.567058092205375,0.0368622405550857,1,0,1,""
10,585,710006585,810012585,naive,0.614110325793365,0.0345542523058998,1,1,1,""
10,585,710006585,910012585,strict,0.62510509831354,0.0336715266568931,1,1,1,""
10,586,710006586,810012586,naive,0.620266854342695,0.0352514429388102,1,1,1,""
10,586,710006586,910012586,strict,0.623180388250396,0.0363684277566055,1,1,1,""
10,587,710006587,810012587,naive,0.533950424747391,0.0379328584998825,0,0,1,""
10,587,710006587,910012587,strict,0.545989713021156,0.0509004079824413,1,0,1,""
10,588,710006588,810012588,naive,0.623850407974845,0.0432094107922091,1,1,1,""
10,588,710006588,910012588,strict,0.608153840796124,0.0476716558205406,1,1,1,""
10,589,710006589,810012589,naive,0.614111386391325,0.0369293188997831,1,1,1,""
10,589,710006589,910012589,strict,0.644071555591085,0.0362290668823973,1,1,1,""
10,590,710006590,810012590,naive,0.594167509368413,0.0337423934849815,1,1,1,""
10,590,710006590,910012590,strict,0.586138562558816,0.0349515071011346,1,1,1,""
10,591,710006591,810012591,naive,0.629500756570776,0.0321765035059674,1,1,1,""
10,591,710006591,910012591,strict,0.623114406968602,0.0396813705163503,1,1,1,""
10,592,710006592,810012592,naive,0.602013071339322,0.0366738458077809,1,1,1,""
10,592,710006592,910012592,strict,0.575999201613671,0.0453066129050253,1,0,1,""
10,593,710006593,810012593,naive,0.609085171387534,0.0329823094946014,1,1,1,""
10,593,710006593,910012593,strict,0.614656864815905,0.0371796952096379,1,1,1,""
10,594,710006594,810012594,naive,0.598726436582747,0.0336853749446582,1,1,1,""
10,594,710006594,910012594,strict,0.615028344936073,0.0370926176409282,1,1,1,""
10,595,710006595,810012595,naive,0.625116470523351,0.0439546152955408,1,1,1,""
10,595,710006595,910012595,strict,0.633229245420829,0.0410507346852406,1,1,1,""
10,596,710006596,810012596,naive,0.658641340092071,0.0305266190733459,1,1,1,""
10,596,710006596,910012596,strict,0.651312921486733,0.0292683353908774,1,1,1,""
10,597,710006597,810012597,naive,0.624932331725153,0.0376600623263146,1,1,1,""
10,597,710006597,910012597,strict,0.641920070193329,0.0393240525504211,1,1,1,""
10,598,710006598,810012598,naive,0.651334405866077,0.0374421742670022,1,1,1,""
10,598,710006598,910012598,strict,0.632711058657857,0.0449011453044881,1,1,1,""
10,599,710006599,810012599,naive,0.554814452772612,0.0331363973984,1,0,1,""
10,599,710006599,910012599,strict,0.559458496658591,0.0372024247611421,1,0,1,""
10,600,710006600,810012600,naive,0.621824483957487,0.0257084808052396,1,1,1,""
10,600,710006600,910012600,strict,0.619816467112442,0.0322610158348127,1,1,1,""
10,601,710006601,810012601,naive,0.608888196450267,0.0373032017754167,1,1,1,""
10,601,710006601,910012601,strict,0.597196188810993,0.040460009686513,1,1,1,""
10,602,710006602,810012602,naive,0.669982796307157,0.0331326694605796,1,1,1,""
10,602,710006602,910012602,strict,0.670848779342854,0.0312400885949531,1,1,1,""
10,603,710006603,810012603,naive,0.657472177643601,0.034166184660764,1,1,1,""
10,603,710006603,910012603,strict,0.677028427535602,0.0371779322217521,1,1,1,""
10,604,710006604,810012604,naive,0.638314786837942,0.0300081121310001,1,1,1,""
10,604,710006604,910012604,strict,0.635338842919736,0.0316425937704482,1,1,1,""
10,605,710006605,810012605,naive,0.666723513990007,0.0324748645904332,1,1,1,""
10,605,710006605,910012605,strict,0.628954858011624,0.0394935739954561,1,1,1,""
10,606,710006606,810012606,naive,0.532955295890457,0.0430909939524429,1,0,1,""
10,606,710006606,910012606,strict,0.531153522878277,0.037601525246381,0,0,1,""
10,607,710006607,810012607,naive,0.587707896583369,0.0373098145781815,1,1,1,""
10,607,710006607,910012607,strict,0.595377773433901,0.03703058265005,1,1,1,""
10,608,710006608,810012608,naive,0.597643556530492,0.0362991161181734,1,1,1,""
10,608,710006608,910012608,strict,0.581242570092197,0.0392485857382649,1,1,1,""
10,609,710006609,810012609,naive,0.600587504326792,0.0308841971322372,1,1,1,""
10,609,710006609,910012609,strict,0.584189012578205,0.0343333445455137,1,1,1,""
10,610,710006610,810012610,naive,0.553142193744271,0.0390484304821684,1,0,1,""
10,610,710006610,910012610,strict,0.548614105242112,0.03813506843807,1,0,1,""
10,611,710006611,810012611,naive,0.585965325030089,0.040356658029457,1,1,1,""
10,611,710006611,910012611,strict,0.567351368280207,0.0431609338661316,1,0,1,""
10,612,710006612,810012612,naive,0.652046226638977,0.0354833359596991,1,1,1,""
10,612,710006612,910012612,strict,0.646181428858018,0.0364964194880817,1,1,1,""
10,613,710006613,810012613,naive,0.688991589874097,0.0326996623898954,0,1,1,""
10,613,710006613,910012613,strict,0.693507323044222,0.0295373375188089,0,1,1,""
10,614,710006614,810012614,naive,0.590171170664196,0.0322192278087425,1,1,1,""
10,614,710006614,910012614,strict,0.580389772257887,0.0405092885617742,1,1,1,""
10,615,710006615,810012615,naive,0.609163689074367,0.0340745802536804,1,1,1,""
10,615,710006615,910012615,strict,0.642066105313715,0.0420936066959913,1,1,1,""
10,616,710006616,810012616,naive,0.613979098008674,0.0328269309318627,1,1,1,""
10,616,710006616,910012616,strict,0.615847077448636,0.0325723661045496,1,1,1,""
10,617,710006617,810012617,naive,0.620474852234172,0.0341123398383789,1,1,1,""
10,617,710006617,910012617,strict,0.606139719279697,0.039564106983878,1,1,1,""
10,618,710006618,810012618,naive,0.675182543511385,0.0351398541860968,1,1,1,""
10,618,710006618,910012618,strict,0.688638291310999,0.0362011521586639,0,1,1,""
10,619,710006619,810012619,naive,0.571096543510787,0.0380155475915737,1,0,1,""
10,619,710006619,910012619,strict,0.570327981136719,0.0406801393433335,1,0,1,""
10,620,710006620,810012620,naive,0.65807549280985,0.0384254949785934,1,1,1,""
10,620,710006620,910012620,strict,0.649857901880229,0.0406682250308875,1,1,1,""
10,621,710006621,810012621,naive,0.584056476711948,0.0368571859156468,1,1,1,""
10,621,710006621,910012621,strict,0.598119077664843,0.0356430613599476,1,1,1,""
10,622,710006622,810012622,naive,0.610135973721022,0.0296604495324636,1,1,1,""
10,622,710006622,910012622,strict,0.594781808924238,0.0327058671110531,1,1,1,""
10,623,710006623,810012623,naive,0.630672612786904,0.0378222243695941,1,1,1,""
10,623,710006623,910012623,strict,0.626916749114525,0.0336165783694841,1,1,1,""
10,624,710006624,810012624,naive,0.634552438374293,0.0382489405776472,1,1,1,""
10,624,710006624,910012624,strict,0.646370197128101,0.0478123773029434,1,1,1,""
10,625,710006625,810012625,naive,0.579497181708794,0.0339927913696073,1,1,1,""
10,625,710006625,910012625,strict,0.587196311896537,0.0371710194369944,1,1,1,""
10,626,710006626,810012626,naive,0.609870749232968,0.0364496736395103,1,1,1,""
10,626,710006626,910012626,strict,0.619427813502873,0.0348728140158303,1,1,1,""
10,627,710006627,810012627,naive,0.611336703160233,0.0379705122155186,1,1,1,""
10,627,710006627,910012627,strict,0.614825724270924,0.0440709811988475,1,1,1,""
10,628,710006628,810012628,naive,0.58677673435605,0.0354601115828194,1,1,1,""
10,628,710006628,910012628,strict,0.573156024406999,0.0469073985420148,1,0,1,""
10,629,710006629,810012629,naive,0.667064571786031,0.031262234485408,1,1,1,""
10,629,710006629,910012629,strict,0.647777890598192,0.0312488088296849,1,1,1,""
10,630,710006630,810012630,naive,0.641095953804062,0.0371106099247252,1,1,1,""
10,630,710006630,910012630,strict,0.628230292459076,0.0432316870751527,1,1,1,""
10,631,710006631,810012631,naive,0.563047919899012,0.0366917696885408,1,0,1,""
10,631,710006631,910012631,strict,0.572098977799881,0.0355633637814249,1,1,1,""
10,632,710006632,810012632,naive,0.562702067205419,0.0256329651079854,0,1,1,""
10,632,710006632,910012632,strict,0.5719873898067,0.032851356342959,1,1,1,""
10,633,710006633,810012633,naive,0.684580199918161,0.033231826960068,0,1,1,""
10,633,710006633,910012633,strict,0.689432064228544,0.0371764139481719,0,1,1,""
10,634,710006634,810012634,naive,0.566947376521013,0.0378880440391811,1,0,1,""
10,634,710006634,910012634,strict,0.584225452512886,0.0386058867680157,1,1,1,""
10,635,710006635,810012635,naive,0.646787644708886,0.0381356074225684,1,1,1,""
10,635,710006635,910012635,strict,0.634430708081904,0.0384220332851921,1,1,1,""
10,636,710006636,810012636,naive,0.675426365984604,0.0315210214564063,0,1,1,""
10,636,710006636,910012636,strict,0.696040137201021,0.0330260143930169,0,1,1,""
10,637,710006637,810012637,naive,0.615932635641672,0.0360743394438793,1,1,1,""
10,637,710006637,910012637,strict,0.608673058780189,0.0362475957908975,1,1,1,""
10,638,710006638,810012638,naive,0.625426801374776,0.0321517825275458,1,1,1,""
10,638,710006638,910012638,strict,0.619480399464308,0.03184285848469,1,1,1,""
10,639,710006639,810012639,naive,0.635659722814363,0.0321380718663459,1,1,1,""
10,639,710006639,910012639,strict,0.629573617038955,0.0363382999698221,1,1,1,""
10,640,710006640,810012640,naive,0.636610896663383,0.0354591122424649,1,1,1,""
10,640,710006640,910012640,strict,0.634790411185186,0.036239108077891,1,1,1,""
10,641,710006641,810012641,naive,0.628992727311978,0.0327436273247353,1,1,1,""
10,641,710006641,910012641,strict,0.636169196916261,0.0332973073655115,1,1,1,""
10,642,710006642,810012642,naive,0.585407504900307,0.036423659012158,1,1,1,""
10,642,710006642,910012642,strict,0.59559044085602,0.0405850656376155,1,1,1,""
10,643,710006643,810012643,naive,0.576431771320764,0.0381743339730333,1,1,1,""
10,643,710006643,910012643,strict,0.571287309395538,0.0407115077983055,1,0,1,""
10,644,710006644,810012644,naive,0.631525317037119,0.0393243128193416,1,1,1,""
10,644,710006644,910012644,strict,0.634915820798179,0.0345522696420358,1,1,1,""
10,645,710006645,810012645,naive,0.623756405221978,0.0357553284485313,1,1,1,""
10,645,710006645,910012645,strict,0.627296057311936,0.0364657546725339,1,1,1,""
10,646,710006646,810012646,naive,0.580600853431978,0.033303992509463,1,1,1,""
10,646,710006646,910012646,strict,0.583776067989782,0.0321430393889483,1,1,1,""
10,647,710006647,810012647,naive,0.615755264699919,0.0395368171398159,1,1,1,""
10,647,710006647,910012647,strict,0.622905885991479,0.0413171374213559,1,1,1,""
10,648,710006648,810012648,naive,0.622302234678636,0.0319493159855025,1,1,1,""
10,648,710006648,910012648,strict,0.618408145344258,0.0337037155171699,1,1,1,""
10,649,710006649,810012649,naive,0.623904058903062,0.0409006165485162,1,1,1,""
10,649,710006649,910012649,strict,0.659419826359149,0.0363078727387722,1,1,1,""
10,650,710006650,810012650,naive,0.604327399348937,0.034921821205771,1,1,1,""
10,650,710006650,910012650,strict,0.574999364025232,0.0312076631932768,1,1,1,""
10,651,710006651,810012651,naive,0.632949652276185,0.0367751326397614,1,1,1,""
10,651,710006651,910012651,strict,0.645268115627134,0.0429779473688881,1,1,1,""
10,652,710006652,810012652,naive,0.642399011665875,0.0374829784729892,1,1,1,""
10,652,710006652,910012652,strict,0.655954811979665,0.0443216804750152,1,1,1,""
10,653,710006653,810012653,naive,0.556297771700974,0.0410407491140046,1,0,1,""
10,653,710006653,910012653,strict,0.548557221069495,0.0398417214307203,1,0,1,""
10,654,710006654,810012654,naive,0.588182323046726,0.0421876453890473,1,1,1,""
10,654,710006654,910012654,strict,0.583669585243426,0.0377439175607221,1,1,1,""
10,655,710006655,810012655,naive,0.597313556078265,0.0367779379446142,1,1,1,""
10,655,710006655,910012655,strict,0.574385143565841,0.038918139488955,1,0,1,""
10,656,710006656,810012656,naive,0.573909225379366,0.0360890456797708,1,1,1,""
10,656,710006656,910012656,strict,0.584548609957789,0.0400255601184926,1,1,1,""
10,657,710006657,810012657,naive,0.606278897557869,0.0311522199723115,1,1,1,""
10,657,710006657,910012657,strict,0.602280323365695,0.0363000218032782,1,1,1,""
10,658,710006658,810012658,naive,0.58653761118892,0.036297557122862,1,1,1,""
10,658,710006658,910012658,strict,0.603565320307112,0.04473259117936,1,1,1,""
10,659,710006659,810012659,naive,0.608961349754485,0.0333729226731132,1,1,1,""
10,659,710006659,910012659,strict,0.607965236656625,0.0370221631733207,1,1,1,""
10,660,710006660,810012660,naive,0.63744833069474,0.0293857241604538,1,1,1,""
10,660,710006660,910012660,strict,0.615354327672043,0.0402996794558304,1,1,1,""
10,661,710006661,810012661,naive,0.619722326976314,0.0441404848256531,1,1,1,""
10,661,710006661,910012661,strict,0.643822619202716,0.0400172940233487,1,1,1,""
10,662,710006662,810012662,naive,0.5819589542242,0.042069274300133,1,0,1,""
10,662,710006662,910012662,strict,0.577153873300533,0.0391177125450786,1,1,1,""
10,663,710006663,810012663,naive,0.628105213351146,0.0349011130577287,1,1,1,""
10,663,710006663,910012663,strict,0.611558394123149,0.0386149787461829,1,1,1,""
10,664,710006664,810012664,naive,0.592307906556641,0.0338631073399075,1,1,1,""
10,664,710006664,910012664,strict,0.602245813348564,0.0371668618357469,1,1,1,""
10,665,710006665,810012665,naive,0.636947487741381,0.0341924545763849,1,1,1,""
10,665,710006665,910012665,strict,0.633400475978643,0.0381661487208163,1,1,1,""
10,666,710006666,810012666,naive,0.586520784550086,0.0380263173471449,1,1,1,""
10,666,710006666,910012666,strict,0.585274594781244,0.0361427269207593,1,1,1,""
10,667,710006667,810012667,naive,0.582707500874942,0.0385242861724433,1,1,1,""
10,667,710006667,910012667,strict,0.608036539963719,0.0376858142005684,1,1,1,""
10,668,710006668,810012668,naive,0.602419834286308,0.0333979104576644,1,1,1,""
10,668,710006668,910012668,strict,0.619028388178068,0.0361829429278281,1,1,1,""
10,669,710006669,810012669,naive,0.540198985606164,0.0366712218018009,0,0,1,""
10,669,710006669,910012669,strict,0.516825691423844,0.0404811706396664,0,0,1,""
10,670,710006670,810012670,naive,0.648943620938848,0.0320342632117707,1,1,1,""
10,670,710006670,910012670,strict,0.661616307480428,0.0369888347263421,1,1,1,""
10,671,710006671,810012671,naive,0.571436264958705,0.0390257356984179,1,0,1,""
10,671,710006671,910012671,strict,0.553746501673878,0.0425053818714614,1,0,1,""
10,672,710006672,810012672,naive,0.641638960193076,0.0351949937556137,1,1,1,""
10,672,710006672,910012672,strict,0.637679674291579,0.0362632965547347,1,1,1,""
10,673,710006673,810012673,naive,0.576565818542765,0.032775918194793,1,1,1,""
10,673,710006673,910012673,strict,0.547129949064277,0.0399744277952826,1,0,1,""
10,674,710006674,810012674,naive,0.593784988505502,0.0364863077812135,1,1,1,""
10,674,710006674,910012674,strict,0.605283933593555,0.0463268528790503,1,1,1,""
10,675,710006675,810012675,naive,0.588865633489118,0.0357753048207775,1,1,1,""
10,675,710006675,910012675,strict,0.586193376578307,0.0413570679239452,1,1,1,""
10,676,710006676,810012676,naive,0.624034771644977,0.0347570517794511,1,1,1,""
10,676,710006676,910012676,strict,0.596541921283371,0.0385423732936711,1,1,1,""
10,677,710006677,810012677,naive,0.554768382939422,0.0420490716143373,1,0,1,""
10,677,710006677,910012677,strict,0.569291554554886,0.0444283751284263,1,0,1,""
10,678,710006678,810012678,naive,0.643213002036772,0.0322171051252508,1,1,1,""
10,678,710006678,910012678,strict,0.633286086295685,0.0378167599117592,1,1,1,""
10,679,710006679,810012679,naive,0.684709955618059,0.0277021200502914,0,1,1,""
10,679,710006679,910012679,strict,0.676565548283141,0.0313326025482476,0,1,1,""
10,680,710006680,810012680,naive,0.632336557027857,0.0334407199231519,1,1,1,""
10,680,710006680,910012680,strict,0.616914279623851,0.033272272513307,1,1,1,""
10,681,710006681,810012681,naive,0.581253126713575,0.0330927361950913,1,1,1,""
10,681,710006681,910012681,strict,0.595701286431079,0.0346083385454061,1,1,1,""
10,682,710006682,810012682,naive,0.573651935251793,0.0387036733087188,1,0,1,""
10,682,710006682,910012682,strict,0.57253013702241,0.0484694401564888,1,0,1,""
10,683,710006683,810012683,naive,0.679457804096792,0.0375244936541388,1,1,1,""
10,683,710006683,910012683,strict,0.690020579945225,0.0404949610091424,1,1,1,""
10,684,710006684,810012684,naive,0.571305169676404,0.0365120452750257,1,0,1,""
10,684,710006684,910012684,strict,0.55000855065052,0.0383250550924863,1,0,1,""
10,685,710006685,810012685,naive,0.650264851080996,0.0350852280019788,1,1,1,""
10,685,710006685,910012685,strict,0.646807381449478,0.0360707894626401,1,1,1,""
10,686,710006686,810012686,naive,0.618408632881141,0.0390382217737334,1,1,1,""
10,686,710006686,910012686,strict,0.629475255377108,0.0383517018130268,1,1,1,""
10,687,710006687,810012687,naive,0.607715213993946,0.0401081497629198,1,1,1,""
10,687,710006687,910012687,strict,0.615688726438752,0.0434341011309626,1,1,1,""
10,688,710006688,810012688,naive,0.695442223603771,0.030842121812056,0,1,1,""
10,688,710006688,910012688,strict,0.685411520565943,0.0367447588000368,0,1,1,""
10,689,710006689,810012689,naive,0.651504410476811,0.0350887434177743,1,1,1,""
10,689,710006689,910012689,strict,0.654610459046186,0.0356120457703735,1,1,1,""
10,690,710006690,810012690,naive,0.615794519699197,0.0348943753231831,1,1,1,""
10,690,710006690,910012690,strict,0.612460680327755,0.0376351572128208,1,1,1,""
10,691,710006691,810012691,naive,0.542850844768396,0.0350671203693944,0,0,1,""
10,691,710006691,910012691,strict,0.562908679807393,0.0351163174246092,1,0,1,""
10,692,710006692,810012692,naive,0.603269140380103,0.0359493957031395,1,1,1,""
10,692,710006692,910012692,strict,0.610948356776377,0.0463291290156024,1,1,1,""
10,693,710006693,810012693,naive,0.576486145161096,0.0344716147809101,1,1,1,""
10,693,710006693,910012693,strict,0.587091405727227,0.0367414952753909,1,1,1,""
10,694,710006694,810012694,naive,0.629759736469105,0.0348025820543272,1,1,1,""
10,694,710006694,910012694,strict,0.622197656912709,0.0356564390833894,1,1,1,""
10,695,710006695,810012695,naive,0.559675764072089,0.0402665033623599,1,0,1,""
10,695,710006695,910012695,strict,0.577452339037818,0.0495892630278348,1,0,1,""
10,696,710006696,810012696,naive,0.542203949017688,0.0376020840765731,1,0,1,""
10,696,710006696,910012696,strict,0.515268503870568,0.0445694914289539,0,0,1,""
10,697,710006697,810012697,naive,0.620239863666272,0.0358483809966201,1,1,1,""
10,697,710006697,910012697,strict,0.612932115132421,0.040774655979051,1,1,1,""
10,698,710006698,810012698,naive,0.58883602791438,0.0414661205752796,1,1,1,""
10,698,710006698,910012698,strict,0.611487393676908,0.0401289342049789,1,1,1,""
10,699,710006699,810012699,naive,0.611558933834649,0.0352636930205563,1,1,1,""
10,699,710006699,910012699,strict,0.590228223312771,0.0305340690121727,1,1,1,""
10,700,710006700,810012700,naive,0.589842304498121,0.0398077870647145,1,1,1,""
10,700,710006700,910012700,strict,0.599131214658056,0.0455243958061048,1,1,1,""
10,701,710006701,810012701,naive,0.6043386918178,0.0330381353966246,1,1,1,""
10,701,710006701,910012701,strict,0.60156657689345,0.0332770526620867,1,1,1,""
10,702,710006702,810012702,naive,0.650060729917726,0.0309099926908508,1,1,1,""
10,702,710006702,910012702,strict,0.646386799144071,0.035424968604922,1,1,1,""
10,703,710006703,810012703,naive,0.616371104886852,0.0347018866788296,1,1,1,""
10,703,710006703,910012703,strict,0.632700073683021,0.0411300011428717,1,1,1,""
10,704,710006704,810012704,naive,0.615286295698324,0.0361056951862036,1,1,1,""
10,704,710006704,910012704,strict,0.612077593723464,0.0362933523046223,1,1,1,""
10,705,710006705,810012705,naive,0.54353997245452,0.0335134513324948,0,0,1,""
10,705,710006705,910012705,strict,0.546159354675564,0.0395703505419552,1,0,1,""
10,706,710006706,810012706,naive,0.636720275936499,0.0354009989597819,1,1,1,""
10,706,710006706,910012706,strict,0.645944775257016,0.0357574861251485,1,1,1,""
10,707,710006707,810012707,naive,0.621015498745565,0.0304791061346591,1,1,1,""
10,707,710006707,910012707,strict,0.616552310893904,0.0324679763783379,1,1,1,""
10,708,710006708,810012708,naive,0.662036617595181,0.0267295817918511,1,1,1,""
10,708,710006708,910012708,strict,0.650175767626118,0.033570963878566,1,1,1,""
10,709,710006709,810012709,naive,0.601672516208544,0.0393920162351251,1,1,1,""
10,709,710006709,910012709,strict,0.605737369937425,0.0363913056827275,1,1,1,""
10,710,710006710,810012710,naive,0.652335055413788,0.0385173649230385,1,1,1,""
10,710,710006710,910012710,strict,0.666686393915619,0.0335694592645365,1,1,1,""
10,711,710006711,810012711,naive,0.588489437190494,0.0367776778878003,1,1,1,""
10,711,710006711,910012711,strict,0.576610346370641,0.0328382987994659,1,1,1,""
10,712,710006712,810012712,naive,0.67343071125698,0.0328708945789522,1,1,1,""
10,712,710006712,910012712,strict,0.679648471509263,0.0340985505676214,1,1,1,""
10,713,710006713,810012713,naive,0.557382588995877,0.0340553836264407,1,0,1,""
10,713,710006713,910012713,strict,0.559288537702451,0.0413439912230776,1,0,1,""
10,714,710006714,810012714,naive,0.586198790560964,0.033173587254168,1,1,1,""
10,714,710006714,910012714,strict,0.570708353625978,0.0360343850777404,1,1,1,""
10,715,710006715,810012715,naive,0.589381793381577,0.0362134766156248,1,1,1,""
10,715,710006715,910012715,strict,0.582761070674135,0.0448325726730939,1,0,1,""
10,716,710006716,810012716,naive,0.607631277976113,0.0349329925063983,1,1,1,""
10,716,710006716,910012716,strict,0.604567623849976,0.0347037795706117,1,1,1,""
10,717,710006717,810012717,naive,0.651599938930005,0.0364900587007641,1,1,1,""
10,717,710006717,910012717,strict,0.637704255765289,0.0396732098058626,1,1,1,""
10,718,710006718,810012718,naive,0.574952569445523,0.0309822865001554,1,1,1,""
10,718,710006718,910012718,strict,0.556501302526447,0.0406193609694869,1,0,1,""
10,719,710006719,810012719,naive,0.661801956229,0.0318328177525637,1,1,1,""
10,719,710006719,910012719,strict,0.68038386288954,0.0316935050948054,0,1,1,""
10,720,710006720,810012720,naive,0.626363110926315,0.0304108633609235,1,1,1,""
10,720,710006720,910012720,strict,0.633808557877171,0.034056785843162,1,1,1,""
10,721,710006721,810012721,naive,0.640895144713349,0.0353365959193929,1,1,1,""
10,721,710006721,910012721,strict,0.624167072945923,0.0372572122628335,1,1,1,""
10,722,710006722,810012722,naive,0.653841668728632,0.0356886971303583,1,1,1,""
10,722,710006722,910012722,strict,0.640894409556088,0.0368356568327483,1,1,1,""
10,723,710006723,810012723,naive,0.673337164627914,0.0377258086133851,1,1,1,""
10,723,710006723,910012723,strict,0.687342769962167,0.0405051794382083,1,1,1,""
10,724,710006724,810012724,naive,0.582252181114841,0.036992533500464,1,1,1,""
10,724,710006724,910012724,strict,0.572651429165821,0.0461441554776559,1,0,1,""
10,725,710006725,810012725,naive,0.603768660998178,0.0313197668490004,1,1,1,""
10,725,710006725,910012725,strict,0.604954041331926,0.032582145332065,1,1,1,""
10,726,710006726,810012726,naive,0.629093415214231,0.0373878963709535,1,1,1,""
10,726,710006726,910012726,strict,0.603605170220467,0.0357272849152132,1,1,1,""
10,727,710006727,810012727,naive,0.637153193465978,0.0411463788195785,1,1,1,""
10,727,710006727,910012727,strict,0.627092573980452,0.0373023269815121,1,1,1,""
10,728,710006728,810012728,naive,0.655886328339264,0.0342598172963761,1,1,1,""
10,728,710006728,910012728,strict,0.663893705968919,0.0431691728138919,1,1,1,""
10,729,710006729,810012729,naive,0.599254629072763,0.0379485322140978,1,1,1,""
10,729,710006729,910012729,strict,0.591320755376916,0.0406707159769656,1,1,1,""
10,730,710006730,810012730,naive,0.619812098321569,0.0230460546167575,1,1,1,""
10,730,710006730,910012730,strict,0.62979854577931,0.0278857660203926,1,1,1,""
10,731,710006731,810012731,naive,0.617720098883408,0.0361576091261392,1,1,1,""
10,731,710006731,910012731,strict,0.604759601243072,0.0346366752884607,1,1,1,""
10,732,710006732,810012732,naive,0.622600292519956,0.032144596718794,1,1,1,""
10,732,710006732,910012732,strict,0.630872975017179,0.0368114625278661,1,1,1,""
10,733,710006733,810012733,naive,0.679155711389801,0.0386699516944837,1,1,1,""
10,733,710006733,910012733,strict,0.667967228427147,0.0338529060973282,1,1,1,""
10,734,710006734,810012734,naive,0.593956536827838,0.0328186388591587,1,1,1,""
10,734,710006734,910012734,strict,0.581806281039131,0.0350604571309035,1,1,1,""
10,735,710006735,810012735,naive,0.568801495064396,0.0352977459641724,1,0,1,""
10,735,710006735,910012735,strict,0.577400378693062,0.0372757559752998,1,1,1,""
10,736,710006736,810012736,naive,0.631643707065106,0.0414091736443602,1,1,1,""
10,736,710006736,910012736,strict,0.623634932091702,0.0426355404179857,1,1,1,""
10,737,710006737,810012737,naive,0.621061084643602,0.0374639608028239,1,1,1,""
10,737,710006737,910012737,strict,0.625003340280049,0.0387050510009978,1,1,1,""
10,738,710006738,810012738,naive,0.645393572775969,0.0351178266903513,1,1,1,""
10,738,710006738,910012738,strict,0.642560036345372,0.0394573699732227,1,1,1,""
10,739,710006739,810012739,naive,0.554056225349072,0.0406521381319577,1,0,1,""
10,739,710006739,910012739,strict,0.558602050962142,0.0381585763793639,1,0,1,""
10,740,710006740,810012740,naive,0.561597525310459,0.0376214599028851,1,0,1,""
10,740,710006740,910012740,strict,0.564573706441742,0.0416399194728003,1,0,1,""
10,741,710006741,810012741,naive,0.616491379212111,0.0344379153221802,1,1,1,""
10,741,710006741,910012741,strict,0.647991606264196,0.0404617766608068,1,1,1,""
10,742,710006742,810012742,naive,0.642681272428895,0.0270741444691859,1,1,1,""
10,742,710006742,910012742,strict,0.646317631434165,0.0315864689756803,1,1,1,""
10,743,710006743,810012743,naive,0.535112088404754,0.0397634562687646,1,0,1,""
10,743,710006743,910012743,strict,0.53784920597672,0.035128100708749,0,0,1,""
10,744,710006744,810012744,naive,0.667964604540709,0.0355391293340351,1,1,1,""
10,744,710006744,910012744,strict,0.670073718279944,0.0386577512372338,1,1,1,""
10,745,710006745,810012745,naive,0.65918219280331,0.0354919967694953,1,1,1,""
10,745,710006745,910012745,strict,0.632180218587766,0.0381943143599675,1,1,1,""
10,746,710006746,810012746,naive,0.556820046026517,0.0335352375562322,1,0,1,""
10,746,710006746,910012746,strict,0.557646527106091,0.0359621778185647,1,0,1,""
10,747,710006747,810012747,naive,0.607580914240408,0.032381148765406,1,1,1,""
10,747,710006747,910012747,strict,0.623800904400692,0.0379940908033694,1,1,1,""
10,748,710006748,810012748,naive,0.609178014054389,0.0379339759567793,1,1,1,""
10,748,710006748,910012748,strict,0.613439355830738,0.0400713675109505,1,1,1,""
10,749,710006749,810012749,naive,0.632774045371231,0.036017157097661,1,1,1,""
10,749,710006749,910012749,strict,0.61943346538789,0.0339170965272079,1,1,1,""
10,750,710006750,810012750,naive,0.621123549415301,0.0412549200663928,1,1,1,""
10,750,710006750,910012750,strict,0.638709359666341,0.0409749178970996,1,1,1,""
10,751,710006751,810012751,naive,0.593126606763869,0.0403261106938062,1,1,1,""
10,751,710006751,910012751,strict,0.599373603935063,0.0444410193539395,1,1,1,""
10,752,710006752,810012752,naive,0.569201090486421,0.035717299364919,1,0,1,""
10,752,710006752,910012752,strict,0.542801900047821,0.036553222302185,1,0,1,""
10,753,710006753,810012753,naive,0.613845881791164,0.0336941115163267,1,1,1,""
10,753,710006753,910012753,strict,0.604086848469737,0.0340753189290628,1,1,1,""
10,754,710006754,810012754,naive,0.642863669682472,0.0319088291876072,1,1,1,""
10,754,710006754,910012754,strict,0.653235048218838,0.0333195340249699,1,1,1,""
10,755,710006755,810012755,naive,0.619345387328208,0.0327171557198201,1,1,1,""
10,755,710006755,910012755,strict,0.626285605264147,0.0391558964787586,1,1,1,""
10,756,710006756,810012756,naive,0.56643955328563,0.0459043707984698,1,0,1,""
10,756,710006756,910012756,strict,0.557861321759834,0.0465294284540534,1,0,1,""
10,757,710006757,810012757,naive,0.529025383029926,0.0398958958149609,0,0,1,""
10,757,710006757,910012757,strict,0.539999153682333,0.0443520086496077,1,0,1,""
10,758,710006758,810012758,naive,0.615815691450859,0.0323216163827838,1,1,1,""
10,758,710006758,910012758,strict,0.612273137773986,0.0327662498179458,1,1,1,""
10,759,710006759,810012759,naive,0.629058023530615,0.0391629102868807,1,1,1,""
10,759,710006759,910012759,strict,0.630980439911925,0.0340142017074462,1,1,1,""
10,760,710006760,810012760,naive,0.588614445937013,0.0411567974504346,1,1,1,""
10,760,710006760,910012760,strict,0.600029737769368,0.0417940472094057,1,1,1,""
10,761,710006761,810012761,naive,0.617878953657556,0.0303889438321876,1,1,1,""
10,761,710006761,910012761,strict,0.61017790812288,0.0334003661467731,1,1,1,""
10,762,710006762,810012762,naive,0.584701375871289,0.0349699147238957,1,1,1,""
10,762,710006762,910012762,strict,0.592332696388912,0.0368730886113255,1,1,1,""
10,763,710006763,810012763,naive,0.610670724925974,0.0387583595509153,1,1,1,""
10,763,710006763,910012763,strict,0.603358381761687,0.0376453193082983,1,1,1,""
10,764,710006764,810012764,naive,0.603836983815847,0.0390265092054816,1,1,1,""
10,764,710006764,910012764,strict,0.592987534641815,0.042854380195379,1,1,1,""
10,765,710006765,810012765,naive,0.585782640466165,0.038649314483412,1,1,1,""
10,765,710006765,910012765,strict,0.535343610534411,0.0439994030282334,1,0,1,""
10,766,710006766,810012766,naive,0.625233629460455,0.0372152218459125,1,1,1,""
10,766,710006766,910012766,strict,0.616870710623218,0.0363538039500446,1,1,1,""
10,767,710006767,810012767,naive,0.583118877254992,0.0330833133456742,1,1,1,""
10,767,710006767,910012767,strict,0.59439563683701,0.0370844592615675,1,1,1,""
10,768,710006768,810012768,naive,0.638901246480975,0.0384899717553968,1,1,1,""
10,768,710006768,910012768,strict,0.63883537474536,0.0410295604650022,1,1,1,""
10,769,710006769,810012769,naive,0.613238842380446,0.0382655232566417,1,1,1,""
10,769,710006769,910012769,strict,0.617991910737,0.0401773916562223,1,1,1,""
10,770,710006770,810012770,naive,0.588901310910662,0.0362556791009906,1,1,1,""
10,770,710006770,910012770,strict,0.580912213300525,0.0369048231100153,1,1,1,""
10,771,710006771,810012771,naive,0.566242968097999,0.0347627961230797,1,0,1,""
10,771,710006771,910012771,strict,0.560767400116939,0.0447183810123924,1,0,1,""
10,772,710006772,810012772,naive,0.674456643256063,0.0357127752368812,1,1,1,""
10,772,710006772,910012772,strict,0.668001248241547,0.0424421751490793,1,1,1,""
10,773,710006773,810012773,naive,0.653610151202406,0.0332592830270099,1,1,1,""
10,773,710006773,910012773,strict,0.671988193182696,0.0384965894238345,1,1,1,""
10,774,710006774,810012774,naive,0.642812291322754,0.0300903864348106,1,1,1,""
10,774,710006774,910012774,strict,0.653903831053742,0.0348875812141183,1,1,1,""
10,775,710006775,810012775,naive,0.652350809861989,0.0352955056312761,1,1,1,""
10,775,710006775,910012775,strict,0.630317253194384,0.0424683452821005,1,1,1,""
10,776,710006776,810012776,naive,0.636525811046907,0.0305825543495932,1,1,1,""
10,776,710006776,910012776,strict,0.645689930437536,0.0331230405504504,1,1,1,""
10,777,710006777,810012777,naive,0.671998928721503,0.0301966242755889,1,1,1,""
10,777,710006777,910012777,strict,0.665805937423453,0.0354041743978601,1,1,1,""
10,778,710006778,810012778,naive,0.62387019670202,0.0388129963272712,1,1,1,""
10,778,710006778,910012778,strict,0.63511331624146,0.036730682792815,1,1,1,""
10,779,710006779,810012779,naive,0.64354408586225,0.0378007091767217,1,1,1,""
10,779,710006779,910012779,strict,0.658904101691034,0.0389490331895875,1,1,1,""
10,780,710006780,810012780,naive,0.630244245364581,0.0325086673569159,1,1,1,""
10,780,710006780,910012780,strict,0.601103103287829,0.0381745201924811,1,1,1,""
10,781,710006781,810012781,naive,0.687417224750404,0.0356273258379757,0,1,1,""
10,781,710006781,910012781,strict,0.68926938737833,0.0342352602071328,0,1,1,""
10,782,710006782,810012782,naive,0.621069482368202,0.0353487564517956,1,1,1,""
10,782,710006782,910012782,strict,0.631305180653225,0.0376387614266795,1,1,1,""
10,783,710006783,810012783,naive,0.590551211599893,0.0350677513381637,1,1,1,""
10,783,710006783,910012783,strict,0.596502780447693,0.0365752321098735,1,1,1,""
10,784,710006784,810012784,naive,0.583194140195953,0.0382940285047032,1,1,1,""
10,784,710006784,910012784,strict,0.566653881800154,0.0384346834683293,1,0,1,""
10,785,710006785,810012785,naive,0.597392501527734,0.0361578427164587,1,1,1,""
10,785,710006785,910012785,strict,0.582491908580818,0.0355511546196152,1,1,1,""
10,786,710006786,810012786,naive,0.625991304631434,0.0337914738298495,1,1,1,""
10,786,710006786,910012786,strict,0.622196874762694,0.0371021489246436,1,1,1,""
10,787,710006787,810012787,naive,0.552790167997385,0.0325701760317363,1,0,1,""
10,787,710006787,910012787,strict,0.548319768930756,0.0422724268069679,1,0,1,""
10,788,710006788,810012788,naive,0.636521210457666,0.0393937911837571,1,1,1,""
10,788,710006788,910012788,strict,0.619866688953893,0.0424760125379774,1,1,1,""
10,789,710006789,810012789,naive,0.557685082804315,0.0306212038813255,1,0,1,""
10,789,710006789,910012789,strict,0.55968973821584,0.0334993034087169,1,0,1,""
10,790,710006790,810012790,naive,0.603958461318001,0.0354274481668789,1,1,1,""
10,790,710006790,910012790,strict,0.630275424213321,0.0407850960880507,1,1,1,""
10,791,710006791,810012791,naive,0.605774638840782,0.0309765372779568,1,1,1,""
10,791,710006791,910012791,strict,0.585045021980991,0.035646801981525,1,1,1,""
10,792,710006792,810012792,naive,0.659935162793197,0.0377194855540115,1,1,1,""
10,792,710006792,910012792,strict,0.656365293952142,0.0401721520010771,1,1,1,""
10,793,710006793,810012793,naive,0.590850306078909,0.0394477656054238,1,1,1,""
10,793,710006793,910012793,strict,0.60293560547014,0.0440635227364742,1,1,1,""
10,794,710006794,810012794,naive,0.646535459337585,0.0327682230850412,1,1,1,""
10,794,710006794,910012794,strict,0.649009795704875,0.0380841512537913,1,1,1,""
10,795,710006795,810012795,naive,0.574938814712005,0.0350766816569007,1,1,1,""
10,795,710006795,910012795,strict,0.572901210462942,0.0378718281384478,1,0,1,""
10,796,710006796,810012796,naive,0.586891206485907,0.039208246785721,1,1,1,""
10,796,710006796,910012796,strict,0.597369337341389,0.0417675491532053,1,1,1,""
10,797,710006797,810012797,naive,0.616927074903787,0.0304315354214182,1,1,1,""
10,797,710006797,910012797,strict,0.618183774509416,0.0378394664804561,1,1,1,""
10,798,710006798,810012798,naive,0.638334804397248,0.0362290643761521,1,1,1,""
10,798,710006798,910012798,strict,0.641919282610069,0.0422041009930516,1,1,1,""
10,799,710006799,810012799,naive,0.607108833300342,0.0317024510985742,1,1,1,""
10,799,710006799,910012799,strict,0.598678553674484,0.0344396503231759,1,1,1,""
10,800,710006800,810012800,naive,0.614655509495547,0.0392826224228628,1,1,1,""
10,800,710006800,910012800,strict,0.631785028902357,0.0398494414480124,1,1,1,""
10,801,710006801,810012801,naive,0.614332611416878,0.0292968240819654,1,1,1,""
10,801,710006801,910012801,strict,0.608386286744104,0.0328721272159694,1,1,1,""
10,802,710006802,810012802,naive,0.652627804228104,0.0317501203256704,1,1,1,""
10,802,710006802,910012802,strict,0.650079466291157,0.0365580536824196,1,1,1,""
10,803,710006803,810012803,naive,0.662368134099983,0.035407550927427,1,1,1,""
10,803,710006803,910012803,strict,0.643817697696098,0.0421464830145948,1,1,1,""
10,804,710006804,810012804,naive,0.64202288086139,0.0369409563622039,1,1,1,""
10,804,710006804,910012804,strict,0.612032339989251,0.037180434028764,1,1,1,""
10,805,710006805,810012805,naive,0.633996496944535,0.0388987227866214,1,1,1,""
10,805,710006805,910012805,strict,0.634947625193483,0.0432562710927998,1,1,1,""
10,806,710006806,810012806,naive,0.579936559160995,0.036178623450255,1,1,1,""
10,806,710006806,910012806,strict,0.578215082617644,0.0373211009046629,1,1,1,""
10,807,710006807,810012807,naive,0.576964510126375,0.0358733780943477,1,1,1,""
10,807,710006807,910012807,strict,0.575024129923762,0.0418465468099673,1,0,1,""
10,808,710006808,810012808,naive,0.620095609967593,0.0327408269937368,1,1,1,""
10,808,710006808,910012808,strict,0.611397982279618,0.0353011281686478,1,1,1,""
10,809,710006809,810012809,naive,0.676141219755786,0.0318842428036466,0,1,1,""
10,809,710006809,910012809,strict,0.686787408957444,0.0358534863306115,0,1,1,""
10,810,710006810,810012810,naive,0.591970764562676,0.0325618492353374,1,1,1,""
10,810,710006810,910012810,strict,0.584423437209594,0.0382584678144961,1,1,1,""
10,811,710006811,810012811,naive,0.56275401969642,0.0333270273211037,1,0,1,""
10,811,710006811,910012811,strict,0.557234815158029,0.0405112890332015,1,0,1,""
10,812,710006812,810012812,naive,0.643447345540113,0.0362508771555173,1,1,1,""
10,812,710006812,910012812,strict,0.656557058591796,0.0299989767955256,1,1,1,""
10,813,710006813,810012813,naive,0.60497820755908,0.0420056680348699,1,1,1,""
10,813,710006813,910012813,strict,0.604077438633582,0.0394326204833997,1,1,1,""
10,814,710006814,810012814,naive,0.587803808838989,0.0341808417676986,1,1,1,""
10,814,710006814,910012814,strict,0.589599430083398,0.0347231985966814,1,1,1,""
10,815,710006815,810012815,naive,0.600783375771842,0.0341570368480927,1,1,1,""
10,815,710006815,910012815,strict,0.59310151634405,0.0444833052410293,1,1,1,""
10,816,710006816,810012816,naive,0.686862015742928,0.0265227110105794,0,1,1,""
10,816,710006816,910012816,strict,0.698719242015152,0.0307301237106811,0,1,1,""
10,817,710006817,810012817,naive,0.632142832541865,0.0338290567406896,1,1,1,""
10,817,710006817,910012817,strict,0.646990521105415,0.0319275893826893,1,1,1,""
10,818,710006818,810012818,naive,0.594656392257922,0.039476215412376,1,1,1,""
10,818,710006818,910012818,strict,0.581216247953452,0.0427776351340602,1,0,1,""
10,819,710006819,810012819,naive,0.589011675196497,0.0466743276361819,1,0,1,""
10,819,710006819,910012819,strict,0.577349342665142,0.0385991518685215,1,1,1,""
10,820,710006820,810012820,naive,0.601855786511005,0.0308403812712218,1,1,1,""
10,820,710006820,910012820,strict,0.602027890232634,0.037719023004248,1,1,1,""
10,821,710006821,810012821,naive,0.606797678619907,0.0349015297151477,1,1,1,""
10,821,710006821,910012821,strict,0.590861845529896,0.0352258086909921,1,1,1,""
10,822,710006822,810012822,naive,0.638109312020393,0.0310395871606399,1,1,1,""
10,822,710006822,910012822,strict,0.647958809261427,0.0361842398932521,1,1,1,""
10,823,710006823,810012823,naive,0.628428503577877,0.0318189087863997,1,1,1,""
10,823,710006823,910012823,strict,0.620415600438817,0.035289413412867,1,1,1,""
10,824,710006824,810012824,naive,0.613939807636596,0.0349162949775894,1,1,1,""
10,824,710006824,910012824,strict,0.640262353204646,0.0368437836542227,1,1,1,""
10,825,710006825,810012825,naive,0.590801099379582,0.0386614055831974,1,1,1,""
10,825,710006825,910012825,strict,0.589581798964776,0.0335892836015259,1,1,1,""
10,826,710006826,810012826,naive,0.589749006019493,0.0371878986169551,1,1,1,""
10,826,710006826,910012826,strict,0.597730512542774,0.0371979388181445,1,1,1,""
10,827,710006827,810012827,naive,0.610919238339906,0.0324268310681086,1,1,1,""
10,827,710006827,910012827,strict,0.605378881425667,0.0393927994502918,1,1,1,""
10,828,710006828,810012828,naive,0.640114785570598,0.0330011930520656,1,1,1,""
10,828,710006828,910012828,strict,0.665257031964807,0.0378843139747034,1,1,1,""
10,829,710006829,810012829,naive,0.623820646306919,0.037382622651752,1,1,1,""
10,829,710006829,910012829,strict,0.625341789745729,0.0484365500209315,1,1,1,""
10,830,710006830,810012830,naive,0.593522960603269,0.0324700000418028,1,1,1,""
10,830,710006830,910012830,strict,0.587238435230831,0.0359086462684732,1,1,1,""
10,831,710006831,810012831,naive,0.536653295115022,0.0351291912157748,0,0,1,""
10,831,710006831,910012831,strict,0.533506018232393,0.0388527388922175,0,0,1,""
10,832,710006832,810012832,naive,0.582214678846901,0.0345928735402682,1,1,1,""
10,832,710006832,910012832,strict,0.584087215878968,0.0348235962672357,1,1,1,""
10,833,710006833,810012833,naive,0.543699346679074,0.0382695401149514,1,0,1,""
10,833,710006833,910012833,strict,0.568713542373173,0.036498244433217,1,0,1,""
10,834,710006834,810012834,naive,0.562394332403025,0.0326985801482254,1,0,1,""
10,834,710006834,910012834,strict,0.550698446629909,0.0328828209132217,1,0,1,""
10,835,710006835,810012835,naive,0.651217056400094,0.0318228744956351,1,1,1,""
10,835,710006835,910012835,strict,0.636032541216118,0.0320714998423336,1,1,1,""
10,836,710006836,810012836,naive,0.586109553579352,0.0346513670996038,1,1,1,""
10,836,710006836,910012836,strict,0.586805320449542,0.0332683340069613,1,1,1,""
10,837,710006837,810012837,naive,0.649654882052613,0.0348578254997599,1,1,1,""
10,837,710006837,910012837,strict,0.647488518855217,0.0349658345672507,1,1,1,""
10,838,710006838,810012838,naive,0.57557673947145,0.038101658862439,1,1,1,""
10,838,710006838,910012838,strict,0.573011048476754,0.0543987115297008,1,0,1,""
10,839,710006839,810012839,naive,0.600369994281548,0.042858922606152,1,1,1,""
10,839,710006839,910012839,strict,0.595723492031766,0.0413821432536077,1,1,1,""
10,840,710006840,810012840,naive,0.573500338635369,0.0397109233196381,1,0,1,""
10,840,710006840,910012840,strict,0.574344261698515,0.0353221173474277,1,1,1,""
10,841,710006841,810012841,naive,0.638213025551316,0.0317337822446158,1,1,1,""
10,841,710006841,910012841,strict,0.650456884901293,0.035701804124672,1,1,1,""
10,842,710006842,810012842,naive,0.559127125609525,0.0439269173892918,1,0,1,""
10,842,710006842,910012842,strict,0.538848144140442,0.0459308750487528,1,0,1,""
10,843,710006843,810012843,naive,0.641169036410011,0.0387479925359003,1,1,1,""
10,843,710006843,910012843,strict,0.655051763709519,0.0372576505826343,1,1,1,""
10,844,710006844,810012844,naive,0.589789352959366,0.0369006542186966,1,1,1,""
10,844,710006844,910012844,strict,0.600774404898195,0.0398894385155346,1,1,1,""
10,845,710006845,810012845,naive,0.621997627520328,0.0431298931312378,1,1,1,""
10,845,710006845,910012845,strict,0.625655605924096,0.0468300146510669,1,1,1,""
10,846,710006846,810012846,naive,0.672934160976349,0.0317833720917205,1,1,1,""
10,846,710006846,910012846,strict,0.654409937994579,0.0336658100746971,1,1,1,""
10,847,710006847,810012847,naive,0.657307815501522,0.0337148019780252,1,1,1,""
10,847,710006847,910012847,strict,0.662465507128017,0.0357944133505534,1,1,1,""
10,848,710006848,810012848,naive,0.626871222010059,0.0345067428792603,1,1,1,""
10,848,710006848,910012848,strict,0.639311767126663,0.0288637163157269,1,1,1,""
10,849,710006849,810012849,naive,0.545833596888,0.0308950263457193,0,0,1,""
10,849,710006849,910012849,strict,0.544482165591198,0.0323008892925531,0,0,1,""
10,850,710006850,810012850,naive,0.639899634631614,0.0373804968019909,1,1,1,""
10,850,710006850,910012850,strict,0.631842990810011,0.0340266373647784,1,1,1,""
10,851,710006851,810012851,naive,0.594150068160812,0.0391597303275482,1,1,1,""
10,851,710006851,910012851,strict,0.593847624027069,0.0404012000475509,1,1,1,""
10,852,710006852,810012852,naive,0.596238595076536,0.0370841482907293,1,1,1,""
10,852,710006852,910012852,strict,0.596838817012932,0.0431325851452655,1,1,1,""
10,853,710006853,810012853,naive,0.58439291585511,0.0436591910613534,1,0,1,""
10,853,710006853,910012853,strict,0.590447865434142,0.0432686679284924,1,1,1,""
10,854,710006854,810012854,naive,0.56495770866579,0.0351592798601825,1,0,1,""
10,854,710006854,910012854,strict,0.555456069262104,0.0404069225536493,1,0,1,""
10,855,710006855,810012855,naive,0.60783253774229,0.0345122310322368,1,1,1,""
10,855,710006855,910012855,strict,0.583131513049191,0.0369402189529314,1,1,1,""
10,856,710006856,810012856,naive,0.596006294837141,0.0312348446350409,1,1,1,""
10,856,710006856,910012856,strict,0.581890670940579,0.0345843027362605,1,1,1,""
10,857,710006857,810012857,naive,0.63066677787826,0.0337723556127056,1,1,1,""
10,857,710006857,910012857,strict,0.650503529750079,0.0341480624932079,1,1,1,""
10,858,710006858,810012858,naive,0.599136422339898,0.0429162084003617,1,1,1,""
10,858,710006858,910012858,strict,0.56510148313097,0.0465434043368934,1,0,1,""
10,859,710006859,810012859,naive,0.622785552102674,0.0363880259059643,1,1,1,""
10,859,710006859,910012859,strict,0.617335446142158,0.0329024586830562,1,1,1,""
10,860,710006860,810012860,naive,0.655585356379273,0.0337848351217585,1,1,1,""
10,860,710006860,910012860,strict,0.632578487365087,0.0354025806305486,1,1,1,""
10,861,710006861,810012861,naive,0.646391486416295,0.0293196052776522,1,1,1,""
10,861,710006861,910012861,strict,0.637958520599498,0.0333667808581297,1,1,1,""
10,862,710006862,810012862,naive,0.61038941241049,0.0377127429247451,1,1,1,""
10,862,710006862,910012862,strict,0.612533457040165,0.0438935597970855,1,1,1,""
10,863,710006863,810012863,naive,0.565613224008533,0.0360295600563372,1,0,1,""
10,863,710006863,910012863,strict,0.552361791335349,0.0400403875441565,1,0,1,""
10,864,710006864,810012864,naive,0.651853821952945,0.0280857671010276,1,1,1,""
10,864,710006864,910012864,strict,0.659761145085047,0.025722208916119,1,1,1,""
10,865,710006865,810012865,naive,0.565710556599636,0.0330364391576447,1,1,1,""
10,865,710006865,910012865,strict,0.563209362571505,0.0390672097948417,1,0,1,""
10,866,710006866,810012866,naive,0.591081602333665,0.0372555836485415,1,1,1,""
10,866,710006866,910012866,strict,0.614740079336178,0.0321605751655323,1,1,1,""
10,867,710006867,810012867,naive,0.616849558024734,0.0361382322214372,1,1,1,""
10,867,710006867,910012867,strict,0.620378405080414,0.0352397282439931,1,1,1,""
10,868,710006868,810012868,naive,0.670816425270988,0.041715964499934,1,1,1,""
10,868,710006868,910012868,strict,0.659068947573583,0.0459495639076044,1,1,1,""
10,869,710006869,810012869,naive,0.624766452340773,0.0411618535179169,1,1,1,""
10,869,710006869,910012869,strict,0.612671805756137,0.0420033231778876,1,1,1,""
10,870,710006870,810012870,naive,0.593910332009957,0.0309809260755215,1,1,1,""
10,870,710006870,910012870,strict,0.601404674027575,0.030224445492199,1,1,1,""
10,871,710006871,810012871,naive,0.585990459634788,0.0366776433881921,1,1,1,""
10,871,710006871,910012871,strict,0.593835263330558,0.0427867399415149,1,1,1,""
10,872,710006872,810012872,naive,0.612726645071714,0.0374863256992776,1,1,1,""
10,872,710006872,910012872,strict,0.591542214751682,0.0382397672341569,1,1,1,""
10,873,710006873,810012873,naive,0.590158604953977,0.0326378520984411,1,1,1,""
10,873,710006873,910012873,strict,0.568981703969611,0.0421923966787653,1,0,1,""
10,874,710006874,810012874,naive,0.596066471884063,0.0441310324571055,1,1,1,""
10,874,710006874,910012874,strict,0.607359179994596,0.0450452857524506,1,1,1,""
10,875,710006875,810012875,naive,0.557574083332012,0.0366941584121397,1,0,1,""
10,875,710006875,910012875,strict,0.575447971652204,0.0360109623415707,1,1,1,""
10,876,710006876,810012876,naive,0.568167503415481,0.0307924843985744,1,1,1,""
10,876,710006876,910012876,strict,0.578282600389516,0.0367396388943873,1,1,1,""
10,877,710006877,810012877,naive,0.62628490978586,0.0348890542775829,1,1,1,""
10,877,710006877,910012877,strict,0.651074617540743,0.0342845460098008,1,1,1,""
10,878,710006878,810012878,naive,0.578187819627906,0.0399255114982243,1,0,1,""
10,878,710006878,910012878,strict,0.575566620544498,0.0412914067537008,1,0,1,""
10,879,710006879,810012879,naive,0.614231271942019,0.0418066380579792,1,1,1,""
10,879,710006879,910012879,strict,0.628967270647864,0.0474782141269228,1,1,1,""
10,880,710006880,810012880,naive,0.602542260769867,0.0347346870701297,1,1,1,""
10,880,710006880,910012880,strict,0.583646174182089,0.0378844361435824,1,1,1,""
10,881,710006881,810012881,naive,0.624500659407045,0.039825556898954,1,1,1,""
10,881,710006881,910012881,strict,0.633003796657197,0.0457848344878976,1,1,1,""
10,882,710006882,810012882,naive,0.573696413489615,0.0376941212547061,1,0,1,""
10,882,710006882,910012882,strict,0.590535940080401,0.0363625805900092,1,1,1,""
10,883,710006883,810012883,naive,0.538012256384867,0.0384852062469938,1,0,1,""
10,883,710006883,910012883,strict,0.533594008234018,0.0440641019040621,1,0,1,""
10,884,710006884,810012884,naive,0.679195291633162,0.0361498315844802,1,1,1,""
10,884,710006884,910012884,strict,0.677888916210605,0.0374163993411422,1,1,1,""
10,885,710006885,810012885,naive,0.549361106267201,0.0394251265510565,1,0,1,""
10,885,710006885,910012885,strict,0.547656548897477,0.0413022004561914,1,0,1,""
10,886,710006886,810012886,naive,0.651511007334802,0.0293839017510596,1,1,1,""
10,886,710006886,910012886,strict,0.65247437724379,0.0364404868789061,1,1,1,""
10,887,710006887,810012887,naive,0.655658559885281,0.0349300065210072,1,1,1,""
10,887,710006887,910012887,strict,0.673625983893218,0.0338969647861114,1,1,1,""
10,888,710006888,810012888,naive,0.587226843464537,0.0351090040941914,1,1,1,""
10,888,710006888,910012888,strict,0.57487036909598,0.0349496394348799,1,1,1,""
10,889,710006889,810012889,naive,0.600698203495761,0.0354652329917203,1,1,1,""
10,889,710006889,910012889,strict,0.603326108758902,0.0370505299378337,1,1,1,""
10,890,710006890,810012890,naive,0.594953055617608,0.0372916576351185,1,1,1,""
10,890,710006890,910012890,strict,0.594516727618743,0.0371375031789536,1,1,1,""
10,891,710006891,810012891,naive,0.569511661464342,0.035168538622126,1,1,1,""
10,891,710006891,910012891,strict,0.578649568759196,0.0361589638387813,1,1,1,""
10,892,710006892,810012892,naive,0.556495344472684,0.0326277675519938,1,0,1,""
10,892,710006892,910012892,strict,0.541780048668259,0.0361435971933472,0,0,1,""
10,893,710006893,810012893,naive,0.679387999620777,0.0359496999587805,1,1,1,""
10,893,710006893,910012893,strict,0.67619329099771,0.0362945176532714,1,1,1,""
10,894,710006894,810012894,naive,0.62873122665453,0.035329206632946,1,1,1,""
10,894,710006894,910012894,strict,0.610837958291736,0.0324160495448381,1,1,1,""
10,895,710006895,810012895,naive,0.559855382577347,0.0382375779312432,1,0,1,""
10,895,710006895,910012895,strict,0.578472732022704,0.0343182929946926,1,1,1,""
10,896,710006896,810012896,naive,0.62102209916889,0.0369602568144272,1,1,1,""
10,896,710006896,910012896,strict,0.602059134043036,0.0370152247224877,1,1,1,""
10,897,710006897,810012897,naive,0.589397484981204,0.0353861850882336,1,1,1,""
10,897,710006897,910012897,strict,0.593974611146177,0.0292402760340232,1,1,1,""
10,898,710006898,810012898,naive,0.626716457846957,0.0291605721327454,1,1,1,""
10,898,710006898,910012898,strict,0.633779640960368,0.0344994897589731,1,1,1,""
10,899,710006899,810012899,naive,0.652362768481747,0.0380869158730391,1,1,1,""
10,899,710006899,910012899,strict,0.660077600119584,0.0392996302355028,1,1,1,""
10,900,710006900,810012900,naive,0.609021757918888,0.0342217843072066,1,1,1,""
10,900,710006900,910012900,strict,0.623136400883391,0.0357875007098894,1,1,1,""
10,901,710006901,810012901,naive,0.581024394907298,0.035432720530669,1,1,1,""
10,901,710006901,910012901,strict,0.601155282576178,0.0372074884625116,1,1,1,""
10,902,710006902,810012902,naive,0.578579728566927,0.0367544740917087,1,1,1,""
10,902,710006902,910012902,strict,0.562204004488573,0.0362509920153789,1,0,1,""
10,903,710006903,810012903,naive,0.628846423818691,0.038183842742217,1,1,1,""
10,903,710006903,910012903,strict,0.626575560174694,0.0358119689607455,1,1,1,""
10,904,710006904,810012904,naive,0.618745557381047,0.0322416207794419,1,1,1,""
10,904,710006904,910012904,strict,0.623053615959573,0.0403087171624299,1,1,1,""
10,905,710006905,810012905,naive,0.656146874810019,0.0293777391966155,1,1,1,""
10,905,710006905,910012905,strict,0.656141166022752,0.0375846063539053,1,1,1,""
10,906,710006906,810012906,naive,0.598856784722951,0.0345950081711247,1,1,1,""
10,906,710006906,910012906,strict,0.62213676477136,0.035825993315397,1,1,1,""
10,907,710006907,810012907,naive,0.620360161290422,0.0299885826580519,1,1,1,""
10,907,710006907,910012907,strict,0.612601508843869,0.0348477777343611,1,1,1,""
10,908,710006908,810012908,naive,0.680098012065243,0.0343507991902878,1,1,1,""
10,908,710006908,910012908,strict,0.661283611510981,0.0351023957686622,1,1,1,""
10,909,710006909,810012909,naive,0.572998912331123,0.0335427158176114,1,1,1,""
10,909,710006909,910012909,strict,0.565573994721732,0.0340911388365159,1,0,1,""
10,910,710006910,810012910,naive,0.583740505041591,0.0322884184348679,1,1,1,""
10,910,710006910,910012910,strict,0.583647600929959,0.034242650694046,1,1,1,""
10,911,710006911,810012911,naive,0.603032784130114,0.0358714626345464,1,1,1,""
10,911,710006911,910012911,strict,0.606723194602073,0.0447328080102252,1,1,1,""
10,912,710006912,810012912,naive,0.623157873146993,0.0353401717524449,1,1,1,""
10,912,710006912,910012912,strict,0.602198443491634,0.0392362565346116,1,1,1,""
10,913,710006913,810012913,naive,0.665729762891259,0.0301775058461139,1,1,1,""
10,913,710006913,910012913,strict,0.657100958217427,0.0340790078450996,1,1,1,""
10,914,710006914,810012914,naive,0.6794661610188,0.0347823642843037,1,1,1,""
10,914,710006914,910012914,strict,0.683038784762778,0.0393175782814278,1,1,1,""
10,915,710006915,810012915,naive,0.546158618354013,0.0405740067014468,1,0,1,""
10,915,710006915,910012915,strict,0.547237216648529,0.0400953930592214,1,0,1,""
10,916,710006916,810012916,naive,0.568558642724583,0.0315077652680485,1,1,1,""
10,916,710006916,910012916,strict,0.564666856270379,0.031907317383468,1,1,1,""
10,917,710006917,810012917,naive,0.536896546057567,0.0390129498522899,1,0,1,""
10,917,710006917,910012917,strict,0.532448239098246,0.0418244047345025,1,0,1,""
10,918,710006918,810012918,naive,0.60308013785258,0.0372494820476775,1,1,1,""
10,918,710006918,910012918,strict,0.632644243830487,0.0373120100829346,1,1,1,""
10,919,710006919,810012919,naive,0.588060648209978,0.0311298853538815,1,1,1,""
10,919,710006919,910012919,strict,0.59280799318432,0.0330904012675869,1,1,1,""
10,920,710006920,810012920,naive,0.604923272737679,0.0351994484272807,1,1,1,""
10,920,710006920,910012920,strict,0.602009767533161,0.038683469524456,1,1,1,""
10,921,710006921,810012921,naive,0.601438113856834,0.0318784475722949,1,1,1,""
10,921,710006921,910012921,strict,0.607503172030105,0.0377300825241604,1,1,1,""
10,922,710006922,810012922,naive,0.685735612572465,0.0351694811401924,0,1,1,""
10,922,710006922,910012922,strict,0.661250003273487,0.0375401688960182,1,1,1,""
10,923,710006923,810012923,naive,0.555184456450033,0.0342635481766484,1,0,1,""
10,923,710006923,910012923,strict,0.562026629682217,0.0303277011430764,1,1,1,""
10,924,710006924,810012924,naive,0.583885615555644,0.0317497902630437,1,1,1,""
10,924,710006924,910012924,strict,0.601859027943234,0.0357880603509242,1,1,1,""
10,925,710006925,810012925,naive,0.623357087936802,0.0406582581300269,1,1,1,""
10,925,710006925,910012925,strict,0.628890691277209,0.0401233523543341,1,1,1,""
10,926,710006926,810012926,naive,0.586118625241717,0.032812562109328,1,1,1,""
10,926,710006926,910012926,strict,0.588624671909057,0.0391117430426346,1,1,1,""
10,927,710006927,810012927,naive,0.585331079040122,0.0386015148947155,1,1,1,""
10,927,710006927,910012927,strict,0.573611775027239,0.033018117127552,1,1,1,""
10,928,710006928,810012928,naive,0.650015499181752,0.0389951832554905,1,1,1,""
10,928,710006928,910012928,strict,0.657786554758715,0.0434098733348077,1,1,1,""
10,929,710006929,810012929,naive,0.614885643001855,0.0356817612868699,1,1,1,""
10,929,710006929,910012929,strict,0.617140831061814,0.0337640551166744,1,1,1,""
10,930,710006930,810012930,naive,0.600888442010798,0.0377818920877443,1,1,1,""
10,930,710006930,910012930,strict,0.610891095206572,0.0427718974033852,1,1,1,""
10,931,710006931,810012931,naive,0.616459147938649,0.0398350120472816,1,1,1,""
10,931,710006931,910012931,strict,0.597221338703311,0.0376053947721444,1,1,1,""
10,932,710006932,810012932,naive,0.634601455423354,0.035373055982449,1,1,1,""
10,932,710006932,910012932,strict,0.649029541521978,0.035452844572127,1,1,1,""
10,933,710006933,810012933,naive,0.57581311436176,0.0375215986489602,1,1,1,""
10,933,710006933,910012933,strict,0.561889442772093,0.0391017749862581,1,0,1,""
10,934,710006934,810012934,naive,0.582521976482199,0.0376444821445201,1,1,1,""
10,934,710006934,910012934,strict,0.571370836176646,0.0431824720707986,1,0,1,""
10,935,710006935,810012935,naive,0.671108085083499,0.0289283015047209,0,1,1,""
10,935,710006935,910012935,strict,0.680440819802604,0.0310443709874897,0,1,1,""
10,936,710006936,810012936,naive,0.607373996525156,0.037655281741848,1,1,1,""
10,936,710006936,910012936,strict,0.611981932258767,0.0364496906272558,1,1,1,""
10,937,710006937,810012937,naive,0.65315832442404,0.0405418988610949,1,1,1,""
10,937,710006937,910012937,strict,0.651122248329808,0.0421381570636318,1,1,1,""
10,938,710006938,810012938,naive,0.622409842029016,0.0325082421529209,1,1,1,""
10,938,710006938,910012938,strict,0.622986784812227,0.0319236418323044,1,1,1,""
10,939,710006939,810012939,naive,0.637011823113256,0.0292064257778934,1,1,1,""
10,939,710006939,910012939,strict,0.64537035853533,0.0383869761226639,1,1,1,""
10,940,710006940,810012940,naive,0.604452817853085,0.0343949748263043,1,1,1,""
10,940,710006940,910012940,strict,0.57534058555278,0.0327745382626578,1,1,1,""
10,941,710006941,810012941,naive,0.621955090707175,0.0387654893958818,1,1,1,""
10,941,710006941,910012941,strict,0.630186116655476,0.0267715050664772,1,1,1,""
10,942,710006942,810012942,naive,0.64981726431075,0.0390720763036537,1,1,1,""
10,942,710006942,910012942,strict,0.663178738151594,0.0371971494706499,1,1,1,""
10,943,710006943,810012943,naive,0.593374043834293,0.0385934264157652,1,1,1,""
10,943,710006943,910012943,strict,0.616888591202,0.0419329956000812,1,1,1,""
10,944,710006944,810012944,naive,0.587117306879804,0.0378001759486605,1,1,1,""
10,944,710006944,910012944,strict,0.573905276763268,0.0402376006431974,1,0,1,""
10,945,710006945,810012945,naive,0.635050964017261,0.0378181173363792,1,1,1,""
10,945,710006945,910012945,strict,0.635463874297438,0.0373673843234481,1,1,1,""
10,946,710006946,810012946,naive,0.618399012062247,0.0359750968725037,1,1,1,""
10,946,710006946,910012946,strict,0.622653298211067,0.0420444178846868,1,1,1,""
10,947,710006947,810012947,naive,0.615438726841729,0.0358621161314411,1,1,1,""
10,947,710006947,910012947,strict,0.622471919223024,0.0446189265360691,1,1,1,""
10,948,710006948,810012948,naive,0.585282575245901,0.0399883697442692,1,1,1,""
10,948,710006948,910012948,strict,0.573572789879524,0.040918422855041,1,0,1,""
10,949,710006949,810012949,naive,0.580906655212684,0.0400751047991359,1,1,1,""
10,949,710006949,910012949,strict,0.554621592491967,0.0436249819499117,1,0,1,""
10,950,710006950,810012950,naive,0.65432406301202,0.0316495580429941,1,1,1,""
10,950,710006950,910012950,strict,0.674892059873219,0.0311494858126964,0,1,1,""
10,951,710006951,810012951,naive,0.682795034973571,0.0314329050061472,0,1,1,""
10,951,710006951,910012951,strict,0.681940567399513,0.0332908212685514,0,1,1,""
10,952,710006952,810012952,naive,0.570221405373491,0.0446863387719776,1,0,1,""
10,952,710006952,910012952,strict,0.567387560413239,0.0319921413085757,1,1,1,""
10,953,710006953,810012953,naive,0.59077726989004,0.0446469799534321,1,1,1,""
10,953,710006953,910012953,strict,0.582289154392279,0.0504454387243956,1,0,1,""
10,954,710006954,810012954,naive,0.58825493058477,0.0378363066393854,1,1,1,""
10,954,710006954,910012954,strict,0.596751220290727,0.0390659011191718,1,1,1,""
10,955,710006955,810012955,naive,0.619653913247075,0.0308835099985816,1,1,1,""
10,955,710006955,910012955,strict,0.635955647216971,0.0348657759199517,1,1,1,""
10,956,710006956,810012956,naive,0.617091111837787,0.0332284415415095,1,1,1,""
10,956,710006956,910012956,strict,0.616413856863427,0.0333893458630994,1,1,1,""
10,957,710006957,810012957,naive,0.604235502871322,0.0297740169760145,1,1,1,""
10,957,710006957,910012957,strict,0.61657405390183,0.0336437457686213,1,1,1,""
10,958,710006958,810012958,naive,0.597976657990064,0.038039976954999,1,1,1,""
10,958,710006958,910012958,strict,0.603283384237917,0.0390660932146431,1,1,1,""
10,959,710006959,810012959,naive,0.63452467161934,0.0345126257429964,1,1,1,""
10,959,710006959,910012959,strict,0.625100490880546,0.0414018865715094,1,1,1,""
10,960,710006960,810012960,naive,0.560519799206973,0.0367185466545721,1,0,1,""
10,960,710006960,910012960,strict,0.552574512676319,0.035540450108312,1,0,1,""
10,961,710006961,810012961,naive,0.605536251798671,0.033883270913774,1,1,1,""
10,961,710006961,910012961,strict,0.608619938441302,0.0330194793188418,1,1,1,""
10,962,710006962,810012962,naive,0.563671443961367,0.0366511600774698,1,0,1,""
10,962,710006962,910012962,strict,0.559523203928306,0.0385651932424597,1,0,1,""
10,963,710006963,810012963,naive,0.613060064536776,0.0324741768130263,1,1,1,""
10,963,710006963,910012963,strict,0.596843371234596,0.0369189469815335,1,1,1,""
10,964,710006964,810012964,naive,0.623010516524797,0.0345365923919084,1,1,1,""
10,964,710006964,910012964,strict,0.642050333604457,0.0338862992100637,1,1,1,""
10,965,710006965,810012965,naive,0.556872200146083,0.0365188838683817,1,0,1,""
10,965,710006965,910012965,strict,0.558627932322751,0.0442706089398152,1,0,1,""
10,966,710006966,810012966,naive,0.550395030960282,0.0314224458268125,0,0,1,""
10,966,710006966,910012966,strict,0.557397413013082,0.0438333607261574,1,0,1,""
10,967,710006967,810012967,naive,0.651636228894455,0.0329563970229473,1,1,1,""
10,967,710006967,910012967,strict,0.653243084363189,0.0329763074816949,1,1,1,""
10,968,710006968,810012968,naive,0.629934509783778,0.0333490642717359,1,1,1,""
10,968,710006968,910012968,strict,0.634141679243867,0.0353294869275857,1,1,1,""
10,969,710006969,810012969,naive,0.605782780155292,0.0343724087738253,1,1,1,""
10,969,710006969,910012969,strict,0.593462925927891,0.0388978436058352,1,1,1,""
10,970,710006970,810012970,naive,0.620990181793251,0.0414270894145876,1,1,1,""
10,970,710006970,910012970,strict,0.65891142340071,0.0417395227146666,1,1,1,""
10,971,710006971,810012971,naive,0.6035625060111,0.032870126259949,1,1,1,""
10,971,710006971,910012971,strict,0.596453899524574,0.0352861597223041,1,1,1,""
10,972,710006972,810012972,naive,0.631748983110037,0.0345648861535114,1,1,1,""
10,972,710006972,910012972,strict,0.619345630304598,0.0361476121803607,1,1,1,""
10,973,710006973,810012973,naive,0.601497339127169,0.0320002863782761,1,1,1,""
10,973,710006973,910012973,strict,0.609461153197231,0.0324063424756954,1,1,1,""
10,974,710006974,810012974,naive,0.615428780982903,0.0314505850915612,1,1,1,""
10,974,710006974,910012974,strict,0.633335080286174,0.0373123602263086,1,1,1,""
10,975,710006975,810012975,naive,0.681005728825598,0.0316727046044516,0,1,1,""
10,975,710006975,910012975,strict,0.688297051396657,0.0314620878915594,0,1,1,""
10,976,710006976,810012976,naive,0.591790921338026,0.0322703474465543,1,1,1,""
10,976,710006976,910012976,strict,0.600729096595945,0.0388401647079474,1,1,1,""
10,977,710006977,810012977,naive,0.618579315237825,0.0351320797748054,1,1,1,""
10,977,710006977,910012977,strict,0.61218308999446,0.033511525277666,1,1,1,""
10,978,710006978,810012978,naive,0.592309311181727,0.0424674029430659,1,1,1,""
10,978,710006978,910012978,strict,0.570650845664336,0.0436341423632358,1,0,1,""
10,979,710006979,810012979,naive,0.581524799712541,0.0392314329599959,1,1,1,""
10,979,710006979,910012979,strict,0.58338412873216,0.0421358133306773,1,1,1,""
10,980,710006980,810012980,naive,0.638628041162338,0.0362881144713387,1,1,1,""
10,980,710006980,910012980,strict,0.619656310097863,0.0322774514533214,1,1,1,""
10,981,710006981,810012981,naive,0.610560673402746,0.0373471787449542,1,1,1,""
10,981,710006981,910012981,strict,0.601315263257067,0.0348851162755131,1,1,1,""
10,982,710006982,810012982,naive,0.618522059983001,0.0379986228096213,1,1,1,""
10,982,710006982,910012982,strict,0.60446691988155,0.0402262910370292,1,1,1,""
10,983,710006983,810012983,naive,0.614378297789082,0.0375934408391521,1,1,1,""
10,983,710006983,910012983,strict,0.599868441810429,0.0377537018649542,1,1,1,""
10,984,710006984,810012984,naive,0.651616921388199,0.0362692752506113,1,1,1,""
10,984,710006984,910012984,strict,0.663438326110808,0.0362806187240306,1,1,1,""
10,985,710006985,810012985,naive,0.570439431774766,0.0362930273156493,1,0,1,""
10,985,710006985,910012985,strict,0.577754714697783,0.038119076739286,1,1,1,""
10,986,710006986,810012986,naive,0.60672451142335,0.039743151814442,1,1,1,""
10,986,710006986,910012986,strict,0.617569686227364,0.0356136288502181,1,1,1,""
10,987,710006987,810012987,naive,0.659138631840162,0.0378963964395143,1,1,1,""
10,987,710006987,910012987,strict,0.652348960487929,0.0378545472052523,1,1,1,""
10,988,710006988,810012988,naive,0.626225733534755,0.0339454989058263,1,1,1,""
10,988,710006988,910012988,strict,0.621594199257092,0.0351936929229291,1,1,1,""
10,989,710006989,810012989,naive,0.657057865004397,0.0357909227493018,1,1,1,""
10,989,710006989,910012989,strict,0.65627472111078,0.0330034461127559,1,1,1,""
10,990,710006990,810012990,naive,0.577420207426232,0.0339135794109614,1,1,1,""
10,990,710006990,910012990,strict,0.591433878920648,0.0372125450132551,1,1,1,""
10,991,710006991,810012991,naive,0.644360545435657,0.0359025133415231,1,1,1,""
10,991,710006991,910012991,strict,0.62297692623831,0.0417076729989533,1,1,1,""
10,992,710006992,810012992,naive,0.600283988100088,0.0358148976600649,1,1,1,""
10,992,710006992,910012992,strict,0.588593956733237,0.0430462645519822,1,1,1,""
10,993,710006993,810012993,naive,0.599005105882478,0.0335209438191351,1,1,1,""
10,993,710006993,910012993,strict,0.580158113887638,0.0443620733137874,1,0,1,""
10,994,710006994,810012994,naive,0.674102557177228,0.0379979947668914,1,1,1,""
10,994,710006994,910012994,strict,0.670023696939893,0.0364513159409253,1,1,1,""
10,995,710006995,810012995,naive,0.625433224929032,0.0281639780574664,1,1,1,""
10,995,710006995,910012995,strict,0.637421196253107,0.033514485297474,1,1,1,""
10,996,710006996,810012996,naive,0.651890181408126,0.0374864636154519,1,1,1,""
10,996,710006996,910012996,strict,0.669640498077392,0.0340788162590224,1,1,1,""
10,997,710006997,810012997,naive,0.611110090714474,0.0320799207577511,1,1,1,""
10,997,710006997,910012997,strict,0.603677940978811,0.0330658424054863,1,1,1,""
10,998,710006998,810012998,naive,0.598185548850308,0.032245779238648,1,1,1,""
10,998,710006998,910012998,strict,0.600345721861304,0.0358706811373319,1,1,1,""
10,999,710006999,810012999,naive,0.540160799318942,0.0420936824523652,1,0,1,""
10,999,710006999,910012999,strict,0.542037264294248,0.0425414728616867,1,0,1,""
10,1000,710007000,810013000,naive,0.605311095910601,0.0308579210898343,1,1,1,""
10,1000,710007000,910013000,strict,0.596538828745632,0.033176162115482,1,1,1,""
