entry_sd,replicate,outer_seed,bootstrap_seed,naive_auc,strict_auc,delta_auc,estimated_se,reject_equal_auc,degenerate_equal_stacks,converged,error
0.25,1,710002001,1010002001,0.609636307706098,0.609636307706098,0,0,0,1,1,""
0.25,2,710002002,1010002002,0.56728310735643,0.56728310735643,0,0,0,1,1,""
0.25,3,710002003,1010002003,0.631403834532168,0.631403834532168,0,0,0,1,1,""
0.25,4,710002004,1010002004,0.631046462306358,0.631046462306358,0,0,0,1,1,""
0.25,5,710002005,1010002005,0.545234347353724,0.545234347353724,0,0,0,1,1,""
0.25,6,710002006,1010002006,0.646421671290828,0.646421671290828,0,0,0,1,1,""
0.25,7,710002007,1010002007,0.620048980464256,0.620048980464256,0,0,0,1,1,""
0.25,8,710002008,1010002008,0.648118675712239,0.648118675712239,0,0,0,1,1,""
0.25,9,710002009,1010002009,0.615236575837866,0.615236575837866,0,0,0,1,1,""
0.25,10,710002010,1010002010,0.575337480773979,0.575337480773979,0,0,0,1,1,""
0.25,11,710002011,1010002011,0.648212421362906,0.648212421362906,0,0,0,1,1,""
0.25,12,710002012,1010002012,0.678895900388888,0.678895900388888,0,0,0,1,1,""
0.25,13,710002013,1010002013,0.573772152596824,0.573772152596824,0,0,0,1,1,""
0.25,14,710002014,1010002014,0.583877515155666,0.583877515155666,0,0,0,1,1,""
0.25,15,710002015,1010002015,0.559832195526624,0.559832195526624,0,0,0,1,1,""
0.25,16,710002016,1010002016,0.6068606842357,0.6068606842357,0,0,0,1,1,""
0.25,17,710002017,1010002017,0.659577966463011,0.659577966463011,0,0,0,1,1,""
0.25,18,710002018,1010002018,0.584595355601271,0.584595355601271,0,0,0,1,1,""
0.25,19,710002019,1010002019,0.616435844070351,0.616435844070351,0,0,0,1,1,""
0.25,20,710002020,1010002020,0.616772965105186,0.616772965105186,0,0,0,1,1,""
0.25,21,710002021,1010002021,0.662395287366566,0.662395287366566,0,0,0,1,1,""
0.25,22,710002022,1010002022,0.618098171918732,0.618098171918732,0,0,0,1,1,""
0.25,23,710002023,1010002023,0.592646983550995,0.592646983550995,0,0,0,1,1,""
0.25,24,710002024,1010002024,0.674649596696713,0.674649596696713,0,0,0,1,1,""
0.25,25,710002025,1010002025,0.633823529158466,0.633823529158466,0,0,0,1,1,""
0.25,26,710002026,1010002026,0.530955832840606,0.530955832840606,0,0,0,1,1,""
0.25,27,710002027,1010002027,0.574143462388772,0.574143462388772,0,0,0,1,1,""
0.25,28,710002028,1010002028,0.566857054146422,0.566857054146422,0,0,0,1,1,""
0.25,29,710002029,1010002029,0.586312419406048,0.586312419406048,0,0,0,1,1,""
0.25,30,710002030,1010002030,0.632880112538862,0.632880112538862,0,0,0,1,1,""
0.25,31,710002031,1010002031,0.625596579824123,0.625596579824123,0,0,0,1,1,""
0.25,32,710002032,1010002032,0.61036145539856,0.61036145539856,0,0,0,1,1,""
0.25,33,710002033,1010002033,0.607272570497194,0.607272570497194,0,0,0,1,1,""
0.25,34,710002034,1010002034,0.608854217694864,0.608854217694864,0,0,0,1,1,""
0.25,35,710002035,1010002035,0.609927620094583,0.609927620094583,0,0,0,1,1,""
0.25,36,710002036,1010002036,0.651393340433564,0.651393340433564,0,0,0,1,1,""
0.25,37,710002037,1010002037,0.624366720576875,0.624366720576875,0,0,0,1,1,""
0.25,38,710002038,1010002038,0.631605504238178,0.631605504238178,0,0,0,1,1,""
0.25,39,710002039,1010002039,0.603715424789079,0.603715424789079,0,0,0,1,1,""
0.25,40,710002040,1010002040,0.641041039025885,0.641041039025885,0,0,0,1,1,""
0.25,41,710002041,1010002041,0.56131560482443,0.56131560482443,0,0,0,1,1,""
0.25,42,710002042,1010002042,0.631955083282406,0.631955083282406,0,0,0,1,1,""
0.25,43,710002043,1010002043,0.616952077051719,0.616952077051719,0,0,0,1,1,""
0.25,44,710002044,1010002044,0.552245658841543,0.552245658841543,0,0,0,1,1,""
0.25,45,710002045,1010002045,0.62172251021837,0.62172251021837,0,0,0,1,1,""
0.25,46,710002046,1010002046,0.668572163038645,0.668572163038645,0,0,0,1,1,""
0.25,47,710002047,1010002047,0.60242861635063,0.60242861635063,0,0,0,1,1,""
0.25,48,710002048,1010002048,0.601030095642666,0.601030095642666,0,0,0,1,1,""
0.25,49,710002049,1010002049,0.617412875115449,0.617412875115449,0,0,0,1,1,""
0.25,50,710002050,1010002050,0.620044912011571,0.620044912011571,0,0,0,1,1,""
0.25,51,710002051,1010002051,0.597541066540908,0.597541066540908,0,0,0,1,1,""
0.25,52,710002052,1010002052,0.660570747002104,0.660570747002104,0,0,0,1,1,""
0.25,53,710002053,1010002053,0.640356741110288,0.640356741110288,0,0,0,1,1,""
0.25,54,710002054,1010002054,0.534856025048879,0.534856025048879,0,0,0,1,1,""
0.25,55,710002055,1010002055,0.577985686828342,0.577985686828342,0,0,0,1,1,""
0.25,56,710002056,1010002056,0.604834402656062,0.604834402656062,0,0,0,1,1,""
0.25,57,710002057,1010002057,0.619235124665253,0.619235124665253,0,0,0,1,1,""
0.25,58,710002058,1010002058,0.578381461969305,0.578381461969305,0,0,0,1,1,""
0.25,59,710002059,1010002059,0.64186497691519,0.64186497691519,0,0,0,1,1,""
0.25,60,710002060,1010002060,0.604370083536216,0.604370083536216,0,0,0,1,1,""
0.25,61,710002061,1010002061,0.666643977175481,0.666643977175481,0,0,0,1,1,""
0.25,62,710002062,1010002062,0.63881741199528,0.63881741199528,0,0,0,1,1,""
0.25,63,710002063,1010002063,0.625898067937021,0.625898067937021,0,0,0,1,1,""
0.25,64,710002064,1010002064,0.642389409105682,0.642389409105682,0,0,0,1,1,""
0.25,65,710002065,1010002065,0.634108431090004,0.634108431090004,0,0,0,1,1,""
0.25,66,710002066,1010002066,0.632622450327561,0.632622450327561,0,0,0,1,1,""
0.25,67,710002067,1010002067,0.604253184303234,0.604253184303234,0,0,0,1,1,""
0.25,68,710002068,1010002068,0.654004817950132,0.654004817950132,0,0,0,1,1,""
0.25,69,710002069,1010002069,0.572378943803586,0.572378943803586,0,0,0,1,1,""
0.25,70,710002070,1010002070,0.671840932132913,0.671840932132913,0,0,0,1,1,""
0.25,71,710002071,1010002071,0.621590602922011,0.621590602922011,0,0,0,1,1,""
0.25,72,710002072,1010002072,0.629925426138711,0.629925426138711,0,0,0,1,1,""
0.25,73,710002073,1010002073,0.62120711729987,0.62120711729987,0,0,0,1,1,""
0.25,74,710002074,1010002074,0.658501355179634,0.658501355179634,0,0,0,1,1,""
0.25,75,710002075,1010002075,0.583219892380098,0.583219892380098,0,0,0,1,1,""
0.25,76,710002076,1010002076,0.59961177224817,0.59961177224817,0,0,0,1,1,""
0.25,77,710002077,1010002077,0.609738163609886,0.609738163609886,0,0,0,1,1,""
0.25,78,710002078,1010002078,0.670984937651593,0.670984937651593,0,0,0,1,1,""
0.25,79,710002079,1010002079,0.63466544836547,0.63466544836547,0,0,0,1,1,""
0.25,80,710002080,1010002080,0.582713472262028,0.582713472262028,0,0,0,1,1,""
0.25,81,710002081,1010002081,0.589960613578441,0.589960613578441,0,0,0,1,1,""
0.25,82,710002082,1010002082,0.613516556292592,0.613516556292592,0,0,0,1,1,""
0.25,83,710002083,1010002083,0.652441990663267,0.652441990663267,0,0,0,1,1,""
0.25,84,710002084,1010002084,0.669487361170365,0.669487361170365,0,0,0,1,1,""
0.25,85,710002085,1010002085,0.632237220038974,0.632237220038974,0,0,0,1,1,""
0.25,86,710002086,1010002086,0.590617182741894,0.590617182741894,0,0,0,1,1,""
0.25,87,710002087,1010002087,0.544868239544955,0.544868239544955,0,0,0,1,1,""
0.25,88,710002088,1010002088,0.570615108809158,0.570615108809158,0,0,0,1,1,""
0.25,89,710002089,1010002089,0.684305084999334,0.684305084999334,0,0,0,1,1,""
0.25,90,710002090,1010002090,0.686612399039189,0.686612399039189,0,0,0,1,1,""
0.25,91,710002091,1010002091,0.608466303751983,0.608466303751983,0,0,0,1,1,""
0.25,92,710002092,1010002092,0.626846538176177,0.626846538176177,0,0,0,1,1,""
0.25,93,710002093,1010002093,0.619424833851589,0.619424833851589,0,0,0,1,1,""
0.25,94,710002094,1010002094,0.571860399772764,0.571860399772764,0,0,0,1,1,""
0.25,95,710002095,1010002095,0.581325516315592,0.581325516315592,0,0,0,1,1,""
0.25,96,710002096,1010002096,0.570172373575579,0.570172373575579,0,0,0,1,1,""
0.25,97,710002097,1010002097,0.580990683938379,0.580990683938379,0,0,0,1,1,""
0.25,98,710002098,1010002098,0.594520493929828,0.594520493929828,0,0,0,1,1,""
0.25,99,710002099,1010002099,0.557980107578593,0.557980107578593,0,0,0,1,1,""
0.25,100,710002100,1010002100,0.624918302329851,0.624918302329851,0,0,0,1,1,""
0.25,101,710002101,1010002101,0.65045403209341,0.65045403209341,0,0,0,1,1,""
0.25,102,710002102,1010002102,0.614383142236493,0.614383142236493,0,0,0,1,1,""
0.25,103,710002103,1010002103,0.562631651498224,0.562631651498224,0,0,0,1,1,""
0.25,104,710002104,1010002104,0.586022424676628,0.586022424676628,0,0,0,1,1,""
0.25,105,710002105,1010002105,0.672560170762908,0.672560170762908,0,0,0,1,1,""
0.25,106,710002106,1010002106,0.643631396106116,0.643631396106116,0,0,0,1,1,""
0.25,107,710002107,1010002107,0.641314763009277,0.641314763009277,0,0,0,1,1,""
0.25,108,710002108,1010002108,0.648295588001344,0.648295588001344,0,0,0,1,1,""
0.25,109,710002109,1010002109,0.648664817215399,0.648664817215399,0,0,0,1,1,""
0.25,110,710002110,1010002110,0.597686752926279,0.597686752926279,0,0,0,1,1,""
0.25,111,710002111,1010002111,0.567026013709265,0.567026013709265,0,0,0,1,1,""
0.25,112,710002112,1010002112,0.534114681993707,0.534114681993707,0,0,0,1,1,""
0.25,113,710002113,1010002113,0.62975138672953,0.62975138672953,0,0,0,1,1,""
0.25,114,710002114,1010002114,0.565381861792087,0.565381861792087,0,0,0,1,1,""
0.25,115,710002115,1010002115,0.648310641664135,0.648310641664135,0,0,0,1,1,""
0.25,116,710002116,1010002116,0.607441953312826,0.607441953312826,0,0,0,1,1,""
0.25,117,710002117,1010002117,0.621814410093586,0.621814410093586,0,0,0,1,1,""
0.25,118,710002118,1010002118,0.647861837901081,0.647861837901081,0,0,0,1,1,""
0.25,119,710002119,1010002119,0.631065627844142,0.631065627844142,0,0,0,1,1,""
0.25,120,710002120,1010002120,0.628209610339845,0.628209610339845,0,0,0,1,1,""
0.25,121,710002121,1010002121,0.589626481008727,0.589626481008727,0,0,0,1,1,""
0.25,122,710002122,1010002122,0.58685713269928,0.58685713269928,0,0,0,1,1,""
0.25,123,710002123,1010002123,0.694249255194083,0.694249255194083,0,0,0,1,1,""
0.25,124,710002124,1010002124,0.632747655344487,0.632747655344487,0,0,0,1,1,""
0.25,125,710002125,1010002125,0.637392849177637,0.637392849177637,0,0,0,1,1,""
0.25,126,710002126,1010002126,0.60902940821587,0.60902940821587,0,0,0,1,1,""
0.25,127,710002127,1010002127,0.630666401110665,0.630666401110665,0,0,0,1,1,""
0.25,128,710002128,1010002128,0.601788963780972,0.601788963780972,0,0,0,1,1,""
0.25,129,710002129,1010002129,0.632490226782817,0.632490226782817,0,0,0,1,1,""
0.25,130,710002130,1010002130,0.633141315946379,0.633141315946379,0,0,0,1,1,""
0.25,131,710002131,1010002131,0.614324680726067,0.614324680726067,0,0,0,1,1,""
0.25,132,710002132,1010002132,0.567265183571073,0.567265183571073,0,0,0,1,1,""
0.25,133,710002133,1010002133,0.59091183409722,0.59091183409722,0,0,0,1,1,""
0.25,134,710002134,1010002134,0.625188330425483,0.625188330425483,0,0,0,1,1,""
0.25,135,710002135,1010002135,0.561072329138201,0.561072329138201,0,0,0,1,1,""
0.25,136,710002136,1010002136,0.561235417497164,0.561235417497164,0,0,0,1,1,""
0.25,137,710002137,1010002137,0.617168585658884,0.617168585658884,0,0,0,1,1,""
0.25,138,710002138,1010002138,0.607765165831972,0.607765165831972,0,0,0,1,1,""
0.25,139,710002139,1010002139,0.645138640584742,0.645138640584742,0,0,0,1,1,""
0.25,140,710002140,1010002140,0.559643321955991,0.559643321955991,0,0,0,1,1,""
0.25,141,710002141,1010002141,0.650617463458942,0.650617463458942,0,0,0,1,1,""
0.25,142,710002142,1010002142,0.601751469699132,0.601751469699132,0,0,0,1,1,""
0.25,143,710002143,1010002143,0.630234859350882,0.630234859350882,0,0,0,1,1,""
0.25,144,710002144,1010002144,0.587825930928361,0.587825930928361,0,0,0,1,1,""
0.25,145,710002145,1010002145,0.653179460393461,0.653179460393461,0,0,0,1,1,""
0.25,146,710002146,1010002146,0.612713409541704,0.612713409541704,0,0,0,1,1,""
0.25,147,710002147,1010002147,0.597035217281455,0.597035217281455,0,0,0,1,1,""
0.25,148,710002148,1010002148,0.633195763591031,0.633195763591031,0,0,0,1,1,""
0.25,149,710002149,1010002149,0.609581249228109,0.609581249228109,0,0,0,1,1,""
0.25,150,710002150,1010002150,0.594947738121343,0.594947738121343,0,0,0,1,1,""
0.25,151,710002151,1010002151,0.580069944757367,0.580069944757367,0,0,0,1,1,""
0.25,152,710002152,1010002152,0.575882578778996,0.575882578778996,0,0,0,1,1,""
0.25,153,710002153,1010002153,0.619540476674062,0.619540476674062,0,0,0,1,1,""
0.25,154,710002154,1010002154,0.574582191164794,0.574582191164794,0,0,0,1,1,""
0.25,155,710002155,1010002155,0.662351692994944,0.662351692994944,0,0,0,1,1,""
0.25,156,710002156,1010002156,0.673586848740138,0.673586848740138,0,0,0,1,1,""
0.25,157,710002157,1010002157,0.649995070121673,0.649995070121673,0,0,0,1,1,""
0.25,158,710002158,1010002158,0.637801033593274,0.637801033593274,0,0,0,1,1,""
0.25,159,710002159,1010002159,0.624402738901197,0.624402738901197,0,0,0,1,1,""
0.25,160,710002160,1010002160,0.610057935877833,0.610057935877833,0,0,0,1,1,""
0.25,161,710002161,1010002161,0.611946264204443,0.611946264204443,0,0,0,1,1,""
0.25,162,710002162,1010002162,0.602206547617715,0.602206547617715,0,0,0,1,1,""
0.25,163,710002163,1010002163,0.603050215936749,0.603050215936749,0,0,0,1,1,""
0.25,164,710002164,1010002164,0.627184534879387,0.627184534879387,0,0,0,1,1,""
0.25,165,710002165,1010002165,0.645399654552414,0.645399654552414,0,0,0,1,1,""
0.25,166,710002166,1010002166,0.605302785538929,0.605302785538929,0,0,0,1,1,""
0.25,167,710002167,1010002167,0.468789177903111,0.468789177903111,0,0,0,1,1,""
0.25,168,710002168,1010002168,0.633213548027098,0.633213548027098,0,0,0,1,1,""
0.25,169,710002169,1010002169,0.565204621715765,0.565204621715765,0,0,0,1,1,""
0.25,170,710002170,1010002170,0.642484271197822,0.642484271197822,0,0,0,1,1,""
0.25,171,710002171,1010002171,0.595190066722134,0.595190066722134,0,0,0,1,1,""
0.25,172,710002172,1010002172,0.623077516228276,0.623077516228276,0,0,0,1,1,""
0.25,173,710002173,1010002173,0.593997042385019,0.593997042385019,0,0,0,1,1,""
0.25,174,710002174,1010002174,0.606361040288052,0.606361040288052,0,0,0,1,1,""
0.25,175,710002175,1010002175,0.618318349145387,0.618318349145387,0,0,0,1,1,""
0.25,176,710002176,1010002176,0.663207591530599,0.663207591530599,0,0,0,1,1,""
0.25,177,710002177,1010002177,0.657605614994315,0.657605614994315,0,0,0,1,1,""
0.25,178,710002178,1010002178,0.634999217837387,0.634999217837387,0,0,0,1,1,""
0.25,179,710002179,1010002179,0.584735133654182,0.584735133654182,0,0,0,1,1,""
0.25,180,710002180,1010002180,0.605436604296108,0.605436604296108,0,0,0,1,1,""
0.25,181,710002181,1010002181,0.583066258663054,0.583066258663054,0,0,0,1,1,""
0.25,182,710002182,1010002182,0.625331546036458,0.625331546036458,0,0,0,1,1,""
0.25,183,710002183,1010002183,0.642947928058264,0.642947928058264,0,0,0,1,1,""
0.25,184,710002184,1010002184,0.581024211300693,0.581024211300693,0,0,0,1,1,""
0.25,185,710002185,1010002185,0.627029511432998,0.627029511432998,0,0,0,1,1,""
0.25,186,710002186,1010002186,0.628227712781509,0.628227712781509,0,0,0,1,1,""
0.25,187,710002187,1010002187,0.594024674885271,0.594024674885271,0,0,0,1,1,""
0.25,188,710002188,1010002188,0.660033829622307,0.660033829622307,0,0,0,1,1,""
0.25,189,710002189,1010002189,0.58642401706063,0.58642401706063,0,0,0,1,1,""
0.25,190,710002190,1010002190,0.645975555785559,0.645975555785559,0,0,0,1,1,""
0.25,191,710002191,1010002191,0.581265905938182,0.581265905938182,0,0,0,1,1,""
0.25,192,710002192,1010002192,0.606047287667345,0.606047287667345,0,0,0,1,1,""
0.25,193,710002193,1010002193,0.616682812477063,0.616682812477063,0,0,0,1,1,""
0.25,194,710002194,1010002194,0.641701067788713,0.641701067788713,0,0,0,1,1,""
0.25,195,710002195,1010002195,0.686209568716334,0.686209568716334,0,0,0,1,1,""
0.25,196,710002196,1010002196,0.649545150047863,0.649545150047863,0,0,0,1,1,""
0.25,197,710002197,1010002197,0.615522386861162,0.615522386861162,0,0,0,1,1,""
0.25,198,710002198,1010002198,0.643393638104901,0.643393638104901,0,0,0,1,1,""
0.25,199,710002199,1010002199,0.633902297749893,0.633902297749893,0,0,0,1,1,""
0.25,200,710002200,1010002200,0.56327016929449,0.56327016929449,0,0,0,1,1,""
0.25,201,710002201,1010002201,0.623077634699415,0.623077634699415,0,0,0,1,1,""
0.25,202,710002202,1010002202,0.59763762594619,0.59763762594619,0,0,0,1,1,""
0.25,203,710002203,1010002203,0.670601646382552,0.670601646382552,0,0,0,1,1,""
0.25,204,710002204,1010002204,0.622746498812244,0.622746498812244,0,0,0,1,1,""
0.25,205,710002205,1010002205,0.617111671998983,0.617111671998983,0,0,0,1,1,""
0.25,206,710002206,1010002206,0.639563890593389,0.639563890593389,0,0,0,1,1,""
0.25,207,710002207,1010002207,0.573024493233916,0.573024493233916,0,0,0,1,1,""
0.25,208,710002208,1010002208,0.637162131941706,0.637162131941706,0,0,0,1,1,""
0.25,209,710002209,1010002209,0.5691166550406,0.5691166550406,0,0,0,1,1,""
0.25,210,710002210,1010002210,0.581178933752551,0.581178933752551,0,0,0,1,1,""
0.25,211,710002211,1010002211,0.640779466473659,0.640779466473659,0,0,0,1,1,""
0.25,212,710002212,1010002212,0.602368044683047,0.602368044683047,0,0,0,1,1,""
0.25,213,710002213,1010002213,0.655223825718135,0.655223825718135,0,0,0,1,1,""
0.25,214,710002214,1010002214,0.599788298081337,0.599788298081337,0,0,0,1,1,""
0.25,215,710002215,1010002215,0.650878708581435,0.650878708581435,0,0,0,1,1,""
0.25,216,710002216,1010002216,0.670931991282861,0.670931991282861,0,0,0,1,1,""
0.25,217,710002217,1010002217,0.638068593347905,0.638068593347905,0,0,0,1,1,""
0.25,218,710002218,1010002218,0.647829773926221,0.647829773926221,0,0,0,1,1,""
0.25,219,710002219,1010002219,0.601178824855595,0.601178824855595,0,0,0,1,1,""
0.25,220,710002220,1010002220,0.656526687709861,0.656526687709861,0,0,0,1,1,""
0.25,221,710002221,1010002221,0.588802611741828,0.588802611741828,0,0,0,1,1,""
0.25,222,710002222,1010002222,0.53965418138537,0.53965418138537,0,0,0,1,1,""
0.25,223,710002223,1010002223,0.632113299173588,0.632113299173588,0,0,0,1,1,""
0.25,224,710002224,1010002224,0.636011483643717,0.636011483643717,0,0,0,1,1,""
0.25,225,710002225,1010002225,0.593966767429106,0.593966767429106,0,0,0,1,1,""
0.25,226,710002226,1010002226,0.586518651579762,0.586518651579762,0,0,0,1,1,""
0.25,227,710002227,1010002227,0.647270979455525,0.647270979455525,0,0,0,1,1,""
0.25,228,710002228,1010002228,0.6005131672673,0.6005131672673,0,0,0,1,1,""
0.25,229,710002229,1010002229,0.607865450291036,0.607865450291036,0,0,0,1,1,""
0.25,230,710002230,1010002230,0.577222691793202,0.577222691793202,0,0,0,1,1,""
0.25,231,710002231,1010002231,0.609373220149158,0.609373220149158,0,0,0,1,1,""
0.25,232,710002232,1010002232,0.624870133184117,0.624870133184117,0,0,0,1,1,""
0.25,233,710002233,1010002233,0.576424164011328,0.576424164011328,0,0,0,1,1,""
0.25,234,710002234,1010002234,0.618874468571495,0.618874468571495,0,0,0,1,1,""
0.25,235,710002235,1010002235,0.60751362993076,0.60751362993076,0,0,0,1,1,""
0.25,236,710002236,1010002236,0.66534574674168,0.66534574674168,0,0,0,1,1,""
0.25,237,710002237,1010002237,0.609629514738641,0.609629514738641,0,0,0,1,1,""
0.25,238,710002238,1010002238,0.611977159842916,0.611977159842916,0,0,0,1,1,""
0.25,239,710002239,1010002239,0.628546311600745,0.628546311600745,0,0,0,1,1,""
0.25,240,710002240,1010002240,0.66408181551472,0.66408181551472,0,0,0,1,1,""
0.25,241,710002241,1010002241,0.65861263943107,0.65861263943107,0,0,0,1,1,""
0.25,242,710002242,1010002242,0.586005703425701,0.586005703425701,0,0,0,1,1,""
0.25,243,710002243,1010002243,0.617058039746863,0.617058039746863,0,0,0,1,1,""
0.25,244,710002244,1010002244,0.619583045320781,0.619583045320781,0,0,0,1,1,""
0.25,245,710002245,1010002245,0.520242427295547,0.520242427295547,0,0,0,1,1,""
0.25,246,710002246,1010002246,0.593146244406117,0.593146244406117,0,0,0,1,1,""
0.25,247,710002247,1010002247,0.595788996037874,0.595788996037874,0,0,0,1,1,""
0.25,248,710002248,1010002248,0.654578906141347,0.654578906141347,0,0,0,1,1,""
0.25,249,710002249,1010002249,0.550437725619334,0.550437725619334,0,0,0,1,1,""
0.25,250,710002250,1010002250,0.669470950209094,0.669470950209094,0,0,0,1,1,""
0.25,251,710002251,1010002251,0.598345940863215,0.598345940863215,0,0,0,1,1,""
0.25,252,710002252,1010002252,0.578327612605175,0.578327612605175,0,0,0,1,1,""
0.25,253,710002253,1010002253,0.638414185652273,0.638414185652273,0,0,0,1,1,""
0.25,254,710002254,1010002254,0.554349807129856,0.554349807129856,0,0,0,1,1,""
0.25,255,710002255,1010002255,0.611207401018995,0.611207401018995,0,0,0,1,1,""
0.25,256,710002256,1010002256,0.657288078787645,0.657288078787645,0,0,0,1,1,""
0.25,257,710002257,1010002257,0.604684864029159,0.604684864029159,0,0,0,1,1,""
0.25,258,710002258,1010002258,0.596710775381459,0.596710775381459,0,0,0,1,1,""
0.25,259,710002259,1010002259,0.629090943244165,0.629090943244165,0,0,0,1,1,""
0.25,260,710002260,1010002260,0.699745969554054,0.699745969554054,0,0,0,1,1,""
0.25,261,710002261,1010002261,0.660325825230711,0.660325825230711,0,0,0,1,1,""
0.25,262,710002262,1010002262,0.651259704869057,0.651259704869057,0,0,0,1,1,""
0.25,263,710002263,1010002263,0.614932344763461,0.614932344763461,0,0,0,1,1,""
0.25,264,710002264,1010002264,0.610317939160113,0.610317939160113,0,0,0,1,1,""
0.25,265,710002265,1010002265,0.640194967910032,0.640194967910032,0,0,0,1,1,""
0.25,266,710002266,1010002266,0.598542117068439,0.598542117068439,0,0,0,1,1,""
0.25,267,710002267,1010002267,0.624813526941266,0.624813526941266,0,0,0,1,1,""
0.25,268,710002268,1010002268,0.632773553465147,0.632773553465147,0,0,0,1,1,""
0.25,269,710002269,1010002269,0.601392040368285,0.601392040368285,0,0,0,1,1,""
0.25,270,710002270,1010002270,0.605062821939807,0.605062821939807,0,0,0,1,1,""
0.25,271,710002271,1010002271,0.627289425133409,0.627289425133409,0,0,0,1,1,""
0.25,272,710002272,1010002272,0.611846316821645,0.611846316821645,0,0,0,1,1,""
0.25,273,710002273,1010002273,0.63484727876236,0.63484727876236,0,0,0,1,1,""
0.25,274,710002274,1010002274,0.528306339820086,0.528306339820086,0,0,0,1,1,""
0.25,275,710002275,1010002275,0.602815314084654,0.602815314084654,0,0,0,1,1,""
0.25,276,710002276,1010002276,0.585016592059647,0.585016592059647,0,0,0,1,1,""
0.25,277,710002277,1010002277,0.608345204774433,0.608345204774433,0,0,0,1,1,""
0.25,278,710002278,1010002278,0.59521683645576,0.59521683645576,0,0,0,1,1,""
0.25,279,710002279,1010002279,0.596822085184679,0.596822085184679,0,0,0,1,1,""
0.25,280,710002280,1010002280,0.578803811301882,0.578803811301882,0,0,0,1,1,""
0.25,281,710002281,1010002281,0.647382541016424,0.647382541016424,0,0,0,1,1,""
0.25,282,710002282,1010002282,0.591831320723316,0.591831320723316,0,0,0,1,1,""
0.25,283,710002283,1010002283,0.57761736052691,0.57761736052691,0,0,0,1,1,""
0.25,284,710002284,1010002284,0.620415183655463,0.620415183655463,0,0,0,1,1,""
0.25,285,710002285,1010002285,0.695531979512152,0.695531979512152,0,0,0,1,1,""
0.25,286,710002286,1010002286,0.672158622779489,0.672158622779489,0,0,0,1,1,""
0.25,287,710002287,1010002287,0.605419620112357,0.605419620112357,0,0,0,1,1,""
0.25,288,710002288,1010002288,0.587136073033773,0.587136073033773,0,0,0,1,1,""
0.25,289,710002289,1010002289,0.669330159366261,0.669330159366261,0,0,0,1,1,""
0.25,290,710002290,1010002290,0.618276011117128,0.618276011117128,0,0,0,1,1,""
0.25,291,710002291,1010002291,0.72345335063846,0.72345335063846,0,0,0,1,1,""
0.25,292,710002292,1010002292,0.650531226319837,0.650531226319837,0,0,0,1,1,""
0.25,293,710002293,1010002293,0.695589911670736,0.695589911670736,0,0,0,1,1,""
0.25,294,710002294,1010002294,0.636406384044572,0.636406384044572,0,0,0,1,1,""
0.25,295,710002295,1010002295,0.643065464088624,0.643065464088624,0,0,0,1,1,""
0.25,296,710002296,1010002296,0.691545703995987,0.691545703995987,0,0,0,1,1,""
0.25,297,710002297,1010002297,0.599666829498582,0.599666829498582,0,0,0,1,1,""
0.25,298,710002298,1010002298,0.587449589136327,0.587449589136327,0,0,0,1,1,""
0.25,299,710002299,1010002299,0.638720286878651,0.638720286878651,0,0,0,1,1,""
0.25,300,710002300,1010002300,0.633459408707335,0.633459408707335,0,0,0,1,1,""
0.25,301,710002301,1010002301,0.538685946397928,0.538685946397928,0,0,0,1,1,""
0.25,302,710002302,1010002302,0.625741534951081,0.625741534951081,0,0,0,1,1,""
0.25,303,710002303,1010002303,0.696854373420424,0.696854373420424,0,0,0,1,1,""
0.25,304,710002304,1010002304,0.539696548581499,0.539696548581499,0,0,0,1,1,""
0.25,305,710002305,1010002305,0.644039735409339,0.644039735409339,0,0,0,1,1,""
0.25,306,710002306,1010002306,0.586388650820771,0.586388650820771,0,0,0,1,1,""
0.25,307,710002307,1010002307,0.597286346091525,0.597286346091525,0,0,0,1,1,""
0.25,308,710002308,1010002308,0.631006134649172,0.631006134649172,0,0,0,1,1,""
0.25,309,710002309,1010002309,0.587022867012287,0.587022867012287,0,0,0,1,1,""
0.25,310,710002310,1010002310,0.624603884706239,0.624603884706239,0,0,0,1,1,""
0.25,311,710002311,1010002311,0.650541702924072,0.650541702924072,0,0,0,1,1,""
0.25,312,710002312,1010002312,0.611850035172499,0.611850035172499,0,0,0,1,1,""
0.25,313,710002313,1010002313,0.594449581973132,0.594449581973132,0,0,0,1,1,""
0.25,314,710002314,1010002314,0.626446072356033,0.626446072356033,0,0,0,1,1,""
0.25,315,710002315,1010002315,0.591252201984602,0.591252201984602,0,0,0,1,1,""
0.25,316,710002316,1010002316,0.632290388561186,0.632290388561186,0,0,0,1,1,""
0.25,317,710002317,1010002317,0.579866273006423,0.579866273006423,0,0,0,1,1,""
0.25,318,710002318,1010002318,0.597894709026494,0.597894709026494,0,0,0,1,1,""
0.25,319,710002319,1010002319,0.61135786250218,0.61135786250218,0,0,0,1,1,""
0.25,320,710002320,1010002320,0.595133618903359,0.595133618903359,0,0,0,1,1,""
0.25,321,710002321,1010002321,0.571841541794926,0.571841541794926,0,0,0,1,1,""
0.25,322,710002322,1010002322,0.656274090896607,0.656274090896607,0,0,0,1,1,""
0.25,323,710002323,1010002323,0.631914003726881,0.631914003726881,0,0,0,1,1,""
0.25,324,710002324,1010002324,0.558963051419321,0.558963051419321,0,0,0,1,1,""
0.25,325,710002325,1010002325,0.619690180984743,0.619690180984743,0,0,0,1,1,""
0.25,326,710002326,1010002326,0.602095190972587,0.602095190972587,0,0,0,1,1,""
0.25,327,710002327,1010002327,0.690853987900643,0.690853987900643,0,0,0,1,1,""
0.25,328,710002328,1010002328,0.697079103161714,0.697079103161714,0,0,0,1,1,""
0.25,329,710002329,1010002329,0.644852378965827,0.644852378965827,0,0,0,1,1,""
0.25,330,710002330,1010002330,0.599042891665322,0.599042891665322,0,0,0,1,1,""
0.25,331,710002331,1010002331,0.614611917460593,0.614611917460593,0,0,0,1,1,""
0.25,332,710002332,1010002332,0.678557032012217,0.678557032012217,0,0,0,1,1,""
0.25,333,710002333,1010002333,0.590142815672717,0.590142815672717,0,0,0,1,1,""
0.25,334,710002334,1010002334,0.626121639602889,0.626121639602889,0,0,0,1,1,""
0.25,335,710002335,1010002335,0.629920409053453,0.629920409053453,0,0,0,1,1,""
0.25,336,710002336,1010002336,0.565729423406347,0.565729423406347,0,0,0,1,1,""
0.25,337,710002337,1010002337,0.638454511427534,0.638454511427534,0,0,0,1,1,""
0.25,338,710002338,1010002338,0.572911009494343,0.572911009494343,0,0,0,1,1,""
0.25,339,710002339,1010002339,0.5631029077143,0.5631029077143,0,0,0,1,1,""
0.25,340,710002340,1010002340,0.599228360053457,0.599228360053457,0,0,0,1,1,""
0.25,341,710002341,1010002341,0.564700685480722,0.564700685480722,0,0,0,1,1,""
0.25,342,710002342,1010002342,0.61934537266052,0.61934537266052,0,0,0,1,1,""
0.25,343,710002343,1010002343,0.624884100329241,0.624884100329241,0,0,0,1,1,""
0.25,344,710002344,1010002344,0.617058783510926,0.617058783510926,0,0,0,1,1,""
0.25,345,710002345,1010002345,0.592303557208953,0.592303557208953,0,0,0,1,1,""
0.25,346,710002346,1010002346,0.645434616146308,0.645434616146308,0,0,0,1,1,""
0.25,347,710002347,1010002347,0.596658504272602,0.596658504272602,0,0,0,1,1,""
0.25,348,710002348,1010002348,0.618907702772522,0.618907702772522,0,0,0,1,1,""
0.25,349,710002349,1010002349,0.583488296625657,0.583488296625657,0,0,0,1,1,""
0.25,350,710002350,1010002350,0.644689322526752,0.644689322526752,0,0,0,1,1,""
0.25,351,710002351,1010002351,0.615817015153409,0.615817015153409,0,0,0,1,1,""
0.25,352,710002352,1010002352,0.574806725225969,0.574806725225969,0,0,0,1,1,""
0.25,353,710002353,1010002353,0.68148985068513,0.68148985068513,0,0,0,1,1,""
0.25,354,710002354,1010002354,0.625089187179503,0.625089187179503,0,0,0,1,1,""
0.25,355,710002355,1010002355,0.606918962252018,0.606918962252018,0,0,0,1,1,""
0.25,356,710002356,1010002356,0.637551813521494,0.637551813521494,0,0,0,1,1,""
0.25,357,710002357,1010002357,0.65795969863594,0.65795969863594,0,0,0,1,1,""
0.25,358,710002358,1010002358,0.563724220353743,0.563724220353743,0,0,0,1,1,""
0.25,359,710002359,1010002359,0.692098818885264,0.692098818885264,0,0,0,1,1,""
0.25,360,710002360,1010002360,0.61952545333524,0.61952545333524,0,0,0,1,1,""
0.25,361,710002361,1010002361,0.576718683211959,0.576718683211959,0,0,0,1,1,""
0.25,362,710002362,1010002362,0.638997037757196,0.638997037757196,0,0,0,1,1,""
0.25,363,710002363,1010002363,0.611654174347566,0.611654174347566,0,0,0,1,1,""
0.25,364,710002364,1010002364,0.645385120090507,0.645385120090507,0,0,0,1,1,""
0.25,365,710002365,1010002365,0.649177360278817,0.649177360278817,0,0,0,1,1,""
0.25,366,710002366,1010002366,0.6047713827149,0.6047713827149,0,0,0,1,1,""
0.25,367,710002367,1010002367,0.647274898431033,0.647274898431033,0,0,0,1,1,""
0.25,368,710002368,1010002368,0.585147417225385,0.585147417225385,0,0,0,1,1,""
0.25,369,710002369,1010002369,0.649146610520131,0.649146610520131,0,0,0,1,1,""
0.25,370,710002370,1010002370,0.627373352608221,0.627373352608221,0,0,0,1,1,""
0.25,371,710002371,1010002371,0.589990879795182,0.589990879795182,0,0,0,1,1,""
0.25,372,710002372,1010002372,0.602690611039659,0.602690611039659,0,0,0,1,1,""
0.25,373,710002373,1010002373,0.675107755946939,0.675107755946939,0,0,0,1,1,""
0.25,374,710002374,1010002374,0.554891540046529,0.554891540046529,0,0,0,1,1,""
0.25,375,710002375,1010002375,0.605772927346108,0.605772927346108,0,0,0,1,1,""
0.25,376,710002376,1010002376,0.638156184928507,0.638156184928507,0,0,0,1,1,""
0.25,377,710002377,1010002377,0.617418468800729,0.617418468800729,0,0,0,1,1,""
0.25,378,710002378,1010002378,0.608216046509722,0.608216046509722,0,0,0,1,1,""
0.25,379,710002379,1010002379,0.579670485263794,0.579670485263794,0,0,0,1,1,""
0.25,380,710002380,1010002380,0.613533331417902,0.613533331417902,0,0,0,1,1,""
0.25,381,710002381,1010002381,0.60703505422899,0.60703505422899,0,0,0,1,1,""
0.25,382,710002382,1010002382,0.592975135880573,0.592975135880573,0,0,0,1,1,""
0.25,383,710002383,1010002383,0.544362236738703,0.544362236738703,0,0,0,1,1,""
0.25,384,710002384,1010002384,0.605224963020487,0.605224963020487,0,0,0,1,1,""
0.25,385,710002385,1010002385,0.628117894788081,0.628117894788081,0,0,0,1,1,""
0.25,386,710002386,1010002386,0.597297328833076,0.597297328833076,0,0,0,1,1,""
0.25,387,710002387,1010002387,0.649503392947708,0.649503392947708,0,0,0,1,1,""
0.25,388,710002388,1010002388,0.584505464119586,0.584505464119586,0,0,0,1,1,""
0.25,389,710002389,1010002389,0.650210707054015,0.650210707054015,0,0,0,1,1,""
0.25,390,710002390,1010002390,0.602429473787972,0.602429473787972,0,0,0,1,1,""
0.25,391,710002391,1010002391,0.58736317837989,0.58736317837989,0,0,0,1,1,""
0.25,392,710002392,1010002392,0.629490272242085,0.629490272242085,0,0,0,1,1,""
0.25,393,710002393,1010002393,0.615452063821445,0.615452063821445,0,0,0,1,1,""
0.25,394,710002394,1010002394,0.645048350638166,0.645048350638166,0,0,0,1,1,""
0.25,395,710002395,1010002395,0.574972052260019,0.574972052260019,0,0,0,1,1,""
0.25,396,710002396,1010002396,0.622568790721635,0.622568790721635,0,0,0,1,1,""
0.25,397,710002397,1010002397,0.55394795582065,0.55394795582065,0,0,0,1,1,""
0.25,398,710002398,1010002398,0.66500875265113,0.66500875265113,0,0,0,1,1,""
0.25,399,710002399,1010002399,0.607073318689526,0.607073318689526,0,0,0,1,1,""
0.25,400,710002400,1010002400,0.648984088999293,0.648984088999293,0,0,0,1,1,""
0.25,401,710002401,1010002401,0.620664637853468,0.620664637853468,0,0,0,1,1,""
0.25,402,710002402,1010002402,0.585382354854482,0.585382354854482,0,0,0,1,1,""
0.25,403,710002403,1010002403,0.654165130615121,0.654165130615121,0,0,0,1,1,""
0.25,404,710002404,1010002404,0.659208740318396,0.659208740318396,0,0,0,1,1,""
0.25,405,710002405,1010002405,0.56626674686889,0.56626674686889,0,0,0,1,1,""
0.25,406,710002406,1010002406,0.587443212622593,0.587443212622593,0,0,0,1,1,""
0.25,407,710002407,1010002407,0.633885889819287,0.633885889819287,0,0,0,1,1,""
0.25,408,710002408,1010002408,0.629145296478168,0.629145296478168,0,0,0,1,1,""
0.25,409,710002409,1010002409,0.564677906631379,0.564677906631379,0,0,0,1,1,""
0.25,410,710002410,1010002410,0.656329796736263,0.656329796736263,0,0,0,1,1,""
0.25,411,710002411,1010002411,0.574815672579848,0.574815672579848,0,0,0,1,1,""
0.25,412,710002412,1010002412,0.653685627466888,0.653685627466888,0,0,0,1,1,""
0.25,413,710002413,1010002413,0.629643993072071,0.629643993072071,0,0,0,1,1,""
0.25,414,710002414,1010002414,0.627368698535553,0.627368698535553,0,0,0,1,1,""
0.25,415,710002415,1010002415,0.64854102889805,0.64854102889805,0,0,0,1,1,""
0.25,416,710002416,1010002416,0.653343191116392,0.653343191116392,0,0,0,1,1,""
0.25,417,710002417,1010002417,0.621358409612167,0.621358409612167,0,0,0,1,1,""
0.25,418,710002418,1010002418,0.659473899834123,0.659473899834123,0,0,0,1,1,""
0.25,419,710002419,1010002419,0.575032679672183,0.575032679672183,0,0,0,1,1,""
0.25,420,710002420,1010002420,0.640275885813314,0.640275885813314,0,0,0,1,1,""
0.25,421,710002421,1010002421,0.604682492394688,0.604682492394688,0,0,0,1,1,""
0.25,422,710002422,1010002422,0.619519467400313,0.619519467400313,0,0,0,1,1,""
0.25,423,710002423,1010002423,0.640064852655594,0.640064852655594,0,0,0,1,1,""
0.25,424,710002424,1010002424,0.600561304349526,0.600561304349526,0,0,0,1,1,""
0.25,425,710002425,1010002425,0.619252534652911,0.619252534652911,0,0,0,1,1,""
0.25,426,710002426,1010002426,0.604987065074918,0.604987065074918,0,0,0,1,1,""
0.25,427,710002427,1010002427,0.596987433437129,0.596987433437129,0,0,0,1,1,""
0.25,428,710002428,1010002428,0.595278533882945,0.595278533882945,0,0,0,1,1,""
0.25,429,710002429,1010002429,0.579817529289454,0.579817529289454,0,0,0,1,1,""
0.25,430,710002430,1010002430,0.629184160564192,0.629184160564192,0,0,0,1,1,""
0.25,431,710002431,1010002431,0.595521216855865,0.595521216855865,0,0,0,1,1,""
0.25,432,710002432,1010002432,0.637740079175504,0.637740079175504,0,0,0,1,1,""
0.25,433,710002433,1010002433,0.528310354019309,0.528310354019309,0,0,0,1,1,""
0.25,434,710002434,1010002434,0.630186948689589,0.630186948689589,0,0,0,1,1,""
0.25,435,710002435,1010002435,0.616143784453971,0.616143784453971,0,0,0,1,1,""
0.25,436,710002436,1010002436,0.603268727509149,0.603268727509149,0,0,0,1,1,""
0.25,437,710002437,1010002437,0.664554662024647,0.664554662024647,0,0,0,1,1,""
0.25,438,710002438,1010002438,0.647359770630874,0.647359770630874,0,0,0,1,1,""
0.25,439,710002439,1010002439,0.592375771202259,0.592375771202259,0,0,0,1,1,""
0.25,440,710002440,1010002440,0.569529843447391,0.569529843447391,0,0,0,1,1,""
0.25,441,710002441,1010002441,0.621860705514552,0.621860705514552,0,0,0,1,1,""
0.25,442,710002442,1010002442,0.632461268784301,0.632461268784301,0,0,0,1,1,""
0.25,443,710002443,1010002443,0.581393256320035,0.581393256320035,0,0,0,1,1,""
0.25,444,710002444,1010002444,0.675481867713011,0.675481867713011,0,0,0,1,1,""
0.25,445,710002445,1010002445,0.604603935791182,0.604603935791182,0,0,0,1,1,""
0.25,446,710002446,1010002446,0.523486224640569,0.523486224640569,0,0,0,1,1,""
0.25,447,710002447,1010002447,0.651135029680333,0.651135029680333,0,0,0,1,1,""
0.25,448,710002448,1010002448,0.539777380287898,0.539777380287898,0,0,0,1,1,""
0.25,449,710002449,1010002449,0.623710771683407,0.623710771683407,0,0,0,1,1,""
0.25,450,710002450,1010002450,0.663888017517841,0.663888017517841,0,0,0,1,1,""
0.25,451,710002451,1010002451,0.648889790799198,0.648889790799198,0,0,0,1,1,""
0.25,452,710002452,1010002452,0.61482971322573,0.61482971322573,0,0,0,1,1,""
0.25,453,710002453,1010002453,0.656467406912152,0.656467406912152,0,0,0,1,1,""
0.25,454,710002454,1010002454,0.655495034395273,0.655495034395273,0,0,0,1,1,""
0.25,455,710002455,1010002455,0.621861256190348,0.621861256190348,0,0,0,1,1,""
0.25,456,710002456,1010002456,0.526564771378296,0.526564771378296,0,0,0,1,1,""
0.25,457,710002457,1010002457,0.617305867064403,0.617305867064403,0,0,0,1,1,""
0.25,458,710002458,1010002458,0.632504300637693,0.632504300637693,0,0,0,1,1,""
0.25,459,710002459,1010002459,0.634260312262198,0.634260312262198,0,0,0,1,1,""
0.25,460,710002460,1010002460,0.6713898223194,0.6713898223194,0,0,0,1,1,""
0.25,461,710002461,1010002461,0.629874182019055,0.629874182019055,0,0,0,1,1,""
0.25,462,710002462,1010002462,0.601856468964225,0.601856468964225,0,0,0,1,1,""
0.25,463,710002463,1010002463,0.600396639704366,0.600396639704366,0,0,0,1,1,""
0.25,464,710002464,1010002464,0.634946222080859,0.634946222080859,0,0,0,1,1,""
0.25,465,710002465,1010002465,0.647937789598093,0.647937789598093,0,0,0,1,1,""
0.25,466,710002466,1010002466,0.624469375111635,0.624469375111635,0,0,0,1,1,""
0.25,467,710002467,1010002467,0.630111387288982,0.630111387288982,0,0,0,1,1,""
0.25,468,710002468,1010002468,0.62979425708309,0.62979425708309,0,0,0,1,1,""
0.25,469,710002469,1010002469,0.615471400732062,0.615471400732062,0,0,0,1,1,""
0.25,470,710002470,1010002470,0.663063920832298,0.663063920832298,0,0,0,1,1,""
0.25,471,710002471,1010002471,0.594951493208749,0.594951493208749,0,0,0,1,1,""
0.25,472,710002472,1010002472,0.61136589166872,0.61136589166872,0,0,0,1,1,""
0.25,473,710002473,1010002473,0.589367075605932,0.589367075605932,0,0,0,1,1,""
0.25,474,710002474,1010002474,0.604648075162905,0.604648075162905,0,0,0,1,1,""
0.25,475,710002475,1010002475,0.611283665799614,0.611283665799614,0,0,0,1,1,""
0.25,476,710002476,1010002476,0.599533431138446,0.599533431138446,0,0,0,1,1,""
0.25,477,710002477,1010002477,0.586073261281769,0.586073261281769,0,0,0,1,1,""
0.25,478,710002478,1010002478,0.606822292581025,0.606822292581025,0,0,0,1,1,""
0.25,479,710002479,1010002479,0.608869283855266,0.608869283855266,0,0,0,1,1,""
0.25,480,710002480,1010002480,0.613672894714731,0.613672894714731,0,0,0,1,1,""
0.25,481,710002481,1010002481,0.6069978321174,0.6069978321174,0,0,0,1,1,""
0.25,482,710002482,1010002482,0.559784221708244,0.559784221708244,0,0,0,1,1,""
0.25,483,710002483,1010002483,0.614627860505955,0.614627860505955,0,0,0,1,1,""
0.25,484,710002484,1010002484,0.543304896097765,0.543304896097765,0,0,0,1,1,""
0.25,485,710002485,1010002485,0.64693857940198,0.64693857940198,0,0,0,1,1,""
0.25,486,710002486,1010002486,0.554712666666423,0.554712666666423,0,0,0,1,1,""
0.25,487,710002487,1010002487,0.686657574875735,0.686657574875735,0,0,0,1,1,""
0.25,488,710002488,1010002488,0.590426812258554,0.590426812258554,0,0,0,1,1,""
0.25,489,710002489,1010002489,0.611907609461471,0.611907609461471,0,0,0,1,1,""
0.25,490,710002490,1010002490,0.665903508763254,0.665903508763254,0,0,0,1,1,""
0.25,491,710002491,1010002491,0.677154146904844,0.677154146904844,0,0,0,1,1,""
0.25,492,710002492,1010002492,0.637805538456496,0.637805538456496,0,0,0,1,1,""
0.25,493,710002493,1010002493,0.598680748987735,0.598680748987735,0,0,0,1,1,""
0.25,494,710002494,1010002494,0.647341802972117,0.647341802972117,0,0,0,1,1,""
0.25,495,710002495,1010002495,0.569254136902464,0.569254136902464,0,0,0,1,1,""
0.25,496,710002496,1010002496,0.580599444424277,0.580599444424277,0,0,0,1,1,""
0.25,497,710002497,1010002497,0.614248040050313,0.614248040050313,0,0,0,1,1,""
0.25,498,710002498,1010002498,0.657122175604029,0.657122175604029,0,0,0,1,1,""
0.25,499,710002499,1010002499,0.601901288996152,0.601901288996152,0,0,0,1,1,""
0.25,500,710002500,1010002500,0.567701145231991,0.567701145231991,0,0,0,1,1,""
0.25,501,710002501,1010002501,0.575272399290184,0.575272399290184,0,0,0,1,1,""
0.25,502,710002502,1010002502,0.681146164070782,0.681146164070782,0,0,0,1,1,""
0.25,503,710002503,1010002503,0.602298628587444,0.602298628587444,0,0,0,1,1,""
0.25,504,710002504,1010002504,0.66280139885226,0.66280139885226,0,0,0,1,1,""
0.25,505,710002505,1010002505,0.652900136689433,0.652900136689433,0,0,0,1,1,""
0.25,506,710002506,1010002506,0.650521021391595,0.650521021391595,0,0,0,1,1,""
0.25,507,710002507,1010002507,0.616199424011519,0.616199424011519,0,0,0,1,1,""
0.25,508,710002508,1010002508,0.651359970598296,0.651359970598296,0,0,0,1,1,""
0.25,509,710002509,1010002509,0.585159332574568,0.585159332574568,0,0,0,1,1,""
0.25,510,710002510,1010002510,0.593205022461159,0.593205022461159,0,0,0,1,1,""
0.25,511,710002511,1010002511,0.600975594701428,0.600975594701428,0,0,0,1,1,""
0.25,512,710002512,1010002512,0.675655677361486,0.675655677361486,0,0,0,1,1,""
0.25,513,710002513,1010002513,0.603497379913159,0.603497379913159,0,0,0,1,1,""
0.25,514,710002514,1010002514,0.582993883036524,0.582993883036524,0,0,0,1,1,""
0.25,515,710002515,1010002515,0.658023867036241,0.658023867036241,0,0,0,1,1,""
0.25,516,710002516,1010002516,0.575883979280318,0.575883979280318,0,0,0,1,1,""
0.25,517,710002517,1010002517,0.60008155650386,0.60008155650386,0,0,0,1,1,""
0.25,518,710002518,1010002518,0.627091634987881,0.627091634987881,0,0,0,1,1,""
0.25,519,710002519,1010002519,0.604906230436784,0.604906230436784,0,0,0,1,1,""
0.25,520,710002520,1010002520,0.630063032963458,0.630063032963458,0,0,0,1,1,""
0.25,521,710002521,1010002521,0.556651668126308,0.556651668126308,0,0,0,1,1,""
0.25,522,710002522,1010002522,0.62438299510725,0.62438299510725,0,0,0,1,1,""
0.25,523,710002523,1010002523,0.576867697187066,0.576867697187066,0,0,0,1,1,""
0.25,524,710002524,1010002524,0.610919790555542,0.610919790555542,0,0,0,1,1,""
0.25,525,710002525,1010002525,0.673339161467326,0.673339161467326,0,0,0,1,1,""
0.25,526,710002526,1010002526,0.616599937313891,0.616599937313891,0,0,0,1,1,""
0.25,527,710002527,1010002527,0.64522785010315,0.64522785010315,0,0,0,1,1,""
0.25,528,710002528,1010002528,0.584032512777697,0.584032512777697,0,0,0,1,1,""
0.25,529,710002529,1010002529,0.603549765287838,0.603549765287838,0,0,0,1,1,""
0.25,530,710002530,1010002530,0.614744023447538,0.614744023447538,0,0,0,1,1,""
0.25,531,710002531,1010002531,0.577791632752781,0.577791632752781,0,0,0,1,1,""
0.25,532,710002532,1010002532,0.596693593147864,0.596693593147864,0,0,0,1,1,""
0.25,533,710002533,1010002533,0.602848090454047,0.602848090454047,0,0,0,1,1,""
0.25,534,710002534,1010002534,0.550570748102388,0.550570748102388,0,0,0,1,1,""
0.25,535,710002535,1010002535,0.634973869688306,0.634973869688306,0,0,0,1,1,""
0.25,536,710002536,1010002536,0.649715223481287,0.649715223481287,0,0,0,1,1,""
0.25,537,710002537,1010002537,0.655734124633334,0.655734124633334,0,0,0,1,1,""
0.25,538,710002538,1010002538,0.536126362552543,0.536126362552543,0,0,0,1,1,""
0.25,539,710002539,1010002539,0.651953192799125,0.651953192799125,0,0,0,1,1,""
0.25,540,710002540,1010002540,0.64339534112429,0.64339534112429,0,0,0,1,1,""
0.25,541,710002541,1010002541,0.604448119984978,0.604448119984978,0,0,0,1,1,""
0.25,542,710002542,1010002542,0.635369078890835,0.635369078890835,0,0,0,1,1,""
0.25,543,710002543,1010002543,0.683447730689728,0.683447730689728,0,0,0,1,1,""
0.25,544,710002544,1010002544,0.652896137828412,0.652896137828412,0,0,0,1,1,""
0.25,545,710002545,1010002545,0.587561839328281,0.587561839328281,0,0,0,1,1,""
0.25,546,710002546,1010002546,0.647067578900465,0.647067578900465,0,0,0,1,1,""
0.25,547,710002547,1010002547,0.587641402332105,0.587641402332105,0,0,0,1,1,""
0.25,548,710002548,1010002548,0.616625405149626,0.616625405149626,0,0,0,1,1,""
0.25,549,710002549,1010002549,0.606263334482773,0.606263334482773,0,0,0,1,1,""
0.25,550,710002550,1010002550,0.671157579179726,0.671157579179726,0,0,0,1,1,""
0.25,551,710002551,1010002551,0.594662135444209,0.594662135444209,0,0,0,1,1,""
0.25,552,710002552,1010002552,0.615624912742909,0.615624912742909,0,0,0,1,1,""
0.25,553,710002553,1010002553,0.568262519679022,0.568262519679022,0,0,0,1,1,""
0.25,554,710002554,1010002554,0.613035404765921,0.613035404765921,0,0,0,1,1,""
0.25,555,710002555,1010002555,0.59519317235231,0.59519317235231,0,0,0,1,1,""
0.25,556,710002556,1010002556,0.583445732699754,0.583445732699754,0,0,0,1,1,""
0.25,557,710002557,1010002557,0.646308962348135,0.646308962348135,0,0,0,1,1,""
0.25,558,710002558,1010002558,0.610548320310142,0.610548320310142,0,0,0,1,1,""
0.25,559,710002559,1010002559,0.587414133748146,0.587414133748146,0,0,0,1,1,""
0.25,560,710002560,1010002560,0.624341684997092,0.624341684997092,0,0,0,1,1,""
0.25,561,710002561,1010002561,0.648489882231546,0.648489882231546,0,0,0,1,1,""
0.25,562,710002562,1010002562,0.604910502296439,0.604910502296439,0,0,0,1,1,""
0.25,563,710002563,1010002563,0.576210353158986,0.576210353158986,0,0,0,1,1,""
0.25,564,710002564,1010002564,0.58849454744882,0.58849454744882,0,0,0,1,1,""
0.25,565,710002565,1010002565,0.613642202550872,0.613642202550872,0,0,0,1,1,""
0.25,566,710002566,1010002566,0.583422193827469,0.583422193827469,0,0,0,1,1,""
0.25,567,710002567,1010002567,0.66047719424338,0.66047719424338,0,0,0,1,1,""
0.25,568,710002568,1010002568,0.640737523974114,0.640737523974114,0,0,0,1,1,""
0.25,569,710002569,1010002569,0.651874221011047,0.651874221011047,0,0,0,1,1,""
0.25,570,710002570,1010002570,0.647986042953227,0.647986042953227,0,0,0,1,1,""
0.25,571,710002571,1010002571,0.554931195125576,0.554931195125576,0,0,0,1,1,""
0.25,572,710002572,1010002572,0.61206557189904,0.61206557189904,0,0,0,1,1,""
0.25,573,710002573,1010002573,0.587174528015636,0.587174528015636,0,0,0,1,1,""
0.25,574,710002574,1010002574,0.636063502760154,0.636063502760154,0,0,0,1,1,""
0.25,575,710002575,1010002575,0.615137165472244,0.615137165472244,0,0,0,1,1,""
0.25,576,710002576,1010002576,0.559764956702428,0.559764956702428,0,0,0,1,1,""
0.25,577,710002577,1010002577,0.634782389711037,0.634782389711037,0,0,0,1,1,""
0.25,578,710002578,1010002578,0.624121998096382,0.624121998096382,0,0,0,1,1,""
0.25,579,710002579,1010002579,0.659271371563236,0.659271371563236,0,0,0,1,1,""
0.25,580,710002580,1010002580,0.600156810696586,0.600156810696586,0,0,0,1,1,""
0.25,581,710002581,1010002581,0.629891318348849,0.629891318348849,0,0,0,1,1,""
0.25,582,710002582,1010002582,0.622748934475488,0.622748934475488,0,0,0,1,1,""
0.25,583,710002583,1010002583,0.544390925640215,0.544390925640215,0,0,0,1,1,""
0.25,584,710002584,1010002584,0.640939242874143,0.640939242874143,0,0,0,1,1,""
0.25,585,710002585,1010002585,0.617711981099715,0.617711981099715,0,0,0,1,1,""
0.25,586,710002586,1010002586,0.607262700508218,0.607262700508218,0,0,0,1,1,""
0.25,587,710002587,1010002587,0.529706013587561,0.529706013587561,0,0,0,1,1,""
0.25,588,710002588,1010002588,0.596335231148912,0.596335231148912,0,0,0,1,1,""
0.25,589,710002589,1010002589,0.584073349890163,0.584073349890163,0,0,0,1,1,""
0.25,590,710002590,1010002590,0.655645782366105,0.655645782366105,0,0,0,1,1,""
0.25,591,710002591,1010002591,0.62199588966625,0.62199588966625,0,0,0,1,1,""
0.25,592,710002592,1010002592,0.604706645759813,0.604706645759813,0,0,0,1,1,""
0.25,593,710002593,1010002593,0.604044596540318,0.604044596540318,0,0,0,1,1,""
0.25,594,710002594,1010002594,0.637090478694033,0.637090478694033,0,0,0,1,1,""
0.25,595,710002595,1010002595,0.592273496958622,0.592273496958622,0,0,0,1,1,""
0.25,596,710002596,1010002596,0.655042621570671,0.655042621570671,0,0,0,1,1,""
0.25,597,710002597,1010002597,0.579288638104998,0.579288638104998,0,0,0,1,1,""
0.25,598,710002598,1010002598,0.578754246336637,0.578754246336637,0,0,0,1,1,""
0.25,599,710002599,1010002599,0.631901269885954,0.631901269885954,0,0,0,1,1,""
0.25,600,710002600,1010002600,0.672565295241383,0.672565295241383,0,0,0,1,1,""
0.25,601,710002601,1010002601,0.628712458191671,0.628712458191671,0,0,0,1,1,""
0.25,602,710002602,1010002602,0.632516420682577,0.632516420682577,0,0,0,1,1,""
0.25,603,710002603,1010002603,0.598942219158122,0.598942219158122,0,0,0,1,1,""
0.25,604,710002604,1010002604,0.638036259052911,0.638036259052911,0,0,0,1,1,""
0.25,605,710002605,1010002605,0.581931369004088,0.581931369004088,0,0,0,1,1,""
0.25,606,710002606,1010002606,0.602266346928113,0.602266346928113,0,0,0,1,1,""
0.25,607,710002607,1010002607,0.637339467876769,0.637339467876769,0,0,0,1,1,""
0.25,608,710002608,1010002608,0.573656980587523,0.573656980587523,0,0,0,1,1,""
0.25,609,710002609,1010002609,0.591194470925939,0.591194470925939,0,0,0,1,1,""
0.25,610,710002610,1010002610,0.584531081578292,0.584531081578292,0,0,0,1,1,""
0.25,611,710002611,1010002611,0.552052597432741,0.552052597432741,0,0,0,1,1,""
0.25,612,710002612,1010002612,0.648404619713886,0.648404619713886,0,0,0,1,1,""
0.25,613,710002613,1010002613,0.634094385223379,0.634094385223379,0,0,0,1,1,""
0.25,614,710002614,1010002614,0.696126890388953,0.696126890388953,0,0,0,1,1,""
0.25,615,710002615,1010002615,0.552193358348079,0.552193358348079,0,0,0,1,1,""
0.25,616,710002616,1010002616,0.596138460492516,0.596138460492516,0,0,0,1,1,""
0.25,617,710002617,1010002617,0.609632430981926,0.609632430981926,0,0,0,1,1,""
0.25,618,710002618,1010002618,0.61746624884645,0.61746624884645,0,0,0,1,1,""
0.25,619,710002619,1010002619,0.605604681165851,0.605604681165851,0,0,0,1,1,""
0.25,620,710002620,1010002620,0.585735894590063,0.585735894590063,0,0,0,1,1,""
0.25,621,710002621,1010002621,0.636208315160752,0.636208315160752,0,0,0,1,1,""
0.25,622,710002622,1010002622,0.59879468099089,0.59879468099089,0,0,0,1,1,""
0.25,623,710002623,1010002623,0.634732969494389,0.634732969494389,0,0,0,1,1,""
0.25,624,710002624,1010002624,0.61338194613611,0.61338194613611,0,0,0,1,1,""
0.25,625,710002625,1010002625,0.579832997619679,0.579832997619679,0,0,0,1,1,""
0.25,626,710002626,1010002626,0.582435535328584,0.582435535328584,0,0,0,1,1,""
0.25,627,710002627,1010002627,0.559791078607292,0.559791078607292,0,0,0,1,1,""
0.25,628,710002628,1010002628,0.635089191806108,0.635089191806108,0,0,0,1,1,""
0.25,629,710002629,1010002629,0.643168458610589,0.643168458610589,0,0,0,1,1,""
0.25,630,710002630,1010002630,0.553289210769489,0.553289210769489,0,0,0,1,1,""
0.25,631,710002631,1010002631,0.57817423101549,0.57817423101549,0,0,0,1,1,""
0.25,632,710002632,1010002632,0.608104923731201,0.608104923731201,0,0,0,1,1,""
0.25,633,710002633,1010002633,0.656294528296839,0.656294528296839,0,0,0,1,1,""
0.25,634,710002634,1010002634,0.695650937696938,0.695650937696938,0,0,0,1,1,""
0.25,635,710002635,1010002635,0.575643566719452,0.575643566719452,0,0,0,1,1,""
0.25,636,710002636,1010002636,0.579173269992897,0.579173269992897,0,0,0,1,1,""
0.25,637,710002637,1010002637,0.634333657124932,0.634333657124932,0,0,0,1,1,""
0.25,638,710002638,1010002638,0.568465204299665,0.568465204299665,0,0,0,1,1,""
0.25,639,710002639,1010002639,0.637069249608858,0.637069249608858,0,0,0,1,1,""
0.25,640,710002640,1010002640,0.590430267979645,0.590430267979645,0,0,0,1,1,""
0.25,641,710002641,1010002641,0.659595549306248,0.659595549306248,0,0,0,1,1,""
0.25,642,710002642,1010002642,0.690664533876719,0.690664533876719,0,0,0,1,1,""
0.25,643,710002643,1010002643,0.598359883552584,0.598359883552584,0,0,0,1,1,""
0.25,644,710002644,1010002644,0.624356566591728,0.624356566591728,0,0,0,1,1,""
0.25,645,710002645,1010002645,0.604351024404276,0.604351024404276,0,0,0,1,1,""
0.25,646,710002646,1010002646,0.577174314291741,0.577174314291741,0,0,0,1,1,""
0.25,647,710002647,1010002647,0.625771154381398,0.625771154381398,0,0,0,1,1,""
0.25,648,710002648,1010002648,0.601776399921547,0.601776399921547,0,0,0,1,1,""
0.25,649,710002649,1010002649,0.596478543826998,0.596478543826998,0,0,0,1,1,""
0.25,650,710002650,1010002650,0.672241736364666,0.672241736364666,0,0,0,1,1,""
0.25,651,710002651,1010002651,0.606806839944168,0.606806839944168,0,0,0,1,1,""
0.25,652,710002652,1010002652,0.621018639060803,0.621018639060803,0,0,0,1,1,""
0.25,653,710002653,1010002653,0.628518003958157,0.628518003958157,0,0,0,1,1,""
0.25,654,710002654,1010002654,0.551538614059073,0.551538614059073,0,0,0,1,1,""
0.25,655,710002655,1010002655,0.618178231438867,0.618178231438867,0,0,0,1,1,""
0.25,656,710002656,1010002656,0.56146233892996,0.56146233892996,0,0,0,1,1,""
0.25,657,710002657,1010002657,0.667617860870039,0.667617860870039,0,0,0,1,1,""
0.25,658,710002658,1010002658,0.643319205188411,0.643319205188411,0,0,0,1,1,""
0.25,659,710002659,1010002659,0.578798103443072,0.578798103443072,0,0,0,1,1,""
0.25,660,710002660,1010002660,0.645782956411879,0.645782956411879,0,0,0,1,1,""
0.25,661,710002661,1010002661,0.58780701751898,0.58780701751898,0,0,0,1,1,""
0.25,662,710002662,1010002662,0.633558771746772,0.633558771746772,0,0,0,1,1,""
0.25,663,710002663,1010002663,0.639139055330774,0.639139055330774,0,0,0,1,1,""
0.25,664,710002664,1010002664,0.681431890335835,0.681431890335835,0,0,0,1,1,""
0.25,665,710002665,1010002665,0.632650318273046,0.632650318273046,0,0,0,1,1,""
0.25,666,710002666,1010002666,0.65331038058429,0.65331038058429,0,0,0,1,1,""
0.25,667,710002667,1010002667,0.639918172954894,0.639918172954894,0,0,0,1,1,""
0.25,668,710002668,1010002668,0.625162290780011,0.625162290780011,0,0,0,1,1,""
0.25,669,710002669,1010002669,0.546253546727001,0.546253546727001,0,0,0,1,1,""
0.25,670,710002670,1010002670,0.647791259346754,0.647791259346754,0,0,0,1,1,""
0.25,671,710002671,1010002671,0.5392710791457,0.5392710791457,0,0,0,1,1,""
0.25,672,710002672,1010002672,0.599359129783978,0.599359129783978,0,0,0,1,1,""
0.25,673,710002673,1010002673,0.632121458708316,0.632121458708316,0,0,0,1,1,""
0.25,674,710002674,1010002674,0.633027176384294,0.633027176384294,0,0,0,1,1,""
0.25,675,710002675,1010002675,0.672710733932668,0.672710733932668,0,0,0,1,1,""
0.25,676,710002676,1010002676,0.604339537743919,0.604339537743919,0,0,0,1,1,""
0.25,677,710002677,1010002677,0.646531090955346,0.646531090955346,0,0,0,1,1,""
0.25,678,710002678,1010002678,0.62602128542092,0.62602128542092,0,0,0,1,1,""
0.25,679,710002679,1010002679,0.572862607008934,0.572862607008934,0,0,0,1,1,""
0.25,680,710002680,1010002680,0.610598631502333,0.610598631502333,0,0,0,1,1,""
0.25,681,710002681,1010002681,0.622259146595073,0.622259146595073,0,0,0,1,1,""
0.25,682,710002682,1010002682,0.611791456999719,0.611791456999719,0,0,0,1,1,""
0.25,683,710002683,1010002683,0.627721761858884,0.627721761858884,0,0,0,1,1,""
0.25,684,710002684,1010002684,0.659065538391474,0.659065538391474,0,0,0,1,1,""
0.25,685,710002685,1010002685,0.629540725444118,0.629540725444118,0,0,0,1,1,""
0.25,686,710002686,1010002686,0.58472070906081,0.58472070906081,0,0,0,1,1,""
0.25,687,710002687,1010002687,0.583509922094305,0.583509922094305,0,0,0,1,1,""
0.25,688,710002688,1010002688,0.571243182381017,0.571243182381017,0,0,0,1,1,""
0.25,689,710002689,1010002689,0.640201325226776,0.640201325226776,0,0,0,1,1,""
0.25,690,710002690,1010002690,0.595553810741887,0.595553810741887,0,0,0,1,1,""
0.25,691,710002691,1010002691,0.631746638767327,0.631746638767327,0,0,0,1,1,""
0.25,692,710002692,1010002692,0.608696800139508,0.608696800139508,0,0,0,1,1,""
0.25,693,710002693,1010002693,0.647736586621021,0.647736586621021,0,0,0,1,1,""
0.25,694,710002694,1010002694,0.593893231027772,0.593893231027772,0,0,0,1,1,""
0.25,695,710002695,1010002695,0.621215533578881,0.621215533578881,0,0,0,1,1,""
0.25,696,710002696,1010002696,0.64750036748773,0.64750036748773,0,0,0,1,1,""
0.25,697,710002697,1010002697,0.603965892090451,0.603965892090451,0,0,0,1,1,""
0.25,698,710002698,1010002698,0.596572962430128,0.596572962430128,0,0,0,1,1,""
0.25,699,710002699,1010002699,0.625532110417892,0.625532110417892,0,0,0,1,1,""
0.25,700,710002700,1010002700,0.646349031672536,0.646349031672536,0,0,0,1,1,""
0.25,701,710002701,1010002701,0.62776055303371,0.62776055303371,0,0,0,1,1,""
0.25,702,710002702,1010002702,0.61315927097208,0.61315927097208,0,0,0,1,1,""
0.25,703,710002703,1010002703,0.575880632371983,0.575880632371983,0,0,0,1,1,""
0.25,704,710002704,1010002704,0.603908356743713,0.603908356743713,0,0,0,1,1,""
0.25,705,710002705,1010002705,0.64323453793453,0.64323453793453,0,0,0,1,1,""
0.25,706,710002706,1010002706,0.603823875797915,0.603823875797915,0,0,0,1,1,""
0.25,707,710002707,1010002707,0.595683829327423,0.595683829327423,0,0,0,1,1,""
0.25,708,710002708,1010002708,0.587865915075882,0.587865915075882,0,0,0,1,1,""
0.25,709,710002709,1010002709,0.643110647919803,0.643110647919803,0,0,0,1,1,""
0.25,710,710002710,1010002710,0.573011789144541,0.573011789144541,0,0,0,1,1,""
0.25,711,710002711,1010002711,0.576621182785759,0.576621182785759,0,0,0,1,1,""
0.25,712,710002712,1010002712,0.617507264469405,0.617507264469405,0,0,0,1,1,""
0.25,713,710002713,1010002713,0.621321666196156,0.621321666196156,0,0,0,1,1,""
0.25,714,710002714,1010002714,0.555835694407025,0.555835694407025,0,0,0,1,1,""
0.25,715,710002715,1010002715,0.554428448805666,0.554428448805666,0,0,0,1,1,""
0.25,716,710002716,1010002716,0.585082425333554,0.585082425333554,0,0,0,1,1,""
0.25,717,710002717,1010002717,0.649988557429535,0.649988557429535,0,0,0,1,1,""
0.25,718,710002718,1010002718,0.602840907508409,0.602840907508409,0,0,0,1,1,""
0.25,719,710002719,1010002719,0.644224972312297,0.644224972312297,0,0,0,1,1,""
0.25,720,710002720,1010002720,0.563620958372153,0.563620958372153,0,0,0,1,1,""
0.25,721,710002721,1010002721,0.574945215339982,0.574945215339982,0,0,0,1,1,""
0.25,722,710002722,1010002722,0.588558755112324,0.588558755112324,0,0,0,1,1,""
0.25,723,710002723,1010002723,0.653399882781291,0.653399882781291,0,0,0,1,1,""
0.25,724,710002724,1010002724,0.599184063844086,0.599184063844086,0,0,0,1,1,""
0.25,725,710002725,1010002725,0.626211496473363,0.626211496473363,0,0,0,1,1,""
0.25,726,710002726,1010002726,0.627723010495919,0.627723010495919,0,0,0,1,1,""
0.25,727,710002727,1010002727,0.54148474911966,0.54148474911966,0,0,0,1,1,""
0.25,728,710002728,1010002728,0.612187122656684,0.612187122656684,0,0,0,1,1,""
0.25,729,710002729,1010002729,0.638876030810286,0.638876030810286,0,0,0,1,1,""
0.25,730,710002730,1010002730,0.595839065519834,0.595839065519834,0,0,0,1,1,""
0.25,731,710002731,1010002731,0.601348323573191,0.601348323573191,0,0,0,1,1,""
0.25,732,710002732,1010002732,0.613781732115738,0.613781732115738,0,0,0,1,1,""
0.25,733,710002733,1010002733,0.601397164968969,0.601397164968969,0,0,0,1,1,""
0.25,734,710002734,1010002734,0.58983249210901,0.58983249210901,0,0,0,1,1,""
0.25,735,710002735,1010002735,0.576983865936131,0.576983865936131,0,0,0,1,1,""
0.25,736,710002736,1010002736,0.613255167441725,0.613255167441725,0,0,0,1,1,""
0.25,737,710002737,1010002737,0.616750465901509,0.616750465901509,0,0,0,1,1,""
0.25,738,710002738,1010002738,0.597029812107295,0.597029812107295,0,0,0,1,1,""
0.25,739,710002739,1010002739,0.586669674923643,0.586669674923643,0,0,0,1,1,""
0.25,740,710002740,1010002740,0.576654767166798,0.576654767166798,0,0,0,1,1,""
0.25,741,710002741,1010002741,0.625520349655442,0.625520349655442,0,0,0,1,1,""
0.25,742,710002742,1010002742,0.626228928873503,0.626228928873503,0,0,0,1,1,""
0.25,743,710002743,1010002743,0.668767506214648,0.668767506214648,0,0,0,1,1,""
0.25,744,710002744,1010002744,0.618567370541873,0.618567370541873,0,0,0,1,1,""
0.25,745,710002745,1010002745,0.634383787239905,0.634383787239905,0,0,0,1,1,""
0.25,746,710002746,1010002746,0.647871409037794,0.647871409037794,0,0,0,1,1,""
0.25,747,710002747,1010002747,0.599080965607879,0.599080965607879,0,0,0,1,1,""
0.25,748,710002748,1010002748,0.605614621604984,0.605614621604984,0,0,0,1,1,""
0.25,749,710002749,1010002749,0.64208451502598,0.64208451502598,0,0,0,1,1,""
0.25,750,710002750,1010002750,0.605731985921127,0.605731985921127,0,0,0,1,1,""
0.25,751,710002751,1010002751,0.595623512700206,0.595623512700206,0,0,0,1,1,""
0.25,752,710002752,1010002752,0.614489241778889,0.614489241778889,0,0,0,1,1,""
0.25,753,710002753,1010002753,0.622625630822603,0.622625630822603,0,0,0,1,1,""
0.25,754,710002754,1010002754,0.61912587575096,0.61912587575096,0,0,0,1,1,""
0.25,755,710002755,1010002755,0.602500041745145,0.602500041745145,0,0,0,1,1,""
0.25,756,710002756,1010002756,0.629307313302129,0.629307313302129,0,0,0,1,1,""
0.25,757,710002757,1010002757,0.626479712265032,0.626479712265032,0,0,0,1,1,""
0.25,758,710002758,1010002758,0.618936275014088,0.618936275014088,0,0,0,1,1,""
0.25,759,710002759,1010002759,0.629906164423477,0.629906164423477,0,0,0,1,1,""
0.25,760,710002760,1010002760,0.570404812265222,0.570404812265222,0,0,0,1,1,""
0.25,761,710002761,1010002761,0.599004785496866,0.599004785496866,0,0,0,1,1,""
0.25,762,710002762,1010002762,0.560089919280224,0.560089919280224,0,0,0,1,1,""
0.25,763,710002763,1010002763,0.620060494930122,0.620060494930122,0,0,0,1,1,""
0.25,764,710002764,1010002764,0.59669101859548,0.59669101859548,0,0,0,1,1,""
0.25,765,710002765,1010002765,0.668602289076674,0.668602289076674,0,0,0,1,1,""
0.25,766,710002766,1010002766,0.574929788403813,0.574929788403813,0,0,0,1,1,""
0.25,767,710002767,1010002767,0.642102428754875,0.642102428754875,0,0,0,1,1,""
0.25,768,710002768,1010002768,0.653705483247171,0.653705483247171,0,0,0,1,1,""
0.25,769,710002769,1010002769,0.586332939428412,0.586332939428412,0,0,0,1,1,""
0.25,770,710002770,1010002770,0.625506092667658,0.625506092667658,0,0,0,1,1,""
0.25,771,710002771,1010002771,0.609401927891374,0.609401927891374,0,0,0,1,1,""
0.25,772,710002772,1010002772,0.609019894679092,0.609019894679092,0,0,0,1,1,""
0.25,773,710002773,1010002773,0.648367045269216,0.648367045269216,0,0,0,1,1,""
0.25,774,710002774,1010002774,0.587586598995202,0.587586598995202,0,0,0,1,1,""
0.25,775,710002775,1010002775,0.583710653493605,0.583710653493605,0,0,0,1,1,""
0.25,776,710002776,1010002776,0.589484761320087,0.589484761320087,0,0,0,1,1,""
0.25,777,710002777,1010002777,0.626124753433605,0.626124753433605,0,0,0,1,1,""
0.25,778,710002778,1010002778,0.63786658742716,0.63786658742716,0,0,0,1,1,""
0.25,779,710002779,1010002779,0.606293223962607,0.606293223962607,0,0,0,1,1,""
0.25,780,710002780,1010002780,0.626440267783615,0.626440267783615,0,0,0,1,1,""
0.25,781,710002781,1010002781,0.569252196042421,0.569252196042421,0,0,0,1,1,""
0.25,782,710002782,1010002782,0.630706544051466,0.630706544051466,0,0,0,1,1,""
0.25,783,710002783,1010002783,0.611189251155662,0.611189251155662,0,0,0,1,1,""
0.25,784,710002784,1010002784,0.612703705244977,0.612703705244977,0,0,0,1,1,""
0.25,785,710002785,1010002785,0.618030497258342,0.618030497258342,0,0,0,1,1,""
0.25,786,710002786,1010002786,0.654291574847176,0.654291574847176,0,0,0,1,1,""
0.25,787,710002787,1010002787,0.619140746257285,0.619140746257285,0,0,0,1,1,""
0.25,788,710002788,1010002788,0.544742911634849,0.544742911634849,0,0,0,1,1,""
0.25,789,710002789,1010002789,0.658993707751472,0.658993707751472,0,0,0,1,1,""
0.25,790,710002790,1010002790,0.603744320322434,0.603744320322434,0,0,0,1,1,""
0.25,791,710002791,1010002791,0.604570551202858,0.604570551202858,0,0,0,1,1,""
0.25,792,710002792,1010002792,0.537163007106451,0.537163007106451,0,0,0,1,1,""
0.25,793,710002793,1010002793,0.628075753905867,0.628075753905867,0,0,0,1,1,""
0.25,794,710002794,1010002794,0.626438574407815,0.626438574407815,0,0,0,1,1,""
0.25,795,710002795,1010002795,0.573484321263932,0.573484321263932,0,0,0,1,1,""
0.25,796,710002796,1010002796,0.616167757013213,0.616167757013213,0,0,0,1,1,""
0.25,797,710002797,1010002797,0.61675975935369,0.61675975935369,0,0,0,1,1,""
0.25,798,710002798,1010002798,0.6137837749997,0.6137837749997,0,0,0,1,1,""
0.25,799,710002799,1010002799,0.672916176376977,0.672916176376977,0,0,0,1,1,""
0.25,800,710002800,1010002800,0.570188879190335,0.570188879190335,0,0,0,1,1,""
0.25,801,710002801,1010002801,0.662909849392868,0.662909849392868,0,0,0,1,1,""
0.25,802,710002802,1010002802,0.623457515345049,0.623457515345049,0,0,0,1,1,""
0.25,803,710002803,1010002803,0.676330227418561,0.676330227418561,0,0,0,1,1,""
0.25,804,710002804,1010002804,0.59913422224435,0.59913422224435,0,0,0,1,1,""
0.25,805,710002805,1010002805,0.616935744102463,0.616935744102463,0,0,0,1,1,""
0.25,806,710002806,1010002806,0.586303237064844,0.586303237064844,0,0,0,1,1,""
0.25,807,710002807,1010002807,0.594689809578035,0.594689809578035,0,0,0,1,1,""
0.25,808,710002808,1010002808,0.591135690034024,0.591135690034024,0,0,0,1,1,""
0.25,809,710002809,1010002809,0.639497612035922,0.639497612035922,0,0,0,1,1,""
0.25,810,710002810,1010002810,0.652805745086973,0.652805745086973,0,0,0,1,1,""
0.25,811,710002811,1010002811,0.599655383472638,0.599655383472638,0,0,0,1,1,""
0.25,812,710002812,1010002812,0.661661121189202,0.661661121189202,0,0,0,1,1,""
0.25,813,710002813,1010002813,0.602445006636473,0.602445006636473,0,0,0,1,1,""
0.25,814,710002814,1010002814,0.614792182387648,0.614792182387648,0,0,0,1,1,""
0.25,815,710002815,1010002815,0.615371071301023,0.615371071301023,0,0,0,1,1,""
0.25,816,710002816,1010002816,0.561885799351532,0.561885799351532,0,0,0,1,1,""
0.25,817,710002817,1010002817,0.552488757094295,0.552488757094295,0,0,0,1,1,""
0.25,818,710002818,1010002818,0.644591045287831,0.644591045287831,0,0,0,1,1,""
0.25,819,710002819,1010002819,0.618235035349923,0.618235035349923,0,0,0,1,1,""
0.25,820,710002820,1010002820,0.646197637914276,0.646197637914276,0,0,0,1,1,""
0.25,821,710002821,1010002821,0.553401218746525,0.553401218746525,0,0,0,1,1,""
0.25,822,710002822,1010002822,0.642872302745614,0.642872302745614,0,0,0,1,1,""
0.25,823,710002823,1010002823,0.594283766103878,0.594283766103878,0,0,0,1,1,""
0.25,824,710002824,1010002824,0.617343452954457,0.617343452954457,0,0,0,1,1,""
0.25,825,710002825,1010002825,0.609446646004504,0.609446646004504,0,0,0,1,1,""
0.25,826,710002826,1010002826,0.616646280760739,0.616646280760739,0,0,0,1,1,""
0.25,827,710002827,1010002827,0.580946310266138,0.580946310266138,0,0,0,1,1,""
0.25,828,710002828,1010002828,0.668143243018764,0.668143243018764,0,0,0,1,1,""
0.25,829,710002829,1010002829,0.604098533908999,0.604098533908999,0,0,0,1,1,""
0.25,830,710002830,1010002830,0.567723124964295,0.567723124964295,0,0,0,1,1,""
0.25,831,710002831,1010002831,0.59803683674208,0.59803683674208,0,0,0,1,1,""
0.25,832,710002832,1010002832,0.536222461750798,0.536222461750798,0,0,0,1,1,""
0.25,833,710002833,1010002833,0.621330741608212,0.621330741608212,0,0,0,1,1,""
0.25,834,710002834,1010002834,0.623752308607628,0.623752308607628,0,0,0,1,1,""
0.25,835,710002835,1010002835,0.615176411205036,0.615176411205036,0,0,0,1,1,""
0.25,836,710002836,1010002836,0.53971145651803,0.53971145651803,0,0,0,1,1,""
0.25,837,710002837,1010002837,0.635822743814303,0.635822743814303,0,0,0,1,1,""
0.25,838,710002838,1010002838,0.583609021553854,0.583609021553854,0,0,0,1,1,""
0.25,839,710002839,1010002839,0.580571273883985,0.580571273883985,0,0,0,1,1,""
0.25,840,710002840,1010002840,0.644904217753777,0.644904217753777,0,0,0,1,1,""
0.25,841,710002841,1010002841,0.613877274612014,0.613877274612014,0,0,0,1,1,""
0.25,842,710002842,1010002842,0.611913172512208,0.611913172512208,0,0,0,1,1,""
0.25,843,710002843,1010002843,0.515931539024341,0.515931539024341,0,0,0,1,1,""
0.25,844,710002844,1010002844,0.627011780776467,0.627011780776467,0,0,0,1,1,""
0.25,845,710002845,1010002845,0.63343514085909,0.63343514085909,0,0,0,1,1,""
0.25,846,710002846,1010002846,0.597964822167736,0.597964822167736,0,0,0,1,1,""
0.25,847,710002847,1010002847,0.602728633616549,0.602728633616549,0,0,0,1,1,""
0.25,848,710002848,1010002848,0.650193042852765,0.650193042852765,0,0,0,1,1,""
0.25,849,710002849,1010002849,0.584191831511401,0.584191831511401,0,0,0,1,1,""
0.25,850,710002850,1010002850,0.596864282784958,0.596864282784958,0,0,0,1,1,""
0.25,851,710002851,1010002851,0.633030866437889,0.633030866437889,0,0,0,1,1,""
0.25,852,710002852,1010002852,0.54216507493908,0.54216507493908,0,0,0,1,1,""
0.25,853,710002853,1010002853,0.623563909049354,0.623563909049354,0,0,0,1,1,""
0.25,854,710002854,1010002854,0.609939573996859,0.609939573996859,0,0,0,1,1,""
0.25,855,710002855,1010002855,0.635407773851984,0.635407773851984,0,0,0,1,1,""
0.25,856,710002856,1010002856,0.62379086374349,0.62379086374349,0,0,0,1,1,""
0.25,857,710002857,1010002857,0.609161989713057,0.609161989713057,0,0,0,1,1,""
0.25,858,710002858,1010002858,0.640470747288072,0.640470747288072,0,0,0,1,1,""
0.25,859,710002859,1010002859,0.633352461548221,0.633352461548221,0,0,0,1,1,""
0.25,860,710002860,1010002860,0.608775721626269,0.608775721626269,0,0,0,1,1,""
0.25,861,710002861,1010002861,0.641843944110173,0.641843944110173,0,0,0,1,1,""
0.25,862,710002862,1010002862,0.611711562760485,0.611711562760485,0,0,0,1,1,""
0.25,863,710002863,1010002863,0.703141706668549,0.703141706668549,0,0,0,1,1,""
0.25,864,710002864,1010002864,0.655197130166862,0.655197130166862,0,0,0,1,1,""
0.25,865,710002865,1010002865,0.539419317678417,0.539419317678417,0,0,0,1,1,""
0.25,866,710002866,1010002866,0.629259308358839,0.629259308358839,0,0,0,1,1,""
0.25,867,710002867,1010002867,0.639372697559395,0.639372697559395,0,0,0,1,1,""
0.25,868,710002868,1010002868,0.585820760518079,0.585820760518079,0,0,0,1,1,""
0.25,869,710002869,1010002869,0.611902477601704,0.611902477601704,0,0,0,1,1,""
0.25,870,710002870,1010002870,0.583081366613325,0.583081366613325,0,0,0,1,1,""
0.25,871,710002871,1010002871,0.635707029754844,0.635707029754844,0,0,0,1,1,""
0.25,872,710002872,1010002872,0.605281374580025,0.605281374580025,0,0,0,1,1,""
0.25,873,710002873,1010002873,0.610831342060292,0.610831342060292,0,0,0,1,1,""
0.25,874,710002874,1010002874,0.593126133959527,0.593126133959527,0,0,0,1,1,""
0.25,875,710002875,1010002875,0.632091596929563,0.632091596929563,0,0,0,1,1,""
0.25,876,710002876,1010002876,0.574461049279543,0.574461049279543,0,0,0,1,1,""
0.25,877,710002877,1010002877,0.669429176975298,0.669429176975298,0,0,0,1,1,""
0.25,878,710002878,1010002878,0.651297186933408,0.651297186933408,0,0,0,1,1,""
0.25,879,710002879,1010002879,0.651785422505861,0.651785422505861,0,0,0,1,1,""
0.25,880,710002880,1010002880,0.623425890350385,0.623425890350385,0,0,0,1,1,""
0.25,881,710002881,1010002881,0.649278782984431,0.649278782984431,0,0,0,1,1,""
0.25,882,710002882,1010002882,0.625926269338532,0.625926269338532,0,0,0,1,1,""
0.25,883,710002883,1010002883,0.595133745838887,0.595133745838887,0,0,0,1,1,""
0.25,884,710002884,1010002884,0.636791905144467,0.636791905144467,0,0,0,1,1,""
0.25,885,710002885,1010002885,0.561337586851782,0.561337586851782,0,0,0,1,1,""
0.25,886,710002886,1010002886,0.621665123987552,0.621665123987552,0,0,0,1,1,""
0.25,887,710002887,1010002887,0.597586997372442,0.597586997372442,0,0,0,1,1,""
0.25,888,710002888,1010002888,0.582568191203375,0.582568191203375,0,0,0,1,1,""
0.25,889,710002889,1010002889,0.658586501641091,0.658586501641091,0,0,0,1,1,""
0.25,890,710002890,1010002890,0.567719596446648,0.567719596446648,0,0,0,1,1,""
0.25,891,710002891,1010002891,0.627929295062389,0.627929295062389,0,0,0,1,1,""
0.25,892,710002892,1010002892,0.6228533847926,0.6228533847926,0,0,0,1,1,""
0.25,893,710002893,1010002893,0.665007162747261,0.665007162747261,0,0,0,1,1,""
0.25,894,710002894,1010002894,0.618437507672713,0.618437507672713,0,0,0,1,1,""
0.25,895,710002895,1010002895,0.593113686574253,0.593113686574253,0,0,0,1,1,""
0.25,896,710002896,1010002896,0.580100936936961,0.580100936936961,0,0,0,1,1,""
0.25,897,710002897,1010002897,0.60030687769388,0.60030687769388,0,0,0,1,1,""
0.25,898,710002898,1010002898,0.619703535086897,0.619703535086897,0,0,0,1,1,""
0.25,899,710002899,1010002899,0.650375684371755,0.650375684371755,0,0,0,1,1,""
0.25,900,710002900,1010002900,0.627654452724728,0.627654452724728,0,0,0,1,1,""
0.25,901,710002901,1010002901,0.597269430346059,0.597269430346059,0,0,0,1,1,""
0.25,902,710002902,1010002902,0.614401258539879,0.614401258539879,0,0,0,1,1,""
0.25,903,710002903,1010002903,0.604592442155394,0.604592442155394,0,0,0,1,1,""
0.25,904,710002904,1010002904,0.544846084322788,0.544846084322788,0,0,0,1,1,""
0.25,905,710002905,1010002905,0.632165682843921,0.632165682843921,0,0,0,1,1,""
0.25,906,710002906,1010002906,0.674049776002274,0.674049776002274,0,0,0,1,1,""
0.25,907,710002907,1010002907,0.633727728070494,0.633727728070494,0,0,0,1,1,""
0.25,908,710002908,1010002908,0.599299099509617,0.599299099509617,0,0,0,1,1,""
0.25,909,710002909,1010002909,0.580005552255492,0.580005552255492,0,0,0,1,1,""
0.25,910,710002910,1010002910,0.532694369039357,0.532694369039357,0,0,0,1,1,""
0.25,911,710002911,1010002911,0.621622315760062,0.621622315760062,0,0,0,1,1,""
0.25,912,710002912,1010002912,0.57903640711,0.57903640711,0,0,0,1,1,""
0.25,913,710002913,1010002913,0.5987188989001,0.5987188989001,0,0,0,1,1,""
0.25,914,710002914,1010002914,0.631504818654616,0.631504818654616,0,0,0,1,1,""
0.25,915,710002915,1010002915,0.663332695114054,0.663332695114054,0,0,0,1,1,""
0.25,916,710002916,1010002916,0.582683189343428,0.582683189343428,0,0,0,1,1,""
0.25,917,710002917,1010002917,0.702614790021701,0.702614790021701,0,0,0,1,1,""
0.25,918,710002918,1010002918,0.599574190890152,0.599574190890152,0,0,0,1,1,""
0.25,919,710002919,1010002919,0.59180941376575,0.59180941376575,0,0,0,1,1,""
0.25,920,710002920,1010002920,0.561656383777433,0.561656383777433,0,0,0,1,1,""
0.25,921,710002921,1010002921,0.641690246053326,0.641690246053326,0,0,0,1,1,""
0.25,922,710002922,1010002922,0.629011530884941,0.629011530884941,0,0,0,1,1,""
0.25,923,710002923,1010002923,0.632674123446691,0.632674123446691,0,0,0,1,1,""
0.25,924,710002924,1010002924,0.630092886122066,0.630092886122066,0,0,0,1,1,""
0.25,925,710002925,1010002925,0.624739135941987,0.624739135941987,0,0,0,1,1,""
0.25,926,710002926,1010002926,0.613324677343246,0.613324677343246,0,0,0,1,1,""
0.25,927,710002927,1010002927,0.591981015988736,0.591981015988736,0,0,0,1,1,""
0.25,928,710002928,1010002928,0.543094906674571,0.543094906674571,0,0,0,1,1,""
0.25,929,710002929,1010002929,0.621088994483844,0.621088994483844,0,0,0,1,1,""
0.25,930,710002930,1010002930,0.659303753875333,0.659303753875333,0,0,0,1,1,""
0.25,931,710002931,1010002931,0.538926884899019,0.538926884899019,0,0,0,1,1,""
0.25,932,710002932,1010002932,0.58871280311573,0.58871280311573,0,0,0,1,1,""
0.25,933,710002933,1010002933,0.584217464868402,0.584217464868402,0,0,0,1,1,""
0.25,934,710002934,1010002934,0.544955229303011,0.544955229303011,0,0,0,1,1,""
0.25,935,710002935,1010002935,0.544087061773618,0.544087061773618,0,0,0,1,1,""
0.25,936,710002936,1010002936,0.594330515304384,0.594330515304384,0,0,0,1,1,""
0.25,937,710002937,1010002937,0.60645991217703,0.60645991217703,0,0,0,1,1,""
0.25,938,710002938,1010002938,0.582416073896163,0.582416073896163,0,0,0,1,1,""
0.25,939,710002939,1010002939,0.607939389597651,0.607939389597651,0,0,0,1,1,""
0.25,940,710002940,1010002940,0.594656113275221,0.594656113275221,0,0,0,1,1,""
0.25,941,710002941,1010002941,0.609784598721445,0.609784598721445,0,0,0,1,1,""
0.25,942,710002942,1010002942,0.631453961564831,0.631453961564831,0,0,0,1,1,""
0.25,943,710002943,1010002943,0.586692744718701,0.586692744718701,0,0,0,1,1,""
0.25,944,710002944,1010002944,0.60257749310479,0.60257749310479,0,0,0,1,1,""
0.25,945,710002945,1010002945,0.575108160068186,0.575108160068186,0,0,0,1,1,""
0.25,946,710002946,1010002946,0.603381412829157,0.603381412829157,0,0,0,1,1,""
0.25,947,710002947,1010002947,0.672014359447872,0.672014359447872,0,0,0,1,1,""
0.25,948,710002948,1010002948,0.630769160247989,0.630769160247989,0,0,0,1,1,""
0.25,949,710002949,1010002949,0.568112135574514,0.568112135574514,0,0,0,1,1,""
0.25,950,710002950,1010002950,0.617404256857701,0.617404256857701,0,0,0,1,1,""
0.25,951,710002951,1010002951,0.601077548762129,0.601077548762129,0,0,0,1,1,""
0.25,952,710002952,1010002952,0.557081704493255,0.557081704493255,0,0,0,1,1,""
0.25,953,710002953,1010002953,0.610082455275106,0.610082455275106,0,0,0,1,1,""
0.25,954,710002954,1010002954,0.620361058578135,0.620361058578135,0,0,0,1,1,""
0.25,955,710002955,1010002955,0.611564922989715,0.611564922989715,0,0,0,1,1,""
0.25,956,710002956,1010002956,0.594896799771495,0.594896799771495,0,0,0,1,1,""
0.25,957,710002957,1010002957,0.638195664305851,0.638195664305851,0,0,0,1,1,""
0.25,958,710002958,1010002958,0.589717197046262,0.589717197046262,0,0,0,1,1,""
0.25,959,710002959,1010002959,0.542280198564606,0.542280198564606,0,0,0,1,1,""
0.25,960,710002960,1010002960,0.627216952353993,0.627216952353993,0,0,0,1,1,""
0.25,961,710002961,1010002961,0.638987296967844,0.638987296967844,0,0,0,1,1,""
0.25,962,710002962,1010002962,0.553492976995585,0.553492976995585,0,0,0,1,1,""
0.25,963,710002963,1010002963,0.609113824493426,0.609113824493426,0,0,0,1,1,""
0.25,964,710002964,1010002964,0.631731546281661,0.631731546281661,0,0,0,1,1,""
0.25,965,710002965,1010002965,0.601402792186328,0.601402792186328,0,0,0,1,1,""
0.25,966,710002966,1010002966,0.573134963656236,0.573134963656236,0,0,0,1,1,""
0.25,967,710002967,1010002967,0.610751029323496,0.610751029323496,0,0,0,1,1,""
0.25,968,710002968,1010002968,0.593154651353191,0.593154651353191,0,0,0,1,1,""
0.25,969,710002969,1010002969,0.553822779494899,0.553822779494899,0,0,0,1,1,""
0.25,970,710002970,1010002970,0.607466895087905,0.607466895087905,0,0,0,1,1,""
0.25,971,710002971,1010002971,0.633009735809751,0.633009735809751,0,0,0,1,1,""
0.25,972,710002972,1010002972,0.581097210878326,0.581097210878326,0,0,0,1,1,""
0.25,973,710002973,1010002973,0.620793601054056,0.620793601054056,0,0,0,1,1,""
0.25,974,710002974,1010002974,0.563619587581308,0.563619587581308,0,0,0,1,1,""
0.25,975,710002975,1010002975,0.562215612910963,0.562215612910963,0,0,0,1,1,""
0.25,976,710002976,1010002976,0.571639613869206,0.571639613869206,0,0,0,1,1,""
0.25,977,710002977,1010002977,0.584949591746986,0.584949591746986,0,0,0,1,1,""
0.25,978,710002978,1010002978,0.550211377410459,0.550211377410459,0,0,0,1,1,""
0.25,979,710002979,1010002979,0.569355793968659,0.569355793968659,0,0,0,1,1,""
0.25,980,710002980,1010002980,0.681218535540364,0.681218535540364,0,0,0,1,1,""
0.25,981,710002981,1010002981,0.60488440899693,0.60488440899693,0,0,0,1,1,""
0.25,982,710002982,1010002982,0.58431410456982,0.58431410456982,0,0,0,1,1,""
0.25,983,710002983,1010002983,0.525335305903799,0.525335305903799,0,0,0,1,1,""
0.25,984,710002984,1010002984,0.628350079253105,0.628350079253105,0,0,0,1,1,""
0.25,985,710002985,1010002985,0.648530476036987,0.648530476036987,0,0,0,1,1,""
0.25,986,710002986,1010002986,0.623260589136109,0.623260589136109,0,0,0,1,1,""
0.25,987,710002987,1010002987,0.575631502380672,0.575631502380672,0,0,0,1,1,""
0.25,988,710002988,1010002988,0.578388732981982,0.578388732981982,0,0,0,1,1,""
0.25,989,710002989,1010002989,0.580080918677235,0.580080918677235,0,0,0,1,1,""
0.25,990,710002990,1010002990,0.646716522463653,0.646716522463653,0,0,0,1,1,""
0.25,991,710002991,1010002991,0.639967632639916,0.639967632639916,0,0,0,1,1,""
0.25,992,710002992,1010002992,0.609601487106911,0.609601487106911,0,0,0,1,1,""
0.25,993,710002993,1010002993,0.600727453318387,0.600727453318387,0,0,0,1,1,""
0.25,994,710002994,1010002994,0.68954593541476,0.68954593541476,0,0,0,1,1,""
0.25,995,710002995,1010002995,0.604496740851535,0.604496740851535,0,0,0,1,1,""
0.25,996,710002996,1010002996,0.590193794628102,0.590193794628102,0,0,0,1,1,""
0.25,997,710002997,1010002997,0.616572977550766,0.616572977550766,0,0,0,1,1,""
0.25,998,710002998,1010002998,0.597492839039398,0.597492839039398,0,0,0,1,1,""
0.25,999,710002999,1010002999,0.598104750034631,0.598104750034631,0,0,0,1,1,""
0.25,1000,710003000,1010003000,0.655319919219849,0.655319919219849,0,0,0,1,1,""
4,1,710004001,1010004001,0.578881675970214,0.569597184247298,0.00928449172291579,0.00761026608330489,0,0,1,""
4,2,710004002,1010004002,0.567881252787674,0.57231539276843,-0.00443413998075626,0.00555045538647651,0,0,1,""
4,3,710004003,1010004003,0.651774479863521,0.646066046249631,0.00570843361389062,0.00549552360934873,0,0,1,""
4,4,710004004,1010004004,0.628754444090862,0.622664605851057,0.00608983823980469,0.00357481042612408,0,0,1,""
4,5,710004005,1010004005,0.579455256945665,0.581115784840947,-0.00166052789528193,0.00608747766747829,0,0,1,""
4,6,710004006,1010004006,0.58641106897847,0.588304875961227,-0.0018938069827571,0.00546321617003492,0,0,1,""
4,7,710004007,1010004007,0.667424221017145,0.667808793199302,-0.000384572182156928,0.00367140582768386,0,0,1,""
4,8,710004008,1010004008,0.638646419148561,0.636234765759415,0.00241165338914529,0.00385353669841604,0,0,1,""
4,9,710004009,1010004009,0.623674445752946,0.625013957062159,-0.00133951130921317,0.00596326250845789,0,0,1,""
4,10,710004010,1010004010,0.617968052506507,0.616609064384859,0.0013589881216477,0.00341633157937126,0,0,1,""
4,11,710004011,1010004011,0.633225086040815,0.629837608314783,0.00338747772603276,0.00360402348319744,0,0,1,""
4,12,710004012,1010004012,0.670775551138904,0.663158094918798,0.0076174562201059,0.00408933221538921,0,0,1,""
4,13,710004013,1010004013,0.545963884726377,0.542030100432707,0.00393378429367064,0.00263094754692505,0,0,1,""
4,14,710004014,1010004014,0.618340201567435,0.629373470153518,-0.0110332685860831,0.0051042871140505,1,0,1,""
4,15,710004015,1010004015,0.611162299702179,0.613308868751278,-0.00214656904909838,0.00606320117920379,0,0,1,""
4,16,710004016,1010004016,0.670110543329554,0.670609962099991,-0.00049941877043691,0.0036847883588004,0,0,1,""
4,17,710004017,1010004017,0.654480856869458,0.658853106170129,-0.00437224930067093,0.00508560192787158,0,0,1,""
4,18,710004018,1010004018,0.543671962495167,0.53548557860327,0.00818638389189719,0.00672572240326907,0,0,1,""
4,19,710004019,1010004019,0.646173010240425,0.645859810428276,0.000313199812148612,0.00645602380600984,0,0,1,""
4,20,710004020,1010004020,0.701892485733636,0.701977643756283,-8.51580226469695e-05,0.00470660447409529,0,0,1,""
4,21,710004021,1010004021,0.625571722338847,0.626247275732345,-0.000675553393498451,0.00348967373485574,0,0,1,""
4,22,710004022,1010004022,0.632894458047495,0.631905986341279,0.000988471706216409,0.00478272734576762,0,0,1,""
4,23,710004023,1010004023,0.589547826793644,0.586760182137,0.00278764465664383,0.00614036568050592,0,0,1,""
4,24,710004024,1010004024,0.593816145707173,0.58868577093206,0.0051303747751128,0.00470666432430191,0,0,1,""
4,25,710004025,1010004025,0.577549994516755,0.576703472223496,0.000846522293258545,0.00362133244418278,0,0,1,""
4,26,710004026,1010004026,0.623922192106177,0.629967806597436,-0.00604561449125951,0.00540800592437546,0,0,1,""
4,27,710004027,1010004027,0.608990084597976,0.612316583621434,-0.0033264990234585,0.00527397173734847,0,0,1,""
4,28,710004028,1010004028,0.582367471578418,0.591182770073597,-0.00881529849517893,0.00887959341797582,0,0,1,""
4,29,710004029,1010004029,0.634332040348906,0.632435745655197,0.001896294693709,0.00426553474042716,0,0,1,""
4,30,710004030,1010004030,0.532913448147485,0.5200244992403,0.0128889489071847,0.0068273416665464,0,0,1,""
4,31,710004031,1010004031,0.568628743099465,0.565769546474199,0.00285919662526635,0.00663821488006174,0,0,1,""
4,32,710004032,1010004032,0.538056106982873,0.54424817875642,-0.00619207177354642,0.00513265735487231,0,0,1,""
4,33,710004033,1010004033,0.562478169532732,0.556974236725071,0.00550393280766104,0.00382736908183771,0,0,1,""
4,34,710004034,1010004034,0.574513105382943,0.581652442653903,-0.00713933727095972,0.00563651526501335,0,0,1,""
4,35,710004035,1010004035,0.663363189474247,0.692196438321385,-0.0288332488471381,0.0140662587212848,1,0,1,""
4,36,710004036,1010004036,0.607379887914978,0.604485266410431,0.00289462150454678,0.00514564374523468,0,0,1,""
4,37,710004037,1010004037,0.574451515911551,0.576545886279564,-0.00209437036801341,0.00422860607639208,0,0,1,""
4,38,710004038,1010004038,0.628841342258726,0.624061963998801,0.00477937825992481,0.00318166122321349,0,0,1,""
4,39,710004039,1010004039,0.641446709833618,0.642821045247686,-0.00137433541406762,0.00460514731645519,0,0,1,""
4,40,710004040,1010004040,0.59666771263417,0.592114406083315,0.00455330655085584,0.00602320329428956,0,0,1,""
4,41,710004041,1010004041,0.659101606066901,0.663824867057129,-0.00472326099022802,0.00478463046331174,0,0,1,""
4,42,710004042,1010004042,0.662759998960733,0.667333140335456,-0.00457314137472309,0.00673785362046218,0,0,1,""
4,43,710004043,1010004043,0.660714701922768,0.655125565202086,0.00558913672068284,0.0032362253613836,0,0,1,""
4,44,710004044,1010004044,0.653892990243509,0.654223885011119,-0.000330894767610057,0.00480313537623471,0,0,1,""
4,45,710004045,1010004045,0.583441303309412,0.583930644155404,-0.000489340845992281,0.00206045233225228,0,0,1,""
4,46,710004046,1010004046,0.636377418136872,0.633415480925805,0.00296193721106752,0.00497485646229349,0,0,1,""
4,47,710004047,1010004047,0.602156295932636,0.60809879596919,-0.00594250003655394,0.00466729157251258,0,0,1,""
4,48,710004048,1010004048,0.600541179354789,0.60019726553155,0.000343913823238839,0.00392110422749397,0,0,1,""
4,49,710004049,1010004049,0.596333824244099,0.593803504216824,0.00253032002727516,0.00359226768757561,0,0,1,""
4,50,710004050,1010004050,0.586617710769462,0.597137775388268,-0.0105200646188057,0.00713660932713485,0,0,1,""
4,51,710004051,1010004051,0.610277193992216,0.601888900850076,0.00838829314214029,0.00510350271331453,0,0,1,""
4,52,710004052,1010004052,0.641408502472077,0.636526111438311,0.00488239103376575,0.00315306840901705,0,0,1,""
4,53,710004053,1010004053,0.630668254525644,0.626766569213685,0.00390168531195878,0.00498220461962479,0,0,1,""
4,54,710004054,1010004054,0.571523484763569,0.573040924954928,-0.00151744019135824,0.00607021045966311,0,0,1,""
4,55,710004055,1010004055,0.637312494814636,0.631761210685033,0.0055512841296036,0.00629415673662715,0,0,1,""
4,56,710004056,1010004056,0.612045333270091,0.610510712304692,0.00153462096539903,0.00419676593752214,0,0,1,""
4,57,710004057,1010004057,0.601385780442623,0.604736403572517,-0.00335062312989387,0.00515557050924165,0,0,1,""
4,58,710004058,1010004058,0.571443874218072,0.572907675047807,-0.00146380082973485,0.00355692052150729,0,0,1,""
4,59,710004059,1010004059,0.598280422252923,0.592276335720792,0.00600408653213158,0.0077120501556079,0,0,1,""
4,60,710004060,1010004060,0.62686948956993,0.620762241933487,0.00610724763644288,0.00477118721090256,0,0,1,""
4,61,710004061,1010004061,0.627157344810198,0.633290049075375,-0.00613270426517754,0.00665628471561266,0,0,1,""
4,62,710004062,1010004062,0.671111909075182,0.666278399780277,0.00483350929490467,0.00621355235458697,0,0,1,""
4,63,710004063,1010004063,0.623273054353083,0.626011048753126,-0.00273799440004363,0.00371471200951188,0,0,1,""
4,64,710004064,1010004064,0.597691229546014,0.599262446923032,-0.00157121737701793,0.00368272109924183,0,0,1,""
4,65,710004065,1010004065,0.653522260433593,0.649339066232421,0.0041831942011723,0.00432055755563969,0,0,1,""
4,66,710004066,1010004066,0.593054121053634,0.592668313497005,0.000385807556629092,0.00509182693223466,0,0,1,""
4,67,710004067,1010004067,0.638777487139845,0.630682678302964,0.00809480883688085,0.00435294609981644,0,0,1,""
4,68,710004068,1010004068,0.636411572704712,0.639171988939116,-0.00276041623440437,0.00694522679893531,0,0,1,""
4,69,710004069,1010004069,0.593191300542057,0.595935808391236,-0.00274450784917846,0.00401969190684501,0,0,1,""
4,70,710004070,1010004070,0.603996590646215,0.607924836061525,-0.00392824541530945,0.00681955206768012,0,0,1,""
4,71,710004071,1010004071,0.621481150162787,0.619969048762421,0.00151210140036584,0.00398895155022972,0,0,1,""
4,72,710004072,1010004072,0.566678536042273,0.563111263979316,0.00356727206295659,0.00243339350712517,0,0,1,""
4,73,710004073,1010004073,0.590335308002741,0.596452740490033,-0.00611743248729235,0.00581507606697958,0,0,1,""
4,74,710004074,1010004074,0.625166080674639,0.625590215785397,-0.000424135110758894,0.00198817888672718,0,0,1,""
4,75,710004075,1010004075,0.617195654806774,0.617985554890541,-0.000789900083767114,0.00342379106181309,0,0,1,""
4,76,710004076,1010004076,0.620356904854973,0.620876016689115,-0.000519111834141328,0.004202237582695,0,0,1,""
4,77,710004077,1010004077,0.58126008913715,0.589984788023343,-0.00872469888619298,0.00652375377128241,0,0,1,""
4,78,710004078,1010004078,0.665091269150314,0.665772769306051,-0.000681500155737314,0.00385939273804371,0,0,1,""
4,79,710004079,1010004079,0.593521391861052,0.595941245399541,-0.00241985353848928,0.00484642277512066,0,0,1,""
4,80,710004080,1010004080,0.633671143919314,0.641023069518098,-0.00735192559878373,0.00763799566413941,0,0,1,""
4,81,710004081,1010004081,0.637084117857381,0.634545798261801,0.00253831959557993,0.00317765119981808,0,0,1,""
4,82,710004082,1010004082,0.573265743005871,0.576749722320312,-0.00348397931444078,0.00641515887814621,0,0,1,""
4,83,710004083,1010004083,0.578145676758016,0.579678300799384,-0.00153262404136789,0.00313631712686437,0,0,1,""
4,84,710004084,1010004084,0.625244747978722,0.625647870950137,-0.000403122971415426,0.00377406527999453,0,0,1,""
4,85,710004085,1010004085,0.625238813543955,0.624632557268877,0.000606256275077488,0.00470617020840193,0,0,1,""
4,86,710004086,1010004086,0.594879390260332,0.598983281812763,-0.00410389155243118,0.00729891770877681,0,0,1,""
4,87,710004087,1010004087,0.583413498214106,0.582448146656871,0.000965351557235539,0.00414152544099008,0,0,1,""
4,88,710004088,1010004088,0.67514242583703,0.675260432820237,-0.000118006983207075,0.00372515680057356,0,0,1,""
4,89,710004089,1010004089,0.564993902749337,0.559519700298977,0.00547420245036012,0.00417541661730522,0,0,1,""
4,90,710004090,1010004090,0.604220417165515,0.606321162316784,-0.00210074515126857,0.00949528056848358,0,0,1,""
4,91,710004091,1010004091,0.620049943936636,0.623939143276431,-0.00388919933979559,0.00452640465210742,0,0,1,""
4,92,710004092,1010004092,0.56172275587769,0.563399041826147,-0.00167628594845659,0.00321220449413663,0,0,1,""
4,93,710004093,1010004093,0.64393506887798,0.641523339342518,0.00241172953546165,0.00548899502998962,0,0,1,""
4,94,710004094,1010004094,0.591882127494363,0.589005801349037,0.0028763261453254,0.00356132403271422,0,0,1,""
4,95,710004095,1010004095,0.555013132319099,0.547227256182729,0.0077858761363705,0.00577491888221267,0,0,1,""
4,96,710004096,1010004096,0.645097962544121,0.644769876222983,0.000328086321138454,0.00246515935949912,0,0,1,""
4,97,710004097,1010004097,0.53275232277489,0.532881923172662,-0.000129600397771323,0.00484632153507327,0,0,1,""
4,98,710004098,1010004098,0.622996919539721,0.627602245847193,-0.00460532630747224,0.00740983359371392,0,0,1,""
4,99,710004099,1010004099,0.598521650383126,0.604569019282594,-0.00604736889946811,0.00494294899392863,0,0,1,""
4,100,710004100,1010004100,0.602439725445017,0.597930509429783,0.00450921601523391,0.00480992699763743,0,0,1,""
4,101,710004101,1010004101,0.60929862368457,0.613590764957985,-0.0042921412734156,0.00718150298150484,0,0,1,""
4,102,710004102,1010004102,0.6482394416269,0.652873017575737,-0.00463357594883618,0.00820663799208833,0,0,1,""
4,103,710004103,1010004103,0.674973412358521,0.666995480020354,0.00797793233816724,0.00503169936747801,0,0,1,""
4,104,710004104,1010004104,0.646410084587352,0.645087006651212,0.00132307793614039,0.00430759040476717,0,0,1,""
4,105,710004105,1010004105,0.55421452510818,0.553132075314979,0.00108244979320116,0.00332447872256193,0,0,1,""
4,106,710004106,1010004106,0.586284757713034,0.582793532305915,0.00349122540711944,0.00461965179182874,0,0,1,""
4,107,710004107,1010004107,0.595444477405735,0.593118299188941,0.00232617821679404,0.00332165203209573,0,0,1,""
4,108,710004108,1010004108,0.657567475063173,0.653184955310135,0.00438251975303805,0.00318767425841157,0,0,1,""
4,109,710004109,1010004109,0.627929699631367,0.628319646240034,-0.000389946608666869,0.00533586044134885,0,0,1,""
4,110,710004110,1010004110,0.590123165620716,0.589871546700187,0.00025161892052894,0.0069637981689974,0,0,1,""
4,111,710004111,1010004111,0.658561145677386,0.655484499371466,0.00307664630591986,0.00504984544192941,0,0,1,""
4,112,710004112,1010004112,0.609770998753808,0.598962150512787,0.0108088482410208,0.0050318967299504,1,0,1,""
4,113,710004113,1010004113,0.512496327290634,0.50763968333838,0.00485664395225494,0.00371007449973404,0,0,1,""
4,114,710004114,1010004114,0.618161551619173,0.630167750180371,-0.0120061985611979,0.00671659347117903,0,0,1,""
4,115,710004115,1010004115,0.64398149017433,0.647250241044895,-0.00326875087056477,0.00479859110578457,0,0,1,""
4,116,710004116,1010004116,0.570406247364534,0.557266651620456,0.0131395957440772,0.00519480532387432,1,0,1,""
4,117,710004117,1010004117,0.633658174307184,0.630696925211613,0.00296124909557149,0.00468578496250137,0,0,1,""
4,118,710004118,1010004118,0.613120566200476,0.615045274286782,-0.00192470808630563,0.0046204520301376,0,0,1,""
4,119,710004119,1010004119,0.67580103460786,0.679409863473758,-0.00360882886589875,0.00748102238966074,0,0,1,""
4,120,710004120,1010004120,0.576912016621229,0.570235708122742,0.00667630849848711,0.00311009317652598,1,0,1,""
4,121,710004121,1010004121,0.587087858394348,0.59118353146933,-0.00409567307498149,0.00437521433022582,0,0,1,""
4,122,710004122,1010004122,0.68321643806132,0.677601334035838,0.00561510402548204,0.00302285129901948,0,0,1,""
4,123,710004123,1010004123,0.589446100623456,0.59341759310706,-0.00397149248360384,0.0049026962525781,0,0,1,""
4,124,710004124,1010004124,0.538043908541163,0.53002590601318,0.00801800252798324,0.00623430886923174,0,0,1,""
4,125,710004125,1010004125,0.600679597419723,0.604206595507779,-0.00352699808805668,0.00375529137519457,0,0,1,""
4,126,710004126,1010004126,0.586808252561937,0.593731248726534,-0.00692299616459724,0.0053577624847916,0,0,1,""
4,127,710004127,1010004127,0.58435627287997,0.58405171726808,0.000304555611890023,0.00450866064666659,0,0,1,""
4,128,710004128,1010004128,0.631547303379376,0.631068435578896,0.000478867800479566,0.00273233543778884,0,0,1,""
4,129,710004129,1010004129,0.626285313398923,0.621725202519688,0.00456011087923425,0.00490016080645932,0,0,1,""
4,130,710004130,1010004130,0.606101529557193,0.602098965645164,0.00400256391202902,0.0061027454464314,0,0,1,""
4,131,710004131,1010004131,0.598327158327926,0.605923152011245,-0.00759599368331843,0.00547149864889973,0,0,1,""
4,132,710004132,1010004132,0.594068918850277,0.589102250373112,0.00496666847716498,0.00490523773655869,0,0,1,""
4,133,710004133,1010004133,0.631715622804874,0.635713528344007,-0.0039979055391326,0.00417520751907768,0,0,1,""
4,134,710004134,1010004134,0.614381492251328,0.615943879018419,-0.00156238676709131,0.00493108101442721,0,0,1,""
4,135,710004135,1010004135,0.580032305954917,0.582542774931976,-0.00251046897705876,0.00503810683064561,0,0,1,""
4,136,710004136,1010004136,0.605170435069061,0.600747417240015,0.00442301782904642,0.00454637642002338,0,0,1,""
4,137,710004137,1010004137,0.656154983900923,0.653685910009669,0.00246907389125395,0.00776727844645166,0,0,1,""
4,138,710004138,1010004138,0.604789270406463,0.606436216454056,-0.00164694604759263,0.00491291891958453,0,0,1,""
4,139,710004139,1010004139,0.64392776132567,0.638269117045767,0.00565864427990304,0.00491307621625636,0,0,1,""
4,140,710004140,1010004140,0.659409466656208,0.662243242454529,-0.00283377579832111,0.00581536407832076,0,0,1,""
4,141,710004141,1010004141,0.640617520155215,0.63849658390624,0.00212093624897558,0.00155544881958991,0,0,1,""
4,142,710004142,1010004142,0.565850950884205,0.562676445663058,0.00317450522114793,0.00481391019586794,0,0,1,""
4,143,710004143,1010004143,0.591881531374359,0.591735294343254,0.000146237031104834,0.00464671346079259,0,0,1,""
4,144,710004144,1010004144,0.568176492560283,0.575601114481075,-0.00742462192079185,0.00615601873313864,0,0,1,""
4,145,710004145,1010004145,0.647172105277665,0.648961072791421,-0.00178896751375557,0.00389518077624291,0,0,1,""
4,146,710004146,1010004146,0.632031297885527,0.629335336820532,0.00269596106499503,0.00741905681184703,0,0,1,""
4,147,710004147,1010004147,0.632705907296059,0.624722899392986,0.00798300790307294,0.00410918754582546,0,0,1,""
4,148,710004148,1010004148,0.636598019269481,0.637830374590179,-0.00123235532069821,0.00648964651624123,0,0,1,""
4,149,710004149,1010004149,0.617117912893329,0.62986832210128,-0.0127504092079512,0.00796668226550577,0,0,1,""
4,150,710004150,1010004150,0.6106919271661,0.614012321121,-0.00332039395490047,0.00291985342379403,0,0,1,""
4,151,710004151,1010004151,0.623096904002034,0.620733296267101,0.00236360773493316,0.0045806024820556,0,0,1,""
4,152,710004152,1010004152,0.616555935843158,0.615759876275037,0.000796059568121121,0.00430617763559813,0,0,1,""
4,153,710004153,1010004153,0.604741781699005,0.599211739199878,0.00553004249912681,0.00537016673706183,0,0,1,""
4,154,710004154,1010004154,0.572782934738306,0.568500443919225,0.00428249081908072,0.0099958266426934,0,0,1,""
4,155,710004155,1010004155,0.565858581099335,0.569623824729777,-0.00376524363044228,0.00573321773277755,0,0,1,""
4,156,710004156,1010004156,0.625174303285255,0.621111382185695,0.00406292109956008,0.00456362012360778,0,0,1,""
4,157,710004157,1010004157,0.671391788784243,0.667921535656196,0.0034702531280475,0.00344637276155409,0,0,1,""
4,158,710004158,1010004158,0.608700251299689,0.610609985293401,-0.00190973399371241,0.00531234795625626,0,0,1,""
4,159,710004159,1010004159,0.675085978437576,0.671997527146025,0.00308845129155144,0.00419357713532468,0,0,1,""
4,160,710004160,1010004160,0.604302472022944,0.603926764340442,0.000375707682502169,0.00500995598426299,0,0,1,""
4,161,710004161,1010004161,0.583649895293977,0.587558148548143,-0.00390825325416633,0.00310386220810179,0,0,1,""
4,162,710004162,1010004162,0.611245682602477,0.613790481383733,-0.00254479878125602,0.00266904618595378,0,0,1,""
4,163,710004163,1010004163,0.664179188860941,0.659505366837333,0.00467382202360833,0.00364915550227965,0,0,1,""
4,164,710004164,1010004164,0.589953693049586,0.592728026793858,-0.00277433374427172,0.00468053353400979,0,0,1,""
4,165,710004165,1010004165,0.599099457911092,0.599337618383957,-0.000238160472864402,0.00544424383948364,0,0,1,""
4,166,710004166,1010004166,0.56686801976281,0.568194897321757,-0.00132687755894712,0.00162129728215431,0,0,1,""
4,167,710004167,1010004167,0.641973843200637,0.639432811004322,0.00254103219631485,0.00489592986561967,0,0,1,""
4,168,710004168,1010004168,0.618793730702179,0.622369129436688,-0.00357539873450996,0.00495418390574665,0,0,1,""
4,169,710004169,1010004169,0.627163717293914,0.62224688953641,0.00491682775750313,0.00448309242193144,0,0,1,""
4,170,710004170,1010004170,0.604412107661103,0.597868527967162,0.00654357969394115,0.00973405155074787,0,0,1,""
4,171,710004171,1010004171,0.633242793034552,0.634996884097521,-0.00175409106296864,0.00601063318096294,0,0,1,""
4,172,710004172,1010004172,0.643561400863535,0.638349120904886,0.00521227995864915,0.00499401629154976,0,0,1,""
4,173,710004173,1010004173,0.633283230749139,0.638164547685353,-0.0048813169362143,0.00461190087848547,0,0,1,""
4,174,710004174,1010004174,0.629575044241071,0.632725495059653,-0.00315045081858167,0.0060073980131869,0,0,1,""
4,175,710004175,1010004175,0.635465996160217,0.637725519017033,-0.00225952285681585,0.0052025190378482,0,0,1,""
4,176,710004176,1010004176,0.551421329860376,0.549313726945161,0.00210760291521472,0.00185817031966131,0,0,1,""
4,177,710004177,1010004177,0.64101493091119,0.638395970355346,0.00261896055584454,0.00780062026119372,0,0,1,""
4,178,710004178,1010004178,0.574818202127733,0.576735881274354,-0.00191767914662133,0.00363131197824751,0,0,1,""
4,179,710004179,1010004179,0.697742897096562,0.698262787695232,-0.000519890598670081,0.00663797595650342,0,0,1,""
4,180,710004180,1010004180,0.656816630754493,0.659725289731179,-0.00290865897668668,0.00494423330665225,0,0,1,""
4,181,710004181,1010004181,0.577239666313107,0.581120455228362,-0.00388078891525534,0.00542969221719279,0,0,1,""
4,182,710004182,1010004182,0.644605208803278,0.645820790485003,-0.00121558168172498,0.00212584542301291,0,0,1,""
4,183,710004183,1010004183,0.612655471746095,0.612815077610017,-0.000159605863922163,0.0049513678730642,0,0,1,""
4,184,710004184,1010004184,0.568464548868278,0.56962621685804,-0.00116166798976236,0.00423632959927988,0,0,1,""
4,185,710004185,1010004185,0.612091234140252,0.614946092606482,-0.0028548584662299,0.00260985583759506,0,0,1,""
4,186,710004186,1010004186,0.598890589402012,0.594139543892935,0.00475104550907646,0.00358092254206431,0,0,1,""
4,187,710004187,1010004187,0.630384742723337,0.631070079882269,-0.000685337158932264,0.00491119346455096,0,0,1,""
4,188,710004188,1010004188,0.604324979841037,0.608684212627285,-0.00435923278624817,0.00394302216775174,0,0,1,""
4,189,710004189,1010004189,0.591766911044705,0.591912796463314,-0.000145885418608938,0.00529623371503259,0,0,1,""
4,190,710004190,1010004190,0.599417201296515,0.603064863420711,-0.00364766212419609,0.00700834504618889,0,0,1,""
4,191,710004191,1010004191,0.630095922318068,0.630034777627182,6.11446908866942e-05,0.0041302106451558,0,0,1,""
4,192,710004192,1010004192,0.63625116559716,0.633858324863769,0.00239284073339108,0.00788946879382549,0,0,1,""
4,193,710004193,1010004193,0.559045844060568,0.559974521059261,-0.000928676998693256,0.00470912210743074,0,0,1,""
4,194,710004194,1010004194,0.561642995462476,0.558768620170888,0.00287437529158796,0.00377551275561767,0,0,1,""
4,195,710004195,1010004195,0.626034269431519,0.623708745144385,0.00232552428713417,0.00348542806224752,0,0,1,""
4,196,710004196,1010004196,0.689216277687385,0.687847411912833,0.0013688657745522,0.00179792699188333,0,0,1,""
4,197,710004197,1010004197,0.589230780733134,0.588566797942887,0.000663982790247153,0.00409547734317121,0,0,1,""
4,198,710004198,1010004198,0.664942019124844,0.664697172116402,0.000244847008441185,0.00653041974511577,0,0,1,""
4,199,710004199,1010004199,0.597608869398188,0.601199362687626,-0.00359049328943817,0.00465820631966587,0,0,1,""
4,200,710004200,1010004200,0.612608304576197,0.613273377164855,-0.000665072588658222,0.00663212783335828,0,0,1,""
4,201,710004201,1010004201,0.646302771263369,0.6455403986402,0.000762372623169694,0.00441285350221301,0,0,1,""
4,202,710004202,1010004202,0.592576407302577,0.595733487176835,-0.00315707987425773,0.00370189223794643,0,0,1,""
4,203,710004203,1010004203,0.537574000754891,0.529489897899509,0.00808410285538186,0.00631200865169997,0,0,1,""
4,204,710004204,1010004204,0.61232654715652,0.60906005809262,0.00326648906389948,0.00395387276738637,0,0,1,""
4,205,710004205,1010004205,0.592897444959522,0.587269696020835,0.00562774893868678,0.00483394990626867,0,0,1,""
4,206,710004206,1010004206,0.605912426445811,0.61211954667959,-0.00620712023377956,0.00475381006722947,0,0,1,""
4,207,710004207,1010004207,0.622394255723432,0.622528441399625,-0.000134185676193055,0.0064276737285776,0,0,1,""
4,208,710004208,1010004208,0.643962190102046,0.65415663021738,-0.0101944401153345,0.00609942695624427,0,0,1,""
4,209,710004209,1010004209,0.59680063720448,0.596538331582817,0.000262305621662406,0.00551173270752384,0,0,1,""
4,210,710004210,1010004210,0.638247912433283,0.641332849463645,-0.00308493703036195,0.0040077672509632,0,0,1,""
4,211,710004211,1010004211,0.606966012816105,0.611391856531535,-0.00442584371543031,0.00714434407673916,0,0,1,""
4,212,710004212,1010004212,0.637609316253428,0.639624936581774,-0.00201562032834612,0.00999532223269798,0,0,1,""
4,213,710004213,1010004213,0.640699385313613,0.642090711903724,-0.00139132659011088,0.0055389677212257,0,0,1,""
4,214,710004214,1010004214,0.612176518285825,0.607331684258957,0.00484483402686786,0.00537735860010228,0,0,1,""
4,215,710004215,1010004215,0.606052980530559,0.603655397860833,0.00239758266972667,0.00361591370766073,0,0,1,""
4,216,710004216,1010004216,0.640998026334262,0.66077128682257,-0.019773260488308,0.0113261361233431,0,0,1,""
4,217,710004217,1010004217,0.659985777701451,0.665981674450471,-0.00599589674902001,0.00370580806500242,0,0,1,""
4,218,710004218,1010004218,0.581432632187332,0.57837311086767,0.00305952131966147,0.00259074901491675,0,0,1,""
4,219,710004219,1010004219,0.536308401903934,0.534344224762618,0.00196417714131636,0.0043749092998903,0,0,1,""
4,220,710004220,1010004220,0.632064212510435,0.625950691783976,0.00611352072645888,0.00948670494699118,0,0,1,""
4,221,710004221,1010004221,0.679696383909449,0.679685043872934,1.13400365149285e-05,0.00547831524008499,0,0,1,""
4,222,710004222,1010004222,0.648966631235382,0.644896302566941,0.00407032866844104,0.0050462897292818,0,0,1,""
4,223,710004223,1010004223,0.609103689282879,0.606202645523383,0.00290104375949574,0.00377052325497895,0,0,1,""
4,224,710004224,1010004224,0.602519393551763,0.606312488842922,-0.00379309529115912,0.00525183091136193,0,0,1,""
4,225,710004225,1010004225,0.571269485012199,0.577304035504585,-0.00603455049238577,0.00593072147958454,0,0,1,""
4,226,710004226,1010004226,0.608607953325328,0.615384053642467,-0.00677610031713949,0.0060579600330449,0,0,1,""
4,227,710004227,1010004227,0.591858477217516,0.583021127565491,0.00883734965202521,0.00674514646741763,0,0,1,""
4,228,710004228,1010004228,0.575138588237168,0.562663827280835,0.0124747609563337,0.00581425238830824,1,0,1,""
4,229,710004229,1010004229,0.664727827946677,0.662830181694902,0.00189764625177491,0.00430156658822751,0,0,1,""
4,230,710004230,1010004230,0.594990041401003,0.597737229955977,-0.00274718855497369,0.00386823140032163,0,0,1,""
4,231,710004231,1010004231,0.664628972536783,0.673649072973018,-0.0090201004362348,0.00739313058660259,0,0,1,""
4,232,710004232,1010004232,0.647161854556764,0.644529391341378,0.00263246321538546,0.00401844610840854,0,0,1,""
4,233,710004233,1010004233,0.651126882212604,0.645679198995894,0.00544768321671019,0.00661291436684555,0,0,1,""
4,234,710004234,1010004234,0.634301094525845,0.646210512003353,-0.0119094174775084,0.00581856323297598,1,0,1,""
4,235,710004235,1010004235,0.635593784951239,0.645500572262401,-0.00990678731116201,0.00581859819426388,0,0,1,""
4,236,710004236,1010004236,0.638182985015188,0.636569346862717,0.00161363815247162,0.0036954002306157,0,0,1,""
4,237,710004237,1010004237,0.606279993279511,0.60539391485825,0.000886078421260428,0.00399415736340024,0,0,1,""
4,238,710004238,1010004238,0.59167660054062,0.591370815797653,0.000305784742966386,0.00302639779191918,0,0,1,""
4,239,710004239,1010004239,0.576991771530034,0.577492136140403,-0.000500364610368731,0.00371213249869663,0,0,1,""
4,240,710004240,1010004240,0.62487118649121,0.622879862212507,0.00199132427870241,0.00419437078910186,0,0,1,""
4,241,710004241,1010004241,0.589478632355718,0.587344261938887,0.00213437041683118,0.00481251938756041,0,0,1,""
4,242,710004242,1010004242,0.683198330311691,0.687165929613231,-0.00396759930154011,0.00555286002464493,0,0,1,""
4,243,710004243,1010004243,0.634502400363525,0.634528612219328,-2.62118558033153e-05,0.00492011400613412,0,0,1,""
4,244,710004244,1010004244,0.628889995642554,0.628991636184092,-0.000101640541537606,0.00414003513779228,0,0,1,""
4,245,710004245,1010004245,0.608849974295738,0.628377684447227,-0.0195277101514894,0.00875862717476458,1,0,1,""
4,246,710004246,1010004246,0.620461528925742,0.622337267617807,-0.00187573869206525,0.00381704876895868,0,0,1,""
4,247,710004247,1010004247,0.628668744323416,0.639583644109802,-0.0109148997863858,0.00703827149982674,0,0,1,""
4,248,710004248,1010004248,0.600123230070599,0.609411749867694,-0.00928851979709522,0.00742049736655855,0,0,1,""
4,249,710004249,1010004249,0.556125977240276,0.545287462581759,0.0108385146585168,0.00648733229195824,0,0,1,""
4,250,710004250,1010004250,0.625237976436049,0.634626503910701,-0.00938852747465169,0.00546707940156107,0,0,1,""
4,251,710004251,1010004251,0.661165717764875,0.662314645237501,-0.00114892747262607,0.00502138042024915,0,0,1,""
4,252,710004252,1010004252,0.58672515755346,0.593213378105943,-0.00648822055248388,0.0047968189190243,0,0,1,""
4,253,710004253,1010004253,0.591864193254459,0.588806624683492,0.0030575685709674,0.00509139321479132,0,0,1,""
4,254,710004254,1010004254,0.571457122088482,0.568827164331316,0.00262995775716668,0.00350224515513763,0,0,1,""
4,255,710004255,1010004255,0.635779422501494,0.634678462339482,0.00110096016201189,0.00710654084419688,0,0,1,""
4,256,710004256,1010004256,0.64314195990587,0.636868438701932,0.00627352120393809,0.00426164617722223,0,0,1,""
4,257,710004257,1010004257,0.542333216379115,0.537847455742539,0.00448576063657535,0.00338232296899637,0,0,1,""
4,258,710004258,1010004258,0.570649462836332,0.57166641603341,-0.00101695319707817,0.00366520425314674,0,0,1,""
4,259,710004259,1010004259,0.589126785616114,0.59179460236277,-0.00266781674665684,0.00652327557737839,0,0,1,""
4,260,710004260,1010004260,0.583502284704971,0.583833044070588,-0.000330759365617661,0.00367346706528546,0,0,1,""
4,261,710004261,1010004261,0.65022735584048,0.650601779858227,-0.000374424017747455,0.0032633004776579,0,0,1,""
4,262,710004262,1010004262,0.585767757133758,0.587980977580916,-0.00221322044715833,0.00502730987844029,0,0,1,""
4,263,710004263,1010004263,0.621953664569898,0.617741517347778,0.00421214722211971,0.00381770773110188,0,0,1,""
4,264,710004264,1010004264,0.594716658414095,0.605255301668039,-0.010538643253944,0.00599894249249245,0,0,1,""
4,265,710004265,1010004265,0.638142728913464,0.642817301677164,-0.00467457276369998,0.00554485874769015,0,0,1,""
4,266,710004266,1010004266,0.617723015787279,0.615450898252767,0.00227211753451251,0.0033481184937089,0,0,1,""
4,267,710004267,1010004267,0.610859993438553,0.616943997251386,-0.00608400381283247,0.00622075400685125,0,0,1,""
4,268,710004268,1010004268,0.647582959972081,0.642527260767594,0.00505569920448756,0.00558764032080923,0,0,1,""
4,269,710004269,1010004269,0.597844286847867,0.590703191610957,0.00714109523690953,0.00682108758060912,0,0,1,""
4,270,710004270,1010004270,0.603531470966244,0.603458592915811,7.28780504324345e-05,0.00634710331281368,0,0,1,""
4,271,710004271,1010004271,0.624149754511363,0.61936468916113,0.00478506535023238,0.00336318400833579,0,0,1,""
4,272,710004272,1010004272,0.616338300044969,0.618403546712862,-0.00206524666789332,0.0065245391847645,0,0,1,""
4,273,710004273,1010004273,0.616215030269197,0.619520405731847,-0.00330537546264909,0.00419376840266941,0,0,1,""
4,274,710004274,1010004274,0.52768626473532,0.531354860600501,-0.00366859586518176,0.00155273839880038,1,0,1,""
4,275,710004275,1010004275,0.611173375796817,0.612915541313674,-0.00174216551685702,0.00395106740415055,0,0,1,""
4,276,710004276,1010004276,0.604409427854934,0.609952257414689,-0.0055428295597556,0.00404726290647369,0,0,1,""
4,277,710004277,1010004277,0.645360584287587,0.649063560979848,-0.00370297669226094,0.00545232050835544,0,0,1,""
4,278,710004278,1010004278,0.597428764090808,0.601120321866441,-0.00369155777563246,0.00383208684300134,0,0,1,""
4,279,710004279,1010004279,0.629502158808601,0.635602797581935,-0.00610063877333444,0.00595665597548766,0,0,1,""
4,280,710004280,1010004280,0.617953465169063,0.624839483216157,-0.00688601804709377,0.0048523779713681,0,0,1,""
4,281,710004281,1010004281,0.603498218026826,0.607812410180521,-0.00431419215369422,0.00510822421383148,0,0,1,""
4,282,710004282,1010004282,0.598697569135092,0.617752536269595,-0.0190549671345031,0.0120557266302704,0,0,1,""
4,283,710004283,1010004283,0.618578536010955,0.624841450724563,-0.00626291471360763,0.00465106403131841,0,0,1,""
4,284,710004284,1010004284,0.579490829040064,0.575885106210717,0.00360572282934657,0.0035364988339488,0,0,1,""
4,285,710004285,1010004285,0.589757460632186,0.586269999683083,0.00348746094910324,0.00491171289943403,0,0,1,""
4,286,710004286,1010004286,0.61180983854603,0.61007289258446,0.00173694596157037,0.00492640375673094,0,0,1,""
4,287,710004287,1010004287,0.644824732415444,0.642198387707827,0.00262634470761691,0.0024293584879585,0,0,1,""
4,288,710004288,1010004288,0.622623259090019,0.620020851625955,0.00260240746406359,0.00352857116584969,0,0,1,""
4,289,710004289,1010004289,0.583648595604983,0.5781455028423,0.00550309276268279,0.00348448921322254,0,0,1,""
4,290,710004290,1010004290,0.630212460314439,0.62868602523485,0.00152643507958949,0.00734328844938622,0,0,1,""
4,291,710004291,1010004291,0.580236954450903,0.578163679015237,0.00207327543566549,0.00619341425539639,0,0,1,""
4,292,710004292,1010004292,0.589610777925784,0.589785301812328,-0.000174523886543931,0.00523853886957257,0,0,1,""
4,293,710004293,1010004293,0.607486381569675,0.606819306187128,0.0006670753825464,0.00308971913311171,0,0,1,""
4,294,710004294,1010004294,0.557442531538242,0.555680917444935,0.001761614093307,0.00301442957235368,0,0,1,""
4,295,710004295,1010004295,0.62186718308362,0.624151043802666,-0.00228386071904563,0.00566927229938099,0,0,1,""
4,296,710004296,1010004296,0.62843662026756,0.626371055032412,0.002065565235148,0.00606381874497859,0,0,1,""
4,297,710004297,1010004297,0.588437455477784,0.593945925836024,-0.00550847035823987,0.00511534920782314,0,0,1,""
4,298,710004298,1010004298,0.606808512339806,0.614769109942095,-0.0079605976022894,0.00574928099390298,0,0,1,""
4,299,710004299,1010004299,0.614451444862354,0.61572470289873,-0.00127325803637546,0.00244907534174575,0,0,1,""
4,300,710004300,1010004300,0.575328886184779,0.563840568456367,0.0114883177284121,0.00648016244597989,0,0,1,""
4,301,710004301,1010004301,0.596080061114833,0.602044921008766,-0.00596485989393358,0.0044219885700708,0,0,1,""
4,302,710004302,1010004302,0.631883574412548,0.635288637555977,-0.00340506314342937,0.00511171228118035,0,0,1,""
4,303,710004303,1010004303,0.577129480389604,0.584280643870196,-0.00715116348059208,0.00573640198778242,0,0,1,""
4,304,710004304,1010004304,0.631474815480938,0.634518008759065,-0.00304319327812719,0.00330649170264895,0,0,1,""
4,305,710004305,1010004305,0.617610816483838,0.610725197438274,0.00688561904556406,0.00623551795789161,0,0,1,""
4,306,710004306,1010004306,0.586176595912424,0.572457021458505,0.0137195744539185,0.00562759325805379,1,0,1,""
4,307,710004307,1010004307,0.655385089055768,0.650109427208918,0.00527566184684991,0.00358530711688348,0,0,1,""
4,308,710004308,1010004308,0.594014406091432,0.593513792400392,0.000500613691040264,0.00589097591028036,0,0,1,""
4,309,710004309,1010004309,0.659622673369316,0.65987234624152,-0.000249672872204676,0.00492451955198661,0,0,1,""
4,310,710004310,1010004310,0.592994983749191,0.597139725565803,-0.00414474181661195,0.00384544246906048,0,0,1,""
4,311,710004311,1010004311,0.641520309229583,0.630928133077441,0.0105921761521428,0.00651414126504228,0,0,1,""
4,312,710004312,1010004312,0.551349579784366,0.535385591583034,0.0159639882013323,0.00822689159074177,0,0,1,""
4,313,710004313,1010004313,0.559752400915543,0.562690513842011,-0.00293811292646817,0.00522419319793934,0,0,1,""
4,314,710004314,1010004314,0.563490912220866,0.551518117443932,0.0119727947769347,0.00664655166860167,0,0,1,""
4,315,710004315,1010004315,0.58531460616052,0.605690831000086,-0.0203762248395657,0.00895855292136009,1,0,1,""
4,316,710004316,1010004316,0.54410654228081,0.538476033500622,0.00563050878018789,0.00575381069882857,0,0,1,""
4,317,710004317,1010004317,0.631017541841961,0.625493842573707,0.00552369926825425,0.00344111786757932,0,0,1,""
4,318,710004318,1010004318,0.61292064689829,0.611086699593723,0.00183394730456732,0.00380389869445824,0,0,1,""
4,319,710004319,1010004319,0.598281133907623,0.598368138328786,-8.70044211639387e-05,0.00618734571729785,0,0,1,""
4,320,710004320,1010004320,0.587820802537344,0.586471146595699,0.00134965594164493,0.0053691790749538,0,0,1,""
4,321,710004321,1010004321,0.589194340308087,0.574205229637156,0.0149891106709312,0.00574571525267665,1,0,1,""
4,322,710004322,1010004322,0.625404377731862,0.619299976481027,0.006104401250835,0.00602388221417539,0,0,1,""
4,323,710004323,1010004323,0.656575346463366,0.655163254267651,0.00141209219571514,0.00330142716060483,0,0,1,""
4,324,710004324,1010004324,0.59851354489647,0.598182186798925,0.000331358097545031,0.00579821723934264,0,0,1,""
4,325,710004325,1010004325,0.62650450934247,0.624574824581632,0.00192968476083777,0.00388211307279422,0,0,1,""
4,326,710004326,1010004326,0.557625558740845,0.557465940204637,0.000159618536208717,0.00343574822203525,0,0,1,""
4,327,710004327,1010004327,0.592903454728826,0.593186602730657,-0.000283148001831046,0.00577721568873044,0,0,1,""
4,328,710004328,1010004328,0.605579220247761,0.601682277377071,0.00389694287068976,0.00577179053986368,0,0,1,""
4,329,710004329,1010004329,0.608733137516978,0.60988784696729,-0.00115470945031204,0.00440143021277219,0,0,1,""
4,330,710004330,1010004330,0.636514867488485,0.641642446014597,-0.00512757852611223,0.00288104241559719,0,0,1,""
4,331,710004331,1010004331,0.62617054305133,0.633097122707508,-0.00692657965617771,0.00742937764934518,0,0,1,""
4,332,710004332,1010004332,0.589936836658491,0.582368518894638,0.00756831776385247,0.00643112255703852,0,0,1,""
4,333,710004333,1010004333,0.605329121141033,0.61892457759742,-0.0135954564563876,0.00832497981473094,0,0,1,""
4,334,710004334,1010004334,0.64413947551827,0.645891325013047,-0.00175184949477636,0.00425750935321379,0,0,1,""
4,335,710004335,1010004335,0.549567103055212,0.546271749904193,0.00329535315101892,0.00550485210146193,0,0,1,""
4,336,710004336,1010004336,0.616142672232467,0.601534129609962,0.0146085426225042,0.0121190456685758,0,0,1,""
4,337,710004337,1010004337,0.553600306440851,0.550722046937474,0.00287825950337739,0.0031040415745224,0,0,1,""
4,338,710004338,1010004338,0.658818683839419,0.654557067840902,0.00426161599851682,0.00288740638535911,0,0,1,""
4,339,710004339,1010004339,0.56329509436335,0.566051065821207,-0.00275597145785711,0.00679269933970222,0,0,1,""
4,340,710004340,1010004340,0.581733399942698,0.580611217880588,0.00112218206210934,0.0035862993684012,0,0,1,""
4,341,710004341,1010004341,0.64356700981877,0.648848211315981,-0.00528120149721156,0.00652657129076859,0,0,1,""
4,342,710004342,1010004342,0.631643748629366,0.634259024597241,-0.00261527596787536,0.0043911517556321,0,0,1,""
4,343,710004343,1010004343,0.621508502956547,0.623947792470046,-0.00243928951349837,0.00472577064994999,0,0,1,""
4,344,710004344,1010004344,0.644261611171894,0.63232761192066,0.0119339992512343,0.00512253539495037,1,0,1,""
4,345,710004345,1010004345,0.598008720190597,0.594053690453379,0.00395502973721817,0.00556292583034185,0,0,1,""
4,346,710004346,1010004346,0.614463978529427,0.613933915252088,0.00053006327733951,0.00422644328966274,0,0,1,""
4,347,710004347,1010004347,0.632059442992192,0.638621231079436,-0.00656178808724428,0.0043128313411213,0,0,1,""
4,348,710004348,1010004348,0.594353216581686,0.591167415213007,0.00318580136867919,0.00559083421654618,0,0,1,""
4,349,710004349,1010004349,0.614414867245802,0.610030009939225,0.00438485730657678,0.00520899398365975,0,0,1,""
4,350,710004350,1010004350,0.61935665809087,0.622764050382322,-0.00340739229145204,0.00340208163591492,0,0,1,""
4,351,710004351,1010004351,0.641062050862182,0.643937844074755,-0.00287579321257303,0.00423257633831994,0,0,1,""
4,352,710004352,1010004352,0.611346528028567,0.611420955970041,-7.44279414741644e-05,0.00507785067506847,0,0,1,""
4,353,710004353,1010004353,0.605435583088988,0.601644453229848,0.00379112985913954,0.00401628227723389,0,0,1,""
4,354,710004354,1010004354,0.613317323355274,0.612893281150996,0.000424042204278385,0.00504144158918591,0,0,1,""
4,355,710004355,1010004355,0.576330623323931,0.580646209705033,-0.00431558638110197,0.00481132955029524,0,0,1,""
4,356,710004356,1010004356,0.578417509662405,0.578980604382966,-0.000563094720561153,0.00199576662934694,0,0,1,""
4,357,710004357,1010004357,0.60527710974238,0.606114280382546,-0.000837170640166196,0.00373877064429322,0,0,1,""
4,358,710004358,1010004358,0.654277885746567,0.655484234333449,-0.00120634858688218,0.00348388547709296,0,0,1,""
4,359,710004359,1010004359,0.56908001606286,0.564037059433134,0.00504295662972654,0.00425768854824972,0,0,1,""
4,360,710004360,1010004360,0.606922665662833,0.612586901980782,-0.0056642363179481,0.0059016429937555,0,0,1,""
4,361,710004361,1010004361,0.666190148447179,0.664861304427102,0.00132884402007794,0.00454003218592164,0,0,1,""
4,362,710004362,1010004362,0.633012104899791,0.62455968441386,0.00845242048593176,0.00713516178408018,0,0,1,""
4,363,710004363,1010004363,0.671078591491476,0.675126845292174,-0.00404825380069829,0.00700371259120757,0,0,1,""
4,364,710004364,1010004364,0.642293875873244,0.638751075023912,0.00354280084933245,0.00320900181272035,0,0,1,""
4,365,710004365,1010004365,0.616191547974869,0.603588043957146,0.0126035040177234,0.00595087605523939,1,0,1,""
4,366,710004366,1010004366,0.584362783263428,0.575275035966572,0.00908774729685591,0.00489114443339354,0,0,1,""
4,367,710004367,1010004367,0.663331875535044,0.660731712102972,0.00260016343207292,0.00368128786774921,0,0,1,""
4,368,710004368,1010004368,0.631290826192648,0.630271939431084,0.00101888676156459,0.00768620532727019,0,0,1,""
4,369,710004369,1010004369,0.661114375776761,0.669504731418456,-0.00839035564169532,0.0076297000142554,0,0,1,""
4,370,710004370,1010004370,0.59821627153445,0.60596361322852,-0.00774734169407065,0.0049763066156681,0,0,1,""
4,371,710004371,1010004371,0.629624984439159,0.633343521626064,-0.00371853718690462,0.00519794634949919,0,0,1,""
4,372,710004372,1010004372,0.603846063496122,0.597995642821202,0.0058504206749197,0.00349506777483443,0,0,1,""
4,373,710004373,1010004373,0.66494379959726,0.660178430436489,0.00476536916077142,0.00403264794538916,0,0,1,""
4,374,710004374,1010004374,0.563753381865789,0.557136538553569,0.00661684331221935,0.00807037322775517,0,0,1,""
4,375,710004375,1010004375,0.673562019386524,0.679029849464222,-0.00546783007769847,0.00487248349990907,0,0,1,""
4,376,710004376,1010004376,0.652116386860411,0.646222699797842,0.00589368706256854,0.00672030273136,0,0,1,""
4,377,710004377,1010004377,0.620777160330706,0.620579324288611,0.000197836042094446,0.00437726144250377,0,0,1,""
4,378,710004378,1010004378,0.61760802930512,0.616247755316757,0.00136027398836347,0.00583869468765077,0,0,1,""
4,379,710004379,1010004379,0.644327305376595,0.640609027396284,0.00371827798031077,0.00376698837554173,0,0,1,""
4,380,710004380,1010004380,0.579767303602913,0.587371557022224,-0.00760425341931026,0.00783264442011903,0,0,1,""
4,381,710004381,1010004381,0.602662390353476,0.600308510366578,0.00235387998689796,0.00513103475551921,0,0,1,""
4,382,710004382,1010004382,0.624144194552276,0.620510059393186,0.00363413515908961,0.00377741232607511,0,0,1,""
4,383,710004383,1010004383,0.608777756495348,0.605329413166849,0.00344834332849808,0.00371336880153276,0,0,1,""
4,384,710004384,1010004384,0.589358561759087,0.602039785683769,-0.0126812239246819,0.0103753424022161,0,0,1,""
4,385,710004385,1010004385,0.62635996392585,0.623098629040645,0.00326133488520519,0.00199615935104673,0,0,1,""
4,386,710004386,1010004386,0.599903834552067,0.596565316869344,0.00333851768272242,0.00395262021180365,0,0,1,""
4,387,710004387,1010004387,0.56083150452103,0.552983383210563,0.00784812131046642,0.00418296820728453,0,0,1,""
4,388,710004388,1010004388,0.588967781061997,0.58415568837042,0.00481209269157668,0.00181118256050751,1,0,1,""
4,389,710004389,1010004389,0.638527793320365,0.635514691866414,0.00301310145395173,0.00358943203539009,0,0,1,""
4,390,710004390,1010004390,0.595697422773171,0.594925986941129,0.000771435832041534,0.00330150132691834,0,0,1,""
4,391,710004391,1010004391,0.597447361522824,0.593929073357157,0.00351828816566713,0.00551079915850591,0,0,1,""
4,392,710004392,1010004392,0.640134081618992,0.64235564915097,-0.00222156753197755,0.00390862211353041,0,0,1,""
4,393,710004393,1010004393,0.526848462426427,0.526015173663527,0.000833288762899342,0.0059399999344652,0,0,1,""
4,394,710004394,1010004394,0.572399181582955,0.56873553934485,0.00366364223810478,0.00431822804679981,0,0,1,""
4,395,710004395,1010004395,0.621067151201681,0.622033707775836,-0.000966556574155786,0.00366314874499403,0,0,1,""
4,396,710004396,1010004396,0.608283598063221,0.607068557762001,0.00121504030122011,0.00633365335684699,0,0,1,""
4,397,710004397,1010004397,0.632623348023041,0.632188414134467,0.000434933888574074,0.00541486512132078,0,0,1,""
4,398,710004398,1010004398,0.606723642141793,0.602349288861637,0.00437435328015612,0.00291213487920792,0,0,1,""
4,399,710004399,1010004399,0.608160747121071,0.615541120497812,-0.00738037337674058,0.00636220640578376,0,0,1,""
4,400,710004400,1010004400,0.615848958664932,0.619423683375845,-0.00357472471091302,0.00371668702632262,0,0,1,""
4,401,710004401,1010004401,0.634741862442498,0.621161852738051,0.0135800097044466,0.00536039964439705,1,0,1,""
4,402,710004402,1010004402,0.673159520790496,0.673086656192124,7.2864598372635e-05,0.00433792880045849,0,0,1,""
4,403,710004403,1010004403,0.629870194283503,0.623043526496407,0.00682666778709584,0.00527390031036937,0,0,1,""
4,404,710004404,1010004404,0.622003000043839,0.622805165939267,-0.000802165895427143,0.00481858166657913,0,0,1,""
4,405,710004405,1010004405,0.646166588757119,0.65286882127638,-0.00670223251926072,0.0083084098749855,0,0,1,""
4,406,710004406,1010004406,0.595595776574118,0.593707169437354,0.00188860713676364,0.0041461818023427,0,0,1,""
4,407,710004407,1010004407,0.581766081736401,0.582610513086438,-0.000844431350037422,0.00481259081013795,0,0,1,""
4,408,710004408,1010004408,0.5890405124523,0.590061055790296,-0.00102054333799573,0.00480038978834968,0,0,1,""
4,409,710004409,1010004409,0.596440580154223,0.601937724744998,-0.00549714459077499,0.0050737083456811,0,0,1,""
4,410,710004410,1010004410,0.617521838170039,0.608951586903249,0.00857025126679045,0.00594517708254895,0,0,1,""
4,411,710004411,1010004411,0.541167621036325,0.546596415254656,-0.00542879421833042,0.00402362738891131,0,0,1,""
4,412,710004412,1010004412,0.630676367020513,0.636033185476203,-0.00535681845569036,0.00494736870464022,0,0,1,""
4,413,710004413,1010004413,0.622476556610465,0.630091822326033,-0.00761526571556848,0.00578163377713066,0,0,1,""
4,414,710004414,1010004414,0.553070567973087,0.555121082926988,-0.00205051495390118,0.00534881097036639,0,0,1,""
4,415,710004415,1010004415,0.579141605867329,0.573936466077439,0.00520513978989012,0.00416696093911215,0,0,1,""
4,416,710004416,1010004416,0.610030703495342,0.611466249694441,-0.00143554619909958,0.00655119634553019,0,0,1,""
4,417,710004417,1010004417,0.615358335409387,0.606185790006255,0.00917254540313173,0.00604793551158076,0,0,1,""
4,418,710004418,1010004418,0.58135799299707,0.583617397440015,-0.00225940444294481,0.00436103126306625,0,0,1,""
4,419,710004419,1010004419,0.586377074554299,0.585871500580526,0.000505573973773377,0.00538808026326488,0,0,1,""
4,420,710004420,1010004420,0.603096216523331,0.597935574809999,0.00516064171333175,0.00620376711739072,0,0,1,""
4,421,710004421,1010004421,0.608579212623037,0.604057115983029,0.00452209664000824,0.00476162998201833,0,0,1,""
4,422,710004422,1010004422,0.569090323139782,0.562510458052047,0.00657986508773467,0.00651820446560727,0,0,1,""
4,423,710004423,1010004423,0.589935416032144,0.587190360508429,0.00274505552371529,0.00705633610643103,0,0,1,""
4,424,710004424,1010004424,0.643152293679998,0.641974423861493,0.00117786981850543,0.00285892211998636,0,0,1,""
4,425,710004425,1010004425,0.562432212400165,0.558448114730465,0.00398409766969998,0.0066923500581505,0,0,1,""
4,426,710004426,1010004426,0.63760468286293,0.635364380863007,0.00224030199992353,0.00488377145692001,0,0,1,""
4,427,710004427,1010004427,0.540767979027493,0.53832214316687,0.0024458358606223,0.00639194145707686,0,0,1,""
4,428,710004428,1010004428,0.627695527514454,0.624773647016137,0.00292188049831599,0.00585305832014208,0,0,1,""
4,429,710004429,1010004429,0.563923964189603,0.55404901485853,0.00987494933107291,0.00626222436721125,0,0,1,""
4,430,710004430,1010004430,0.625486056591242,0.624883502589454,0.000602554001787992,0.00372696737279973,0,0,1,""
4,431,710004431,1010004431,0.621235994555976,0.624587174435257,-0.00335117987928124,0.00370105898442976,0,0,1,""
4,432,710004432,1010004432,0.615659072965479,0.634425290438709,-0.0187662174732307,0.00760175112045118,1,0,1,""
4,433,710004433,1010004433,0.585162450061444,0.589890527547279,-0.00472807748583448,0.00607615842286955,0,0,1,""
4,434,710004434,1010004434,0.590667706792972,0.589822565345118,0.000845141447853859,0.00275564832741345,0,0,1,""
4,435,710004435,1010004435,0.606550826735805,0.603326425312234,0.00322440142357139,0.00210599638171362,0,0,1,""
4,436,710004436,1010004436,0.630508103770628,0.62863860845174,0.00186949531888725,0.0030616645461777,0,0,1,""
4,437,710004437,1010004437,0.605602745742339,0.617713652428445,-0.0121109066861058,0.0067538074372182,0,0,1,""
4,438,710004438,1010004438,0.61041351374527,0.618428948142369,-0.00801543439709873,0.00755207655802048,0,0,1,""
4,439,710004439,1010004439,0.62858033474697,0.616256601053221,0.0123237336937493,0.00506618972927714,1,0,1,""
4,440,710004440,1010004440,0.600313510592104,0.593521339932357,0.0067921706597468,0.00380017746298814,0,0,1,""
4,441,710004441,1010004441,0.590823849885623,0.592639943518137,-0.00181609363251434,0.00481247164504562,0,0,1,""
4,442,710004442,1010004442,0.616196145511205,0.614513917068341,0.00168222844286425,0.00671841054576808,0,0,1,""
4,443,710004443,1010004443,0.651337206295322,0.659844850293771,-0.00850764399844872,0.00644161772003173,0,0,1,""
4,444,710004444,1010004444,0.639602216742593,0.626891168852565,0.0127110478900275,0.00610107889587621,1,0,1,""
4,445,710004445,1010004445,0.655577072860889,0.650730711762635,0.00484636109825365,0.00373260912175144,0,0,1,""
4,446,710004446,1010004446,0.599978246274971,0.59865244231957,0.00132580395540094,0.00773029094367056,0,0,1,""
4,447,710004447,1010004447,0.594365237075245,0.58945736479928,0.00490787227596523,0.00298443318280009,0,0,1,""
4,448,710004448,1010004448,0.579423137370337,0.579232473197363,0.000190664172973198,0.00668063677310674,0,0,1,""
4,449,710004449,1010004449,0.631403986395171,0.625019747250814,0.00638423914435693,0.0053637114171322,0,0,1,""
4,450,710004450,1010004450,0.677386556037925,0.679826925894205,-0.00244036985627971,0.00801550778272907,0,0,1,""
4,451,710004451,1010004451,0.578980294576437,0.577373234198609,0.00160706037782832,0.00238323711734343,0,0,1,""
4,452,710004452,1010004452,0.658106817181344,0.656257951082854,0.00184886609849055,0.00415875256910632,0,0,1,""
4,453,710004453,1010004453,0.561414874941586,0.562465399120775,-0.00105052417918916,0.00454694647540057,0,0,1,""
4,454,710004454,1010004454,0.565254916109933,0.562636334374299,0.0026185817356339,0.00482164368306695,0,0,1,""
4,455,710004455,1010004455,0.592299371075536,0.587406584070274,0.00489278700526263,0.00337288874655212,0,0,1,""
4,456,710004456,1010004456,0.63017360722191,0.621594525623746,0.00857908159816401,0.00522814545692845,0,0,1,""
4,457,710004457,1010004457,0.595511710320692,0.591879343158105,0.0036323671625873,0.00385490472706341,0,0,1,""
4,458,710004458,1010004458,0.571451500829561,0.570980256192793,0.000471244636768398,0.0048368398205071,0,0,1,""
4,459,710004459,1010004459,0.611137186849616,0.613622838492102,-0.00248565164248626,0.00495119663173232,0,0,1,""
4,460,710004460,1010004460,0.616242701272773,0.613389511197467,0.00285319007530627,0.00446574281997613,0,0,1,""
4,461,710004461,1010004461,0.592886290537763,0.594821790608245,-0.00193550007048193,0.00178614170494081,0,0,1,""
4,462,710004462,1010004462,0.584644015821005,0.582196458061667,0.00244755775933803,0.00269312213784912,0,0,1,""
4,463,710004463,1010004463,0.604282549809226,0.604145144002654,0.000137405806571511,0.00681213405858989,0,0,1,""
4,464,710004464,1010004464,0.603492664067327,0.599485374939905,0.00400728912742221,0.00394192232949121,0,0,1,""
4,465,710004465,1010004465,0.661447861627207,0.667748969097404,-0.00630110747019697,0.00465249127843601,0,0,1,""
4,466,710004466,1010004466,0.605104720960492,0.596909798088539,0.00819492287195267,0.00411580832542938,1,0,1,""
4,467,710004467,1010004467,0.601260251042452,0.594681211888108,0.00657903915434388,0.00599030051823771,0,0,1,""
4,468,710004468,1010004468,0.693182504435593,0.688345501403724,0.00483700303186962,0.00317302215161839,0,0,1,""
4,469,710004469,1010004469,0.636880098897986,0.631768224488826,0.00511187440916006,0.00423765032701573,0,0,1,""
4,470,710004470,1010004470,0.634835375931966,0.63345416768214,0.00138120824982635,0.00554591683484356,0,0,1,""
4,471,710004471,1010004471,0.59982852230708,0.597286867767896,0.00254165453918398,0.00339822140016047,0,0,1,""
4,472,710004472,1010004472,0.63521142185917,0.646462870858668,-0.0112514489994981,0.00612500346182277,0,0,1,""
4,473,710004473,1010004473,0.606601832126099,0.613093767508383,-0.00649193538228332,0.00488600731595795,0,0,1,""
4,474,710004474,1010004474,0.589537436015511,0.583506480989424,0.00603095502608742,0.00324084366214868,0,0,1,""
4,475,710004475,1010004475,0.675874828516978,0.673380995968773,0.00249383254820512,0.00439414281879873,0,0,1,""
4,476,710004476,1010004476,0.624910522267171,0.623637094347983,0.00127342791918805,0.00418988045061129,0,0,1,""
4,477,710004477,1010004477,0.556886467577676,0.56143236884872,-0.00454590127104393,0.00492544713281014,0,0,1,""
4,478,710004478,1010004478,0.657939117325495,0.654324533260283,0.00361458406521209,0.00526765477547804,0,0,1,""
4,479,710004479,1010004479,0.566453048049848,0.567589359992079,-0.00113631194223085,0.00241149955493382,0,0,1,""
4,480,710004480,1010004480,0.649539129198979,0.646636278710449,0.00290285048853034,0.00560265272297141,0,0,1,""
4,481,710004481,1010004481,0.664284305675005,0.662034576488783,0.00224972918622257,0.00446075707281585,0,0,1,""
4,482,710004482,1010004482,0.66322979744723,0.664833604407276,-0.00160380696004558,0.00450466422590314,0,0,1,""
4,483,710004483,1010004483,0.591043760490629,0.595789706797371,-0.00474594630674219,0.0035459195879512,0,0,1,""
4,484,710004484,1010004484,0.62803518787492,0.634328180744339,-0.00629299286941898,0.00477666573014876,0,0,1,""
4,485,710004485,1010004485,0.700553559328886,0.697525444530446,0.00302811479844034,0.00390944176431956,0,0,1,""
4,486,710004486,1010004486,0.579442868833367,0.582729712887756,-0.00328684405438962,0.00507561319307322,0,0,1,""
4,487,710004487,1010004487,0.624001413130619,0.627278272151753,-0.00327685902113328,0.00440190807155115,0,0,1,""
4,488,710004488,1010004488,0.603454653129867,0.609645406939281,-0.00619075380941359,0.0039523336452505,0,0,1,""
4,489,710004489,1010004489,0.603653549664359,0.594410281453674,0.00924326821068522,0.00367579099191781,1,0,1,""
4,490,710004490,1010004490,0.605716565758717,0.603133522525669,0.00258304323304814,0.00196885492790608,0,0,1,""
4,491,710004491,1010004491,0.684775535161767,0.68955785380022,-0.00478231863845235,0.00477148635206505,0,0,1,""
4,492,710004492,1010004492,0.636405847329717,0.641717560876443,-0.00531171354672622,0.00519922217380342,0,0,1,""
4,493,710004493,1010004493,0.630521838003255,0.631757121414268,-0.00123528341101298,0.00533683198166364,0,0,1,""
4,494,710004494,1010004494,0.54859136680159,0.554665616191686,-0.00607424939009615,0.00600384609624989,0,0,1,""
4,495,710004495,1010004495,0.62905048793379,0.641481274198779,-0.0124307862649888,0.00692776582200424,0,0,1,""
4,496,710004496,1010004496,0.579202091227883,0.57399501498659,0.00520707624129313,0.0039168362312715,0,0,1,""
4,497,710004497,1010004497,0.623138473206739,0.624650398339479,-0.0015119251327399,0.00458625236767046,0,0,1,""
4,498,710004498,1010004498,0.634397041703541,0.630235052897627,0.0041619888059139,0.00452572679500102,0,0,1,""
4,499,710004499,1010004499,0.633195735839448,0.631436369109329,0.00175936673011845,0.00316210316889104,0,0,1,""
4,500,710004500,1010004500,0.602664185281346,0.602197541927214,0.000466643354131158,0.00565822173506329,0,0,1,""
4,501,710004501,1010004501,0.640447244848774,0.631928956331162,0.00851828851761194,0.00330646528947744,1,0,1,""
4,502,710004502,1010004502,0.694304397952124,0.694025626755055,0.00027877119706865,0.00337378338320845,0,0,1,""
4,503,710004503,1010004503,0.619997412060343,0.625279976882558,-0.00528256482221512,0.00419143310770252,0,0,1,""
4,504,710004504,1010004504,0.57864851028126,0.576197017231339,0.00245149304992076,0.00316427709151082,0,0,1,""
4,505,710004505,1010004505,0.624691218572417,0.630081972897087,-0.0053907543246694,0.00778382027361821,0,0,1,""
4,506,710004506,1010004506,0.636461013458421,0.637594820865008,-0.00113380740658675,0.00606745711045346,0,0,1,""
4,507,710004507,1010004507,0.636822368905844,0.639419957469804,-0.00259758856395986,0.00615737333751941,0,0,1,""
4,508,710004508,1010004508,0.584828087961065,0.586049978856503,-0.00122189089543778,0.00630449267941794,0,0,1,""
4,509,710004509,1010004509,0.591108019038288,0.585406522620752,0.00570149641753648,0.0055550175357699,0,0,1,""
4,510,710004510,1010004510,0.561863251373312,0.564648493384684,-0.00278524201137109,0.00649637401657762,0,0,1,""
4,511,710004511,1010004511,0.609840629984066,0.60934253011227,0.00049809987179672,0.00432232618724925,0,0,1,""
4,512,710004512,1010004512,0.57193975018709,0.569482360288222,0.0024573898988679,0.0044589096552803,0,0,1,""
4,513,710004513,1010004513,0.598708697492485,0.597317364844122,0.00139133264836311,0.00457861570308775,0,0,1,""
4,514,710004514,1010004514,0.659933242369941,0.668294689419821,-0.00836144704988062,0.00462659218403722,0,0,1,""
4,515,710004515,1010004515,0.649133269618051,0.661408327909576,-0.0122750582915248,0.00555242589152483,1,0,1,""
4,516,710004516,1010004516,0.555593878150724,0.54620775635799,0.0093861217927339,0.00508760771472345,0,0,1,""
4,517,710004517,1010004517,0.646824874776816,0.648565342749473,-0.00174046797265714,0.00389201190882134,0,0,1,""
4,518,710004518,1010004518,0.634466823442221,0.640672655105671,-0.00620583166345035,0.00684216413076634,0,0,1,""
4,519,710004519,1010004519,0.642579769351293,0.647725924887,-0.00514615553570674,0.00485885167983906,0,0,1,""
4,520,710004520,1010004520,0.653552785177132,0.655033101087854,-0.00148031591072162,0.00359812990833395,0,0,1,""
4,521,710004521,1010004521,0.653318785998344,0.653708817926311,-0.000390031927966716,0.00156245155576934,0,0,1,""
4,522,710004522,1010004522,0.599334218639291,0.594902607487953,0.00443161115133861,0.00613272537615399,0,0,1,""
4,523,710004523,1010004523,0.631763461005517,0.631859407486173,-9.59464806562504e-05,0.00420875489127086,0,0,1,""
4,524,710004524,1010004524,0.643667745740894,0.641763362861994,0.00190438287890071,0.00382666378163514,0,0,1,""
4,525,710004525,1010004525,0.581988442273346,0.586520633670974,-0.00453219139762795,0.00476004847132316,0,0,1,""
4,526,710004526,1010004526,0.664504275300197,0.666987778430567,-0.00248350313037016,0.00468145299877622,0,0,1,""
4,527,710004527,1010004527,0.637563496858523,0.634657063936646,0.00290643292187731,0.00417572987648887,0,0,1,""
4,528,710004528,1010004528,0.632610880034582,0.627392985534474,0.00521789450010801,0.00447051806371389,0,0,1,""
4,529,710004529,1010004529,0.604062835450762,0.604206301845275,-0.000143466394513014,0.00386406138265272,0,0,1,""
4,530,710004530,1010004530,0.634064443880442,0.632086244241328,0.00197819963911405,0.00459344200346129,0,0,1,""
4,531,710004531,1010004531,0.510607726575272,0.511338734241421,-0.000731007666149086,0.00434375737264616,0,0,1,""
4,532,710004532,1010004532,0.623107315526334,0.623304074587777,-0.000196759061443674,0.00334637753089321,0,0,1,""
4,533,710004533,1010004533,0.620893746860271,0.610687502756821,0.0102062441034496,0.00637007593970622,0,0,1,""
4,534,710004534,1010004534,0.650947620961901,0.647494991175913,0.0034526297859877,0.00365601368430405,0,0,1,""
4,535,710004535,1010004535,0.604941389329138,0.598014466283248,0.00692692304588949,0.00470026754254865,0,0,1,""
4,536,710004536,1010004536,0.634222354174103,0.652833112445107,-0.0186107582710033,0.00903716132152196,1,0,1,""
4,537,710004537,1010004537,0.601670957276832,0.604898683550729,-0.00322772627389734,0.00496708322497449,0,0,1,""
4,538,710004538,1010004538,0.643025654742749,0.648095078521113,-0.00506942377836384,0.00925435079939735,0,0,1,""
4,539,710004539,1010004539,0.586692748070188,0.593412555857402,-0.00671980778721371,0.00417714207059871,0,0,1,""
4,540,710004540,1010004540,0.559887694957826,0.552363924456489,0.00752377050133712,0.00512278396349231,0,0,1,""
4,541,710004541,1010004541,0.619890372396015,0.61420512039009,0.00568525200592529,0.00289816068783555,1,0,1,""
4,542,710004542,1010004542,0.652938528717271,0.651336743296875,0.0016017854203968,0.00636731993123456,0,0,1,""
4,543,710004543,1010004543,0.616219542864125,0.611357835825279,0.00486170703884548,0.00558761313302048,0,0,1,""
4,544,710004544,1010004544,0.595918496971727,0.603419116677955,-0.00750061970622795,0.00424454753403854,0,0,1,""
4,545,710004545,1010004545,0.645692036789276,0.637075616650864,0.00861642013841191,0.00488325189326979,0,0,1,""
4,546,710004546,1010004546,0.643287544292,0.639746790634295,0.0035407536577059,0.00480107741989727,0,0,1,""
4,547,710004547,1010004547,0.669592018688562,0.666517212316088,0.00307480637247382,0.00228891251860883,0,0,1,""
4,548,710004548,1010004548,0.631454926904697,0.633549190786959,-0.00209426388226197,0.00369477631287937,0,0,1,""
4,549,710004549,1010004549,0.586348510923989,0.589140398745862,-0.00279188782187345,0.00645005395406988,0,0,1,""
4,550,710004550,1010004550,0.631498452619867,0.633554257378522,-0.00205580475865552,0.00532784799208716,0,0,1,""
4,551,710004551,1010004551,0.586137738879549,0.583713189617735,0.00242454926181357,0.00478953193695807,0,0,1,""
4,552,710004552,1010004552,0.601461898101233,0.601020367939335,0.000441530161897297,0.00325002805823596,0,0,1,""
4,553,710004553,1010004553,0.606841202949558,0.604896805091552,0.0019443978580056,0.00476554052379912,0,0,1,""
4,554,710004554,1010004554,0.565785310431636,0.566073603924365,-0.000288293492729519,0.00396276052392651,0,0,1,""
4,555,710004555,1010004555,0.620759564694368,0.613193706081041,0.00756585861332715,0.00497545630849526,0,0,1,""
4,556,710004556,1010004556,0.671142099066807,0.664896890591309,0.00624520847549748,0.00821546033994969,0,0,1,""
4,557,710004557,1010004557,0.650105840778256,0.650350250378669,-0.000244409600412943,0.00476433499326691,0,0,1,""
4,558,710004558,1010004558,0.655046514333018,0.655841276357099,-0.000794762024080686,0.00356669960670937,0,0,1,""
4,559,710004559,1010004559,0.635501375151334,0.627792502193852,0.00770887295748202,0.00625562302725037,0,0,1,""
4,560,710004560,1010004560,0.544882110942887,0.53847843613895,0.00640367480393678,0.00406541172984681,0,0,1,""
4,561,710004561,1010004561,0.5619993157551,0.552433305902125,0.00956600985297451,0.00571780857604088,0,0,1,""
4,562,710004562,1010004562,0.639869104027815,0.633603617174581,0.00626548685323358,0.0102326585813923,0,0,1,""
4,563,710004563,1010004563,0.591229344596172,0.600515085908614,-0.00928574131244275,0.00525354465496315,0,0,1,""
4,564,710004564,1010004564,0.568693852424718,0.567970546688986,0.000723305735732094,0.00592985088866454,0,0,1,""
4,565,710004565,1010004565,0.652798148781149,0.655846230144105,-0.00304808136295609,0.00456051150460255,0,0,1,""
4,566,710004566,1010004566,0.610365908038229,0.607385830119458,0.00298007791877142,0.00315004493282382,0,0,1,""
4,567,710004567,1010004567,0.599350952235964,0.601711016254017,-0.00236006401805244,0.00598849004374047,0,0,1,""
4,568,710004568,1010004568,0.610757280510769,0.61092092799295,-0.000163647482181228,0.00391100000706345,0,0,1,""
4,569,710004569,1010004569,0.548789727671421,0.545248266763256,0.00354146090816521,0.00996581269743262,0,0,1,""
4,570,710004570,1010004570,0.636375296453371,0.636180096041741,0.00019520041163068,0.0030919565975679,0,0,1,""
4,571,710004571,1010004571,0.581965361492057,0.595231184800574,-0.0132658233085179,0.0058866903421249,1,0,1,""
4,572,710004572,1010004572,0.62561644160295,0.627247788867762,-0.00163134726481207,0.00536660038881551,0,0,1,""
4,573,710004573,1010004573,0.513810806348667,0.514223425645084,-0.000412619296416339,0.00639201273328703,0,0,1,""
4,574,710004574,1010004574,0.66522672925997,0.658528467936677,0.00669826132329299,0.00737449326114151,0,0,1,""
4,575,710004575,1010004575,0.567588854172722,0.572403549163039,-0.00481469499031739,0.00537224758146036,0,0,1,""
4,576,710004576,1010004576,0.572273813724575,0.564852622177615,0.00742119154695942,0.00755681021308953,0,0,1,""
4,577,710004577,1010004577,0.603152878663353,0.604707016540642,-0.00155413787728875,0.00319316302652808,0,0,1,""
4,578,710004578,1010004578,0.600529940641262,0.603350288057868,-0.00282034741660608,0.00864842784810857,0,0,1,""
4,579,710004579,1010004579,0.654938724467998,0.653467927006119,0.00147079746187895,0.00604749839356301,0,0,1,""
4,580,710004580,1010004580,0.604018454136417,0.603027888114616,0.000990566021801587,0.00465817696945396,0,0,1,""
4,581,710004581,1010004581,0.558434338513871,0.557978398466898,0.000455940046973025,0.00424592771965797,0,0,1,""
4,582,710004582,1010004582,0.667948564713091,0.670181248813428,-0.00223268410033683,0.00425650478582202,0,0,1,""
4,583,710004583,1010004583,0.610701958710087,0.616409241140803,-0.00570728243071628,0.0059247122266748,0,0,1,""
4,584,710004584,1010004584,0.557643028076781,0.564679828801186,-0.00703680072440582,0.00623888892852527,0,0,1,""
4,585,710004585,1010004585,0.663957686671119,0.655020099023265,0.00893758764785446,0.00493905793568919,0,0,1,""
4,586,710004586,1010004586,0.612235370483734,0.611423065396761,0.00081230508697272,0.00321792032010066,0,0,1,""
4,587,710004587,1010004587,0.655858191171931,0.65279861206415,0.00305957910778032,0.00358174354395515,0,0,1,""
4,588,710004588,1010004588,0.613210443684913,0.611087679729408,0.00212276395550459,0.00534721030091489,0,0,1,""
4,589,710004589,1010004589,0.570650407338783,0.574236704743154,-0.00358629740437122,0.00392962901259109,0,0,1,""
4,590,710004590,1010004590,0.699506056661601,0.692890213833172,0.00661584282842831,0.00401640099109988,0,0,1,""
4,591,710004591,1010004591,0.576173369663571,0.569068304926797,0.00710506473677397,0.00688105458563972,0,0,1,""
4,592,710004592,1010004592,0.638225251274206,0.635072403932853,0.00315284734135324,0.00265304563500886,0,0,1,""
4,593,710004593,1010004593,0.593064985626151,0.586667327529533,0.00639765809661785,0.00635221414308348,0,0,1,""
4,594,710004594,1010004594,0.61579728937721,0.619688222815095,-0.00389093343788494,0.00722791721959579,0,0,1,""
4,595,710004595,1010004595,0.636252534874131,0.632005605293925,0.00424692958020667,0.00336061917629368,0,0,1,""
4,596,710004596,1010004596,0.581542588520375,0.58502494597315,-0.00348235745277536,0.00349107916232032,0,0,1,""
4,597,710004597,1010004597,0.574981341371798,0.577786864273997,-0.00280552290219971,0.00442269775008427,0,0,1,""
4,598,710004598,1010004598,0.573581375418058,0.574395891564457,-0.000814516146398603,0.00522191446909945,0,0,1,""
4,599,710004599,1010004599,0.577043740834703,0.56922532649118,0.00781841434352226,0.00342467220169441,1,0,1,""
4,600,710004600,1010004600,0.550625279872999,0.550254734402155,0.000370545470843919,0.00421088345412747,0,0,1,""
4,601,710004601,1010004601,0.562583680344728,0.56496713620022,-0.00238345585549238,0.00511787150734283,0,0,1,""
4,602,710004602,1010004602,0.647685515960793,0.640830722768199,0.00685479319259352,0.00477261369464915,0,0,1,""
4,603,710004603,1010004603,0.626081262210527,0.62057586119232,0.00550540101820618,0.00535787205045252,0,0,1,""
4,604,710004604,1010004604,0.615427262570046,0.606269691573825,0.00915757099622083,0.00820559614796497,0,0,1,""
4,605,710004605,1010004605,0.647943618175435,0.642355433461711,0.00558818471372391,0.00405249447858917,0,0,1,""
4,606,710004606,1010004606,0.600651685746164,0.607297893543998,-0.00664620779783387,0.00401457887296296,0,0,1,""
4,607,710004607,1010004607,0.629430035138907,0.625608748045301,0.00382128709360574,0.00363078350728015,0,0,1,""
4,608,710004608,1010004608,0.596535127334802,0.592025966386023,0.00450916094877851,0.00533003631687673,0,0,1,""
4,609,710004609,1010004609,0.627501486461906,0.627491516755419,9.96970648714512e-06,0.00526840931414293,0,0,1,""
4,610,710004610,1010004610,0.656027764406038,0.656224269743181,-0.000196505337142772,0.0028575683164912,0,0,1,""
4,611,710004611,1010004611,0.61076003853809,0.605805697955274,0.00495434058281574,0.00558646605614682,0,0,1,""
4,612,710004612,1010004612,0.636319800166197,0.638637954011332,-0.00231815384513556,0.00459085738442527,0,0,1,""
4,613,710004613,1010004613,0.608547304729377,0.602802200148027,0.00574510458134947,0.00445349164589434,0,0,1,""
4,614,710004614,1010004614,0.555308062772382,0.549680405182359,0.00562765759002282,0.00349152315221026,0,0,1,""
4,615,710004615,1010004615,0.606196930641308,0.60355373568008,0.00264319496122789,0.00501258977639492,0,0,1,""
4,616,710004616,1010004616,0.655966134109287,0.657656163860098,-0.0016900297508109,0.00506298115822928,0,0,1,""
4,617,710004617,1010004617,0.584190231392336,0.58087502928531,0.00331520210702552,0.00326209516880115,0,0,1,""
4,618,710004618,1010004618,0.646921312451277,0.646475447859382,0.000445864591894996,0.00296985848278661,0,0,1,""
4,619,710004619,1010004619,0.535554432837076,0.529308019035408,0.00624641380166857,0.00542189542150832,0,0,1,""
4,620,710004620,1010004620,0.624365294372696,0.618793883041603,0.0055714113310934,0.00365468844361418,0,0,1,""
4,621,710004621,1010004621,0.660769021655044,0.662781458187587,-0.00201243653254246,0.00432180784237775,0,0,1,""
4,622,710004622,1010004622,0.628591530602575,0.621098789076012,0.0074927415265631,0.00454550239944114,0,0,1,""
4,623,710004623,1010004623,0.542675265206261,0.555238743976259,-0.0125634787699976,0.006318517047064,1,0,1,""
4,624,710004624,1010004624,0.590869211340011,0.589622572046048,0.00124663929396329,0.00393826481749495,0,0,1,""
4,625,710004625,1010004625,0.627134499815769,0.628201010487616,-0.00106651067184682,0.00320332848716351,0,0,1,""
4,626,710004626,1010004626,0.655689748570171,0.65729619998066,-0.00160645141048899,0.00451268559661705,0,0,1,""
4,627,710004627,1010004627,0.602273460260046,0.596008883122194,0.00626457713785189,0.00428364672009826,0,0,1,""
4,628,710004628,1010004628,0.604762162093488,0.604272099796051,0.000490062297436311,0.0102199021410136,0,0,1,""
4,629,710004629,1010004629,0.648673433912736,0.646111756142971,0.0025616777697649,0.00627650420506726,0,0,1,""
4,630,710004630,1010004630,0.634754178148582,0.632728671738709,0.00202550640987309,0.00280438915194824,0,0,1,""
4,631,710004631,1010004631,0.636988372071718,0.632001547782728,0.00498682428898989,0.00572829195733662,0,0,1,""
4,632,710004632,1010004632,0.649046862571108,0.648100785333669,0.000946077237438891,0.00215041578333825,0,0,1,""
4,633,710004633,1010004633,0.653412700528142,0.649588289222461,0.00382441130568123,0.00329892041769181,0,0,1,""
4,634,710004634,1010004634,0.633894432725566,0.641984389624066,-0.0080899568984999,0.00438422626415379,0,0,1,""
4,635,710004635,1010004635,0.563172269247372,0.559317098902065,0.00385517034530614,0.00363033935637499,0,0,1,""
4,636,710004636,1010004636,0.519593347788185,0.518679859025467,0.00091348876271713,0.00365582142036418,0,0,1,""
4,637,710004637,1010004637,0.63727403765902,0.637326805022868,-5.27673638478499e-05,0.00721153200431575,0,0,1,""
4,638,710004638,1010004638,0.668955766794791,0.677333015395158,-0.00837724860036704,0.0051550153354953,0,0,1,""
4,639,710004639,1010004639,0.585129202822896,0.587033392397167,-0.00190418957427152,0.00300970955536335,0,0,1,""
4,640,710004640,1010004640,0.621829191878707,0.613271228416807,0.00855796346190008,0.00457240760118185,0,0,1,""
4,641,710004641,1010004641,0.605314315906408,0.60688364138261,-0.0015693254762017,0.00413396455550855,0,0,1,""
4,642,710004642,1010004642,0.601693108258221,0.595331296373326,0.00636181188489504,0.00560999580996321,0,0,1,""
4,643,710004643,1010004643,0.594397019707769,0.592933270938141,0.00146374876962829,0.00381225406564668,0,0,1,""
4,644,710004644,1010004644,0.66383664566573,0.660601509313566,0.00323513635216466,0.00232820936469955,0,0,1,""
4,645,710004645,1010004645,0.57405846942454,0.572715791006675,0.0013426784178644,0.00585057490325162,0,0,1,""
4,646,710004646,1010004646,0.563053241004405,0.563537089908598,-0.00048384890419273,0.00363546289681093,0,0,1,""
4,647,710004647,1010004647,0.67703180989712,0.67457566478498,0.00245614511213976,0.00346629085708629,0,0,1,""
4,648,710004648,1010004648,0.563124510276175,0.567526662280221,-0.00440215200404548,0.00430004250546331,0,0,1,""
4,649,710004649,1010004649,0.652008358625437,0.645490823184485,0.00651753544095213,0.00617341977730125,0,0,1,""
4,650,710004650,1010004650,0.633083937640706,0.627324866097284,0.00575907154342192,0.00533716867971195,0,0,1,""
4,651,710004651,1010004651,0.593848428314657,0.598396641439983,-0.00454821312532605,0.00520072374721956,0,0,1,""
4,652,710004652,1010004652,0.633400618863633,0.62445787844895,0.00894274041468235,0.00476134275218,0,0,1,""
4,653,710004653,1010004653,0.631190226466674,0.625497334425916,0.00569289204075807,0.00561923162589389,0,0,1,""
4,654,710004654,1010004654,0.550119270317293,0.550418712587018,-0.000299442269725558,0.00435662139571584,0,0,1,""
4,655,710004655,1010004655,0.61809418359844,0.611565879789315,0.00652830380912517,0.0050423475269403,0,0,1,""
4,656,710004656,1010004656,0.637554614765152,0.636092335245866,0.00146227951928557,0.00448628722774612,0,0,1,""
4,657,710004657,1010004657,0.569876538719624,0.580784423579031,-0.0109078848594075,0.00421733608044656,1,0,1,""
4,658,710004658,1010004658,0.612046435870585,0.616553758576775,-0.00450732270619036,0.00580439703568461,0,0,1,""
4,659,710004659,1010004659,0.592345091039707,0.592794130512322,-0.000449039472614987,0.0063734598254206,0,0,1,""
4,660,710004660,1010004660,0.587868044743714,0.590891632331243,-0.00302358758752852,0.00518045978603062,0,0,1,""
4,661,710004661,1010004661,0.653677061729812,0.652616555992787,0.00106050573702587,0.00427925771565496,0,0,1,""
4,662,710004662,1010004662,0.642275621624596,0.648622117470113,-0.00634649584551683,0.00458537923288723,0,0,1,""
4,663,710004663,1010004663,0.664216577985758,0.670404691246793,-0.0061881132610353,0.0074664982970129,0,0,1,""
4,664,710004664,1010004664,0.637684411260529,0.639027331780795,-0.00134292052026597,0.00292977089477767,0,0,1,""
4,665,710004665,1010004665,0.591240395850444,0.589955158714733,0.00128523713571094,0.00453551438015791,0,0,1,""
4,666,710004666,1010004666,0.632547057412163,0.631164940504854,0.00138211690730872,0.00315233770571443,0,0,1,""
4,667,710004667,1010004667,0.673576455913036,0.664983875869086,0.00859258004395014,0.00606982220713901,0,0,1,""
4,668,710004668,1010004668,0.565155692293035,0.565734290733423,-0.000578598440387879,0.00372716993083551,0,0,1,""
4,669,710004669,1010004669,0.643100594918744,0.646560693433065,-0.0034600985143205,0.00551864695929011,0,0,1,""
4,670,710004670,1010004670,0.611180082012206,0.624546764358306,-0.0133666823460998,0.00582955689372211,1,0,1,""
4,671,710004671,1010004671,0.616886602476522,0.613621909499343,0.00326469297717869,0.00547346265661497,0,0,1,""
4,672,710004672,1010004672,0.640955182312361,0.63485454353135,0.00610063878101141,0.00617873907109893,0,0,1,""
4,673,710004673,1010004673,0.589622063743137,0.588867730303729,0.000754333439407673,0.00327993770710196,0,0,1,""
4,674,710004674,1010004674,0.572204567194768,0.5740104163515,-0.00180584915673188,0.00404305910773114,0,0,1,""
4,675,710004675,1010004675,0.662211444439462,0.66055069868724,0.00166074575222197,0.00247722376297082,0,0,1,""
4,676,710004676,1010004676,0.602595738961087,0.603296440721114,-0.000700701760027123,0.00745346385470708,0,0,1,""
4,677,710004677,1010004677,0.649253553100353,0.647757517709045,0.00149603539130849,0.00589694765982245,0,0,1,""
4,678,710004678,1010004678,0.62504863239317,0.622152787615193,0.00289584477797689,0.00355960531374141,0,0,1,""
4,679,710004679,1010004679,0.662998840022785,0.65493191827605,0.00806692174673451,0.00364963625221829,1,0,1,""
4,680,710004680,1010004680,0.640579059446626,0.63705757066306,0.00352148878356517,0.00270536935974131,0,0,1,""
4,681,710004681,1010004681,0.615349440530899,0.619257046199902,-0.00390760566900261,0.00774986402144732,0,0,1,""
4,682,710004682,1010004682,0.617912868671024,0.621439664664607,-0.0035267959935823,0.00460686424011972,0,0,1,""
4,683,710004683,1010004683,0.629869323393319,0.626024734503848,0.00384458888947092,0.00285334606632267,0,0,1,""
4,684,710004684,1010004684,0.614507472197607,0.618326981808412,-0.00381950961080413,0.00469444256586655,0,0,1,""
4,685,710004685,1010004685,0.602542148319009,0.59850264302932,0.00403950528968933,0.00527626549575977,0,0,1,""
4,686,710004686,1010004686,0.632540425640677,0.630273953949253,0.00226647169142424,0.00395640933562509,0,0,1,""
4,687,710004687,1010004687,0.631783513321587,0.63314049192936,-0.00135697860777295,0.00493383554156655,0,0,1,""
4,688,710004688,1010004688,0.57458858468922,0.578361925986848,-0.00377334129762807,0.00500991737289612,0,0,1,""
4,689,710004689,1010004689,0.587077911112808,0.586125363117559,0.000952547995248687,0.00365080461399075,0,0,1,""
4,690,710004690,1010004690,0.561419297155175,0.551334396548971,0.0100849006062035,0.00546018880713796,0,0,1,""
4,691,710004691,1010004691,0.627816458988582,0.630228786843229,-0.00241232785464718,0.00571984211555349,0,0,1,""
4,692,710004692,1010004692,0.671744410900099,0.668563083281575,0.0031813276185233,0.00343580262838492,0,0,1,""
4,693,710004693,1010004693,0.607755384683285,0.610103010912224,-0.00234762622893947,0.00506508957253099,0,0,1,""
4,694,710004694,1010004694,0.611704611511895,0.614465185500012,-0.00276057398811724,0.00442578216402803,0,0,1,""
4,695,710004695,1010004695,0.659170492374678,0.643965190864741,0.0152053015099369,0.00822121541328599,0,0,1,""
4,696,710004696,1010004696,0.584971647857575,0.587603315747851,-0.00263166789027614,0.00592209614639804,0,0,1,""
4,697,710004697,1010004697,0.561622987032943,0.564986827721498,-0.00336384068855555,0.00604380415793589,0,0,1,""
4,698,710004698,1010004698,0.628422847871123,0.628875418316023,-0.000452570444900435,0.00586138333725867,0,0,1,""
4,699,710004699,1010004699,0.57029213935119,0.557566256462118,0.0127258828890722,0.00612968291034298,1,0,1,""
4,700,710004700,1010004700,0.622865655085473,0.621439701671623,0.00142595341385032,0.00279663466589318,0,0,1,""
4,701,710004701,1010004701,0.620010635069206,0.627206635213098,-0.0071960001438921,0.00586378009939496,0,0,1,""
4,702,710004702,1010004702,0.564825463541653,0.569394929068077,-0.00456946552642468,0.00355004809326146,0,0,1,""
4,703,710004703,1010004703,0.608327389824113,0.624569306761367,-0.0162419169372547,0.00720704239472584,1,0,1,""
4,704,710004704,1010004704,0.6355890715766,0.626927861166727,0.00866121040987278,0.00457221114650868,0,0,1,""
4,705,710004705,1010004705,0.551122584814488,0.55068243789052,0.000440146923967877,0.00261029283920186,0,0,1,""
4,706,710004706,1010004706,0.569339460285713,0.562164283912337,0.00717517637337672,0.00401781920515672,0,0,1,""
4,707,710004707,1010004707,0.665898393704161,0.658493561482653,0.00740483222150778,0.00343517872088571,1,0,1,""
4,708,710004708,1010004708,0.648100563214977,0.649427475132129,-0.0013269119171514,0.00550065855686642,0,0,1,""
4,709,710004709,1010004709,0.632637611844824,0.635951052283567,-0.00331344043874315,0.00373570303698128,0,0,1,""
4,710,710004710,1010004710,0.607175602603014,0.607272149027739,-9.6546424724453e-05,0.00479565915121651,0,0,1,""
4,711,710004711,1010004711,0.545321014120624,0.543839918056,0.00148109606462377,0.00249136616810472,0,0,1,""
4,712,710004712,1010004712,0.589204671412934,0.587462952430279,0.00174171898265485,0.00461515822703162,0,0,1,""
4,713,710004713,1010004713,0.63472096045312,0.627964988350194,0.00675597210292633,0.00548574711710148,0,0,1,""
4,714,710004714,1010004714,0.616656588889262,0.619884248797859,-0.00322765990859764,0.00712356786204277,0,0,1,""
4,715,710004715,1010004715,0.67932312333624,0.677789345810247,0.00153377752599326,0.00690928517942165,0,0,1,""
4,716,710004716,1010004716,0.605728089773321,0.600602946600732,0.00512514317258894,0.00553408536195194,0,0,1,""
4,717,710004717,1010004717,0.564190959567157,0.568986089329204,-0.0047951297620471,0.00474464704891142,0,0,1,""
4,718,710004718,1010004718,0.598596233574113,0.591974545667276,0.00662168790683715,0.00361163788246479,0,0,1,""
4,719,710004719,1010004719,0.624530549039416,0.633188241338274,-0.00865769229885827,0.00987401486488544,0,0,1,""
4,720,710004720,1010004720,0.602454856006299,0.590345152322969,0.0121097036833295,0.0050476820908142,1,0,1,""
4,721,710004721,1010004721,0.602946062180199,0.607742906078994,-0.00479684389879531,0.00532134769682778,0,0,1,""
4,722,710004722,1010004722,0.660628570713084,0.662209210068135,-0.00158063935505159,0.0042707416238671,0,0,1,""
4,723,710004723,1010004723,0.559687480000674,0.567256439597531,-0.00756895959685677,0.00513470407011029,0,0,1,""
4,724,710004724,1010004724,0.590838427503596,0.596226551414228,-0.00538812391063248,0.00882403307702854,0,0,1,""
4,725,710004725,1010004725,0.619695684226118,0.620725098201785,-0.0010294139756668,0.00355491908753757,0,0,1,""
4,726,710004726,1010004726,0.615286151093596,0.629223098875472,-0.0139369477818762,0.0104439008059319,0,0,1,""
4,727,710004727,1010004727,0.515243315342223,0.514909321110224,0.000333994231999424,0.00280684244593644,0,0,1,""
4,728,710004728,1010004728,0.635911102928312,0.631380056467279,0.00453104646103353,0.00399627971551511,0,0,1,""
4,729,710004729,1010004729,0.616211068428486,0.62052093514193,-0.00430986671344402,0.00651266109390551,0,0,1,""
4,730,710004730,1010004730,0.700345700467568,0.695937303774168,0.00440839669340065,0.00221793737162846,1,0,1,""
4,731,710004731,1010004731,0.616049575388775,0.609670933292193,0.0063786420965819,0.00396377538971161,0,0,1,""
4,732,710004732,1010004732,0.619776566503595,0.62320160891545,-0.0034250424118546,0.00496155360980196,0,0,1,""
4,733,710004733,1010004733,0.588317737466297,0.585002603941211,0.00331513352508583,0.00433133697123323,0,0,1,""
4,734,710004734,1010004734,0.601389770247934,0.614125895179023,-0.0127361249310888,0.00746130932791173,0,0,1,""
4,735,710004735,1010004735,0.646502347600616,0.636913901823694,0.00958844577692186,0.00466860262837081,1,0,1,""
4,736,710004736,1010004736,0.549465281866745,0.550250598524314,-0.000785316657568536,0.00503597576438132,0,0,1,""
4,737,710004737,1010004737,0.623545638793874,0.623674675932642,-0.00012903713876844,0.00196055841323588,0,0,1,""
4,738,710004738,1010004738,0.59245262583782,0.593795667799852,-0.00134304196203194,0.00404402856901593,0,0,1,""
4,739,710004739,1010004739,0.595200729601673,0.5883267676266,0.00687396197507328,0.00478036822886114,0,0,1,""
4,740,710004740,1010004740,0.586809848018276,0.583446101982358,0.00336374603591894,0.00469674405162368,0,0,1,""
4,741,710004741,1010004741,0.678057844699135,0.676263451500471,0.00179439319866415,0.00311578654930686,0,0,1,""
4,742,710004742,1010004742,0.654155705598711,0.651976044086088,0.00217966151262305,0.00500842937851442,0,0,1,""
4,743,710004743,1010004743,0.628864159362591,0.628676137581333,0.000188021781258096,0.00298030113114775,0,0,1,""
4,744,710004744,1010004744,0.609661477549083,0.613954127333347,-0.00429264978426469,0.00347007831547766,0,0,1,""
4,745,710004745,1010004745,0.608600454635695,0.616013418180256,-0.00741296354456056,0.00579243171680831,0,0,1,""
4,746,710004746,1010004746,0.620074757075393,0.617777523664251,0.00229723341114174,0.00365399918991075,0,0,1,""
4,747,710004747,1010004747,0.550159138595781,0.545860300795228,0.00429883780055351,0.00492944432098288,0,0,1,""
4,748,710004748,1010004748,0.632343537661813,0.632118243496668,0.000225294165144829,0.00393303893418026,0,0,1,""
4,749,710004749,1010004749,0.558746501032447,0.560545634652532,-0.00179913362008477,0.00311026521281591,0,0,1,""
4,750,710004750,1010004750,0.678297270533665,0.673411255097016,0.00488601543664868,0.00391801333231226,0,0,1,""
4,751,710004751,1010004751,0.644670486101015,0.641623578761621,0.00304690733939472,0.00546370947524652,0,0,1,""
4,752,710004752,1010004752,0.623463580984332,0.627748714585752,-0.00428513360141991,0.00633963525265714,0,0,1,""
4,753,710004753,1010004753,0.613152992436448,0.606187596522769,0.00696539591367851,0.00399528758491031,0,0,1,""
4,754,710004754,1010004754,0.523881004048891,0.521535384033099,0.00234562001579297,0.00304518205360341,0,0,1,""
4,755,710004755,1010004755,0.598631670653076,0.59745557943541,0.0011760912176666,0.00465534837738113,0,0,1,""
4,756,710004756,1010004756,0.649531559912968,0.64980451178967,-0.000272951876701621,0.00467141269395647,0,0,1,""
4,757,710004757,1010004757,0.644139885056431,0.631988681923568,0.0121512031328623,0.00551000982627861,1,0,1,""
4,758,710004758,1010004758,0.647903311360679,0.642368132010427,0.00553517935025161,0.00350328754516596,0,0,1,""
4,759,710004759,1010004759,0.633164134120483,0.637089019264829,-0.00392488514434697,0.00598793673867399,0,0,1,""
4,760,710004760,1010004760,0.632758627950499,0.632185505372214,0.000573122578284901,0.00184848784123113,0,0,1,""
4,761,710004761,1010004761,0.632908206007512,0.630391046314065,0.00251715969344746,0.0041441185423554,0,0,1,""
4,762,710004762,1010004762,0.559243617250302,0.549342515624953,0.00990110162534941,0.00733143500065554,0,0,1,""
4,763,710004763,1010004763,0.587561054386325,0.586429524639441,0.00113152974688446,0.00413459141165719,0,0,1,""
4,764,710004764,1010004764,0.632668922448729,0.631184381849809,0.00148454059892,0.00228197552933703,0,0,1,""
4,765,710004765,1010004765,0.591657540597975,0.583845707216264,0.00781183338171043,0.00648687419124053,0,0,1,""
4,766,710004766,1010004766,0.638203894074388,0.640564386057705,-0.00236049198331734,0.00519720901240274,0,0,1,""
4,767,710004767,1010004767,0.615392328995794,0.615233957152328,0.000158371843466676,0.00515048711161873,0,0,1,""
4,768,710004768,1010004768,0.623457277018475,0.624530033621408,-0.00107275660293371,0.00298078452133998,0,0,1,""
4,769,710004769,1010004769,0.614925690235273,0.612600962517822,0.0023247277174504,0.00347401697373285,0,0,1,""
4,770,710004770,1010004770,0.581063178393291,0.586353663213009,-0.00529048481971828,0.00590443119952342,0,0,1,""
4,771,710004771,1010004771,0.647831604358923,0.653249661611816,-0.00541805725289279,0.00535697837296591,0,0,1,""
4,772,710004772,1010004772,0.641500166528569,0.64154495166181,-4.4785133241465e-05,0.00522723273204614,0,0,1,""
4,773,710004773,1010004773,0.584835722535255,0.59154619477102,-0.00671047223576515,0.00727510899640699,0,0,1,""
4,774,710004774,1010004774,0.634949798133716,0.63069028561472,0.00425951251899592,0.00460526920008262,0,0,1,""
4,775,710004775,1010004775,0.623030556493279,0.620935781387478,0.00209477510580125,0.00369076942025406,0,0,1,""
4,776,710004776,1010004776,0.562678747414501,0.570119075090118,-0.00744032767561653,0.00560079043158466,0,0,1,""
4,777,710004777,1010004777,0.606126456552959,0.609935076168816,-0.0038086196158571,0.00415312950985616,0,0,1,""
4,778,710004778,1010004778,0.598803883300219,0.598476279063179,0.000327604237040369,0.00450633547370007,0,0,1,""
4,779,710004779,1010004779,0.667498867152202,0.668708709220679,-0.00120984206847663,0.012117268952555,0,0,1,""
4,780,710004780,1010004780,0.631452362207595,0.631079797059735,0.000372565147859993,0.00246296648059326,0,0,1,""
4,781,710004781,1010004781,0.598207055843255,0.594512580939201,0.00369447490405395,0.00572036157358498,0,0,1,""
4,782,710004782,1010004782,0.610779742662798,0.616842224932521,-0.00606248226972272,0.0041028569896828,0,0,1,""
4,783,710004783,1010004783,0.532950146615806,0.531633307189027,0.0013168394267794,0.00613351853184852,0,0,1,""
4,784,710004784,1010004784,0.612954517743269,0.614677668191134,-0.00172315044786486,0.00848842065743878,0,0,1,""
4,785,710004785,1010004785,0.652203961763685,0.648652957996989,0.00355100376669626,0.00279990324624244,0,0,1,""
4,786,710004786,1010004786,0.628638379013446,0.629967926912625,-0.00132954789917839,0.00495111002550658,0,0,1,""
4,787,710004787,1010004787,0.59885173805057,0.597858947028895,0.000992791021675266,0.00448699145090128,0,0,1,""
4,788,710004788,1010004788,0.645665553834839,0.649094276792294,-0.00342872295745489,0.00380115208070072,0,0,1,""
4,789,710004789,1010004789,0.559307821513649,0.564866751223835,-0.00555892971018646,0.00807111344265386,0,0,1,""
4,790,710004790,1010004790,0.597668704041711,0.602135684213145,-0.00446698017143443,0.00595171628699531,0,0,1,""
4,791,710004791,1010004791,0.636613085308852,0.636998064338562,-0.000384979029709909,0.00482773669368098,0,0,1,""
4,792,710004792,1010004792,0.583777000794611,0.586723582048739,-0.00294658125412828,0.00411346878227878,0,0,1,""
4,793,710004793,1010004793,0.608185825587094,0.608100878476831,8.49471102633004e-05,0.00599307605249821,0,0,1,""
4,794,710004794,1010004794,0.620107245887047,0.617377362013398,0.00272988387364903,0.00413551624982051,0,0,1,""
4,795,710004795,1010004795,0.611880276676823,0.618664485222465,-0.00678420854564144,0.00386203160452278,0,0,1,""
4,796,710004796,1010004796,0.665730551721991,0.659611655046458,0.006118896675533,0.0047552339316372,0,0,1,""
4,797,710004797,1010004797,0.63254330084076,0.633171376346362,-0.000628075505602066,0.00646544559104257,0,0,1,""
4,798,710004798,1010004798,0.61262914662239,0.621746123255598,-0.00911697663320854,0.00549468957150131,0,0,1,""
4,799,710004799,1010004799,0.642074129864876,0.643228049317878,-0.00115391945300247,0.00404820211279419,0,0,1,""
4,800,710004800,1010004800,0.641210160778635,0.642574705401298,-0.00136454462266333,0.00505886156165405,0,0,1,""
4,801,710004801,1010004801,0.602949455217588,0.595741992703339,0.00720746251424909,0.00532644449514864,0,0,1,""
4,802,710004802,1010004802,0.573820316688053,0.584884238599813,-0.0110639219117592,0.00517231513550937,1,0,1,""
4,803,710004803,1010004803,0.602559026335286,0.596589078442345,0.00596994789294025,0.00433227756524261,0,0,1,""
4,804,710004804,1010004804,0.585888817585736,0.585092498962123,0.000796318623612735,0.00593173919100261,0,0,1,""
4,805,710004805,1010004805,0.620187041249196,0.618549983225892,0.00163705802330394,0.00269267298402477,0,0,1,""
4,806,710004806,1010004806,0.626336803676706,0.626462642517527,-0.000125838840820514,0.00501439523265798,0,0,1,""
4,807,710004807,1010004807,0.537124215533357,0.535854199441139,0.00127001609221822,0.00381307260708277,0,0,1,""
4,808,710004808,1010004808,0.5979709423854,0.594220280832196,0.00375066155320358,0.00594934725514131,0,0,1,""
4,809,710004809,1010004809,0.627232299154901,0.62670054805517,0.000531751099730804,0.00721251079959074,0,0,1,""
4,810,710004810,1010004810,0.596489731729589,0.5992614726851,-0.00277174095551125,0.00375808214288994,0,0,1,""
4,811,710004811,1010004811,0.609411624237747,0.615391884293382,-0.00598026005563557,0.00308301742616873,0,0,1,""
4,812,710004812,1010004812,0.610647079504585,0.610481290519703,0.000165788984882287,0.00454692727150595,0,0,1,""
4,813,710004813,1010004813,0.676605879256437,0.667590560456154,0.00901531880028239,0.00493989845914322,0,0,1,""
4,814,710004814,1010004814,0.608036426074697,0.610245230832542,-0.00220880475784579,0.00500226297403589,0,0,1,""
4,815,710004815,1010004815,0.629325094441927,0.630915461184809,-0.00159036674288249,0.0037328415111579,0,0,1,""
4,816,710004816,1010004816,0.608875033229267,0.607366793855841,0.00150823937342515,0.00294232954296659,0,0,1,""
4,817,710004817,1010004817,0.635422216756571,0.632172652418294,0.00324956433827717,0.00386412984545674,0,0,1,""
4,818,710004818,1010004818,0.65766090740221,0.656990777987649,0.000670129414561349,0.00427650528212033,0,0,1,""
4,819,710004819,1010004819,0.56032240880509,0.550011782510278,0.0103106262948116,0.00874752150721812,0,0,1,""
4,820,710004820,1010004820,0.649456891538486,0.646416896284891,0.00303999525359522,0.00352195952107532,0,0,1,""
4,821,710004821,1010004821,0.64220329584873,0.648792263564001,-0.00658896771527107,0.00634049340687412,0,0,1,""
4,822,710004822,1010004822,0.621837718727202,0.612895697168831,0.00894202155837087,0.00633092679977088,0,0,1,""
4,823,710004823,1010004823,0.596240964738579,0.598768492890178,-0.0025275281515984,0.00452336920534139,0,0,1,""
4,824,710004824,1010004824,0.610128539070904,0.601814407301431,0.00831413176947216,0.00291797586112996,1,0,1,""
4,825,710004825,1010004825,0.607930184949898,0.617177528688571,-0.00924734373867364,0.00644190097588796,0,0,1,""
4,826,710004826,1010004826,0.623950783139267,0.626380181091098,-0.0024293979518315,0.0039464809644795,0,0,1,""
4,827,710004827,1010004827,0.591400685283127,0.582624375684735,0.00877630959839215,0.00551555095777049,0,0,1,""
4,828,710004828,1010004828,0.601848303370799,0.604420487926277,-0.00257218455547836,0.00297948468849578,0,0,1,""
4,829,710004829,1010004829,0.614233565917551,0.611487353153057,0.00274621276449338,0.00416305992150012,0,0,1,""
4,830,710004830,1010004830,0.629385981690658,0.636218862945373,-0.00683288125471437,0.00705796566766472,0,0,1,""
4,831,710004831,1010004831,0.64045307604606,0.643516684030304,-0.00306360798424399,0.00510176621340879,0,0,1,""
4,832,710004832,1010004832,0.665991004864898,0.666068188924465,-7.71840595666928e-05,0.00351718443929586,0,0,1,""
4,833,710004833,1010004833,0.560679217717421,0.562468381847576,-0.00178916413015529,0.00642454093888673,0,0,1,""
4,834,710004834,1010004834,0.608224578511288,0.607140153589793,0.00108442492149519,0.00431402704153787,0,0,1,""
4,835,710004835,1010004835,0.629734519845452,0.618000755206551,0.0117337646389003,0.00588428681202621,1,0,1,""
4,836,710004836,1010004836,0.639841434182447,0.633380322265413,0.00646111191703347,0.00631585239298396,0,0,1,""
4,837,710004837,1010004837,0.676737724684817,0.680775553677968,-0.00403782899315053,0.00829220272796451,0,0,1,""
4,838,710004838,1010004838,0.645058309084372,0.64304596721838,0.00201234186599131,0.00428286702569531,0,0,1,""
4,839,710004839,1010004839,0.624893150126729,0.627263372456577,-0.00237022232984863,0.00359691113579424,0,0,1,""
4,840,710004840,1010004840,0.595694138436199,0.593748038598814,0.0019460998373857,0.00569625859705525,0,0,1,""
4,841,710004841,1010004841,0.622286495908157,0.619721787155658,0.0025647087524997,0.00326713071836548,0,0,1,""
4,842,710004842,1010004842,0.62889514102707,0.624592763984746,0.00430237704232361,0.00362295171528804,0,0,1,""
4,843,710004843,1010004843,0.654535960535282,0.653415303369059,0.00112065716622312,0.005716495858507,0,0,1,""
4,844,710004844,1010004844,0.63075978648538,0.627854290813969,0.00290549567141118,0.0057820901575407,0,0,1,""
4,845,710004845,1010004845,0.669551537665887,0.665173825343267,0.00437771232261996,0.00517765101864747,0,0,1,""
4,846,710004846,1010004846,0.631764152111526,0.640471792658641,-0.00870764054711537,0.00400705203779302,1,0,1,""
4,847,710004847,1010004847,0.593551937885834,0.6006626073507,-0.00711066946486683,0.00660637512498076,0,0,1,""
4,848,710004848,1010004848,0.643410064709011,0.637633266123475,0.00577679858553615,0.00476123411744677,0,0,1,""
4,849,710004849,1010004849,0.62150811735726,0.621805813500493,-0.000297696143233051,0.00713650293400823,0,0,1,""
4,850,710004850,1010004850,0.604610195541977,0.613318119766005,-0.00870792422402733,0.00573632750318127,0,0,1,""
4,851,710004851,1010004851,0.657154262491392,0.656231091370047,0.000923171121344435,0.00445131639552502,0,0,1,""
4,852,710004852,1010004852,0.644702017388794,0.647928840513418,-0.00322682312462352,0.00714680595607288,0,0,1,""
4,853,710004853,1010004853,0.565560928028291,0.559910940048874,0.00564998797941696,0.00437352157644347,0,0,1,""
4,854,710004854,1010004854,0.607209934108383,0.60211575161741,0.00509418249097271,0.00399449675796803,0,0,1,""
4,855,710004855,1010004855,0.604412105266939,0.598194612363914,0.00621749290302476,0.00574042110306767,0,0,1,""
4,856,710004856,1010004856,0.626461871609362,0.629520918546042,-0.00305904693667991,0.00445202177256785,0,0,1,""
4,857,710004857,1010004857,0.625048429897834,0.625206279758463,-0.000157849860629389,0.00193101426668006,0,0,1,""
4,858,710004858,1010004858,0.656056128229704,0.658045571981306,-0.00198944375160171,0.00515783903573681,0,0,1,""
4,859,710004859,1010004859,0.636782473759673,0.634238774344508,0.0025436994151643,0.00361274314676112,0,0,1,""
4,860,710004860,1010004860,0.586087638916676,0.587783481789225,-0.0016958428725492,0.00345084681029472,0,0,1,""
4,861,710004861,1010004861,0.633724165545008,0.635859343451556,-0.00213517790654838,0.00464385558491282,0,0,1,""
4,862,710004862,1010004862,0.597943478710403,0.596729484894275,0.0012139938161283,0.00458352087045416,0,0,1,""
4,863,710004863,1010004863,0.654293456313008,0.652975724192854,0.00131773212015329,0.00538433112280797,0,0,1,""
4,864,710004864,1010004864,0.626373300598853,0.625893602959763,0.000479697639090504,0.0029961498567368,0,0,1,""
4,865,710004865,1010004865,0.646151065757451,0.646810641966354,-0.000659576208903778,0.00323810434109703,0,0,1,""
4,866,710004866,1010004866,0.571112440526296,0.569868494189708,0.00124394633658875,0.00207658340131993,0,0,1,""
4,867,710004867,1010004867,0.632237246426684,0.639489552599646,-0.00725230617296269,0.00771964902362788,0,0,1,""
4,868,710004868,1010004868,0.60316937799923,0.600174802857834,0.00299457514139667,0.00487532620905315,0,0,1,""
4,869,710004869,1010004869,0.635907479493121,0.635817523087249,8.99564058723934e-05,0.00280783967633673,0,0,1,""
4,870,710004870,1010004870,0.593613952476743,0.592691846162244,0.000922106314499072,0.0091651612557974,0,0,1,""
4,871,710004871,1010004871,0.574912607626645,0.56211738626514,0.0127952213615051,0.00674172379931911,0,0,1,""
4,872,710004872,1010004872,0.662256012752798,0.659739066541162,0.00251694621163612,0.00550208645299386,0,0,1,""
4,873,710004873,1010004873,0.683859815115886,0.686061843772891,-0.00220202865700558,0.00668197242659453,0,0,1,""
4,874,710004874,1010004874,0.612642219693586,0.614780997622865,-0.0021387779292783,0.00633935185174453,0,0,1,""
4,875,710004875,1010004875,0.614623886984185,0.621880845606061,-0.00725695862187614,0.00525158735149163,0,0,1,""
4,876,710004876,1010004876,0.637191324235812,0.635622776152448,0.00156854808336393,0.00389826475764268,0,0,1,""
4,877,710004877,1010004877,0.59027477040428,0.597909995376442,-0.0076352249721624,0.00494008085364323,0,0,1,""
4,878,710004878,1010004878,0.563356453731737,0.563687442921087,-0.00033098918935015,0.00731527007180991,0,0,1,""
4,879,710004879,1010004879,0.641701295519298,0.649739160525599,-0.00803786500630121,0.00575761002997508,0,0,1,""
4,880,710004880,1010004880,0.553533355869255,0.557290028443346,-0.00375667257409129,0.00266457661022592,0,0,1,""
4,881,710004881,1010004881,0.651579989573754,0.647695921264714,0.00388406830903987,0.00511197259631864,0,0,1,""
4,882,710004882,1010004882,0.596834101890307,0.595929161599675,0.00090494029063215,0.0056724530422424,0,0,1,""
4,883,710004883,1010004883,0.720573707060442,0.722616796210791,-0.00204308915034923,0.00566527713214867,0,0,1,""
4,884,710004884,1010004884,0.567785965288441,0.56723714090525,0.000548824383190705,0.00248724288922395,0,0,1,""
4,885,710004885,1010004885,0.661792573334047,0.662821062445478,-0.00102848911143139,0.00491700950892676,0,0,1,""
4,886,710004886,1010004886,0.574740260377118,0.576152439278821,-0.00141217890170253,0.00448368189752672,0,0,1,""
4,887,710004887,1010004887,0.570157164502129,0.570414209702993,-0.000257045200864892,0.00698589334227668,0,0,1,""
4,888,710004888,1010004888,0.609415074642794,0.615171259354897,-0.00575618471210337,0.00761319649831741,0,0,1,""
4,889,710004889,1010004889,0.58888951907837,0.584967554404223,0.00392196467414663,0.00577786959303518,0,0,1,""
4,890,710004890,1010004890,0.614831305562046,0.611897309323639,0.00293399623840729,0.00433636799558327,0,0,1,""
4,891,710004891,1010004891,0.614715044850308,0.60306837745296,0.0116466673973473,0.00504627972330312,1,0,1,""
4,892,710004892,1010004892,0.60686514296093,0.605987060691296,0.000878082269634373,0.00460467719695483,0,0,1,""
4,893,710004893,1010004893,0.594556911375429,0.600967001143082,-0.00641008976765323,0.00490697400442705,0,0,1,""
4,894,710004894,1010004894,0.619500592348676,0.622902527302356,-0.00340193495367913,0.00405506049231387,0,0,1,""
4,895,710004895,1010004895,0.608733716456478,0.605510088985442,0.00322362747103633,0.00300612379813978,0,0,1,""
4,896,710004896,1010004896,0.609924253698171,0.610516397681374,-0.000592143983202731,0.00286927834500108,0,0,1,""
4,897,710004897,1010004897,0.564010827672769,0.559244826558826,0.00476600111394343,0.00418109756333104,0,0,1,""
4,898,710004898,1010004898,0.6578190998986,0.659120847913222,-0.00130174801462146,0.0044947049353958,0,0,1,""
4,899,710004899,1010004899,0.583640913260003,0.588906488768304,-0.00526557550830087,0.00318268856199858,0,0,1,""
4,900,710004900,1010004900,0.580181892324437,0.585239784564558,-0.00505789224012054,0.005314708812705,0,0,1,""
4,901,710004901,1010004901,0.622866450145309,0.633756381213513,-0.0108899310682042,0.00817505766690411,0,0,1,""
4,902,710004902,1010004902,0.617819609525761,0.617959373486657,-0.000139763960895656,0.00297197484944607,0,0,1,""
4,903,710004903,1010004903,0.585701955942768,0.587119278668028,-0.00141732272526063,0.00366437565279969,0,0,1,""
4,904,710004904,1010004904,0.624937532047836,0.618427197505421,0.0065103345424149,0.0068913879802678,0,0,1,""
4,905,710004905,1010004905,0.606570481388798,0.613930657002729,-0.00736017561393132,0.00461378711270865,0,0,1,""
4,906,710004906,1010004906,0.596219051288762,0.591238537835407,0.00498051345335537,0.00465962405927379,0,0,1,""
4,907,710004907,1010004907,0.669792399601279,0.675461496710998,-0.00566909710971908,0.0054992935388688,0,0,1,""
4,908,710004908,1010004908,0.58787378604392,0.593663425558997,-0.00578963951507716,0.00476154912469081,0,0,1,""
4,909,710004909,1010004909,0.563657600857074,0.557958338646038,0.00569926221103678,0.00767114596993196,0,0,1,""
4,910,710004910,1010004910,0.600581598584354,0.599324357113384,0.00125724147097017,0.00431582953414745,0,0,1,""
4,911,710004911,1010004911,0.620044076124893,0.614817394455228,0.00522668166966511,0.00445787453105905,0,0,1,""
4,912,710004912,1010004912,0.603517794185306,0.601815973846733,0.00170182033857325,0.00524558086011485,0,0,1,""
4,913,710004913,1010004913,0.566047127888227,0.567313375354123,-0.00126624746589632,0.00462145083045572,0,0,1,""
4,914,710004914,1010004914,0.608127867647867,0.605071473889724,0.00305639375814371,0.00534989300732529,0,0,1,""
4,915,710004915,1010004915,0.692067611980231,0.692940212842705,-0.000872600862474426,0.00706947609139898,0,0,1,""
4,916,710004916,1010004916,0.600196171949499,0.602447030654152,-0.00225085870465258,0.00578860027275751,0,0,1,""
4,917,710004917,1010004917,0.584564638025716,0.572888587291902,0.0116760507338144,0.00867575438497357,0,0,1,""
4,918,710004918,1010004918,0.590239293214825,0.591989742843287,-0.00175044962846194,0.00535073722407037,0,0,1,""
4,919,710004919,1010004919,0.669365509399624,0.67305753677713,-0.00369202737750585,0.00304546221430406,0,0,1,""
4,920,710004920,1010004920,0.59624294522017,0.598995372322162,-0.00275242710199208,0.00543469044278076,0,0,1,""
4,921,710004921,1010004921,0.647920009505083,0.650525719701099,-0.00260571019601619,0.00587713979955631,0,0,1,""
4,922,710004922,1010004922,0.682366987627769,0.689986588130804,-0.00761960050303467,0.00385021400608336,1,0,1,""
4,923,710004923,1010004923,0.61427293088307,0.609817000558559,0.00445593032451053,0.00426745445242932,0,0,1,""
4,924,710004924,1010004924,0.592812859302787,0.587351071123271,0.00546178817951604,0.00297418574984574,0,0,1,""
4,925,710004925,1010004925,0.645684097661946,0.641929455275092,0.00375464238685352,0.00330785877244272,0,0,1,""
4,926,710004926,1010004926,0.609996091887263,0.608464928135742,0.00153116375152107,0.00389711662964665,0,0,1,""
4,927,710004927,1010004927,0.638042539573336,0.647531810308096,-0.00948927073476002,0.0106983715088463,0,0,1,""
4,928,710004928,1010004928,0.640692421753768,0.643074636490586,-0.00238221473681788,0.00263856640267477,0,0,1,""
4,929,710004929,1010004929,0.608183342311228,0.607513582218823,0.000669760092404714,0.00163189955941076,0,0,1,""
4,930,710004930,1010004930,0.618208690758391,0.615588354808025,0.00262033595036637,0.00641924239085375,0,0,1,""
4,931,710004931,1010004931,0.576739677785404,0.577131096273575,-0.00039141848817148,0.00545978424811653,0,0,1,""
4,932,710004932,1010004932,0.622474060213316,0.623165215428252,-0.000691155214936234,0.00329373209019477,0,0,1,""
4,933,710004933,1010004933,0.604496797663044,0.611441497022515,-0.00694469935947095,0.00382757208880239,0,0,1,""
4,934,710004934,1010004934,0.660641336945963,0.660509807393796,0.000131529552166443,0.00518452374381314,0,0,1,""
4,935,710004935,1010004935,0.615611453040053,0.611469779669357,0.00414167337069538,0.00603374734413438,0,0,1,""
4,936,710004936,1010004936,0.604045638701427,0.59320658222956,0.0108390564718674,0.00811874512638944,0,0,1,""
4,937,710004937,1010004937,0.620371980008549,0.623024062549432,-0.00265208254088389,0.00480037638107813,0,0,1,""
4,938,710004938,1010004938,0.580408992981841,0.581012809299773,-0.000603816317932049,0.00476263761710739,0,0,1,""
4,939,710004939,1010004939,0.601207388918276,0.596539697911321,0.00466769100695497,0.00545621655577351,0,0,1,""
4,940,710004940,1010004940,0.569171839028351,0.570649631569682,-0.00147779254133151,0.00330113688234518,0,0,1,""
4,941,710004941,1010004941,0.584832860702572,0.577385126896905,0.00744773380566621,0.00530474788831817,0,0,1,""
4,942,710004942,1010004942,0.552186431021998,0.5476222609435,0.00456417007849719,0.0052457663621331,0,0,1,""
4,943,710004943,1010004943,0.615524419003163,0.615003053228921,0.000521365774241112,0.00293584848274411,0,0,1,""
4,944,710004944,1010004944,0.524803256844253,0.524984555369043,-0.000181298524789764,0.00443723777522645,0,0,1,""
4,945,710004945,1010004945,0.583863399516689,0.58423673708643,-0.000373337569740895,0.00471584983002779,0,0,1,""
4,946,710004946,1010004946,0.652017168797205,0.646511429146424,0.00550573965078116,0.00517082203365813,0,0,1,""
4,947,710004947,1010004947,0.624821649643271,0.624494743705471,0.000326905937800048,0.00151579351318293,0,0,1,""
4,948,710004948,1010004948,0.643795722460118,0.656631154278784,-0.0128354318186654,0.0070863740337208,0,0,1,""
4,949,710004949,1010004949,0.664942144677314,0.67092120480562,-0.00597906012830585,0.00496574048132317,0,0,1,""
4,950,710004950,1010004950,0.629221516361492,0.627202051557557,0.00201946480393445,0.00665106394456276,0,0,1,""
4,951,710004951,1010004951,0.602990390742456,0.606244479511768,-0.00325408876931155,0.00382197853146722,0,0,1,""
4,952,710004952,1010004952,0.636045222762589,0.631916126522909,0.0041290962396795,0.00415756987522203,0,0,1,""
4,953,710004953,1010004953,0.633171122551919,0.628774833129174,0.00439628942274495,0.00599383488468551,0,0,1,""
4,954,710004954,1010004954,0.582949278739096,0.588742712232104,-0.00579343349300832,0.0057830302805133,0,0,1,""
4,955,710004955,1010004955,0.59100407477332,0.587331872486739,0.00367220228658083,0.00493311501237196,0,0,1,""
4,956,710004956,1010004956,0.570344234540329,0.565749501023496,0.00459473351683326,0.00346681102196171,0,0,1,""
4,957,710004957,1010004957,0.611350972018324,0.607133208022144,0.00421776399618046,0.00353859870578559,0,0,1,""
4,958,710004958,1010004958,0.634148712370491,0.641184392792984,-0.00703568042249303,0.00485412432559467,0,0,1,""
4,959,710004959,1010004959,0.62366197897645,0.618923836557484,0.0047381424189662,0.00464008208947963,0,0,1,""
4,960,710004960,1010004960,0.68493457361021,0.678683956876808,0.00625061673340199,0.00353810120850091,0,0,1,""
4,961,710004961,1010004961,0.578693792079682,0.574043476330234,0.00465031574944796,0.00422050602612658,0,0,1,""
4,962,710004962,1010004962,0.582312934492002,0.578898322302042,0.00341461218996075,0.00370604547168375,0,0,1,""
4,963,710004963,1010004963,0.639126604663854,0.651279879489368,-0.0121532748255133,0.00654894980165119,0,0,1,""
4,964,710004964,1010004964,0.669854442268844,0.666403083242556,0.00345135902628746,0.0035273133579796,0,0,1,""
4,965,710004965,1010004965,0.62906876273219,0.627007363734971,0.00206139899721836,0.00393055055466817,0,0,1,""
4,966,710004966,1010004966,0.602396419346135,0.60018805967344,0.00220835967269517,0.00348157243843843,0,0,1,""
4,967,710004967,1010004967,0.495529053944966,0.494916929932038,0.000612124012927651,0.00648878586036798,0,0,1,""
4,968,710004968,1010004968,0.591249976496428,0.602343606045319,-0.0110936295488918,0.00889498163306794,0,0,1,""
4,969,710004969,1010004969,0.643828767197918,0.643378917432454,0.000449849765464694,0.00513614364541067,0,0,1,""
4,970,710004970,1010004970,0.567102284266896,0.556364125610256,0.01073815865664,0.00605329341096716,0,0,1,""
4,971,710004971,1010004971,0.543194823039449,0.538847758752699,0.00434706428674991,0.00506846056684765,0,0,1,""
4,972,710004972,1010004972,0.611254565812559,0.614686017034021,-0.00343145122146149,0.00525898548494613,0,0,1,""
4,973,710004973,1010004973,0.614986103240638,0.613620703255448,0.00136539998518936,0.00271119472024929,0,0,1,""
4,974,710004974,1010004974,0.597029888949851,0.596450776330455,0.000579112619395694,0.00487364165480499,0,0,1,""
4,975,710004975,1010004975,0.588901651963506,0.59228483695707,-0.00338318499356438,0.00709606980191035,0,0,1,""
4,976,710004976,1010004976,0.67521797875113,0.671039962621315,0.00417801612981483,0.00371341149123216,0,0,1,""
4,977,710004977,1010004977,0.677995051102186,0.68344299404555,-0.0054479429433637,0.00415559676470662,0,0,1,""
4,978,710004978,1010004978,0.590211029715151,0.590960604904657,-0.000749575189505802,0.00474800158135771,0,0,1,""
4,979,710004979,1010004979,0.595683047870395,0.588620412339203,0.00706263553119191,0.00557187389603341,0,0,1,""
4,980,710004980,1010004980,0.576966154290753,0.583551619588561,-0.00658546529780824,0.00521117311230776,0,0,1,""
4,981,710004981,1010004981,0.571764602960991,0.561391617915844,0.0103729850451477,0.00490398349005975,1,0,1,""
4,982,710004982,1010004982,0.598182406719532,0.593267869281948,0.00491453743758374,0.00278909167353367,0,0,1,""
4,983,710004983,1010004983,0.62051562957447,0.62101537477177,-0.000499745197300006,0.0031046819675633,0,0,1,""
4,984,710004984,1010004984,0.60543690130537,0.609549155133317,-0.00411225382794778,0.00383283068815823,0,0,1,""
4,985,710004985,1010004985,0.657926681162162,0.668330028870407,-0.0104033477082457,0.0111181425626028,0,0,1,""
4,986,710004986,1010004986,0.627792803692146,0.625025332657422,0.00276747103472463,0.00363449532778248,0,0,1,""
4,987,710004987,1010004987,0.565637988809754,0.568558686634366,-0.00292069782461124,0.00572998754794455,0,0,1,""
4,988,710004988,1010004988,0.667938440278688,0.664191323733651,0.0037471165450369,0.00379465603708716,0,0,1,""
4,989,710004989,1010004989,0.594817056854382,0.597364822639093,-0.00254776578471039,0.00424827921082072,0,0,1,""
4,990,710004990,1010004990,0.554882963486091,0.554687753961075,0.000195209525016282,0.00180852420920256,0,0,1,""
4,991,710004991,1010004991,0.658752312760041,0.657642824222456,0.00110948853758452,0.00288735024017554,0,0,1,""
4,992,710004992,1010004992,0.617511956398381,0.622393764399511,-0.00488180800112981,0.00545736882018305,0,0,1,""
4,993,710004993,1010004993,0.627345003748649,0.629299412045114,-0.00195440829646509,0.00434462460988082,0,0,1,""
4,994,710004994,1010004994,0.615040786978063,0.614209680288291,0.000831106689771488,0.00166822980540561,0,0,1,""
4,995,710004995,1010004995,0.58602096670751,0.585578657149238,0.000442309558271958,0.00596535762049999,0,0,1,""
4,996,710004996,1010004996,0.655081046105827,0.655527199243834,-0.000446153138006999,0.00354853776421042,0,0,1,""
4,997,710004997,1010004997,0.601961460000721,0.601498676132336,0.000462783868385164,0.00392841253685825,0,0,1,""
4,998,710004998,1010004998,0.651173992956471,0.649804439727358,0.00136955322911259,0.00270032718316359,0,0,1,""
4,999,710004999,1010004999,0.571681150030632,0.573919877319256,-0.00223872728862451,0.00459790408183615,0,0,1,""
4,1000,710005000,1010005000,0.636891446852915,0.638072536972464,-0.00118109011954959,0.00270624166082728,0,0,1,""
10,1,710006001,1010006001,0.582046241013153,0.59883549621168,-0.0167892551985267,0.0143196940741458,0,0,1,""
10,2,710006002,1010006002,0.585053802171767,0.57242703479771,0.0126267673740577,0.00981605326581978,0,0,1,""
10,3,710006003,1010006003,0.631863564499528,0.635778657135499,-0.00391509263597134,0.0176493984059947,0,0,1,""
10,4,710006004,1010006004,0.613978704266025,0.624389107151286,-0.0104104028852603,0.0147421061236523,0,0,1,""
10,5,710006005,1010006005,0.646056610276519,0.632824986331388,0.0132316239451311,0.010915113166173,0,0,1,""
10,6,710006006,1010006006,0.61817721698569,0.624824585068716,-0.00664736808302624,0.00890365256058476,0,0,1,""
10,7,710006007,1010006007,0.546186370475759,0.542247274148338,0.00393909632742062,0.0127828154725231,0,0,1,""
10,8,710006008,1010006008,0.572115753652184,0.580821697520188,-0.0087059438680045,0.0109634128697286,0,0,1,""
10,9,710006009,1010006009,0.551120232594363,0.549122250739918,0.00199798185444444,0.0122229200145986,0,0,1,""
10,10,710006010,1010006010,0.626670322377443,0.616733442817034,0.00993687956040978,0.0128390942614012,0,0,1,""
10,11,710006011,1010006011,0.64957187653504,0.638714808228489,0.0108570683065511,0.0183008015327769,0,0,1,""
10,12,710006012,1010006012,0.561708009614497,0.540820404495338,0.0208876051191585,0.0111826130272014,0,0,1,""
10,13,710006013,1010006013,0.650630781127554,0.62317117334937,0.027459607778184,0.0129422620752113,1,0,1,""
10,14,710006014,1010006014,0.584850792780025,0.57322079028694,0.0116300024930843,0.0130613974226411,0,0,1,""
10,15,710006015,1010006015,0.656985226242615,0.679604944503662,-0.022619718261047,0.0114020294201934,1,0,1,""
10,16,710006016,1010006016,0.624529613164628,0.624640461363105,-0.000110848198476954,0.0142048596311787,0,0,1,""
10,17,710006017,1010006017,0.556712326858867,0.575505719702456,-0.0187933928435882,0.00956119708583382,1,0,1,""
10,18,710006018,1010006018,0.639403016857896,0.631240866074296,0.0081621507836005,0.0114501870628737,0,0,1,""
10,19,710006019,1010006019,0.604854754175148,0.604187660330112,0.000667093845036715,0.0129106733164194,0,0,1,""
10,20,710006020,1010006020,0.544771175631431,0.545973512623263,-0.0012023369918317,0.0105671315869904,0,0,1,""
10,21,710006021,1010006021,0.642220764229829,0.647150810286706,-0.00493004605687697,0.0122293965065533,0,0,1,""
10,22,710006022,1010006022,0.646610112122831,0.653107208836296,-0.00649709671346554,0.0146399991440552,0,0,1,""
10,23,710006023,1010006023,0.638985868415745,0.637821953257766,0.00116391515797853,0.0164398558757892,0,0,1,""
10,24,710006024,1010006024,0.576131571847473,0.60971034961279,-0.0335787777653169,0.012111199481598,1,0,1,""
10,25,710006025,1010006025,0.608305708513133,0.606585072176314,0.00172063633681907,0.0122477941833815,0,0,1,""
10,26,710006026,1010006026,0.581150755729653,0.56082034798027,0.0203304077493832,0.0137203402253409,0,0,1,""
10,27,710006027,1010006027,0.590491376320946,0.596405109532151,-0.00591373321120525,0.0123609078587718,0,0,1,""
10,28,710006028,1010006028,0.633071492644898,0.643153258254635,-0.0100817656097371,0.0142886832448008,0,0,1,""
10,29,710006029,1010006029,0.596563801343395,0.593108335070663,0.00345546627273163,0.00936513820359444,0,0,1,""
10,30,710006030,1010006030,0.617862637793457,0.635512690609146,-0.0176500528156893,0.0153392021605611,0,0,1,""
10,31,710006031,1010006031,0.592240292831187,0.58302133213325,0.00921896069793626,0.0123927313382938,0,0,1,""
10,32,710006032,1010006032,0.617325769878658,0.629964211520642,-0.0126384416419838,0.0135258701619834,0,0,1,""
10,33,710006033,1010006033,0.631782411409385,0.621031825036337,0.0107505863730484,0.0132505970915852,0,0,1,""
10,34,710006034,1010006034,0.639044543220642,0.619230030576872,0.019814512643771,0.0133590969956468,0,0,1,""
10,35,710006035,1010006035,0.613695453782066,0.599913975482282,0.0137814782997833,0.0159464879076658,0,0,1,""
10,36,710006036,1010006036,0.600744767285717,0.582934669849479,0.0178100974362381,0.0128941847346212,0,0,1,""
10,37,710006037,1010006037,0.607523381524287,0.612887419955384,-0.00536403843109767,0.0132367707195033,0,0,1,""
10,38,710006038,1010006038,0.686220039740461,0.687584400370812,-0.00136436063035161,0.0107205719422663,0,0,1,""
10,39,710006039,1010006039,0.632746963287374,0.647927676226124,-0.0151807129387499,0.0181668150632221,0,0,1,""
10,40,710006040,1010006040,0.533064916467711,0.533755419207418,-0.000690502739707721,0.0110705347265659,0,0,1,""
10,41,710006041,1010006041,0.627479378301911,0.613860937560598,0.0136184407413129,0.0116949646183212,0,0,1,""
10,42,710006042,1010006042,0.601498323445708,0.582268039924289,0.0192302835214189,0.0116615357027328,0,0,1,""
10,43,710006043,1010006043,0.580477990980596,0.564645500839045,0.015832490141551,0.0150745189782378,0,0,1,""
10,44,710006044,1010006044,0.616445818999861,0.611875213034072,0.00457060596578862,0.0105704489099185,0,0,1,""
10,45,710006045,1010006045,0.617033326687142,0.616285817782165,0.000747508904976213,0.0110251538056983,0,0,1,""
10,46,710006046,1010006046,0.594083857364655,0.590196876402374,0.00388698096228113,0.00999321817134644,0,0,1,""
10,47,710006047,1010006047,0.648631922138845,0.632620467527577,0.0160114546112676,0.0121848772792583,0,0,1,""
10,48,710006048,1010006048,0.664988228421744,0.661967559267089,0.0030206691546546,0.00987757058851859,0,0,1,""
10,49,710006049,1010006049,0.616306315286285,0.634981859690497,-0.0186755444042119,0.0112086079337525,0,0,1,""
10,50,710006050,1010006050,0.585873608252017,0.588213753597639,-0.00234014534562188,0.0110126500544839,0,0,1,""
10,51,710006051,1010006051,0.578028063350558,0.562919814473514,0.0151082488770448,0.0112801952418493,0,0,1,""
10,52,710006052,1010006052,0.664846165493635,0.651877943507946,0.0129682219856888,0.0102145896976713,0,0,1,""
10,53,710006053,1010006053,0.624658276314051,0.632415566596194,-0.00775729028214289,0.0172893099079498,0,0,1,""
10,54,710006054,1010006054,0.651428540112789,0.654052676778659,-0.00262413666587091,0.0104440482554729,0,0,1,""
10,55,710006055,1010006055,0.60396457925175,0.594626473955348,0.00933810529640233,0.00624680780026717,0,0,1,""
10,56,710006056,1010006056,0.644944888613396,0.656016494246362,-0.0110716056329662,0.0134657670513616,0,0,1,""
10,57,710006057,1010006057,0.653776046231007,0.652399301242907,0.00137674498809981,0.0132562924540062,0,0,1,""
10,58,710006058,1010006058,0.595321615601617,0.593690120099916,0.00163149550170105,0.0104042599013046,0,0,1,""
10,59,710006059,1010006059,0.640647791660743,0.610965658257206,0.0296821334035365,0.016640437029624,0,0,1,""
10,60,710006060,1010006060,0.591538633112014,0.603725272290738,-0.0121866391787248,0.0143367457923413,0,0,1,""
10,61,710006061,1010006061,0.610898824837889,0.601898599962873,0.00900022487501551,0.010166782621395,0,0,1,""
10,62,710006062,1010006062,0.673610785837585,0.667626224867639,0.00598456096994648,0.0114805080704309,0,0,1,""
10,63,710006063,1010006063,0.655258468161818,0.64233767720649,0.0129207909553282,0.0099959010264263,0,0,1,""
10,64,710006064,1010006064,0.583446592798814,0.614356637466434,-0.0309100446676205,0.0168053596276391,0,0,1,""
10,65,710006065,1010006065,0.625368327189082,0.626739229048358,-0.0013709018592758,0.0109923542161836,0,0,1,""
10,66,710006066,1010006066,0.628596636389873,0.638915694669079,-0.0103190582792062,0.011491668353381,0,0,1,""
10,67,710006067,1010006067,0.611546726301294,0.600942052182661,0.0106046741186325,0.0130357167671668,0,0,1,""
10,68,710006068,1010006068,0.595386769838508,0.598777364935842,-0.00339059509733486,0.018492694758164,0,0,1,""
10,69,710006069,1010006069,0.681451017790765,0.706717988970631,-0.0252669711798661,0.0137879864378257,0,0,1,""
10,70,710006070,1010006070,0.597440414847617,0.610162850237619,-0.0127224353900023,0.0110487599909328,0,0,1,""
10,71,710006071,1010006071,0.636839640715589,0.632793063982252,0.00404657673333697,0.0157115905876025,0,0,1,""
10,72,710006072,1010006072,0.637030787202152,0.654765745774896,-0.0177349585727445,0.0140583657892224,0,0,1,""
10,73,710006073,1010006073,0.621196379375218,0.610889228816079,0.0103071505591393,0.0134642656629837,0,0,1,""
10,74,710006074,1010006074,0.617182409594184,0.593807063667128,0.0233753459270553,0.0154042245598292,0,0,1,""
10,75,710006075,1010006075,0.55905421661767,0.567345705668968,-0.00829148905129806,0.0138727185558383,0,0,1,""
10,76,710006076,1010006076,0.629323395340878,0.609403140675277,0.019920254665601,0.0116578264713706,0,0,1,""
10,77,710006077,1010006077,0.640850806434647,0.65197940592913,-0.0111285994944829,0.0132240014625504,0,0,1,""
10,78,710006078,1010006078,0.591935786644083,0.59735448664889,-0.00541870000480738,0.0174663429974961,0,0,1,""
10,79,710006079,1010006079,0.627450544263728,0.621576094490196,0.0058744497735318,0.0151460729276169,0,0,1,""
10,80,710006080,1010006080,0.646378747425608,0.646816285093359,-0.000437537667751231,0.0166889259964806,0,0,1,""
10,81,710006081,1010006081,0.594100877792841,0.630790712471603,-0.0366898346787625,0.0185861780779903,1,0,1,""
10,82,710006082,1010006082,0.610319553996539,0.608967207779568,0.00135234621697089,0.011211343170135,0,0,1,""
10,83,710006083,1010006083,0.649262877167361,0.635707229696706,0.0135556474706555,0.0178588996629737,0,0,1,""
10,84,710006084,1010006084,0.615335815032807,0.588666757378614,0.0266690576541926,0.0182070642935476,0,0,1,""
10,85,710006085,1010006085,0.602176668069506,0.610666886488491,-0.00849021841898479,0.015175027822428,0,0,1,""
10,86,710006086,1010006086,0.622064240943231,0.61477740605601,0.00728683488722182,0.0110249238785572,0,0,1,""
10,87,710006087,1010006087,0.574729364692154,0.559213911928946,0.0155154527632073,0.0114115883737955,0,0,1,""
10,88,710006088,1010006088,0.544235967321088,0.529883228413916,0.0143527389071721,0.0158564887475934,0,0,1,""
10,89,710006089,1010006089,0.646546472392298,0.669868495898501,-0.0233220235062025,0.0118744462333279,1,0,1,""
10,90,710006090,1010006090,0.603702383723294,0.596477800413699,0.00722458330959541,0.0131524719365362,0,0,1,""
10,91,710006091,1010006091,0.600793155933813,0.606412812692688,-0.00561965675887488,0.015124961785335,0,0,1,""
10,92,710006092,1010006092,0.627575971325909,0.651037898880251,-0.0234619275543425,0.0115839865264796,1,0,1,""
10,93,710006093,1010006093,0.567767125846078,0.564216355474107,0.00355077037197049,0.0102525028568743,0,0,1,""
10,94,710006094,1010006094,0.591939399135366,0.594001756681976,-0.00206235754661022,0.0151089506259639,0,0,1,""
10,95,710006095,1010006095,0.51585143196675,0.523654007871622,-0.00780257590487155,0.0119914913812459,0,0,1,""
10,96,710006096,1010006096,0.661457192097746,0.675711108666706,-0.0142539165689599,0.0100821421174535,0,0,1,""
10,97,710006097,1010006097,0.558242660478731,0.541730977577998,0.0165116829007326,0.0127320529654454,0,0,1,""
10,98,710006098,1010006098,0.678997542680713,0.673557022213528,0.0054405204671848,0.00957353509157169,0,0,1,""
10,99,710006099,1010006099,0.569490518655706,0.557094915110308,0.0123956035453977,0.0177648852716423,0,0,1,""
10,100,710006100,1010006100,0.590925901651236,0.575695578704433,0.0152303229468024,0.0174626182028856,0,0,1,""
10,101,710006101,1010006101,0.61580145470839,0.630553127986606,-0.0147516732782156,0.0161001635049921,0,0,1,""
10,102,710006102,1010006102,0.566189439310195,0.576314843513639,-0.0101254042034437,0.0177306729866969,0,0,1,""
10,103,710006103,1010006103,0.604934717628973,0.599221410203552,0.00571330742542142,0.0113711468326007,0,0,1,""
10,104,710006104,1010006104,0.602479753117768,0.613439743737615,-0.0109599906198478,0.00996656028157364,0,0,1,""
10,105,710006105,1010006105,0.639345901405082,0.610883968657517,0.0284619327475649,0.0165620176448284,0,0,1,""
10,106,710006106,1010006106,0.667409409417018,0.666476109149418,0.000933300267599302,0.0132834260854769,0,0,1,""
10,107,710006107,1010006107,0.589089551469126,0.59799914310315,-0.00890959163402416,0.0157260787091767,0,0,1,""
10,108,710006108,1010006108,0.612133399911703,0.630189470109471,-0.0180560701977676,0.0154213583694325,0,0,1,""
10,109,710006109,1010006109,0.613350660155185,0.607222693787686,0.00612796636749946,0.0138472869504287,0,0,1,""
10,110,710006110,1010006110,0.586394236601828,0.610962014456411,-0.0245677778545829,0.0141627578227141,0,0,1,""
10,111,710006111,1010006111,0.57657011437539,0.587406700973475,-0.0108365865980853,0.0110312328745966,0,0,1,""
10,112,710006112,1010006112,0.652159634928744,0.667018982422488,-0.0148593474937438,0.00996322874217966,0,0,1,""
10,113,710006113,1010006113,0.62509193623852,0.619231777784651,0.00586015845386978,0.0161392821561925,0,0,1,""
10,114,710006114,1010006114,0.65466611757537,0.634376804006611,0.0202893135687589,0.0117857387946037,0,0,1,""
10,115,710006115,1010006115,0.566565835028408,0.566963021848925,-0.000397186820517481,0.0126029557244238,0,0,1,""
10,116,710006116,1010006116,0.586537359207947,0.575744078434016,0.0107932807739308,0.0146557894632491,0,0,1,""
10,117,710006117,1010006117,0.601915652836343,0.592290932876098,0.00962471996024539,0.0133973757358042,0,0,1,""
10,118,710006118,1010006118,0.63957230370028,0.640218258959249,-0.000645955258968378,0.0131647952390176,0,0,1,""
10,119,710006119,1010006119,0.609727348071663,0.621314984196367,-0.011587636124704,0.0140427502686555,0,0,1,""
10,120,710006120,1010006120,0.565852550058915,0.579217989002202,-0.0133654389432871,0.0127266199948204,0,0,1,""
10,121,710006121,1010006121,0.630469381477216,0.620039101939401,0.0104302795378152,0.00966720459175339,0,0,1,""
10,122,710006122,1010006122,0.559802932220302,0.529894719813282,0.0299082124070199,0.0103801561370418,1,0,1,""
10,123,710006123,1010006123,0.669571661833459,0.659890709642129,0.00968095219132936,0.0109939193826772,0,0,1,""
10,124,710006124,1010006124,0.593463995871663,0.584241097135971,0.00922289873569182,0.0134767567455289,0,0,1,""
10,125,710006125,1010006125,0.527917266570746,0.510207165998214,0.0177101005725319,0.0140584603185781,0,0,1,""
10,126,710006126,1010006126,0.634831044951923,0.623276915642112,0.011554129309811,0.0109033261426947,0,0,1,""
10,127,710006127,1010006127,0.583061631032896,0.579637513753097,0.0034241172797983,0.0160167957865127,0,0,1,""
10,128,710006128,1010006128,0.624292702565257,0.621869661750332,0.00242304081492462,0.0146557049007968,0,0,1,""
10,129,710006129,1010006129,0.563371415931314,0.580209492370953,-0.0168380764396392,0.0116252214969167,0,0,1,""
10,130,710006130,1010006130,0.614247717641703,0.615539982746425,-0.00129226510472158,0.020968443235699,0,0,1,""
10,131,710006131,1010006131,0.637606804897631,0.63631150671293,0.00129529818470031,0.0115794966381716,0,0,1,""
10,132,710006132,1010006132,0.62190950619083,0.606742335250782,0.0151671709400485,0.0112402801195299,0,0,1,""
10,133,710006133,1010006133,0.575106350594965,0.59208289081988,-0.016976540224915,0.0144516701751308,0,0,1,""
10,134,710006134,1010006134,0.564767332422168,0.578708160183834,-0.0139408277616663,0.0133127226375143,0,0,1,""
10,135,710006135,1010006135,0.630229712827441,0.618558193724275,0.0116715191031663,0.0123741770072707,0,0,1,""
10,136,710006136,1010006136,0.685174942239923,0.676157836003165,0.00901710623675866,0.013208634673556,0,0,1,""
10,137,710006137,1010006137,0.628983137680817,0.63714403558103,-0.00816089790021279,0.0101273859314286,0,0,1,""
10,138,710006138,1010006138,0.625526987558067,0.640067179010069,-0.0145401914520024,0.0115829105117245,0,0,1,""
10,139,710006139,1010006139,0.635308185294754,0.636304169891641,-0.000995984596887323,0.0153338192326706,0,0,1,""
10,140,710006140,1010006140,0.591576150527369,0.599537376075292,-0.00796122554792333,0.0150988052773527,0,0,1,""
10,141,710006141,1010006141,0.635149675810174,0.635465864371449,-0.00031618856127491,0.0150227873271025,0,0,1,""
10,142,710006142,1010006142,0.651075733397211,0.644019889942142,0.00705584345506893,0.0118220733840446,0,0,1,""
10,143,710006143,1010006143,0.572225829800174,0.561733635202646,0.0104921945975283,0.0129862194261261,0,0,1,""
10,144,710006144,1010006144,0.660820313486358,0.680711293083934,-0.0198909795975766,0.014905793056601,0,0,1,""
10,145,710006145,1010006145,0.648972151449362,0.659293021289607,-0.0103208698402447,0.0108868800773345,0,0,1,""
10,146,710006146,1010006146,0.583084003298404,0.568833231082203,0.0142507722162015,0.00978094281593288,0,0,1,""
10,147,710006147,1010006147,0.565193993326586,0.567395509858387,-0.00220151653180056,0.0112990213412483,0,0,1,""
10,148,710006148,1010006148,0.643436621921185,0.644243563540362,-0.000806941619177382,0.00934706745532357,0,0,1,""
10,149,710006149,1010006149,0.642420757161434,0.638627811662286,0.00379294549914766,0.0127896898785241,0,0,1,""
10,150,710006150,1010006150,0.579550111711981,0.574571690314185,0.0049784213977957,0.0134398199398213,0,0,1,""
10,151,710006151,1010006151,0.610702675588131,0.624977494323728,-0.0142748187355963,0.0186142730277903,0,0,1,""
10,152,710006152,1010006152,0.627577330694388,0.621194159543232,0.00638317115115583,0.0123840942062549,0,0,1,""
10,153,710006153,1010006153,0.657049818533603,0.658954843521591,-0.0019050249879875,0.0200118938393762,0,0,1,""
10,154,710006154,1010006154,0.642292599589682,0.647183934162898,-0.00489133457321567,0.0129033620397174,0,0,1,""
10,155,710006155,1010006155,0.642383414259137,0.674977427228365,-0.0325940129692286,0.0134015440918113,1,0,1,""
10,156,710006156,1010006156,0.571280289414206,0.585364821455968,-0.0140845320417619,0.0181046387477235,0,0,1,""
10,157,710006157,1010006157,0.576104171596637,0.571028599683794,0.00507557191284269,0.0127535603875356,0,0,1,""
10,158,710006158,1010006158,0.664356580056609,0.672972254358011,-0.00861567430140187,0.0140689283406972,0,0,1,""
10,159,710006159,1010006159,0.544608651737207,0.533664966934925,0.0109436848022817,0.0164120336073697,0,0,1,""
10,160,710006160,1010006160,0.627251457090722,0.631621221491423,-0.00436976440070125,0.0118495270546384,0,0,1,""
10,161,710006161,1010006161,0.615794684153891,0.616544805133941,-0.000750120980050228,0.0170092385143149,0,0,1,""
10,162,710006162,1010006162,0.575087334293213,0.559206949956963,0.0158803843362503,0.0111940724916668,0,0,1,""
10,163,710006163,1010006163,0.593820723104093,0.612769863106987,-0.0189491400028938,0.0142521017930969,0,0,1,""
10,164,710006164,1010006164,0.592749672640829,0.614894181005362,-0.0221445083645335,0.0147346005030937,0,0,1,""
10,165,710006165,1010006165,0.603727923879947,0.602786189475746,0.000941734404200423,0.0136487685604562,0,0,1,""
10,166,710006166,1010006166,0.609339098633166,0.616246946425509,-0.00690784779234266,0.0102977677434816,0,0,1,""
10,167,710006167,1010006167,0.621276485302197,0.614440235522577,0.00683624977962005,0.0141316977674322,0,0,1,""
10,168,710006168,1010006168,0.664065211878621,0.648451010738457,0.0156142011401648,0.00955516751648478,0,0,1,""
10,169,710006169,1010006169,0.630983055542198,0.62846043672444,0.00252261881775795,0.0159055544820665,0,0,1,""
10,170,710006170,1010006170,0.584830842818603,0.599458803479012,-0.0146279606604094,0.0136986032951132,0,0,1,""
10,171,710006171,1010006171,0.600295288787349,0.602453591087848,-0.00215830230049874,0.0151296550075738,0,0,1,""
10,172,710006172,1010006172,0.62189328642636,0.627769846572092,-0.00587656014573179,0.013157541409678,0,0,1,""
10,173,710006173,1010006173,0.634112070994951,0.62874724343917,0.00536482755578049,0.0122881097865947,0,0,1,""
10,174,710006174,1010006174,0.566274297626467,0.589066724383689,-0.0227924267572222,0.0156590051691666,0,0,1,""
10,175,710006175,1010006175,0.598876611015511,0.593499187125742,0.00537742388976903,0.016094597509303,0,0,1,""
10,176,710006176,1010006176,0.639377722997894,0.637787163556527,0.00159055944136643,0.0122410675027486,0,0,1,""
10,177,710006177,1010006177,0.622424178575804,0.617686041803653,0.00473813677215096,0.0156785749257531,0,0,1,""
10,178,710006178,1010006178,0.618133761729148,0.636314506661311,-0.0181807449321625,0.0123211010343697,0,0,1,""
10,179,710006179,1010006179,0.673332901999649,0.655993859573278,0.0173390424263704,0.0127601369501171,0,0,1,""
10,180,710006180,1010006180,0.641688606109573,0.648672284436566,-0.00698367832699276,0.0123299792324054,0,0,1,""
10,181,710006181,1010006181,0.671248140457523,0.675859188767664,-0.00461104831014048,0.00989017698099232,0,0,1,""
10,182,710006182,1010006182,0.591440482183849,0.600115441295766,-0.00867495911191696,0.0144789484144827,0,0,1,""
10,183,710006183,1010006183,0.592701334101434,0.587674730905803,0.00502660319563064,0.0124897251797733,0,0,1,""
10,184,710006184,1010006184,0.629192473708304,0.621138185745783,0.00805428796252128,0.0111810756889987,0,0,1,""
10,185,710006185,1010006185,0.541651812622362,0.570916483866468,-0.0292646712441063,0.0193612808811645,0,0,1,""
10,186,710006186,1010006186,0.612278913842875,0.595883974351159,0.0163949394917152,0.014447254623356,0,0,1,""
10,187,710006187,1010006187,0.617800884293411,0.609683468570975,0.00811741572243596,0.0157912346053576,0,0,1,""
10,188,710006188,1010006188,0.578370106470295,0.581553030216405,-0.00318292374611029,0.0128098591582055,0,0,1,""
10,189,710006189,1010006189,0.633107146513259,0.634985804689377,-0.00187865817611821,0.0111715853139362,0,0,1,""
10,190,710006190,1010006190,0.693867148750493,0.687281290392544,0.00658585835794845,0.0100507912532901,0,0,1,""
10,191,710006191,1010006191,0.598504903340808,0.566678294670168,0.0318266086706396,0.017852527492754,0,0,1,""
10,192,710006192,1010006192,0.597296557916032,0.59764145706165,-0.000344899145618083,0.013554728409762,0,0,1,""
10,193,710006193,1010006193,0.544471300963753,0.548005616785436,-0.00353431582168362,0.0117387355716329,0,0,1,""
10,194,710006194,1010006194,0.638271032478917,0.640690350970898,-0.00241931849198107,0.0124879702372778,0,0,1,""
10,195,710006195,1010006195,0.524887190984184,0.525942848332067,-0.00105565734788238,0.0148006305150247,0,0,1,""
10,196,710006196,1010006196,0.620121385721503,0.641704838552432,-0.021583452830929,0.0141147549083464,0,0,1,""
10,197,710006197,1010006197,0.554554631811556,0.549063150970085,0.00549148084147122,0.015907239055027,0,0,1,""
10,198,710006198,1010006198,0.614051580392971,0.597732275777048,0.016319304615923,0.0151467045238511,0,0,1,""
10,199,710006199,1010006199,0.65919014999415,0.654661678523689,0.00452847147046021,0.0133852396880323,0,0,1,""
10,200,710006200,1010006200,0.632960395143974,0.640531897148007,-0.00757150200403278,0.0187262918117022,0,0,1,""
10,201,710006201,1010006201,0.643069759723507,0.62067641717444,0.0223933425490672,0.0114185882139415,1,0,1,""
10,202,710006202,1010006202,0.671673772894974,0.67652211528248,-0.00484834238750587,0.0122147038382909,0,0,1,""
10,203,710006203,1010006203,0.60484442761134,0.595795842021545,0.00904858558979438,0.0114044495699147,0,0,1,""
10,204,710006204,1010006204,0.577952058774656,0.589099742284399,-0.0111476835097428,0.0111596645829542,0,0,1,""
10,205,710006205,1010006205,0.638352448507395,0.635848045756945,0.00250440275045016,0.0115520302526695,0,0,1,""
10,206,710006206,1010006206,0.607605938525096,0.597329345315871,0.0102765932092248,0.0116811017263059,0,0,1,""
10,207,710006207,1010006207,0.673782483558127,0.68048479620982,-0.00670231265169263,0.00835240118342102,0,0,1,""
10,208,710006208,1010006208,0.609222204736627,0.620172110879175,-0.0109499061425481,0.0123497380809284,0,0,1,""
10,209,710006209,1010006209,0.566089444050038,0.578066376511743,-0.0119769324617049,0.0135513438829936,0,0,1,""
10,210,710006210,1010006210,0.612721216509488,0.621356284824751,-0.00863506831526284,0.0116939931319804,0,0,1,""
10,211,710006211,1010006211,0.585053530945636,0.585299133797174,-0.000245602851538407,0.0141933579121465,0,0,1,""
10,212,710006212,1010006212,0.64899089375598,0.656063215353487,-0.00707232159750637,0.0157543997937459,0,0,1,""
10,213,710006213,1010006213,0.62993734178805,0.623767752328782,0.00616958945926871,0.012864538952446,0,0,1,""
10,214,710006214,1010006214,0.66042631880811,0.67681496069167,-0.0163886418835595,0.0114768378949959,0,0,1,""
10,215,710006215,1010006215,0.659820893030321,0.669909123716489,-0.0100882306861677,0.0144160352396878,0,0,1,""
10,216,710006216,1010006216,0.611801539796832,0.618595546044895,-0.00679400624806226,0.0105308361810917,0,0,1,""
10,217,710006217,1010006217,0.60759024086181,0.597566371394407,0.0100238694674035,0.0094326414363842,0,0,1,""
10,218,710006218,1010006218,0.623024875038559,0.633957116208334,-0.0109322411697751,0.0115796782851389,0,0,1,""
10,219,710006219,1010006219,0.626410561200146,0.630979826067775,-0.00456926486762888,0.0148841714030641,0,0,1,""
10,220,710006220,1010006220,0.632258974321152,0.628868057006485,0.00339091731466756,0.0142121515666368,0,0,1,""
10,221,710006221,1010006221,0.540333841411495,0.553575988608838,-0.013242147197343,0.0116622424186007,0,0,1,""
10,222,710006222,1010006222,0.641806840632975,0.657811647893524,-0.0160048072605488,0.0121069262726126,0,0,1,""
10,223,710006223,1010006223,0.62944798961921,0.635097779690608,-0.0056497900713981,0.013450587371551,0,0,1,""
10,224,710006224,1010006224,0.572756756890434,0.5748351608453,-0.00207840395486603,0.0142221217881793,0,0,1,""
10,225,710006225,1010006225,0.699939976816311,0.664498326914349,0.0354416499019623,0.0194561868371431,0,0,1,""
10,226,710006226,1010006226,0.572734527980501,0.563931831491526,0.00880269648897547,0.0148161629035391,0,0,1,""
10,227,710006227,1010006227,0.651078547941881,0.65258895879466,-0.00151041085277903,0.00736009053052801,0,0,1,""
10,228,710006228,1010006228,0.596960363806119,0.587949580359693,0.0090107834464257,0.0143561452087995,0,0,1,""
10,229,710006229,1010006229,0.602102931951751,0.58914881462441,0.0129541173273411,0.0101743443809687,0,0,1,""
10,230,710006230,1010006230,0.589503824347174,0.595707768864098,-0.0062039445169233,0.01164182522821,0,0,1,""
10,231,710006231,1010006231,0.599787328292685,0.606704744373841,-0.00691741608115659,0.0120699443434744,0,0,1,""
10,232,710006232,1010006232,0.669694304451556,0.660168883523341,0.00952542092821451,0.00769645942430862,0,0,1,""
10,233,710006233,1010006233,0.57430934844201,0.583176791167661,-0.00886744272565099,0.0090285498951322,0,0,1,""
10,234,710006234,1010006234,0.644500079149686,0.644215076046061,0.000285003103625225,0.0134037558951898,0,0,1,""
10,235,710006235,1010006235,0.651604975553129,0.638737214290984,0.0128677612621457,0.0101055998147831,0,0,1,""
10,236,710006236,1010006236,0.606168645768896,0.621469488484098,-0.0153008427152018,0.0169503262562036,0,0,1,""
10,237,710006237,1010006237,0.629158381688026,0.626655422533231,0.00250295915479482,0.0133541881930787,0,0,1,""
10,238,710006238,1010006238,0.609499472019436,0.600370904967832,0.0091285670516047,0.0167377462130984,0,0,1,""
10,239,710006239,1010006239,0.648993640271341,0.648938258788819,5.53814825227095e-05,0.0110689947776695,0,0,1,""
10,240,710006240,1010006240,0.58646656221325,0.575331583758529,0.0111349784547212,0.0167268904031793,0,0,1,""
10,241,710006241,1010006241,0.559140548051649,0.543974902608917,0.0151656454427329,0.0125668371427905,0,0,1,""
10,242,710006242,1010006242,0.579689579602208,0.58027210508509,-0.000582525482881957,0.0146523675327142,0,0,1,""
10,243,710006243,1010006243,0.672717083542033,0.653447062546426,0.019270020995607,0.0130011539246634,0,0,1,""
10,244,710006244,1010006244,0.639968356510697,0.63194659204194,0.00802176446875713,0.0120634669551935,0,0,1,""
10,245,710006245,1010006245,0.607753738992152,0.607837138287691,-8.33992955384666e-05,0.0104012408917951,0,0,1,""
10,246,710006246,1010006246,0.586727050806378,0.574415202943687,0.0123118478626904,0.0155699084195346,0,0,1,""
10,247,710006247,1010006247,0.644309886302504,0.649367805005188,-0.00505791870268402,0.0162665716511823,0,0,1,""
10,248,710006248,1010006248,0.59524224479635,0.614667328535299,-0.0194250837389494,0.0126457923700425,0,0,1,""
10,249,710006249,1010006249,0.632507072366908,0.623470759745354,0.00903631262155447,0.0110001897199047,0,0,1,""
10,250,710006250,1010006250,0.614184644370583,0.622843981060838,-0.00865933669025543,0.009820224644161,0,0,1,""
10,251,710006251,1010006251,0.626722446217301,0.633805867154955,-0.0070834209376538,0.0170387932877562,0,0,1,""
10,252,710006252,1010006252,0.562419926220987,0.563457411332505,-0.00103748511151824,0.014965343388077,0,0,1,""
10,253,710006253,1010006253,0.708433534826493,0.698208968011499,0.0102245668149941,0.0118199188176335,0,0,1,""
10,254,710006254,1010006254,0.598826433912812,0.609113145207771,-0.0102867112949588,0.0126638536841168,0,0,1,""
10,255,710006255,1010006255,0.617674397264188,0.639310638467195,-0.0216362412030076,0.0159402248862753,0,0,1,""
10,256,710006256,1010006256,0.617459302727153,0.613547894431024,0.00391140829612868,0.0103552460613074,0,0,1,""
10,257,710006257,1010006257,0.624146299999827,0.625849623104891,-0.00170332310506438,0.0115424543248601,0,0,1,""
10,258,710006258,1010006258,0.642960185306936,0.636158696791774,0.00680148851516238,0.0111250915177798,0,0,1,""
10,259,710006259,1010006259,0.575887740715203,0.564626632906226,0.0112611078089769,0.0158431401250653,0,0,1,""
10,260,710006260,1010006260,0.554557084694479,0.56638765220564,-0.0118305675111613,0.0129237649706457,0,0,1,""
10,261,710006261,1010006261,0.655377934622191,0.667338499051076,-0.0119605644288843,0.0164525111196253,0,0,1,""
10,262,710006262,1010006262,0.601634143645749,0.603536907639422,-0.00190276399367273,0.00899291882286146,0,0,1,""
10,263,710006263,1010006263,0.602766671146697,0.576179643845862,0.0265870273008344,0.0119374140715018,1,0,1,""
10,264,710006264,1010006264,0.599707106725845,0.602530869962637,-0.00282376323679234,0.0142002818465027,0,0,1,""
10,265,710006265,1010006265,0.606077713272324,0.58181761928245,0.0242600939898744,0.0090277438978029,1,0,1,""
10,266,710006266,1010006266,0.575910223356111,0.56667401552474,0.00923620783137169,0.0164411926687329,0,0,1,""
10,267,710006267,1010006267,0.650212406366944,0.647821731594773,0.00239067477217159,0.0120647446103519,0,0,1,""
10,268,710006268,1010006268,0.582915074010483,0.574242953610612,0.00867212039987031,0.0152648572341203,0,0,1,""
10,269,710006269,1010006269,0.5901905866996,0.584612474901297,0.0055781117983027,0.0104640553731652,0,0,1,""
10,270,710006270,1010006270,0.576483681594695,0.609798298916793,-0.0333146173220986,0.0144624769236252,1,0,1,""
10,271,710006271,1010006271,0.603800326271406,0.594041815908107,0.00975851036329911,0.0125680198578087,0,0,1,""
10,272,710006272,1010006272,0.579948697761967,0.568383057944651,0.0115656398173164,0.0123517271903001,0,0,1,""
10,273,710006273,1010006273,0.589924275763182,0.619459197261271,-0.0295349214980891,0.0146812823799615,1,0,1,""
10,274,710006274,1010006274,0.647630572401668,0.607449908710468,0.0401806636912,0.0165798329858642,1,0,1,""
10,275,710006275,1010006275,0.551574007280656,0.539974720568956,0.0115992867117,0.0135237223467057,0,0,1,""
10,276,710006276,1010006276,0.606100684799035,0.594843024909133,0.0112576598899026,0.0100438407343657,0,0,1,""
10,277,710006277,1010006277,0.599735528552684,0.612330834742686,-0.0125953061900018,0.0102793348788714,0,0,1,""
10,278,710006278,1010006278,0.5814473414175,0.619160470227563,-0.0377131288100626,0.0212823833340455,0,0,1,""
10,279,710006279,1010006279,0.601667096318154,0.600044239858808,0.00162285645934579,0.0149238509645501,0,0,1,""
10,280,710006280,1010006280,0.619963043661323,0.63119586409994,-0.0112328204386171,0.0092674475060459,0,0,1,""
10,281,710006281,1010006281,0.624561495241783,0.633951478391508,-0.00938998314972506,0.00903034811852238,0,0,1,""
10,282,710006282,1010006282,0.62654956965342,0.598736666550654,0.0278129031027659,0.0116720083262567,1,0,1,""
10,283,710006283,1010006283,0.611446694147701,0.614682512359873,-0.00323581821217289,0.0141979497278906,0,0,1,""
10,284,710006284,1010006284,0.546077956765713,0.521682754919997,0.0243952018457165,0.0152388411050615,0,0,1,""
10,285,710006285,1010006285,0.619312531430814,0.626923151347325,-0.00761061991651091,0.012033432813697,0,0,1,""
10,286,710006286,1010006286,0.635720058919173,0.644706293161544,-0.00898623424237066,0.0101604513347341,0,0,1,""
10,287,710006287,1010006287,0.584953735938596,0.592559634469719,-0.00760589853112226,0.0157359413367405,0,0,1,""
10,288,710006288,1010006288,0.633222179192698,0.631965844405889,0.00125633478680864,0.0100297422817538,0,0,1,""
10,289,710006289,1010006289,0.643065877492821,0.650861935936718,-0.00779605844389764,0.00979254972619909,0,0,1,""
10,290,710006290,1010006290,0.63078017970599,0.651183816174062,-0.0204036364680722,0.014366251864476,0,0,1,""
10,291,710006291,1010006291,0.592466036761353,0.583374240119462,0.00909179664189042,0.0110473835718319,0,0,1,""
10,292,710006292,1010006292,0.63185431086259,0.629660706715778,0.00219360414681269,0.0142407053360033,0,0,1,""
10,293,710006293,1010006293,0.599546583720098,0.592399387051337,0.00714719666876085,0.0107351599025011,0,0,1,""
10,294,710006294,1010006294,0.548551702861383,0.563520884724098,-0.014969181862715,0.0138053171276074,0,0,1,""
10,295,710006295,1010006295,0.652113964820289,0.662304002245608,-0.0101900374253195,0.0129903114660152,0,0,1,""
10,296,710006296,1010006296,0.579103843164018,0.585145027514002,-0.00604118434998313,0.0111025081597008,0,0,1,""
10,297,710006297,1010006297,0.621574688914527,0.622221246253582,-0.000646557339054943,0.0116347340254426,0,0,1,""
10,298,710006298,1010006298,0.545335484042263,0.553918100585225,-0.00858261654296233,0.0113584250719672,0,0,1,""
10,299,710006299,1010006299,0.656590178851483,0.659864212840352,-0.00327403398886883,0.0112119965597005,0,0,1,""
10,300,710006300,1010006300,0.618139142864028,0.632732372659759,-0.0145932297957313,0.0141390621789611,0,0,1,""
10,301,710006301,1010006301,0.678095112415682,0.661613509770877,0.0164816026448047,0.0114604703075997,0,0,1,""
10,302,710006302,1010006302,0.620150747963323,0.615749572758358,0.00440117520496497,0.0167035816189347,0,0,1,""
10,303,710006303,1010006303,0.550986193460539,0.560318117213192,-0.00933192375265224,0.0168141420751462,0,0,1,""
10,304,710006304,1010006304,0.597269640119769,0.600582659460941,-0.00331301934117123,0.0074658112992922,0,0,1,""
10,305,710006305,1010006305,0.623589983301006,0.61517316063228,0.00841682266872601,0.0109362213751697,0,0,1,""
10,306,710006306,1010006306,0.633736348964673,0.618447060356272,0.0152892886084005,0.0128552675196332,0,0,1,""
10,307,710006307,1010006307,0.701319102719009,0.682609261201498,0.0187098415175107,0.0190278717194037,0,0,1,""
10,308,710006308,1010006308,0.61400444497773,0.645693167739779,-0.0316887227620489,0.0180969861623134,0,0,1,""
10,309,710006309,1010006309,0.579116469245478,0.552023786997862,0.0270926822476153,0.0148761827927422,0,0,1,""
10,310,710006310,1010006310,0.557360541671263,0.556966874580007,0.000393667091255989,0.0152451662992776,0,0,1,""
10,311,710006311,1010006311,0.61128836718253,0.635340006849921,-0.0240516396673908,0.0226325265323081,0,0,1,""
10,312,710006312,1010006312,0.58154504732269,0.571672671684673,0.00987237563801635,0.0109432529971049,0,0,1,""
10,313,710006313,1010006313,0.648303675327156,0.640467196951862,0.00783647837529478,0.0118153137583525,0,0,1,""
10,314,710006314,1010006314,0.645527608750179,0.637218404381603,0.00830920436857685,0.0142746959611728,0,0,1,""
10,315,710006315,1010006315,0.63852144724434,0.65184585574511,-0.0133244085007703,0.0116907111137511,0,0,1,""
10,316,710006316,1010006316,0.60560758596369,0.594166505268963,0.0114410806947268,0.0105914753863745,0,0,1,""
10,317,710006317,1010006317,0.577081810435266,0.595626822270531,-0.018545011835265,0.0167761521054301,0,0,1,""
10,318,710006318,1010006318,0.556197767154785,0.56590197008766,-0.00970420293287511,0.0110493443506126,0,0,1,""
10,319,710006319,1010006319,0.547161516160087,0.558132673900726,-0.0109711577406389,0.0147059690643905,0,0,1,""
10,320,710006320,1010006320,0.544779662891043,0.528773489735702,0.0160061731553408,0.0147890410109218,0,0,1,""
10,321,710006321,1010006321,0.610315477220568,0.613633203465511,-0.00331772624494231,0.0127787372226959,0,0,1,""
10,322,710006322,1010006322,0.597643735655501,0.59405988635818,0.00358384929732092,0.0105074428836445,0,0,1,""
10,323,710006323,1010006323,0.61531937901255,0.616089970759749,-0.000770591747199401,0.0111738392098655,0,0,1,""
10,324,710006324,1010006324,0.59342670067123,0.573565069131687,0.0198616315395433,0.0120074994562868,0,0,1,""
10,325,710006325,1010006325,0.589228342536511,0.584074934795637,0.00515340774087381,0.0127093319326742,0,0,1,""
10,326,710006326,1010006326,0.606578414947638,0.600066470659658,0.0065119442879803,0.00946117715959593,0,0,1,""
10,327,710006327,1010006327,0.649975374986041,0.656279773044907,-0.0063043980588654,0.0202889650975285,0,0,1,""
10,328,710006328,1010006328,0.597249551701214,0.580746718105974,0.01650283359524,0.0166819673878078,0,0,1,""
10,329,710006329,1010006329,0.594854185076206,0.602272389450959,-0.00741820437475294,0.0139422276747111,0,0,1,""
10,330,710006330,1010006330,0.608193140344519,0.61207043475059,-0.00387729440607021,0.0179963786554671,0,0,1,""
10,331,710006331,1010006331,0.615572574172271,0.618551040169827,-0.00297846599755602,0.012559887447827,0,0,1,""
10,332,710006332,1010006332,0.615072556047538,0.612445094945729,0.00262746110180878,0.0129922719477867,0,0,1,""
10,333,710006333,1010006333,0.611783762204418,0.618322621604206,-0.00653885939978849,0.0105742973322084,0,0,1,""
10,334,710006334,1010006334,0.555121953817258,0.543858643246692,0.0112633105705663,0.0124729273944382,0,0,1,""
10,335,710006335,1010006335,0.638364931776877,0.635711939521447,0.0026529922554307,0.0147875154195062,0,0,1,""
10,336,710006336,1010006336,0.589460182285213,0.580403901117759,0.00905628116745438,0.0135351170132336,0,0,1,""
10,337,710006337,1010006337,0.633060300303297,0.621695754474278,0.0113645458290188,0.0126541673064407,0,0,1,""
10,338,710006338,1010006338,0.665428214180821,0.663714697708766,0.00171351647205487,0.0110269914779864,0,0,1,""
10,339,710006339,1010006339,0.631074258963629,0.630981160501717,9.30984619122999e-05,0.0154225441726083,0,0,1,""
10,340,710006340,1010006340,0.603087401600602,0.595382936321566,0.00770446527903579,0.0154263437206597,0,0,1,""
10,341,710006341,1010006341,0.623992272526602,0.6264169334586,-0.00242466093199722,0.0135858172907061,0,0,1,""
10,342,710006342,1010006342,0.587032734192012,0.594497958582563,-0.0074652243905512,0.0161847486135646,0,0,1,""
10,343,710006343,1010006343,0.579008938381413,0.575787128072393,0.00322181030901958,0.0144363088699031,0,0,1,""
10,344,710006344,1010006344,0.633814085968877,0.649063207799681,-0.015249121830804,0.014738650770773,0,0,1,""
10,345,710006345,1010006345,0.618059328037642,0.630330957795229,-0.012271629757587,0.0168166969506807,0,0,1,""
10,346,710006346,1010006346,0.565087983105622,0.571909318575281,-0.0068213354696588,0.0118837064290139,0,0,1,""
10,347,710006347,1010006347,0.581764456886172,0.576481296329961,0.0052831605562107,0.0103344467808125,0,0,1,""
10,348,710006348,1010006348,0.633614273797294,0.636818192719812,-0.00320391892251759,0.0137545429072628,0,0,1,""
10,349,710006349,1010006349,0.669033361656894,0.673430998012264,-0.0043976363553706,0.0144241590373912,0,0,1,""
10,350,710006350,1010006350,0.640579120954063,0.6411546602349,-0.000575539280836868,0.0112249126257622,0,0,1,""
10,351,710006351,1010006351,0.670400547829411,0.658342818935924,0.0120577288934868,0.0108255088524763,0,0,1,""
10,352,710006352,1010006352,0.643410863992514,0.648054551148771,-0.00464368715625729,0.0120084546685774,0,0,1,""
10,353,710006353,1010006353,0.618441546759272,0.631084392676723,-0.0126428459174502,0.0139070602824589,0,0,1,""
10,354,710006354,1010006354,0.586614145940635,0.585622781528191,0.000991364412443185,0.0163890095380512,0,0,1,""
10,355,710006355,1010006355,0.637920906663131,0.645489340835988,-0.00756843417285724,0.016100859398311,0,0,1,""
10,356,710006356,1010006356,0.586061124072189,0.578973260420904,0.00708786365128455,0.00938297114274158,0,0,1,""
10,357,710006357,1010006357,0.568461360814791,0.584200632569135,-0.0157392717543438,0.0142545173675495,0,0,1,""
10,358,710006358,1010006358,0.591843114291731,0.584389105977182,0.0074540083145489,0.0087544016180983,0,0,1,""
10,359,710006359,1010006359,0.672081734437695,0.677742000815344,-0.00566026637764838,0.0115947611399293,0,0,1,""
10,360,710006360,1010006360,0.587405346927507,0.57506169413309,0.0123436527944168,0.0152417633859313,0,0,1,""
10,361,710006361,1010006361,0.630664537075804,0.628305531812602,0.00235900526320232,0.0154095082852514,0,0,1,""
10,362,710006362,1010006362,0.682776286037225,0.666079833125763,0.0166964529114617,0.0105352334207473,0,0,1,""
10,363,710006363,1010006363,0.652366483679756,0.664723580615265,-0.012357096935509,0.0126681796462845,0,0,1,""
10,364,710006364,1010006364,0.596855219194817,0.614485277812122,-0.0176300586173048,0.0154774838614971,0,0,1,""
10,365,710006365,1010006365,0.587201497906655,0.571869077482071,0.0153324204245836,0.0148784789174486,0,0,1,""
10,366,710006366,1010006366,0.662483211552306,0.683293988724206,-0.0208107771719005,0.0189124039682047,0,0,1,""
10,367,710006367,1010006367,0.620355608443885,0.63566529087928,-0.0153096824353953,0.0150363945836531,0,0,1,""
10,368,710006368,1010006368,0.656492597940987,0.666493007538504,-0.0100004095975171,0.022254841949673,0,0,1,""
10,369,710006369,1010006369,0.620527832618128,0.623814026800269,-0.00328619418214082,0.0108797566527679,0,0,1,""
10,370,710006370,1010006370,0.594960083306464,0.586724160746772,0.00823592255969163,0.0117307028941999,0,0,1,""
10,371,710006371,1010006371,0.689846172667041,0.689430876753447,0.000415295913593794,0.0122852746401942,0,0,1,""
10,372,710006372,1010006372,0.637475811686779,0.651233832949831,-0.0137580212630525,0.0141780909602786,0,0,1,""
10,373,710006373,1010006373,0.606229379499333,0.612055804395986,-0.00582642489665319,0.0197762272199605,0,0,1,""
10,374,710006374,1010006374,0.627815615816812,0.617502221660776,0.0103133941560352,0.0239943197545287,0,0,1,""
10,375,710006375,1010006375,0.55970991042563,0.556117485132485,0.00359242529314585,0.0162049403612311,0,0,1,""
10,376,710006376,1010006376,0.645293086988185,0.63200861635034,0.0132844706378444,0.0111874254063562,0,0,1,""
10,377,710006377,1010006377,0.60677528404611,0.612999297550163,-0.00622401350405233,0.0162006387934052,0,0,1,""
10,378,710006378,1010006378,0.57353316081635,0.564563022133216,0.0089701386831349,0.0102296831472522,0,0,1,""
10,379,710006379,1010006379,0.634644170724588,0.638028480112505,-0.0033843093879169,0.0139699601669164,0,0,1,""
10,380,710006380,1010006380,0.654700611176723,0.655800282246698,-0.00109967106997544,0.0123627547502536,0,0,1,""
10,381,710006381,1010006381,0.646698501995964,0.655637808832579,-0.00893930683661493,0.0149795299257566,0,0,1,""
10,382,710006382,1010006382,0.580203635551924,0.587069565529691,-0.0068659299777678,0.0162769780735826,0,0,1,""
10,383,710006383,1010006383,0.623335230873791,0.629438493103306,-0.00610326222951485,0.0138682550896871,0,0,1,""
10,384,710006384,1010006384,0.597166591392374,0.597439252749514,-0.000272661357140214,0.010071627565221,0,0,1,""
10,385,710006385,1010006385,0.609221324021833,0.598237365384401,0.0109839586374317,0.0140389858991224,0,0,1,""
10,386,710006386,1010006386,0.679281883318218,0.687898549953375,-0.00861666663515737,0.0168905984339568,0,0,1,""
10,387,710006387,1010006387,0.622165929000289,0.618334328083819,0.00383160091646995,0.00915108138399447,0,0,1,""
10,388,710006388,1010006388,0.613603568457307,0.611042083756842,0.00256148470046502,0.0158238858103898,0,0,1,""
10,389,710006389,1010006389,0.580325205271744,0.578699124166109,0.00162608110563522,0.0108891423675641,0,0,1,""
10,390,710006390,1010006390,0.658274891508284,0.670724142311251,-0.0124492508029666,0.0106870958373778,0,0,1,""
10,391,710006391,1010006391,0.603654269357526,0.598541779990701,0.00511248936682518,0.00762471448592078,0,0,1,""
10,392,710006392,1010006392,0.559008510199771,0.562089979916598,-0.00308146971682755,0.0107417830823627,0,0,1,""
10,393,710006393,1010006393,0.658912587653891,0.661557498674266,-0.00264491102037423,0.0109837748166903,0,0,1,""
10,394,710006394,1010006394,0.615451800486313,0.612882492251082,0.00256930823523116,0.0173929442918041,0,0,1,""
10,395,710006395,1010006395,0.622495544278249,0.617794421986311,0.00470112229193809,0.0110907002445194,0,0,1,""
10,396,710006396,1010006396,0.618650090120609,0.623992579572212,-0.00534248945160365,0.0119536658563351,0,0,1,""
10,397,710006397,1010006397,0.622841959869561,0.613802257379586,0.00903970248997476,0.0166433698015145,0,0,1,""
10,398,710006398,1010006398,0.633985946811731,0.619737373146986,0.0142485736647452,0.00904634165159321,0,0,1,""
10,399,710006399,1010006399,0.661678086305973,0.678232201698648,-0.0165541153926742,0.0147663153102663,0,0,1,""
10,400,710006400,1010006400,0.628886061245343,0.631605071476895,-0.00271901023155241,0.0139468903006392,0,0,1,""
10,401,710006401,1010006401,0.616729669700249,0.611982273133333,0.00474739656691514,0.0144716426364318,0,0,1,""
10,402,710006402,1010006402,0.622028556761951,0.588324268071559,0.0337042886903918,0.0116202080351215,1,0,1,""
10,403,710006403,1010006403,0.600693614441019,0.621262270951662,-0.0205686565106429,0.0102508960800922,1,0,1,""
10,404,710006404,1010006404,0.606295755931196,0.622227601088489,-0.0159318451572927,0.01105644865103,0,0,1,""
10,405,710006405,1010006405,0.633239506520297,0.607439755401782,0.0257997511185146,0.014632462755357,0,0,1,""
10,406,710006406,1010006406,0.603895772562595,0.585450449924795,0.0184453226378001,0.0164139783757296,0,0,1,""
10,407,710006407,1010006407,0.599722814779559,0.595356201322325,0.00436661345723444,0.0123186194447619,0,0,1,""
10,408,710006408,1010006408,0.611433302346972,0.604435239752842,0.00699806259412983,0.0143954237961056,0,0,1,""
10,409,710006409,1010006409,0.690432093989232,0.681518177957613,0.00891391603161906,0.0106395332113976,0,0,1,""
10,410,710006410,1010006410,0.613447148507753,0.596181616944779,0.0172655315629736,0.014413082807678,0,0,1,""
10,411,710006411,1010006411,0.624211211413971,0.640264329691763,-0.0160531182777914,0.0132350893224597,0,0,1,""
10,412,710006412,1010006412,0.570043538659531,0.560643278943737,0.00940025971579428,0.0119444784464689,0,0,1,""
10,413,710006413,1010006413,0.606137720440752,0.611827332748081,-0.00568961230732923,0.0143570364033988,0,0,1,""
10,414,710006414,1010006414,0.565264896184785,0.565680349260752,-0.00041545307596691,0.0168592151185034,0,0,1,""
10,415,710006415,1010006415,0.582483514883416,0.564910798986885,0.0175727158965309,0.011065284513807,0,0,1,""
10,416,710006416,1010006416,0.662921826812534,0.643788230230125,0.0191335965824097,0.0169685887719246,0,0,1,""
10,417,710006417,1010006417,0.615921972035362,0.61073747344935,0.00518449858601167,0.0111873111332346,0,0,1,""
10,418,710006418,1010006418,0.649573794002356,0.665732465355536,-0.0161586713531799,0.014139256614976,0,0,1,""
10,419,710006419,1010006419,0.571748439534322,0.579996009263168,-0.00824756972884611,0.0152719893698688,0,0,1,""
10,420,710006420,1010006420,0.6217671786243,0.618885455405999,0.00288172321830082,0.0144729874107343,0,0,1,""
10,421,710006421,1010006421,0.528862208077864,0.526997180415185,0.0018650276626786,0.0104726972499996,0,0,1,""
10,422,710006422,1010006422,0.613148351657631,0.612881709790322,0.000266641867309292,0.0147940214140125,0,0,1,""
10,423,710006423,1010006423,0.582789420191156,0.599511876688511,-0.0167224564973547,0.0125135612111775,0,0,1,""
10,424,710006424,1010006424,0.63425023483672,0.63810691113133,-0.00385667629461028,0.0174262652236011,0,0,1,""
10,425,710006425,1010006425,0.676154216896246,0.675399822709043,0.000754394187203022,0.0147222021742186,0,0,1,""
10,426,710006426,1010006426,0.625593187501579,0.609263749509229,0.0163294379923502,0.0131890104646539,0,0,1,""
10,427,710006427,1010006427,0.663147880160292,0.645032619891123,0.0181152602691691,0.0140862458998539,0,0,1,""
10,428,710006428,1010006428,0.613392819498209,0.602245535497209,0.0111472840010008,0.0126576609611267,0,0,1,""
10,429,710006429,1010006429,0.612491896481345,0.599766293182606,0.0127256032987397,0.014374994463984,0,0,1,""
10,430,710006430,1010006430,0.576702785868824,0.599467097823965,-0.022764311955141,0.0193860703895296,0,0,1,""
10,431,710006431,1010006431,0.61091719822505,0.631142529047076,-0.0202253308220256,0.0139134456705733,0,0,1,""
10,432,710006432,1010006432,0.590375686775416,0.588977975565588,0.00139771120982746,0.00901627381267783,0,0,1,""
10,433,710006433,1010006433,0.5918567340093,0.572460085423569,0.0193966485857303,0.0138063632180293,0,0,1,""
10,434,710006434,1010006434,0.642516573483565,0.647645792057667,-0.00512921857410154,0.0119815183472555,0,0,1,""
10,435,710006435,1010006435,0.601718520589934,0.624188986435881,-0.022470465845947,0.0115129322672687,0,0,1,""
10,436,710006436,1010006436,0.658837153071672,0.633694493631959,0.0251426594397134,0.0124285711626696,1,0,1,""
10,437,710006437,1010006437,0.644649112252186,0.649533674116929,-0.00488456186474273,0.013810087067231,0,0,1,""
10,438,710006438,1010006438,0.618251547002548,0.615484244204335,0.00276730279821236,0.0104937385177342,0,0,1,""
10,439,710006439,1010006439,0.581234846904975,0.587271425928809,-0.00603657902383414,0.0110601990961606,0,0,1,""
10,440,710006440,1010006440,0.607539421186046,0.613353782729581,-0.00581436154353521,0.0129635288459133,0,0,1,""
10,441,710006441,1010006441,0.655963472876749,0.65719047702861,-0.00122700415186183,0.0130906695612051,0,0,1,""
10,442,710006442,1010006442,0.603947750685078,0.613668562142506,-0.00972081145742754,0.0109876975360465,0,0,1,""
10,443,710006443,1010006443,0.603307569550897,0.575446729227489,0.0278608403234087,0.0150201674805138,0,0,1,""
10,444,710006444,1010006444,0.582010452979945,0.578921244688678,0.00308920829126635,0.0163534010826279,0,0,1,""
10,445,710006445,1010006445,0.645329828880561,0.665869067307439,-0.0205392384268781,0.0122211886531584,0,0,1,""
10,446,710006446,1010006446,0.557079556725963,0.551917765853252,0.00516179087271051,0.0105880244551382,0,0,1,""
10,447,710006447,1010006447,0.603725250750282,0.585529021749307,0.018196229000975,0.0123294961104631,0,0,1,""
10,448,710006448,1010006448,0.59879452333903,0.610324888616701,-0.0115303652776714,0.0187301322328712,0,0,1,""
10,449,710006449,1010006449,0.613468834136883,0.604499839364025,0.00896899477285795,0.0164601922071967,0,0,1,""
10,450,710006450,1010006450,0.586971327519933,0.596579954674581,-0.00960862715464839,0.0131297736474981,0,0,1,""
10,451,710006451,1010006451,0.568362565607297,0.572670076432323,-0.0043075108250259,0.0158448355509591,0,0,1,""
10,452,710006452,1010006452,0.603351165365301,0.593389406087053,0.00996175927824838,0.0111824427901495,0,0,1,""
10,453,710006453,1010006453,0.610219248021069,0.601154570887337,0.00906467713373227,0.0191264271575181,0,0,1,""
10,454,710006454,1010006454,0.644743674356785,0.637557701569544,0.00718597278724131,0.0164211775856999,0,0,1,""
10,455,710006455,1010006455,0.638591718889181,0.630688411982189,0.00790330690699237,0.010590632018464,0,0,1,""
10,456,710006456,1010006456,0.638260349624048,0.62649671395605,0.0117636356679979,0.0159998276446826,0,0,1,""
10,457,710006457,1010006457,0.626294718692346,0.610570525891444,0.0157241928009012,0.0107044441901357,0,0,1,""
10,458,710006458,1010006458,0.589858317355446,0.597530557925696,-0.00767224057025051,0.0196709585518029,0,0,1,""
10,459,710006459,1010006459,0.627298145764796,0.641416648522252,-0.0141185027574562,0.0168613643530237,0,0,1,""
10,460,710006460,1010006460,0.643716531958398,0.639259700135233,0.00445683182316459,0.0124750124441751,0,0,1,""
10,461,710006461,1010006461,0.629205278058287,0.616410269815308,0.0127950082429794,0.0120523237847841,0,0,1,""
10,462,710006462,1010006462,0.615501005359195,0.606216488156158,0.00928451720303636,0.0123954645786356,0,0,1,""
10,463,710006463,1010006463,0.608649566129417,0.629310753690705,-0.0206611875612881,0.0132449200402188,0,0,1,""
10,464,710006464,1010006464,0.593504237133152,0.592514835802223,0.00098940133092873,0.0130547070511171,0,0,1,""
10,465,710006465,1010006465,0.62341773702295,0.637790412000415,-0.0143726749774649,0.0153694580849259,0,0,1,""
10,466,710006466,1010006466,0.631583537950566,0.637113856883251,-0.00553031893268452,0.0159165203608652,0,0,1,""
10,467,710006467,1010006467,0.588089423615593,0.595266358385429,-0.0071769347698365,0.0124124740721068,0,0,1,""
10,468,710006468,1010006468,0.648905365433504,0.668532382735151,-0.0196270173016466,0.0127314120155287,0,0,1,""
10,469,710006469,1010006469,0.537147544008347,0.539781129992212,-0.00263358598386476,0.0157147806151601,0,0,1,""
10,470,710006470,1010006470,0.612456700667134,0.606706066853995,0.00575063381313956,0.0152884130321742,0,0,1,""
10,471,710006471,1010006471,0.616263431756726,0.636406505758879,-0.0201430740021537,0.0208965344612572,0,0,1,""
10,472,710006472,1010006472,0.562729784690523,0.551574220179458,0.0111555645110647,0.0135424998244275,0,0,1,""
10,473,710006473,1010006473,0.600275088524177,0.605300640977032,-0.00502555245285452,0.00925005729851946,0,0,1,""
10,474,710006474,1010006474,0.659251570087407,0.659037303931774,0.000214266155632359,0.0124337817328466,0,0,1,""
10,475,710006475,1010006475,0.616194171485576,0.611094426430141,0.00509974505543565,0.0115291462982899,0,0,1,""
10,476,710006476,1010006476,0.623508227330853,0.636774530821282,-0.0132663034904293,0.0105429030877407,0,0,1,""
10,477,710006477,1010006477,0.628979736781802,0.622463940722492,0.00651579605931041,0.0115937809882743,0,0,1,""
10,478,710006478,1010006478,0.65292978230773,0.646335876006922,0.00659390630080825,0.0102258913392216,0,0,1,""
10,479,710006479,1010006479,0.571159092389398,0.562747274123567,0.00841181826583082,0.0134378646168276,0,0,1,""
10,480,710006480,1010006480,0.608530179641407,0.606050826168802,0.00247935347260575,0.00947622572258929,0,0,1,""
10,481,710006481,1010006481,0.641905830018427,0.647486335657215,-0.00558050563878776,0.013575651404956,0,0,1,""
10,482,710006482,1010006482,0.654465211697698,0.656579545003184,-0.00211433330548605,0.0137695192913045,0,0,1,""
10,483,710006483,1010006483,0.631443259087328,0.624127724217532,0.00731553486979619,0.0109966357845638,0,0,1,""
10,484,710006484,1010006484,0.653763100231008,0.645003359180162,0.00875974105084565,0.0109156027787198,0,0,1,""
10,485,710006485,1010006485,0.584117017713229,0.594828355935119,-0.0107113382218905,0.0115728896972999,0,0,1,""
10,486,710006486,1010006486,0.586785072929388,0.588851113141897,-0.00206604021250867,0.00848857562339761,0,0,1,""
10,487,710006487,1010006487,0.600231237368452,0.581976704287568,0.0182545330808838,0.0162881191974212,0,0,1,""
10,488,710006488,1010006488,0.612271063576826,0.612404976965209,-0.000133913388383089,0.0112541959350289,0,0,1,""
10,489,710006489,1010006489,0.618640778791242,0.611811070209512,0.00682970858172982,0.0134335124516176,0,0,1,""
10,490,710006490,1010006490,0.604816568196927,0.581020882402013,0.0237956857949136,0.0137399835711657,0,0,1,""
10,491,710006491,1010006491,0.62459406899448,0.608856470470168,0.0157375985243128,0.0132215580939559,0,0,1,""
10,492,710006492,1010006492,0.59865742725206,0.608637789727978,-0.00998036247591783,0.013225025077082,0,0,1,""
10,493,710006493,1010006493,0.633813172209215,0.615639758914052,0.018173413295163,0.0132598570393972,0,0,1,""
10,494,710006494,1010006494,0.549921740690211,0.577593329142672,-0.0276715884524604,0.0121034197686872,1,0,1,""
10,495,710006495,1010006495,0.57404244639515,0.546404462499701,0.0276379838954483,0.0167088086479385,0,0,1,""
10,496,710006496,1010006496,0.678958545167981,0.672082806644692,0.00687573852328871,0.0147574703076261,0,0,1,""
10,497,710006497,1010006497,0.585419741030298,0.579622483517231,0.00579725751306714,0.0137757776652736,0,0,1,""
10,498,710006498,1010006498,0.576540761899639,0.573694719682115,0.00284604221752349,0.0123937240268606,0,0,1,""
10,499,710006499,1010006499,0.608198152587429,0.606493859319907,0.00170429326752208,0.0172148518905207,0,0,1,""
10,500,710006500,1010006500,0.652872895827994,0.64615092897527,0.00672196685272364,0.0109614495868117,0,0,1,""
10,501,710006501,1010006501,0.610626912115828,0.609724215960588,0.000902696155240301,0.0157524311241163,0,0,1,""
10,502,710006502,1010006502,0.606367485265071,0.598370494875354,0.0079969903897178,0.00783152511151442,0,0,1,""
10,503,710006503,1010006503,0.547781610476089,0.547895752730636,-0.000114142254547422,0.0144255083227231,0,0,1,""
10,504,710006504,1010006504,0.677563842383864,0.705193018139234,-0.0276291757553703,0.013463108743852,1,0,1,""
10,505,710006505,1010006505,0.657638626474262,0.637980697823529,0.0196579286507331,0.0111585128310437,0,0,1,""
10,506,710006506,1010006506,0.574105701604664,0.585585042891832,-0.0114793412871675,0.013110907853075,0,0,1,""
10,507,710006507,1010006507,0.568519994909892,0.586373693860136,-0.0178536989502439,0.013463425736744,0,0,1,""
10,508,710006508,1010006508,0.599163485053723,0.584928051624836,0.0142354334288868,0.0158480562191955,0,0,1,""
10,509,710006509,1010006509,0.626755460142497,0.616579833204833,0.0101756269376638,0.00907491728082559,0,0,1,""
10,510,710006510,1010006510,0.571121517010356,0.561307178747399,0.00981433826295686,0.0139827910638381,0,0,1,""
10,511,710006511,1010006511,0.600412099953987,0.605026493775159,-0.00461439382117146,0.0109100385294954,0,0,1,""
10,512,710006512,1010006512,0.656006948094627,0.645307618623724,0.0106993294709027,0.00936860408174421,0,0,1,""
10,513,710006513,1010006513,0.586043093301061,0.596437831327169,-0.0103947380261074,0.0134229930686808,0,0,1,""
10,514,710006514,1010006514,0.58499216632896,0.595951624364812,-0.0109594580358522,0.0125906787791203,0,0,1,""
10,515,710006515,1010006515,0.690654707260879,0.690517306902213,0.000137400358665718,0.0080534345972468,0,0,1,""
10,516,710006516,1010006516,0.585495015378019,0.608572126279528,-0.0230771109015088,0.0144328566886712,0,0,1,""
10,517,710006517,1010006517,0.6702231690625,0.671814368790039,-0.00159119972753941,0.00984484922402647,0,0,1,""
10,518,710006518,1010006518,0.612122004667792,0.603580134309673,0.0085418703581196,0.0154727993481877,0,0,1,""
10,519,710006519,1010006519,0.625281774015203,0.621544493548389,0.00373728046681443,0.0137431941988696,0,0,1,""
10,520,710006520,1010006520,0.559341992572914,0.569459910275879,-0.0101179177029648,0.014191144307742,0,0,1,""
10,521,710006521,1010006521,0.57035349176043,0.577020687054265,-0.00666719529383486,0.0104804717625322,0,0,1,""
10,522,710006522,1010006522,0.591379067294332,0.597651404973239,-0.00627233767890745,0.0115619319413245,0,0,1,""
10,523,710006523,1010006523,0.592256768659995,0.612983587704137,-0.0207268190441416,0.0190490200293083,0,0,1,""
10,524,710006524,1010006524,0.586661213338895,0.573553848748674,0.0131073645902217,0.009739304190375,0,0,1,""
10,525,710006525,1010006525,0.594524827328833,0.595806558890889,-0.0012817315620568,0.0101083424219701,0,0,1,""
10,526,710006526,1010006526,0.642075369379362,0.643575125536277,-0.00149975615691489,0.017168865899545,0,0,1,""
10,527,710006527,1010006527,0.690022757920846,0.694531628187431,-0.00450887026658553,0.00980130266457577,0,0,1,""
10,528,710006528,1010006528,0.578262500368814,0.549461776459993,0.0288007239088207,0.0150674336050003,0,0,1,""
10,529,710006529,1010006529,0.614382957683524,0.637737592180932,-0.0233546344974079,0.0153907008691305,0,0,1,""
10,530,710006530,1010006530,0.654429691298304,0.671153838828506,-0.0167241475302019,0.0116839877912432,0,0,1,""
10,531,710006531,1010006531,0.604654952337532,0.599213424559739,0.00544152777779328,0.0139701622257151,0,0,1,""
10,532,710006532,1010006532,0.60846326192261,0.618561571607433,-0.0100983096848233,0.0145936281426894,0,0,1,""
10,533,710006533,1010006533,0.623425464826259,0.607393549821359,0.0160319150049,0.011477796400686,0,0,1,""
10,534,710006534,1010006534,0.561091475960224,0.548609105993672,0.0124823699665526,0.0114707422456448,0,0,1,""
10,535,710006535,1010006535,0.59224811368584,0.602355225369296,-0.010107111683456,0.013010497685522,0,0,1,""
10,536,710006536,1010006536,0.640204721428208,0.628906583706196,0.0112981377220123,0.0148222746838242,0,0,1,""
10,537,710006537,1010006537,0.609011191644169,0.588035886961557,0.0209753046826122,0.0125510758502427,0,0,1,""
10,538,710006538,1010006538,0.62898423119012,0.619413435132199,0.0095707960579211,0.0112484284833968,0,0,1,""
10,539,710006539,1010006539,0.64060371746347,0.648736941539237,-0.00813322407576644,0.0121348300056264,0,0,1,""
10,540,710006540,1010006540,0.575354295433935,0.558056492986438,0.0172978024474972,0.0124537315314156,0,0,1,""
10,541,710006541,1010006541,0.63249494438283,0.621256706562284,0.0112382378205464,0.0126868530035641,0,0,1,""
10,542,710006542,1010006542,0.636525515685742,0.624374383567534,0.0121511321182077,0.0118687385037716,0,0,1,""
10,543,710006543,1010006543,0.613327276038815,0.632746565237052,-0.0194192891982363,0.0172542027253657,0,0,1,""
10,544,710006544,1010006544,0.606001418014824,0.600764335285443,0.00523708272938073,0.0129377280275648,0,0,1,""
10,545,710006545,1010006545,0.627406113661231,0.629728402156848,-0.00232228849561689,0.0143630196434153,0,0,1,""
10,546,710006546,1010006546,0.590382680053815,0.596813006855065,-0.00643032680125,0.0162673321291401,0,0,1,""
10,547,710006547,1010006547,0.638692866138274,0.638132653652963,0.000560212485311018,0.0147443014673116,0,0,1,""
10,548,710006548,1010006548,0.63447809260363,0.645488350395269,-0.0110102577916388,0.0159270162399259,0,0,1,""
10,549,710006549,1010006549,0.607861673877579,0.597629802269799,0.0102318716077804,0.0131596251424141,0,0,1,""
10,550,710006550,1010006550,0.640860721563733,0.654173397875322,-0.0133126763115892,0.0124914212301221,0,0,1,""
10,551,710006551,1010006551,0.601589806390086,0.580035871957193,0.0215539344328922,0.0127198217436176,0,0,1,""
10,552,710006552,1010006552,0.671767765106431,0.678207177475565,-0.00643941236913392,0.0152863126812284,0,0,1,""
10,553,710006553,1010006553,0.612478443036117,0.610023087374128,0.00245535566198818,0.0154626939596064,0,0,1,""
10,554,710006554,1010006554,0.549262765142195,0.552434944180198,-0.00317217903800238,0.015296268442353,0,0,1,""
10,555,710006555,1010006555,0.600365441237129,0.591901138590734,0.00846430264639586,0.0134583489908334,0,0,1,""
10,556,710006556,1010006556,0.630046222973265,0.62126416751506,0.00878205545820487,0.0119948487298236,0,0,1,""
10,557,710006557,1010006557,0.608481250961309,0.607288832013836,0.00119241894747268,0.0138306447628248,0,0,1,""
10,558,710006558,1010006558,0.625623863070003,0.609854561858594,0.0157693012114092,0.0098957500919896,0,0,1,""
10,559,710006559,1010006559,0.515122324459779,0.517185222200187,-0.0020628977404078,0.0144409660466269,0,0,1,""
10,560,710006560,1010006560,0.627290420880357,0.609005576249428,0.0182848446309292,0.00918081966618245,1,0,1,""
10,561,710006561,1010006561,0.601800104958987,0.613070101896613,-0.0112699969376266,0.0163278886759411,0,0,1,""
10,562,710006562,1010006562,0.607386309902755,0.622551588200345,-0.0151652782975904,0.0129682502795786,0,0,1,""
10,563,710006563,1010006563,0.606536692263088,0.612948207251835,-0.00641151498874704,0.0120240062061675,0,0,1,""
10,564,710006564,1010006564,0.551738102503333,0.581766045623106,-0.0300279431197735,0.0159177475068877,0,0,1,""
10,565,710006565,1010006565,0.62650514055421,0.60711461881147,0.0193905217427394,0.0142154565097409,0,0,1,""
10,566,710006566,1010006566,0.592474622249886,0.571704022193442,0.0207706000564434,0.0122219481858707,0,0,1,""
10,567,710006567,1010006567,0.635158763074484,0.621905954513124,0.0132528085613596,0.0181791245728071,0,0,1,""
10,568,710006568,1010006568,0.591185233092508,0.570848631872289,0.0203366012202192,0.0131504894634785,0,0,1,""
10,569,710006569,1010006569,0.611457096625892,0.606150212915088,0.00530688371080379,0.0135995703703048,0,0,1,""
10,570,710006570,1010006570,0.603056938317741,0.611570205853378,-0.00851326753563764,0.0148351429098282,0,0,1,""
10,571,710006571,1010006571,0.607711233371888,0.622122126870081,-0.014410893498193,0.00862400510272528,0,0,1,""
10,572,710006572,1010006572,0.610562703152685,0.634040710945122,-0.0234780077924369,0.00984700596791541,1,0,1,""
10,573,710006573,1010006573,0.54131443212779,0.542001693390694,-0.00068726126290386,0.0118765953868065,0,0,1,""
10,574,710006574,1010006574,0.646404466514448,0.668236348310721,-0.0218318817962724,0.0167850504606798,0,0,1,""
10,575,710006575,1010006575,0.665067055086324,0.656021184033138,0.0090458710531861,0.0182194548667475,0,0,1,""
10,576,710006576,1010006576,0.636002650241562,0.634991627311076,0.00101102293048572,0.0157505804653629,0,0,1,""
10,577,710006577,1010006577,0.575136452210764,0.550485771858895,0.0246506803518692,0.0112807658574767,1,0,1,""
10,578,710006578,1010006578,0.64821163598668,0.663202068227823,-0.0149904322411434,0.0111678887180684,0,0,1,""
10,579,710006579,1010006579,0.644555080303984,0.674730719596061,-0.0301756392920771,0.019404973339456,0,0,1,""
10,580,710006580,1010006580,0.643951339087852,0.621223669306762,0.0227276697810901,0.0124938932558684,0,0,1,""
10,581,710006581,1010006581,0.547239809995791,0.544152169872843,0.00308764012294782,0.0117096839500824,0,0,1,""
10,582,710006582,1010006582,0.613872884029781,0.613307700975008,0.000565183054773821,0.0176020092546029,0,0,1,""
10,583,710006583,1010006583,0.628705881900349,0.608236765085905,0.0204691168144437,0.0129255475707736,0,0,1,""
10,584,710006584,1010006584,0.570727490106224,0.567058092205375,0.00366939790084964,0.0177294620569521,0,0,1,""
10,585,710006585,1010006585,0.614110325793365,0.62510509831354,-0.0109947725201742,0.0120943253644457,0,0,1,""
10,586,710006586,1010006586,0.620266854342695,0.623180388250396,-0.00291353390770122,0.0159194410434677,0,0,1,""
10,587,710006587,1010006587,0.533950424747391,0.545989713021156,-0.0120392882737652,0.0152246054079421,0,0,1,""
10,588,710006588,1010006588,0.623850407974845,0.608153840796124,0.015696567178721,0.0119232435645494,0,0,1,""
10,589,710006589,1010006589,0.614111386391325,0.644071555591085,-0.0299601691997605,0.0143852452368308,1,0,1,""
10,590,710006590,1010006590,0.594167509368413,0.586138562558816,0.00802894680959732,0.0135746844949977,0,0,1,""
10,591,710006591,1010006591,0.629500756570776,0.623114406968602,0.00638634960217466,0.00940202611984814,0,0,1,""
10,592,710006592,1010006592,0.602013071339322,0.575999201613671,0.0260138697256503,0.0139850534306162,0,0,1,""
10,593,710006593,1010006593,0.609085171387534,0.614656864815905,-0.00557169342837116,0.0111751621968817,0,0,1,""
10,594,710006594,1010006594,0.598726436582747,0.615028344936073,-0.016301908353326,0.0139146539384448,0,0,1,""
10,595,710006595,1010006595,0.625116470523351,0.633229245420829,-0.00811277489747742,0.0130841474860202,0,0,1,""
10,596,710006596,1010006596,0.658641340092071,0.651312921486733,0.00732841860533784,0.0146032999818069,0,0,1,""
10,597,710006597,1010006597,0.624932331725153,0.641920070193329,-0.0169877384681757,0.0170250007274249,0,0,1,""
10,598,710006598,1010006598,0.651334405866077,0.632711058657857,0.0186233472082207,0.015606947500783,0,0,1,""
10,599,710006599,1010006599,0.554814452772612,0.559458496658591,-0.0046440438859785,0.0142542182904073,0,0,1,""
10,600,710006600,1010006600,0.621824483957487,0.619816467112442,0.00200801684504537,0.00846717688679366,0,0,1,""
10,601,710006601,1010006601,0.608888196450267,0.597196188810993,0.0116920076392744,0.0122492632154956,0,0,1,""
10,602,710006602,1010006602,0.669982796307157,0.670848779342854,-0.000865983035696516,0.010656859188384,0,0,1,""
10,603,710006603,1010006603,0.657472177643601,0.677028427535602,-0.0195562498920009,0.019922187119836,0,0,1,""
10,604,710006604,1010006604,0.638314786837942,0.635338842919736,0.00297594391820555,0.0142940310597682,0,0,1,""
10,605,710006605,1010006605,0.666723513990007,0.628954858011624,0.0377686559783826,0.0103587672875528,1,0,1,""
10,606,710006606,1010006606,0.532955295890457,0.531153522878277,0.00180177301218087,0.0135546323756627,0,0,1,""
10,607,710006607,1010006607,0.587707896583369,0.595377773433901,-0.00766987685053266,0.0129890137068903,0,0,1,""
10,608,710006608,1010006608,0.597643556530492,0.581242570092197,0.0164009864382954,0.015700865495643,0,0,1,""
10,609,710006609,1010006609,0.600587504326792,0.584189012578205,0.0163984917485863,0.00827634291436393,1,0,1,""
10,610,710006610,1010006610,0.553142193744271,0.548614105242112,0.00452808850215913,0.0103715180912194,0,0,1,""
10,611,710006611,1010006611,0.585965325030089,0.567351368280207,0.0186139567498824,0.0109387423012445,0,0,1,""
10,612,710006612,1010006612,0.652046226638977,0.646181428858018,0.00586479778095972,0.00984822696796796,0,0,1,""
10,613,710006613,1010006613,0.688991589874097,0.693507323044222,-0.00451573317012532,0.0185950699618886,0,0,1,""
10,614,710006614,1010006614,0.590171170664196,0.580389772257887,0.00978139840630832,0.0140038955177255,0,0,1,""
10,615,710006615,1010006615,0.609163689074367,0.642066105313715,-0.0329024162393482,0.0189904063532403,0,0,1,""
10,616,710006616,1010006616,0.613979098008674,0.615847077448636,-0.00186797943996198,0.0131907601120198,0,0,1,""
10,617,710006617,1010006617,0.620474852234172,0.606139719279697,0.0143351329544744,0.0112301334621725,0,0,1,""
10,618,710006618,1010006618,0.675182543511385,0.688638291310999,-0.013455747799614,0.0186238854288374,0,0,1,""
10,619,710006619,1010006619,0.571096543510787,0.570327981136719,0.00076856237406886,0.0173294006789103,0,0,1,""
10,620,710006620,1010006620,0.65807549280985,0.649857901880229,0.00821759092962093,0.0153852889219798,0,0,1,""
10,621,710006621,1010006621,0.584056476711948,0.598119077664843,-0.0140626009528946,0.0131683098052189,0,0,1,""
10,622,710006622,1010006622,0.610135973721022,0.594781808924238,0.0153541647967841,0.0120531927984369,0,0,1,""
10,623,710006623,1010006623,0.630672612786904,0.626916749114525,0.00375586367237901,0.0154744163046248,0,0,1,""
10,624,710006624,1010006624,0.634552438374293,0.646370197128101,-0.0118177587538078,0.0110654270750589,0,0,1,""
10,625,710006625,1010006625,0.579497181708794,0.587196311896537,-0.00769913018774282,0.0117748167645537,0,0,1,""
10,626,710006626,1010006626,0.609870749232968,0.619427813502873,-0.00955706426990533,0.0120586963421243,0,0,1,""
10,627,710006627,1010006627,0.611336703160233,0.614825724270924,-0.00348902111069083,0.017606543224815,0,0,1,""
10,628,710006628,1010006628,0.58677673435605,0.573156024406999,0.0136207099490513,0.0119083727100385,0,0,1,""
10,629,710006629,1010006629,0.667064571786031,0.647777890598192,0.0192866811878392,0.0105049685997818,0,0,1,""
10,630,710006630,1010006630,0.641095953804062,0.628230292459076,0.0128656613449866,0.014569911805953,0,0,1,""
10,631,710006631,1010006631,0.563047919899012,0.572098977799881,-0.00905105790086857,0.0112485372102144,0,0,1,""
10,632,710006632,1010006632,0.562702067205419,0.5719873898067,-0.00928532260128145,0.0116567704176076,0,0,1,""
10,633,710006633,1010006633,0.684580199918161,0.689432064228544,-0.00485186431038331,0.00975530849715544,0,0,1,""
10,634,710006634,1010006634,0.566947376521013,0.584225452512886,-0.0172780759918725,0.0168782463134703,0,0,1,""
10,635,710006635,1010006635,0.646787644708886,0.634430708081904,0.0123569366269817,0.00991097796589099,0,0,1,""
10,636,710006636,1010006636,0.675426365984604,0.696040137201021,-0.0206137712164171,0.0148735383301221,0,0,1,""
10,637,710006637,1010006637,0.615932635641672,0.608673058780189,0.00725957686148371,0.0155014667000043,0,0,1,""
10,638,710006638,1010006638,0.625426801374776,0.619480399464308,0.00594640191046825,0.0126992792673976,0,0,1,""
10,639,710006639,1010006639,0.635659722814363,0.629573617038955,0.00608610577540825,0.00946755285163137,0,0,1,""
10,640,710006640,1010006640,0.636610896663383,0.634790411185186,0.00182048547819669,0.0190079832394051,0,0,1,""
10,641,710006641,1010006641,0.628992727311978,0.636169196916261,-0.0071764696042832,0.0120695114823098,0,0,1,""
10,642,710006642,1010006642,0.585407504900307,0.59559044085602,-0.0101829359557131,0.015578266944841,0,0,1,""
10,643,710006643,1010006643,0.576431771320764,0.571287309395538,0.00514446192522633,0.0149696729951415,0,0,1,""
10,644,710006644,1010006644,0.631525317037119,0.634915820798179,-0.00339050376105976,0.0137428005094341,0,0,1,""
10,645,710006645,1010006645,0.623756405221978,0.627296057311936,-0.00353965208995766,0.0126532679245539,0,0,1,""
10,646,710006646,1010006646,0.580600853431978,0.583776067989782,-0.00317521455780478,0.01420585799526,0,0,1,""
10,647,710006647,1010006647,0.615755264699919,0.622905885991479,-0.00715062129155997,0.0120354079527472,0,0,1,""
10,648,710006648,1010006648,0.622302234678636,0.618408145344258,0.00389408933437796,0.0106971916542462,0,0,1,""
10,649,710006649,1010006649,0.623904058903062,0.659419826359149,-0.0355157674560868,0.0188824197192481,0,0,1,""
10,650,710006650,1010006650,0.604327399348937,0.574999364025232,0.0293280353237045,0.0124635861431176,1,0,1,""
10,651,710006651,1010006651,0.632949652276185,0.645268115627134,-0.0123184633509481,0.0164477408288531,0,0,1,""
10,652,710006652,1010006652,0.642399011665875,0.655954811979665,-0.0135558003137898,0.0110868252091248,0,0,1,""
10,653,710006653,1010006653,0.556297771700974,0.548557221069495,0.00774055063147905,0.00916391727030489,0,0,1,""
10,654,710006654,1010006654,0.588182323046726,0.583669585243426,0.00451273780329919,0.0134205148140311,0,0,1,""
10,655,710006655,1010006655,0.597313556078265,0.574385143565841,0.0229284125124238,0.0162491792716973,0,0,1,""
10,656,710006656,1010006656,0.573909225379366,0.584548609957789,-0.0106393845784224,0.0113348690064565,0,0,1,""
10,657,710006657,1010006657,0.606278897557869,0.602280323365695,0.00399857419217342,0.0134931423281995,0,0,1,""
10,658,710006658,1010006658,0.58653761118892,0.603565320307112,-0.0170277091181925,0.0158154092109509,0,0,1,""
10,659,710006659,1010006659,0.608961349754485,0.607965236656625,0.000996113097860407,0.0148649629942075,0,0,1,""
10,660,710006660,1010006660,0.63744833069474,0.615354327672043,0.0220940030226968,0.0133137285918918,0,0,1,""
10,661,710006661,1010006661,0.619722326976314,0.643822619202716,-0.0241002922264023,0.0146761996199479,0,0,1,""
10,662,710006662,1010006662,0.5819589542242,0.577153873300533,0.00480508092366738,0.0154822708380197,0,0,1,""
10,663,710006663,1010006663,0.628105213351146,0.611558394123149,0.0165468192279965,0.00973363433288534,0,0,1,""
10,664,710006664,1010006664,0.592307906556641,0.602245813348564,-0.0099379067919223,0.0109228176079301,0,0,1,""
10,665,710006665,1010006665,0.636947487741381,0.633400475978643,0.00354701176273742,0.0112555474831795,0,0,1,""
10,666,710006666,1010006666,0.586520784550086,0.585274594781244,0.00124618976884194,0.0136561534693847,0,0,1,""
10,667,710006667,1010006667,0.582707500874942,0.608036539963719,-0.0253290390887767,0.0114340860000567,1,0,1,""
10,668,710006668,1010006668,0.602419834286308,0.619028388178068,-0.0166085538917599,0.0155392745525762,0,0,1,""
10,669,710006669,1010006669,0.540198985606164,0.516825691423844,0.0233732941823193,0.0151423584838292,0,0,1,""
10,670,710006670,1010006670,0.648943620938848,0.661616307480428,-0.0126726865415804,0.0166182743968107,0,0,1,""
10,671,710006671,1010006671,0.571436264958705,0.553746501673878,0.0176897632848271,0.0116095941229597,0,0,1,""
10,672,710006672,1010006672,0.641638960193076,0.637679674291579,0.00395928590149697,0.00930947232808309,0,0,1,""
10,673,710006673,1010006673,0.576565818542765,0.547129949064277,0.0294358694784871,0.0174229812178782,0,0,1,""
10,674,710006674,1010006674,0.593784988505502,0.605283933593555,-0.0114989450880526,0.0155572784162652,0,0,1,""
10,675,710006675,1010006675,0.588865633489118,0.586193376578307,0.00267225691081052,0.0134303194959008,0,0,1,""
10,676,710006676,1010006676,0.624034771644977,0.596541921283371,0.027492850361606,0.013704757593783,1,0,1,""
10,677,710006677,1010006677,0.554768382939422,0.569291554554886,-0.014523171615464,0.0122533032429372,0,0,1,""
10,678,710006678,1010006678,0.643213002036772,0.633286086295685,0.00992691574108706,0.00893233008402103,0,0,1,""
10,679,710006679,1010006679,0.684709955618059,0.676565548283141,0.00814440733491739,0.0125210913022967,0,0,1,""
10,680,710006680,1010006680,0.632336557027857,0.616914279623851,0.0154222774040064,0.0116898146968981,0,0,1,""
10,681,710006681,1010006681,0.581253126713575,0.595701286431079,-0.0144481597175031,0.0110431604414249,0,0,1,""
10,682,710006682,1010006682,0.573651935251793,0.57253013702241,0.00112179822938296,0.016486564785405,0,0,1,""
10,683,710006683,1010006683,0.679457804096792,0.690020579945225,-0.0105627758484327,0.0157901900604951,0,0,1,""
10,684,710006684,1010006684,0.571305169676404,0.55000855065052,0.0212966190258836,0.0138231111927067,0,0,1,""
10,685,710006685,1010006685,0.650264851080996,0.646807381449478,0.00345746963151816,0.0144295577475659,0,0,1,""
10,686,710006686,1010006686,0.618408632881141,0.629475255377108,-0.011066622495967,0.0107661711605953,0,0,1,""
10,687,710006687,1010006687,0.607715213993946,0.615688726438752,-0.00797351244480682,0.0117738729060981,0,0,1,""
10,688,710006688,1010006688,0.695442223603771,0.685411520565943,0.0100307030378273,0.0141012010495194,0,0,1,""
10,689,710006689,1010006689,0.651504410476811,0.654610459046186,-0.00310604856937546,0.0136469136086859,0,0,1,""
10,690,710006690,1010006690,0.615794519699197,0.612460680327755,0.00333383937144161,0.01379548926061,0,0,1,""
10,691,710006691,1010006691,0.542850844768396,0.562908679807393,-0.0200578350389969,0.014901082071336,0,0,1,""
10,692,710006692,1010006692,0.603269140380103,0.610948356776377,-0.00767921639627367,0.0169158946608006,0,0,1,""
10,693,710006693,1010006693,0.576486145161096,0.587091405727227,-0.0106052605661311,0.0138971704595759,0,0,1,""
10,694,710006694,1010006694,0.629759736469105,0.622197656912709,0.00756207955639665,0.0126317535790276,0,0,1,""
10,695,710006695,1010006695,0.559675764072089,0.577452339037818,-0.0177765749657292,0.026522557725488,0,0,1,""
10,696,710006696,1010006696,0.542203949017688,0.515268503870568,0.0269354451471195,0.0125564501636133,1,0,1,""
10,697,710006697,1010006697,0.620239863666272,0.612932115132421,0.00730774853385119,0.0142293663112859,0,0,1,""
10,698,710006698,1010006698,0.58883602791438,0.611487393676908,-0.0226513657625278,0.0122148726368305,0,0,1,""
10,699,710006699,1010006699,0.611558933834649,0.590228223312771,0.0213307105218782,0.0152499881402909,0,0,1,""
10,700,710006700,1010006700,0.589842304498121,0.599131214658056,-0.00928891015993483,0.013887298959133,0,0,1,""
10,701,710006701,1010006701,0.6043386918178,0.60156657689345,0.0027721149243497,0.0113238912261573,0,0,1,""
10,702,710006702,1010006702,0.650060729917726,0.646386799144071,0.00367393077365563,0.0100837605134283,0,0,1,""
10,703,710006703,1010006703,0.616371104886852,0.632700073683021,-0.0163289687961695,0.0117961623680853,0,0,1,""
10,704,710006704,1010006704,0.615286295698324,0.612077593723464,0.00320870197485967,0.0134219067422991,0,0,1,""
10,705,710006705,1010006705,0.54353997245452,0.546159354675564,-0.00261938222104485,0.0160446325723587,0,0,1,""
10,706,710006706,1010006706,0.636720275936499,0.645944775257016,-0.00922449932051661,0.0153440064103519,0,0,1,""
10,707,710006707,1010006707,0.621015498745565,0.616552310893904,0.00446318785166111,0.0105893366267455,0,0,1,""
10,708,710006708,1010006708,0.662036617595181,0.650175767626118,0.011860849969063,0.0180974966240893,0,0,1,""
10,709,710006709,1010006709,0.601672516208544,0.605737369937425,-0.00406485372888132,0.0103481585774803,0,0,1,""
10,710,710006710,1010006710,0.652335055413788,0.666686393915619,-0.0143513385018312,0.0166776697640167,0,0,1,""
10,711,710006711,1010006711,0.588489437190494,0.576610346370641,0.0118790908198529,0.0116427050698496,0,0,1,""
10,712,710006712,1010006712,0.67343071125698,0.679648471509263,-0.00621776025228293,0.0109197077520871,0,0,1,""
10,713,710006713,1010006713,0.557382588995877,0.559288537702451,-0.00190594870657401,0.01015537018966,0,0,1,""
10,714,710006714,1010006714,0.586198790560964,0.570708353625978,0.0154904369349863,0.0154053337557553,0,0,1,""
10,715,710006715,1010006715,0.589381793381577,0.582761070674135,0.00662072270744185,0.0137750899409401,0,0,1,""
10,716,710006716,1010006716,0.607631277976113,0.604567623849976,0.00306365412613729,0.0133680555772938,0,0,1,""
10,717,710006717,1010006717,0.651599938930005,0.637704255765289,0.0138956831647159,0.0125431024967963,0,0,1,""
10,718,710006718,1010006718,0.574952569445523,0.556501302526447,0.0184512669190761,0.0137302492625117,0,0,1,""
10,719,710006719,1010006719,0.661801956229,0.68038386288954,-0.0185819066605402,0.0116374509358894,0,0,1,""
10,720,710006720,1010006720,0.626363110926315,0.633808557877171,-0.00744544695085614,0.0103859734341773,0,0,1,""
10,721,710006721,1010006721,0.640895144713349,0.624167072945923,0.0167280717674267,0.0162408577620229,0,0,1,""
10,722,710006722,1010006722,0.653841668728632,0.640894409556088,0.0129472591725448,0.0146870463170814,0,0,1,""
10,723,710006723,1010006723,0.673337164627914,0.687342769962167,-0.0140056053342533,0.0106617671517911,0,0,1,""
10,724,710006724,1010006724,0.582252181114841,0.572651429165821,0.0096007519490201,0.0133014977220255,0,0,1,""
10,725,710006725,1010006725,0.603768660998178,0.604954041331926,-0.00118538033374838,0.0130617818256476,0,0,1,""
10,726,710006726,1010006726,0.629093415214231,0.603605170220467,0.0254882449937633,0.0145167855977794,0,0,1,""
10,727,710006727,1010006727,0.637153193465978,0.627092573980452,0.0100606194855263,0.0222585673813799,0,0,1,""
10,728,710006728,1010006728,0.655886328339264,0.663893705968919,-0.00800737762965442,0.0167336604758635,0,0,1,""
10,729,710006729,1010006729,0.599254629072763,0.591320755376916,0.00793387369584697,0.0166115095335435,0,0,1,""
10,730,710006730,1010006730,0.619812098321569,0.62979854577931,-0.00998644745774091,0.0118882960026868,0,0,1,""
10,731,710006731,1010006731,0.617720098883408,0.604759601243072,0.012960497640336,0.0122247868038428,0,0,1,""
10,732,710006732,1010006732,0.622600292519956,0.630872975017179,-0.00827268249722279,0.0189344146569506,0,0,1,""
10,733,710006733,1010006733,0.679155711389801,0.667967228427147,0.0111884829626538,0.0115287498939939,0,0,1,""
10,734,710006734,1010006734,0.593956536827838,0.581806281039131,0.0121502557887069,0.0112224073540111,0,0,1,""
10,735,710006735,1010006735,0.568801495064396,0.577400378693062,-0.00859888362866568,0.013574025673086,0,0,1,""
10,736,710006736,1010006736,0.631643707065106,0.623634932091702,0.00800877497340369,0.0160654316873752,0,0,1,""
10,737,710006737,1010006737,0.621061084643602,0.625003340280049,-0.00394225563644712,0.0142734786255019,0,0,1,""
10,738,710006738,1010006738,0.645393572775969,0.642560036345372,0.00283353643059747,0.0145240664167885,0,0,1,""
10,739,710006739,1010006739,0.554056225349072,0.558602050962142,-0.00454582561307038,0.0148578022059491,0,0,1,""
10,740,710006740,1010006740,0.561597525310459,0.564573706441742,-0.00297618113128284,0.0162537324843204,0,0,1,""
10,741,710006741,1010006741,0.616491379212111,0.647991606264196,-0.0315002270520853,0.0143316758800255,1,0,1,""
10,742,710006742,1010006742,0.642681272428895,0.646317631434165,-0.00363635900527071,0.00785809828621317,0,0,1,""
10,743,710006743,1010006743,0.535112088404754,0.53784920597672,-0.00273711757196571,0.0142402447709469,0,0,1,""
10,744,710006744,1010006744,0.667964604540709,0.670073718279944,-0.00210911373923495,0.0106895673081806,0,0,1,""
10,745,710006745,1010006745,0.65918219280331,0.632180218587766,0.0270019742155447,0.0114788505406212,1,0,1,""
10,746,710006746,1010006746,0.556820046026517,0.557646527106091,-0.000826481079574171,0.0120985637820868,0,0,1,""
10,747,710006747,1010006747,0.607580914240408,0.623800904400692,-0.0162199901602841,0.0128622419297824,0,0,1,""
10,748,710006748,1010006748,0.609178014054389,0.613439355830738,-0.00426134177634863,0.0084327301803427,0,0,1,""
10,749,710006749,1010006749,0.632774045371231,0.61943346538789,0.0133405799833409,0.0121195886256066,0,0,1,""
10,750,710006750,1010006750,0.621123549415301,0.638709359666341,-0.0175858102510394,0.0156329117228609,0,0,1,""
10,751,710006751,1010006751,0.593126606763869,0.599373603935063,-0.00624699717119315,0.0119373361856022,0,0,1,""
10,752,710006752,1010006752,0.569201090486421,0.542801900047821,0.0263991904385992,0.0135486364056029,0,0,1,""
10,753,710006753,1010006753,0.613845881791164,0.604086848469737,0.00975903332142769,0.0125470451518726,0,0,1,""
10,754,710006754,1010006754,0.642863669682472,0.653235048218838,-0.0103713785363651,0.0112768183313897,0,0,1,""
10,755,710006755,1010006755,0.619345387328208,0.626285605264147,-0.00694021793593891,0.0127894261350158,0,0,1,""
10,756,710006756,1010006756,0.56643955328563,0.557861321759834,0.00857823152579618,0.0139709651360014,0,0,1,""
10,757,710006757,1010006757,0.529025383029926,0.539999153682333,-0.0109737706524071,0.0172018988093719,0,0,1,""
10,758,710006758,1010006758,0.615815691450859,0.612273137773986,0.00354255367687351,0.0108895473245642,0,0,1,""
10,759,710006759,1010006759,0.629058023530615,0.630980439911925,-0.0019224163813103,0.017613532811048,0,0,1,""
10,760,710006760,1010006760,0.588614445937013,0.600029737769368,-0.011415291832355,0.0193534754957961,0,0,1,""
10,761,710006761,1010006761,0.617878953657556,0.61017790812288,0.00770104553467621,0.0177589461143232,0,0,1,""
10,762,710006762,1010006762,0.584701375871289,0.592332696388912,-0.00763132051762361,0.00930541734037551,0,0,1,""
10,763,710006763,1010006763,0.610670724925974,0.603358381761687,0.00731234316428686,0.0094917610923582,0,0,1,""
10,764,710006764,1010006764,0.603836983815847,0.592987534641815,0.0108494491740324,0.0141892504086706,0,0,1,""
10,765,710006765,1010006765,0.585782640466165,0.535343610534411,0.0504390299317535,0.0171066789862172,1,0,1,""
10,766,710006766,1010006766,0.625233629460455,0.616870710623218,0.00836291883723661,0.0100662804297417,0,0,1,""
10,767,710006767,1010006767,0.583118877254992,0.59439563683701,-0.0112767595820187,0.0166291730029788,0,0,1,""
10,768,710006768,1010006768,0.638901246480975,0.63883537474536,6.58717356147864e-05,0.00813809533975539,0,0,1,""
10,769,710006769,1010006769,0.613238842380446,0.617991910737,-0.00475306835655454,0.016373399654023,0,0,1,""
10,770,710006770,1010006770,0.588901310910662,0.580912213300525,0.00798909761013655,0.0129177198348506,0,0,1,""
10,771,710006771,1010006771,0.566242968097999,0.560767400116939,0.00547556798105919,0.0161608469889812,0,0,1,""
10,772,710006772,1010006772,0.674456643256063,0.668001248241547,0.00645539501451597,0.0150258936136471,0,0,1,""
10,773,710006773,1010006773,0.653610151202406,0.671988193182696,-0.0183780419802906,0.0119136711977579,0,0,1,""
10,774,710006774,1010006774,0.642812291322754,0.653903831053742,-0.0110915397309878,0.0134511405411892,0,0,1,""
10,775,710006775,1010006775,0.652350809861989,0.630317253194384,0.022033556667605,0.011126593040176,1,0,1,""
10,776,710006776,1010006776,0.636525811046907,0.645689930437536,-0.00916411939062922,0.011085439110075,0,0,1,""
10,777,710006777,1010006777,0.671998928721503,0.665805937423453,0.00619299129804996,0.00963428991896495,0,0,1,""
10,778,710006778,1010006778,0.62387019670202,0.63511331624146,-0.0112431195394402,0.00835889098111208,0,0,1,""
10,779,710006779,1010006779,0.64354408586225,0.658904101691034,-0.0153600158287848,0.00665697736367007,1,0,1,""
10,780,710006780,1010006780,0.630244245364581,0.601103103287829,0.0291411420767517,0.0141188418018068,1,0,1,""
10,781,710006781,1010006781,0.687417224750404,0.68926938737833,-0.00185216262792653,0.0102001652353919,0,0,1,""
10,782,710006782,1010006782,0.621069482368202,0.631305180653225,-0.0102356982850235,0.0126959110831141,0,0,1,""
10,783,710006783,1010006783,0.590551211599893,0.596502780447693,-0.00595156884780024,0.0126531241853642,0,0,1,""
10,784,710006784,1010006784,0.583194140195953,0.566653881800154,0.0165402583957983,0.0148133611851904,0,0,1,""
10,785,710006785,1010006785,0.597392501527734,0.582491908580818,0.0149005929469156,0.00887301132542662,0,0,1,""
10,786,710006786,1010006786,0.625991304631434,0.622196874762694,0.00379442986874079,0.0137275298002404,0,0,1,""
10,787,710006787,1010006787,0.552790167997385,0.548319768930756,0.00447039906662938,0.0117650585110638,0,0,1,""
10,788,710006788,1010006788,0.636521210457666,0.619866688953893,0.0166545215037731,0.0125999208870839,0,0,1,""
10,789,710006789,1010006789,0.557685082804315,0.55968973821584,-0.00200465541152495,0.00903760445791193,0,0,1,""
10,790,710006790,1010006790,0.603958461318001,0.630275424213321,-0.0263169628953204,0.0159012574238595,0,0,1,""
10,791,710006791,1010006791,0.605774638840782,0.585045021980991,0.0207296168597916,0.0135789336286278,0,0,1,""
10,792,710006792,1010006792,0.659935162793197,0.656365293952142,0.00356986884105559,0.0125006924767979,0,0,1,""
10,793,710006793,1010006793,0.590850306078909,0.60293560547014,-0.0120852993912315,0.0162550678987124,0,0,1,""
10,794,710006794,1010006794,0.646535459337585,0.649009795704875,-0.00247433636729033,0.0116955789555817,0,0,1,""
10,795,710006795,1010006795,0.574938814712005,0.572901210462942,0.00203760424906274,0.0122870202422748,0,0,1,""
10,796,710006796,1010006796,0.586891206485907,0.597369337341389,-0.0104781308554813,0.0156840484532995,0,0,1,""
10,797,710006797,1010006797,0.616927074903787,0.618183774509416,-0.00125669960562891,0.0171552754497119,0,0,1,""
10,798,710006798,1010006798,0.638334804397248,0.641919282610069,-0.00358447821282049,0.0128807308544832,0,0,1,""
10,799,710006799,1010006799,0.607108833300342,0.598678553674484,0.00843027962585885,0.011293385021806,0,0,1,""
10,800,710006800,1010006800,0.614655509495547,0.631785028902357,-0.01712951940681,0.0116928848624226,0,0,1,""
10,801,710006801,1010006801,0.614332611416878,0.608386286744104,0.0059463246727739,0.00937929931534678,0,0,1,""
10,802,710006802,1010006802,0.652627804228104,0.650079466291157,0.00254833793694698,0.0112436071015154,0,0,1,""
10,803,710006803,1010006803,0.662368134099983,0.643817697696098,0.0185504364038852,0.0149011919430624,0,0,1,""
10,804,710006804,1010006804,0.64202288086139,0.612032339989251,0.0299905408721387,0.0130042379198135,1,0,1,""
10,805,710006805,1010006805,0.633996496944535,0.634947625193483,-0.000951128248948274,0.00857261405034163,0,0,1,""
10,806,710006806,1010006806,0.579936559160995,0.578215082617644,0.00172147654335064,0.0142086297399921,0,0,1,""
10,807,710006807,1010006807,0.576964510126375,0.575024129923762,0.00194038020261278,0.0118097497071836,0,0,1,""
10,808,710006808,1010006808,0.620095609967593,0.611397982279618,0.00869762768797544,0.0134412155084493,0,0,1,""
10,809,710006809,1010006809,0.676141219755786,0.686787408957444,-0.0106461892016585,0.0114677839871566,0,0,1,""
10,810,710006810,1010006810,0.591970764562676,0.584423437209594,0.00754732735308172,0.00914632803216384,0,0,1,""
10,811,710006811,1010006811,0.56275401969642,0.557234815158029,0.00551920453839017,0.0111506934074242,0,0,1,""
10,812,710006812,1010006812,0.643447345540113,0.656557058591796,-0.0131097130516823,0.0100021124298288,0,0,1,""
10,813,710006813,1010006813,0.60497820755908,0.604077438633582,0.000900768925497841,0.0204110145454062,0,0,1,""
10,814,710006814,1010006814,0.587803808838989,0.589599430083398,-0.00179562124440902,0.0130889609134152,0,0,1,""
10,815,710006815,1010006815,0.600783375771842,0.59310151634405,0.00768185942779176,0.0141614154166899,0,0,1,""
10,816,710006816,1010006816,0.686862015742928,0.698719242015152,-0.0118572262722244,0.0110268697573813,0,0,1,""
10,817,710006817,1010006817,0.632142832541865,0.646990521105415,-0.01484768856355,0.0114989537883254,0,0,1,""
10,818,710006818,1010006818,0.594656392257922,0.581216247953452,0.01344014430447,0.0177215613607861,0,0,1,""
10,819,710006819,1010006819,0.589011675196497,0.577349342665142,0.0116623325313555,0.0214052589687106,0,0,1,""
10,820,710006820,1010006820,0.601855786511005,0.602027890232634,-0.00017210372162868,0.0114749887105304,0,0,1,""
10,821,710006821,1010006821,0.606797678619907,0.590861845529896,0.0159358330900107,0.0101155340700077,0,0,1,""
10,822,710006822,1010006822,0.638109312020393,0.647958809261427,-0.00984949724103379,0.015722333377959,0,0,1,""
10,823,710006823,1010006823,0.628428503577877,0.620415600438817,0.00801290313905956,0.00966872755527062,0,0,1,""
10,824,710006824,1010006824,0.613939807636596,0.640262353204646,-0.0263225455680499,0.0104709091977617,1,0,1,""
10,825,710006825,1010006825,0.590801099379582,0.589581798964776,0.001219300414806,0.0117410304019667,0,0,1,""
10,826,710006826,1010006826,0.589749006019493,0.597730512542774,-0.00798150652328089,0.0124235881166693,0,0,1,""
10,827,710006827,1010006827,0.610919238339906,0.605378881425667,0.00554035691423893,0.0107215790127013,0,0,1,""
10,828,710006828,1010006828,0.640114785570598,0.665257031964807,-0.0251422463942086,0.0113256121490619,1,0,1,""
10,829,710006829,1010006829,0.623820646306919,0.625341789745729,-0.00152114343881016,0.0141485998021435,0,0,1,""
10,830,710006830,1010006830,0.593522960603269,0.587238435230831,0.00628452537243784,0.0104846172356028,0,0,1,""
10,831,710006831,1010006831,0.536653295115022,0.533506018232393,0.00314727688262928,0.0148292067873934,0,0,1,""
10,832,710006832,1010006832,0.582214678846901,0.584087215878968,-0.00187253703206702,0.0111979032411744,0,0,1,""
10,833,710006833,1010006833,0.543699346679074,0.568713542373173,-0.0250141956940988,0.0129557435841691,0,0,1,""
10,834,710006834,1010006834,0.562394332403025,0.550698446629909,0.0116958857731156,0.014242154730145,0,0,1,""
10,835,710006835,1010006835,0.651217056400094,0.636032541216118,0.0151845151839761,0.0123334262923975,0,0,1,""
10,836,710006836,1010006836,0.586109553579352,0.586805320449542,-0.000695766870190462,0.0117062678537065,0,0,1,""
10,837,710006837,1010006837,0.649654882052613,0.647488518855217,0.00216636319739671,0.0128313914312947,0,0,1,""
10,838,710006838,1010006838,0.57557673947145,0.573011048476754,0.00256569099469606,0.0159513774149602,0,0,1,""
10,839,710006839,1010006839,0.600369994281548,0.595723492031766,0.00464650224978191,0.0138754031307499,0,0,1,""
10,840,710006840,1010006840,0.573500338635369,0.574344261698515,-0.000843923063146179,0.021313703512735,0,0,1,""
10,841,710006841,1010006841,0.638213025551316,0.650456884901293,-0.0122438593499767,0.0099477080865761,0,0,1,""
10,842,710006842,1010006842,0.559127125609525,0.538848144140442,0.0202789814690831,0.0129325443735918,0,0,1,""
10,843,710006843,1010006843,0.641169036410011,0.655051763709519,-0.0138827272995081,0.018034464004714,0,0,1,""
10,844,710006844,1010006844,0.589789352959366,0.600774404898195,-0.010985051938829,0.0107663113070763,0,0,1,""
10,845,710006845,1010006845,0.621997627520328,0.625655605924096,-0.00365797840376736,0.0112580517103175,0,0,1,""
10,846,710006846,1010006846,0.672934160976349,0.654409937994579,0.0185242229817694,0.0127638620963525,0,0,1,""
10,847,710006847,1010006847,0.657307815501522,0.662465507128017,-0.00515769162649438,0.0116221639416735,0,0,1,""
10,848,710006848,1010006848,0.626871222010059,0.639311767126663,-0.0124405451166032,0.0109426039687434,0,0,1,""
10,849,710006849,1010006849,0.545833596888,0.544482165591198,0.00135143129680237,0.0137897606888991,0,0,1,""
10,850,710006850,1010006850,0.639899634631614,0.631842990810011,0.00805664382160232,0.00948212170186777,0,0,1,""
10,851,710006851,1010006851,0.594150068160812,0.593847624027069,0.000302444133742696,0.0118303577706259,0,0,1,""
10,852,710006852,1010006852,0.596238595076536,0.596838817012932,-0.000600221936396084,0.0114886737840986,0,0,1,""
10,853,710006853,1010006853,0.58439291585511,0.590447865434142,-0.00605494957903241,0.0133589444712963,0,0,1,""
10,854,710006854,1010006854,0.56495770866579,0.555456069262104,0.00950163940368565,0.0106519878521376,0,0,1,""
10,855,710006855,1010006855,0.60783253774229,0.583131513049191,0.024701024693099,0.0137440904955145,0,0,1,""
10,856,710006856,1010006856,0.596006294837141,0.581890670940579,0.0141156238965616,0.0127043100923652,0,0,1,""
10,857,710006857,1010006857,0.63066677787826,0.650503529750079,-0.0198367518718198,0.0139293267332113,0,0,1,""
10,858,710006858,1010006858,0.599136422339898,0.56510148313097,0.0340349392089283,0.0119350466133617,1,0,1,""
10,859,710006859,1010006859,0.622785552102674,0.617335446142158,0.00545010596051609,0.0110468125516914,0,0,1,""
10,860,710006860,1010006860,0.655585356379273,0.632578487365087,0.0230068690141866,0.00978752479842088,1,0,1,""
10,861,710006861,1010006861,0.646391486416295,0.637958520599498,0.00843296581679709,0.00940010216922972,0,0,1,""
10,862,710006862,1010006862,0.61038941241049,0.612533457040165,-0.0021440446296751,0.0108361389889799,0,0,1,""
10,863,710006863,1010006863,0.565613224008533,0.552361791335349,0.0132514326731839,0.00893720035478298,0,0,1,""
10,864,710006864,1010006864,0.651853821952945,0.659761145085047,-0.0079073231321023,0.0166041537051672,0,0,1,""
10,865,710006865,1010006865,0.565710556599636,0.563209362571505,0.0025011940281312,0.0153980645030534,0,0,1,""
10,866,710006866,1010006866,0.591081602333665,0.614740079336178,-0.0236584770025134,0.0194129529937991,0,0,1,""
10,867,710006867,1010006867,0.616849558024734,0.620378405080414,-0.00352884705568024,0.0164072950522133,0,0,1,""
10,868,710006868,1010006868,0.670816425270988,0.659068947573583,0.0117474776974055,0.0127150287385854,0,0,1,""
10,869,710006869,1010006869,0.624766452340773,0.612671805756137,0.0120946465846356,0.01088606656326,0,0,1,""
10,870,710006870,1010006870,0.593910332009957,0.601404674027575,-0.00749434201761789,0.00926819193009527,0,0,1,""
10,871,710006871,1010006871,0.585990459634788,0.593835263330558,-0.00784480369576956,0.0198476607421229,0,0,1,""
10,872,710006872,1010006872,0.612726645071714,0.591542214751682,0.0211844303200313,0.0158695194938924,0,0,1,""
10,873,710006873,1010006873,0.590158604953977,0.568981703969611,0.0211769009843666,0.0117923716300814,0,0,1,""
10,874,710006874,1010006874,0.596066471884063,0.607359179994596,-0.011292708110533,0.0135689726294111,0,0,1,""
10,875,710006875,1010006875,0.557574083332012,0.575447971652204,-0.0178738883201917,0.0104461075138589,0,0,1,""
10,876,710006876,1010006876,0.568167503415481,0.578282600389516,-0.0101150969740355,0.0143139945499804,0,0,1,""
10,877,710006877,1010006877,0.62628490978586,0.651074617540743,-0.024789707754883,0.0179981168627917,0,0,1,""
10,878,710006878,1010006878,0.578187819627906,0.575566620544498,0.0026211990834073,0.0124530488068467,0,0,1,""
10,879,710006879,1010006879,0.614231271942019,0.628967270647864,-0.0147359987058452,0.0113285477360265,0,0,1,""
10,880,710006880,1010006880,0.602542260769867,0.583646174182089,0.0188960865877782,0.0115677556756705,0,0,1,""
10,881,710006881,1010006881,0.624500659407045,0.633003796657197,-0.00850313725015228,0.0165141373005132,0,0,1,""
10,882,710006882,1010006882,0.573696413489615,0.590535940080401,-0.0168395265907861,0.0129864837892738,0,0,1,""
10,883,710006883,1010006883,0.538012256384867,0.533594008234018,0.00441824815084868,0.015819683310656,0,0,1,""
10,884,710006884,1010006884,0.679195291633162,0.677888916210605,0.00130637542255718,0.0132451167382207,0,0,1,""
10,885,710006885,1010006885,0.549361106267201,0.547656548897477,0.00170455736972408,0.0173220229484307,0,0,1,""
10,886,710006886,1010006886,0.651511007334802,0.65247437724379,-0.000963369908988043,0.0135163117335597,0,0,1,""
10,887,710006887,1010006887,0.655658559885281,0.673625983893218,-0.0179674240079368,0.0105915949036577,0,0,1,""
10,888,710006888,1010006888,0.587226843464537,0.57487036909598,0.0123564743685577,0.0122856565488479,0,0,1,""
10,889,710006889,1010006889,0.600698203495761,0.603326108758902,-0.00262790526314138,0.0121473542342612,0,0,1,""
10,890,710006890,1010006890,0.594953055617608,0.594516727618743,0.000436327998865171,0.0120456889182404,0,0,1,""
10,891,710006891,1010006891,0.569511661464342,0.578649568759196,-0.00913790729485375,0.0148963281893572,0,0,1,""
10,892,710006892,1010006892,0.556495344472684,0.541780048668259,0.0147152958044258,0.016314475703392,0,0,1,""
10,893,710006893,1010006893,0.679387999620777,0.67619329099771,0.00319470862306748,0.011865597395002,0,0,1,""
10,894,710006894,1010006894,0.62873122665453,0.610837958291736,0.0178932683627943,0.012650555308342,0,0,1,""
10,895,710006895,1010006895,0.559855382577347,0.578472732022704,-0.0186173494453562,0.0174014303892085,0,0,1,""
10,896,710006896,1010006896,0.62102209916889,0.602059134043036,0.0189629651258538,0.0113385995661244,0,0,1,""
10,897,710006897,1010006897,0.589397484981204,0.593974611146177,-0.00457712616497241,0.0128901593434269,0,0,1,""
10,898,710006898,1010006898,0.626716457846957,0.633779640960368,-0.00706318311341148,0.0095684445053944,0,0,1,""
10,899,710006899,1010006899,0.652362768481747,0.660077600119584,-0.00771483163783715,0.0178440442461924,0,0,1,""
10,900,710006900,1010006900,0.609021757918888,0.623136400883391,-0.014114642964503,0.0103362683855957,0,0,1,""
10,901,710006901,1010006901,0.581024394907298,0.601155282576178,-0.0201308876688799,0.0133497537902528,0,0,1,""
10,902,710006902,1010006902,0.578579728566927,0.562204004488573,0.016375724078354,0.0140213463282848,0,0,1,""
10,903,710006903,1010006903,0.628846423818691,0.626575560174694,0.00227086364399676,0.0180262685333292,0,0,1,""
10,904,710006904,1010006904,0.618745557381047,0.623053615959573,-0.00430805857852645,0.0117054349005201,0,0,1,""
10,905,710006905,1010006905,0.656146874810019,0.656141166022752,5.70878726702251e-06,0.00997474596151013,0,0,1,""
10,906,710006906,1010006906,0.598856784722951,0.62213676477136,-0.0232799800484089,0.0119964159683709,0,0,1,""
10,907,710006907,1010006907,0.620360161290422,0.612601508843869,0.00775865244655216,0.010222912398013,0,0,1,""
10,908,710006908,1010006908,0.680098012065243,0.661283611510981,0.0188144005542616,0.00921645900559494,1,0,1,""
10,909,710006909,1010006909,0.572998912331123,0.565573994721732,0.00742491760939079,0.0120477183566917,0,0,1,""
10,910,710006910,1010006910,0.583740505041591,0.583647600929959,9.29041116319862e-05,0.0175297290785247,0,0,1,""
10,911,710006911,1010006911,0.603032784130114,0.606723194602073,-0.0036904104719595,0.0108375795724859,0,0,1,""
10,912,710006912,1010006912,0.623157873146993,0.602198443491634,0.0209594296553587,0.0113315564361967,0,0,1,""
10,913,710006913,1010006913,0.665729762891259,0.657100958217427,0.00862880467383254,0.0149524050704378,0,0,1,""
10,914,710006914,1010006914,0.6794661610188,0.683038784762778,-0.00357262374397838,0.0137783744876899,0,0,1,""
10,915,710006915,1010006915,0.546158618354013,0.547237216648529,-0.00107859829451595,0.0189529131621986,0,0,1,""
10,916,710006916,1010006916,0.568558642724583,0.564666856270379,0.00389178645420352,0.0102772244576085,0,0,1,""
10,917,710006917,1010006917,0.536896546057567,0.532448239098246,0.00444830695932064,0.015911782625704,0,0,1,""
10,918,710006918,1010006918,0.60308013785258,0.632644243830487,-0.0295641059779064,0.0167011437561533,0,0,1,""
10,919,710006919,1010006919,0.588060648209978,0.59280799318432,-0.00474734497434259,0.0118098993775719,0,0,1,""
10,920,710006920,1010006920,0.604923272737679,0.602009767533161,0.00291350520451783,0.0102550890256721,0,0,1,""
10,921,710006921,1010006921,0.601438113856834,0.607503172030105,-0.00606505817327041,0.0134060919932638,0,0,1,""
10,922,710006922,1010006922,0.685735612572465,0.661250003273487,0.0244856092989785,0.0131023813956239,0,0,1,""
10,923,710006923,1010006923,0.555184456450033,0.562026629682217,-0.00684217323218361,0.0152454535207334,0,0,1,""
10,924,710006924,1010006924,0.583885615555644,0.601859027943234,-0.0179734123875903,0.0119775072616864,0,0,1,""
10,925,710006925,1010006925,0.623357087936802,0.628890691277209,-0.00553360334040709,0.0156730991136376,0,0,1,""
10,926,710006926,1010006926,0.586118625241717,0.588624671909057,-0.00250604666734,0.0133849620101728,0,0,1,""
10,927,710006927,1010006927,0.585331079040122,0.573611775027239,0.0117193040128832,0.0133507304710169,0,0,1,""
10,928,710006928,1010006928,0.650015499181752,0.657786554758715,-0.00777105557696267,0.0119198830523962,0,0,1,""
10,929,710006929,1010006929,0.614885643001855,0.617140831061814,-0.00225518805995972,0.0110215687702396,0,0,1,""
10,930,710006930,1010006930,0.600888442010798,0.610891095206572,-0.0100026531957742,0.012450603137542,0,0,1,""
10,931,710006931,1010006931,0.616459147938649,0.597221338703311,0.0192378092353379,0.0140832413134733,0,0,1,""
10,932,710006932,1010006932,0.634601455423354,0.649029541521978,-0.0144280860986236,0.0120197885665589,0,0,1,""
10,933,710006933,1010006933,0.57581311436176,0.561889442772093,0.0139236715896671,0.0138236472286915,0,0,1,""
10,934,710006934,1010006934,0.582521976482199,0.571370836176646,0.0111511403055534,0.0162483440979891,0,0,1,""
10,935,710006935,1010006935,0.671108085083499,0.680440819802604,-0.00933273471910478,0.0158066792059838,0,0,1,""
10,936,710006936,1010006936,0.607373996525156,0.611981932258767,-0.00460793573361085,0.00721124584485308,0,0,1,""
10,937,710006937,1010006937,0.65315832442404,0.651122248329808,0.00203607609423218,0.01813141449178,0,0,1,""
10,938,710006938,1010006938,0.622409842029016,0.622986784812227,-0.000576942783211409,0.0085984824963795,0,0,1,""
10,939,710006939,1010006939,0.637011823113256,0.64537035853533,-0.00835853542207343,0.0101110387366702,0,0,1,""
10,940,710006940,1010006940,0.604452817853085,0.57534058555278,0.0291122323003044,0.00920577390651844,1,0,1,""
10,941,710006941,1010006941,0.621955090707175,0.630186116655476,-0.00823102594830161,0.0118513084912862,0,0,1,""
10,942,710006942,1010006942,0.64981726431075,0.663178738151594,-0.0133614738408441,0.0126329429514774,0,0,1,""
10,943,710006943,1010006943,0.593374043834293,0.616888591202,-0.0235145473677065,0.0127020625476361,0,0,1,""
10,944,710006944,1010006944,0.587117306879804,0.573905276763268,0.0132120301165366,0.0135460161494336,0,0,1,""
10,945,710006945,1010006945,0.635050964017261,0.635463874297438,-0.000412910280176759,0.0105042749252879,0,0,1,""
10,946,710006946,1010006946,0.618399012062247,0.622653298211067,-0.0042542861488194,0.0120207883948466,0,0,1,""
10,947,710006947,1010006947,0.615438726841729,0.622471919223024,-0.00703319238129496,0.0100878406949497,0,0,1,""
10,948,710006948,1010006948,0.585282575245901,0.573572789879524,0.0117097853663765,0.0107871908331994,0,0,1,""
10,949,710006949,1010006949,0.580906655212684,0.554621592491967,0.0262850627207174,0.0180500109882384,0,0,1,""
10,950,710006950,1010006950,0.65432406301202,0.674892059873219,-0.0205679968611996,0.0174926785975324,0,0,1,""
10,951,710006951,1010006951,0.682795034973571,0.681940567399513,0.000854467574058271,0.0111545030142695,0,0,1,""
10,952,710006952,1010006952,0.570221405373491,0.567387560413239,0.00283384496025207,0.0160917707895859,0,0,1,""
10,953,710006953,1010006953,0.59077726989004,0.582289154392279,0.00848811549776141,0.016226543997287,0,0,1,""
10,954,710006954,1010006954,0.58825493058477,0.596751220290727,-0.00849628970595706,0.014719115621263,0,0,1,""
10,955,710006955,1010006955,0.619653913247075,0.635955647216971,-0.0163017339698954,0.0140439825067342,0,0,1,""
10,956,710006956,1010006956,0.617091111837787,0.616413856863427,0.000677254974359887,0.0138269358538005,0,0,1,""
10,957,710006957,1010006957,0.604235502871322,0.61657405390183,-0.012338551030508,0.0144093014582727,0,0,1,""
10,958,710006958,1010006958,0.597976657990064,0.603283384237917,-0.00530672624785322,0.013971220434921,0,0,1,""
10,959,710006959,1010006959,0.63452467161934,0.625100490880546,0.0094241807387937,0.0141915995514218,0,0,1,""
10,960,710006960,1010006960,0.560519799206973,0.552574512676319,0.00794528653065374,0.0121478577556553,0,0,1,""
10,961,710006961,1010006961,0.605536251798671,0.608619938441302,-0.00308368664263059,0.0100816314207455,0,0,1,""
10,962,710006962,1010006962,0.563671443961367,0.559523203928306,0.0041482400330608,0.0106399102405714,0,0,1,""
10,963,710006963,1010006963,0.613060064536776,0.596843371234596,0.0162166933021796,0.0121875679790179,0,0,1,""
10,964,710006964,1010006964,0.623010516524797,0.642050333604457,-0.0190398170796593,0.017544276285123,0,0,1,""
10,965,710006965,1010006965,0.556872200146083,0.558627932322751,-0.0017557321766678,0.0132155315120294,0,0,1,""
10,966,710006966,1010006966,0.550395030960282,0.557397413013082,-0.00700238205280057,0.0130715810246003,0,0,1,""
10,967,710006967,1010006967,0.651636228894455,0.653243084363189,-0.00160685546873363,0.0136819508704969,0,0,1,""
10,968,710006968,1010006968,0.629934509783778,0.634141679243867,-0.00420716946008959,0.0110251185575686,0,0,1,""
10,969,710006969,1010006969,0.605782780155292,0.593462925927891,0.0123198542274012,0.01265501322969,0,0,1,""
10,970,710006970,1010006970,0.620990181793251,0.65891142340071,-0.0379212416074586,0.0138510828017135,1,0,1,""
10,971,710006971,1010006971,0.6035625060111,0.596453899524574,0.00710860648652578,0.0111088217909722,0,0,1,""
10,972,710006972,1010006972,0.631748983110037,0.619345630304598,0.012403352805439,0.00988580084765235,0,0,1,""
10,973,710006973,1010006973,0.601497339127169,0.609461153197231,-0.00796381407006186,0.0150778507791457,0,0,1,""
10,974,710006974,1010006974,0.615428780982903,0.633335080286174,-0.0179062993032714,0.0118238503108708,0,0,1,""
10,975,710006975,1010006975,0.681005728825598,0.688297051396657,-0.0072913225710588,0.0179181468938614,0,0,1,""
10,976,710006976,1010006976,0.591790921338026,0.600729096595945,-0.00893817525791996,0.0111573176022431,0,0,1,""
10,977,710006977,1010006977,0.618579315237825,0.61218308999446,0.00639622524336458,0.0139442992953183,0,0,1,""
10,978,710006978,1010006978,0.592309311181727,0.570650845664336,0.0216584655173909,0.0126551486436797,0,0,1,""
10,979,710006979,1010006979,0.581524799712541,0.58338412873216,-0.00185932901961861,0.0147849136693466,0,0,1,""
10,980,710006980,1010006980,0.638628041162338,0.619656310097863,0.0189717310644745,0.0151219469573819,0,0,1,""
10,981,710006981,1010006981,0.610560673402746,0.601315263257067,0.00924541014567937,0.0128652117865449,0,0,1,""
10,982,710006982,1010006982,0.618522059983001,0.60446691988155,0.0140551401014501,0.0160738389958933,0,0,1,""
10,983,710006983,1010006983,0.614378297789082,0.599868441810429,0.0145098559786528,0.0123280418509776,0,0,1,""
10,984,710006984,1010006984,0.651616921388199,0.663438326110808,-0.0118214047226092,0.0141788180574816,0,0,1,""
10,985,710006985,1010006985,0.570439431774766,0.577754714697783,-0.00731528292301764,0.0125797446943964,0,0,1,""
10,986,710006986,1010006986,0.60672451142335,0.617569686227364,-0.0108451748040138,0.0120838639596516,0,0,1,""
10,987,710006987,1010006987,0.659138631840162,0.652348960487929,0.00678967135223285,0.0156437690811723,0,0,1,""
10,988,710006988,1010006988,0.626225733534755,0.621594199257092,0.00463153427766228,0.0150244230896862,0,0,1,""
10,989,710006989,1010006989,0.657057865004397,0.65627472111078,0.000783143893617222,0.00976713839623003,0,0,1,""
10,990,710006990,1010006990,0.577420207426232,0.591433878920648,-0.0140136714944155,0.0146460475973876,0,0,1,""
10,991,710006991,1010006991,0.644360545435657,0.62297692623831,0.0213836191973477,0.0104678513468504,1,0,1,""
10,992,710006992,1010006992,0.600283988100088,0.588593956733237,0.0116900313668503,0.0131136911019947,0,0,1,""
10,993,710006993,1010006993,0.599005105882478,0.580158113887638,0.0188469919948397,0.0117705912875596,0,0,1,""
10,994,710006994,1010006994,0.674102557177228,0.670023696939893,0.00407886023733484,0.0101755584914045,0,0,1,""
10,995,710006995,1010006995,0.625433224929032,0.637421196253107,-0.0119879713240749,0.0132530429550962,0,0,1,""
10,996,710006996,1010006996,0.651890181408126,0.669640498077392,-0.0177503166692651,0.0127188597892809,0,0,1,""
10,997,710006997,1010006997,0.611110090714474,0.603677940978811,0.0074321497356632,0.0116197021428529,0,0,1,""
10,998,710006998,1010006998,0.598185548850308,0.600345721861304,-0.0021601730109958,0.0145146959178291,0,0,1,""
10,999,710006999,1010006999,0.540160799318942,0.542037264294248,-0.00187646497530569,0.0112928848698541,0,0,1,""
10,1000,710007000,1010007000,0.605311095910601,0.596538828745632,0.00877226716496893,0.0117256992655246,0,0,1,""
